,사고번호,사고일시,요일,시군구,사고내용,사망자수,중상자수,경상자수,부상신고자수,사고유형,법규위반,노면상태,기상상태,도로형태,가해운전자 차종,가해운전자 성별,가해운전자 연령,가해운전자 상해정도,피해운전자 차종,피해운전자 성별,피해운전자 연령,피해운전자 상해정도
10316,2019010900100330,2019년 1월 9일 16시,수요일,경기도 부천시 소사본동,경상사고,0,0,1,0,차대사람 - 길가장자리구역통행중,안전운전불이행,포장 - 건조,맑음,단일로 - 기타,승용,남,30세,상해없음,보행자,남,57세,경상
10317,2019010900100382,2019년 1월 9일 17시,수요일,경기도 김포시 고촌읍,경상사고,0,0,1,0,차대사람 - 기타,안전운전불이행,포장 - 건조,맑음,단일로 - 기타,기타불명,기타불명,미분류,기타불명,보행자,남,64세,경상
10318,2019010900100397,2019년 1월 9일 18시,수요일,경기도 부천시 괴안동,중상사고,0,1,0,0,차대사람 - 횡단중,보행자보호의무위반,포장 - 건조,맑음,교차로 - 교차로횡단보도내,화물,남,58세,상해없음,보행자,여,71세,중상
10319,2019010900100398,2019년 1월 9일 18시,수요일,경기도 광명시 철산동,부상신고사고,0,0,0,1,차대사람 - 기타,안전운전불이행,포장 - 건조,맑음,교차로 - 교차로안,자전거,여,65세,부상신고,보행자,남,16세,상해없음
10320,2019010900100399,2019년 1월 9일 18시,수요일,경기도 광명시 광명동,경상사고,0,0,1,0,차대사람 - 길가장자리구역통행중,안전운전불이행,포장 - 건조,맑음,단일로 - 기타,승용,여,67세,상해없음,보행자,남,66세,경상
10321,2019010900100401,2019년 1월 9일 18시,수요일,경기도 안산시 단원구 고잔동,중상사고,0,1,0,0,차대사람 - 기타,안전운전불이행,포장 - 건조,맑음,단일로 - 기타,승용,여,55세,상해없음,보행자,여,52세,중상
10322,2019010900100403,2019년 1월 9일 18시,수요일,경기도 성남시 분당구 서현동,경상사고,0,0,1,0,차대사람 - 기타,안전운전불이행,포장 - 건조,맑음,주차장 - 주차장,승합,남,70세,상해없음,보행자,여,70세,경상
10323,2019010900100404,2019년 1월 9일 18시,수요일,경기도 화성시 향남읍,사망사고,1,1,0,0,차대사람 - 횡단중,안전운전불이행,포장 - 건조,맑음,단일로 - 기타,화물,남,61세,상해없음,보행자,남,64세,사망
10324,2019010900100407,2019년 1월 9일 18시,수요일,경기도 화성시 정남면,중상사고,0,1,0,0,차대사람 - 기타,안전운전불이행,포장 - 건조,맑음,단일로 - 기타,승합,남,26세,상해없음,보행자,남,53세,중상
10325,2019010900100408,2019년 1월 9일 18시,수요일,경기도 화성시 기안동,중상사고,0,1,0,0,차대사람 - 횡단중,신호위반,포장 - 건조,맑음,교차로 - 교차로안,원동기,남,13세,상해없음,보행자,여,55세,중상
10326,2019010900100439,2019년 1월 9일 18시,수요일,경기도 고양시 덕양구 화정동,경상사고,0,0,1,0,차대사람 - 기타,보행자보호의무위반,포장 - 건조,맑음,단일로 - 기타,승용,남,48세,상해없음,보행자,여,34세,경상
10327,2019010900100465,2019년 1월 9일 19시,수요일,경기도 의정부시 가능동,경상사고,0,0,2,0,차대사람 - 횡단중,교차로운행방법위반,포장 - 건조,맑음,교차로 - 교차로안,이륜,남,48세,상해없음,보행자,남,87세,경상
10328,2019010900100500,2019년 1월 9일 21시,수요일,경기도 광명시 철산동,부상신고사고,0,0,0,1,차대사람 - 길가장자리구역통행중,안전운전불이행,포장 - 건조,맑음,단일로 - 기타,화물,남,56세,상해없음,보행자,여,68세,부상신고
10329,2019010900100502,2019년 1월 9일 21시,수요일,경기도 시흥시 하상동,중상사고,0,1,0,0,차대사람 - 기타,안전운전불이행,포장 - 건조,맑음,단일로 - 기타,화물,남,53세,상해없음,보행자,여,49세,중상
10330,2019010900100528,2019년 1월 9일 22시,수요일,경기도 안양시 동안구 호계동,중상사고,0,1,0,0,차대사람 - 횡단중,신호위반,포장 - 건조,맑음,단일로 - 기타,승용,여,48세,상해없음,보행자,여,29세,중상
10331,2019010900100554,2019년 1월 9일 23시,수요일,경기도 남양주시 별내면,경상사고,0,0,1,0,차대사람 - 기타,안전운전불이행,포장 - 건조,맑음,단일로 - 기타,승용,남,62세,상해없음,보행자,여,38세,경상
10332,2019011000100030,2019년 1월 10일 00시,목요일,경기도 고양시 일산동구 백석동,중상사고,0,1,0,0,차대사람 - 횡단중,안전운전불이행,포장 - 건조,맑음,단일로 - 기타,승용,남,48세,상해없음,보행자,여,19세,중상
10333,2019011000100035,2019년 1월 10일 01시,목요일,경기도 용인시 처인구 고림동,사망사고,1,2,1,0,차대사람 - 기타,안전운전불이행,포장 - 건조,맑음,단일로 - 기타,화물,남,54세,상해없음,보행자,남,56세,사망
10334,2019011000100064,2019년 1월 10일 06시,목요일,경기도 평택시 비전동,경상사고,0,0,1,0,차대사람 - 횡단중,안전운전불이행,포장 - 건조,맑음,교차로 - 교차로횡단보도내,승용,남,62세,상해없음,보행자,남,55세,경상
10335,2019011000100109,2019년 1월 10일 08시,목요일,경기도 의왕시 오전동,경상사고,0,0,1,0,차대사람 - 기타,안전운전불이행,포장 - 건조,맑음,단일로 - 기타,승용,남,43세,상해없음,보행자,여,35세,경상
10336,2019011000100126,2019년 1월 10일 09시,목요일,경기도 광주시 삼동,경상사고,0,0,1,0,차대사람 - 기타,안전운전불이행,포장 - 건조,맑음,단일로 - 기타,승용,남,39세,상해없음,보행자,남,24세,경상
10337,2019011000100129,2019년 1월 10일 09시,목요일,경기도 안산시 단원구 초지동,중상사고,0,1,0,0,차대사람 - 횡단중,보행자보호의무위반,포장 - 건조,맑음,교차로 - 교차로횡단보도내,화물,남,56세,상해없음,보행자,여,40세,중상
10338,2019011000100173,2019년 1월 10일 11시,목요일,경기도 의왕시 내손동,경상사고,0,0,1,0,차대사람 - 횡단중,안전운전불이행,포장 - 건조,맑음,주차장 - 주차장,화물,남,59세,상해없음,보행자,남,1세,경상
10339,2019011000100218,2019년 1월 10일 13시,목요일,경기도 부천시 심곡본동,경상사고,0,0,1,0,차대사람 - 횡단중,안전운전불이행,포장 - 건조,맑음,교차로 - 교차로안,화물,남,43세,상해없음,보행자,여,64세,경상
10340,2019011000100273,2019년 1월 10일 15시,목요일,경기도 부천시 심곡동,중상사고,0,1,0,0,차대사람 - 기타,안전운전불이행,포장 - 건조,맑음,단일로 - 기타,화물,남,35세,상해없음,보행자,남,71세,중상
10341,2019011000100274,2019년 1월 10일 15시,목요일,경기도 부천시 원미동,중상사고,0,1,0,0,차대사람 - 기타,안전운전불이행,포장 - 건조,맑음,단일로 - 기타,자전거,남,64세,상해없음,보행자,여,71세,중상
10342,2019011000100296,2019년 1월 10일 15시,목요일,경기도 양주시 광사동,경상사고,0,0,1,0,차대사람 - 기타,안전운전불이행,포장 - 건조,맑음,단일로 - 기타,자전거,남,65세,경상,보행자,여,35세,상해없음
10343,2019011000100328,2019년 1월 10일 16시,목요일,경기도 파주시 조리읍,중상사고,0,1,0,0,차대사람 - 횡단중,보행자보호의무위반,포장 - 건조,맑음,단일로 - 기타,승용,남,71세,상해없음,보행자,여,66세,중상
10344,2019011000100345,2019년 1월 10일 17시,목요일,경기도 화성시 남양읍,경상사고,0,0,1,0,차대사람 - 횡단중,보행자보호의무위반,포장 - 건조,맑음,교차로 - 교차로부근,승용,여,47세,상해없음,보행자,여,18세,경상
10345,2019011000100374,2019년 1월 10일 18시,목요일,경기도 이천시 대월면,경상사고,0,0,2,0,차대사람 - 차도통행중,안전운전불이행,포장 - 건조,맑음,단일로 - 기타,이륜,남,20세,경상,보행자,여,7세,경상
10346,2019011000100383,2019년 1월 10일 18시,목요일,경기도 시흥시 대야동,경상사고,0,0,1,0,차대사람 - 기타,안전운전불이행,포장 - 건조,맑음,단일로 - 기타,승합,남,69세,상해없음,보행자,여,54세,경상
10347,2019011000100415,2019년 1월 10일 18시,목요일,경기도 고양시 덕양구 덕은동,사망사고,1,0,0,0,차대사람 - 횡단중,보행자보호의무위반,포장 - 건조,맑음,교차로 - 교차로안,화물,남,24세,상해없음,보행자,여,77세,사망
10348,2019011000100442,2019년 1월 10일 19시,목요일,경기도 시흥시 정왕동,경상사고,0,0,1,0,차대사람 - 기타,안전운전불이행,포장 - 건조,맑음,교차로 - 교차로안,승용,남,60세,상해없음,보행자,남,28세,경상
10349,2019011000100444,2019년 1월 10일 19시,목요일,경기도 수원시 권선구 금곡동,중상사고,0,1,0,0,차대사람 - 횡단중,보행자보호의무위반,포장 - 건조,맑음,교차로 - 교차로횡단보도내,승합,여,54세,상해없음,보행자,여,71세,중상
10350,2019011000100460,2019년 1월 10일 19시,목요일,경기도 의정부시 신곡동,경상사고,0,0,1,0,차대사람 - 길가장자리구역통행중,안전운전불이행,포장 - 건조,맑음,단일로 - 기타,승용,여,59세,상해없음,보행자,여,29세,경상
10351,2019011000100468,2019년 1월 10일 20시,목요일,경기도 성남시 수정구 신흥동,중상사고,0,1,0,0,차대사람 - 기타,안전운전불이행,포장 - 건조,맑음,교차로 - 교차로안,이륜,남,26세,상해없음,보행자,여,20세,중상
10352,2019011000100469,2019년 1월 10일 20시,목요일,경기도 성남시 중원구 상대원동,중상사고,0,1,0,0,차대사람 - 기타,기타,포장 - 건조,맑음,교차로 - 교차로안,승합,남,62세,상해없음,보행자,여,30세,중상
10353,2019011000100509,2019년 1월 10일 21시,목요일,경기도 고양시 일산동구 중산동,중상사고,0,1,0,0,차대사람 - 기타,안전운전불이행,포장 - 건조,맑음,기타 - 기타,승용,여,57세,상해없음,보행자,여,50세,중상
10354,2019011000100524,2019년 1월 10일 22시,목요일,경기도 남양주시 진접읍,중상사고,0,1,0,0,차대사람 - 횡단중,안전운전불이행,포장 - 건조,맑음,교차로 - 교차로횡단보도내,승용,남,55세,상해없음,보행자,남,39세,중상
10355,2019011100100028,2019년 1월 11일 00시,금요일,경기도 수원시 장안구 천천동,중상사고,0,1,0,0,차대사람 - 횡단중,안전운전불이행,포장 - 건조,맑음,교차로 - 교차로안,원동기,남,28세,상해없음,보행자,남,41세,중상
10356,2019011100100029,2019년 1월 11일 00시,금요일,경기도 안성시 원곡면,중상사고,0,1,0,0,차대사람 - 기타,안전운전불이행,포장 - 건조,맑음,단일로 - 기타,화물,남,40세,상해없음,보행자,남,55세,중상
10357,2019011100100086,2019년 1월 11일 05시,금요일,경기도 의정부시 신곡동,중상사고,0,1,0,0,차대사람 - 횡단중,안전운전불이행,포장 - 건조,맑음,교차로 - 교차로횡단보도내,승용,남,49세,상해없음,보행자,남,68세,중상
10358,2019011100100092,2019년 1월 11일 06시,금요일,경기도 평택시 팽성읍,중상사고,0,1,0,0,차대사람 - 횡단중,보행자보호의무위반,포장 - 건조,맑음,단일로 - 기타,화물,남,29세,상해없음,보행자,여,75세,중상
10359,2019011100100094,2019년 1월 11일 06시,금요일,경기도 안성시 공도읍,중상사고,0,1,0,0,차대사람 - 횡단중,신호위반,포장 - 건조,맑음,교차로 - 교차로횡단보도내,승용,남,49세,상해없음,보행자,여,23세,중상
10360,2019011100100095,2019년 1월 11일 06시,금요일,경기도 김포시 북변동,중상사고,0,1,0,0,차대사람 - 기타,안전운전불이행,포장 - 건조,맑음,단일로 - 기타,화물,남,42세,상해없음,보행자,여,59세,중상
10361,2019011100100097,2019년 1월 11일 06시,금요일,경기도 화성시 병점동,경상사고,0,0,1,0,차대사람 - 기타,보행자보호의무위반,포장 - 건조,맑음,단일로 - 기타,화물,남,28세,상해없음,보행자,남,67세,경상
10362,2019011100100119,2019년 1월 11일 07시,금요일,경기도 광주시 오포읍,사망사고,1,0,0,0,차대사람 - 차도통행중,보행자보호의무위반,포장 - 건조,맑음,교차로 - 교차로부근,화물,남,61세,상해없음,보행자,여,76세,사망
10363,2019011100100120,2019년 1월 11일 07시,금요일,경기도 용인시 기흥구 동백동,경상사고,0,0,1,0,차대사람 - 횡단중,신호위반,포장 - 건조,맑음,교차로 - 교차로횡단보도내,승합,남,61세,상해없음,보행자,여,70세,경상
10364,2019011100100121,2019년 1월 11일 07시,금요일,경기도 용인시 처인구 유방동,경상사고,0,0,1,0,차대사람 - 횡단중,보행자보호의무위반,포장 - 건조,맑음,교차로 - 교차로횡단보도내,승용,남,70세,상해없음,보행자,여,23세,경상
10365,2019011100100123,2019년 1월 11일 07시,금요일,경기도 시흥시 신천동,경상사고,0,0,1,0,차대사람 - 기타,보행자보호의무위반,포장 - 건조,맑음,단일로 - 기타,화물,남,61세,상해없음,보행자,여,48세,경상
10366,2019011100100139,2019년 1월 11일 08시,금요일,경기도 이천시 대월면,중상사고,0,1,0,0,차대사람 - 기타,안전운전불이행,포장 - 건조,맑음,단일로 - 기타,승합,남,48세,상해없음,보행자,남,43세,중상
10367,2019011100100158,2019년 1월 11일 08시,금요일,경기도 고양시 덕양구 화정동,사망사고,1,0,0,0,차대사람 - 차도통행중,안전운전불이행,포장 - 건조,맑음,기타 - 기타,승용,남,50세,상해없음,보행자,남,82세,사망
10368,2019011100100168,2019년 1월 11일 09시,금요일,경기도 안산시 상록구 성포동,경상사고,0,0,1,0,차대사람 - 횡단중,안전운전불이행,포장 - 건조,맑음,교차로 - 교차로부근,승용,남,50세,상해없음,보행자,여,68세,경상
10369,2019011100100170,2019년 1월 11일 09시,금요일,경기도 화성시 능동,경상사고,0,0,1,0,차대사람 - 횡단중,신호위반,포장 - 건조,맑음,교차로 - 교차로횡단보도내,승용,여,36세,상해없음,보행자,남,9세,경상
10370,2019011100100188,2019년 1월 11일 09시,금요일,경기도 파주시 금촌동,경상사고,0,0,1,0,차대사람 - 기타,안전운전불이행,포장 - 건조,맑음,단일로 - 기타,승용,여,47세,상해없음,보행자,여,10세,경상
10371,2019011100100210,2019년 1월 11일 10시,금요일,경기도 의정부시 금오동,경상사고,0,0,1,0,차대사람 - 기타,안전운전불이행,포장 - 건조,맑음,단일로 - 기타,승용,남,35세,상해없음,보행자,남,77세,경상
10372,2019011100100222,2019년 1월 11일 11시,금요일,경기도 안산시 단원구 초지동,중상사고,0,1,0,0,차대사람 - 횡단중,안전운전불이행,포장 - 건조,맑음,단일로 - 기타,승용,남,45세,상해없음,보행자,여,66세,중상
10373,2019011100100227,2019년 1월 11일 11시,금요일,경기도 화성시 반송동,중상사고,0,1,0,0,차대사람 - 횡단중,보행자보호의무위반,포장 - 건조,맑음,교차로 - 교차로횡단보도내,승합,남,74세,상해없음,보행자,여,58세,중상
10374,2019011100100283,2019년 1월 11일 13시,금요일,경기도 시흥시 정왕동,경상사고,0,0,1,0,차대사람 - 기타,안전운전불이행,포장 - 건조,맑음,단일로 - 기타,승용,여,48세,상해없음,보행자,남,31세,경상
10375,2019011100100313,2019년 1월 11일 14시,금요일,경기도 평택시 신장동,부상신고사고,0,0,0,1,차대사람 - 횡단중,보행자보호의무위반,포장 - 건조,맑음,교차로 - 교차로횡단보도내,승용,남,27세,상해없음,보행자,남,9세,부상신고
10376,2019011100100337,2019년 1월 11일 15시,금요일,경기도 성남시 수정구 태평동,경상사고,0,0,1,0,차대사람 - 길가장자리구역통행중,안전운전불이행,포장 - 건조,맑음,단일로 - 기타,승용,남,68세,상해없음,보행자,남,59세,경상
10377,2019011100100339,2019년 1월 11일 15시,금요일,경기도 안산시 단원구 고잔동,경상사고,0,0,1,0,차대사람 - 횡단중,기타,포장 - 건조,맑음,교차로 - 교차로부근,승용,남,71세,상해없음,보행자,여,7세,경상
10378,2019011100100369,2019년 1월 11일 16시,금요일,경기도 부천시 심곡본동,경상사고,0,0,1,0,차대사람 - 횡단중,보행자보호의무위반,포장 - 건조,맑음,교차로 - 교차로횡단보도내,승합,여,43세,상해없음,보행자,여,21세,경상
10379,2019011100100398,2019년 1월 11일 17시,금요일,경기도 안양시 만안구 안양동,경상사고,0,0,1,0,차대사람 - 횡단중,신호위반,포장 - 건조,맑음,교차로 - 교차로횡단보도내,자전거,남,22세,상해없음,보행자,남,64세,경상
10380,2019011100100434,2019년 1월 11일 18시,금요일,경기도 성남시 수정구 복정동,중상사고,0,1,0,0,차대사람 - 횡단중,안전운전불이행,포장 - 건조,맑음,교차로 - 교차로안,승용,여,49세,상해없음,보행자,남,21세,중상
10381,2019011100100437,2019년 1월 11일 18시,금요일,경기도 용인시 처인구 유방동,중상사고,0,1,0,0,차대사람 - 차도통행중,안전운전불이행,포장 - 건조,맑음,기타 - 기타,승용,남,70세,상해없음,보행자,남,59세,중상
10382,2019011100100438,2019년 1월 11일 18시,금요일,경기도 김포시 고촌읍,중상사고,0,1,0,0,차대사람 - 기타,안전운전불이행,포장 - 건조,맑음,교차로 - 교차로안,승용,여,36세,기타불명,보행자,여,78세,중상
10383,2019011100100443,2019년 1월 11일 18시,금요일,경기도 성남시 중원구 성남동,중상사고,0,1,0,0,차대사람 - 횡단중,보행자보호의무위반,포장 - 건조,맑음,단일로 - 기타,승용,여,64세,상해없음,보행자,남,56세,중상
10384,2019011100100447,2019년 1월 11일 18시,금요일,경기도 화성시 반월동,경상사고,0,0,1,0,차대사람 - 기타,안전운전불이행,포장 - 건조,맑음,단일로 - 기타,승용,남,28세,상해없음,보행자,남,34세,경상
10385,2019011100100485,2019년 1월 11일 19시,금요일,경기도 김포시 장기동,중상사고,0,1,0,0,차대사람 - 횡단중,보행자보호의무위반,포장 - 건조,맑음,교차로 - 교차로횡단보도내,승용,여,45세,상해없음,보행자,남,53세,중상
10386,2019011100100514,2019년 1월 11일 20시,금요일,경기도 평택시 비전동,중상사고,0,1,0,0,차대사람 - 횡단중,보행자보호의무위반,포장 - 건조,맑음,단일로 - 기타,승용,남,32세,상해없음,보행자,남,56세,중상
10387,2019011100100516,2019년 1월 11일 20시,금요일,경기도 광명시 광명동,중상사고,0,1,0,0,차대사람 - 기타,안전운전불이행,포장 - 건조,맑음,단일로 - 기타,승합,남,46세,상해없음,보행자,남,42세,중상
10388,2019011100100517,2019년 1월 11일 20시,금요일,경기도 광명시 소하동,부상신고사고,0,0,0,1,차대사람 - 기타,보행자보호의무위반,포장 - 건조,맑음,교차로 - 교차로횡단보도내,승용,여,61세,상해없음,보행자,여,26세,부상신고
10389,2019011100100518,2019년 1월 11일 20시,금요일,경기도 안산시 단원구 신길동,중상사고,0,1,0,0,차대사람 - 기타,안전운전불이행,포장 - 건조,맑음,기타 - 기타,이륜,남,36세,상해없음,보행자,남,59세,중상
10390,2019011100100520,2019년 1월 11일 20시,금요일,경기도 부천시 고강동,경상사고,0,0,1,0,차대사람 - 횡단중,안전운전불이행,포장 - 건조,맑음,단일로 - 기타,승용,남,21세,상해없음,보행자,남,46세,경상
10391,2019011100100546,2019년 1월 11일 20시,금요일,경기도 양주시 덕계동,중상사고,0,1,0,0,차대사람 - 길가장자리구역통행중,안전운전불이행,포장 - 건조,맑음,단일로 - 기타,승용,여,35세,상해없음,보행자,남,56세,중상
10392,2019011100100547,2019년 1월 11일 20시,금요일,경기도 고양시 일산서구 덕이동,부상신고사고,0,0,0,2,차대사람 - 횡단중,안전운전불이행,포장 - 건조,맑음,단일로 - 기타,승합,남,57세,상해없음,보행자,여,13세,부상신고
10393,2019011100100567,2019년 1월 11일 21시,금요일,경기도 의정부시 가능동,중상사고,0,1,0,0,차대사람 - 횡단중,안전운전불이행,포장 - 건조,맑음,교차로 - 교차로부근,이륜,남,28세,상해없음,보행자,여,66세,중상
10394,2019011100100614,2019년 1월 11일 23시,금요일,경기도 동두천시 생연동,부상신고사고,0,0,0,1,차대사람 - 기타,안전운전불이행,포장 - 건조,맑음,교차로 - 교차로안,승용,남,70세,상해없음,보행자,남,43세,부상신고
10395,2019011200100022,2019년 1월 12일 00시,토요일,경기도 수원시 권선구 권선동,경상사고,0,0,2,0,차대사람 - 차도통행중,안전운전불이행,포장 - 건조,맑음,단일로 - 기타,승용,여,33세,상해없음,보행자,남,42세,경상
10396,2019011200100085,2019년 1월 12일 04시,토요일,경기도 평택시 지산동,경상사고,0,0,1,0,차대사람 - 기타,안전운전불이행,포장 - 건조,맑음,교차로 - 교차로안,기타불명,기타불명,미분류,기타불명,보행자,남,35세,경상
10397,2019011200100224,2019년 1월 12일 11시,토요일,경기도 안산시 상록구 성포동,경상사고,0,0,1,0,차대사람 - 횡단중,보행자보호의무위반,포장 - 건조,맑음,교차로 - 교차로횡단보도내,승용,여,53세,상해없음,보행자,남,8세,경상
10398,2019011200100246,2019년 1월 12일 12시,토요일,경기도 안양시 동안구 비산동,경상사고,0,0,1,0,차대사람 - 기타,안전운전불이행,포장 - 건조,맑음,단일로 - 기타,기타불명,기타불명,미분류,기타불명,보행자,남,17세,경상
10399,2019011200100254,2019년 1월 12일 12시,토요일,경기도 용인시 기흥구 보정동,경상사고,0,0,1,0,차대사람 - 기타,안전운전불이행,포장 - 건조,맑음,단일로 - 기타,승용,여,43세,상해없음,보행자,남,34세,경상
10400,2019011200100298,2019년 1월 12일 14시,토요일,경기도 부천시 심곡본동,경상사고,0,0,1,0,차대사람 - 기타,안전운전불이행,포장 - 건조,맑음,단일로 - 기타,화물,남,52세,기타불명,보행자,남,4세,경상
10401,2019011200100346,2019년 1월 12일 16시,토요일,경기도 광주시 역동,경상사고,0,0,1,0,차대사람 - 기타,안전운전불이행,포장 - 건조,맑음,단일로 - 기타,승용,여,46세,상해없음,보행자,남,38세,경상
10402,2019011200100364,2019년 1월 12일 16시,토요일,경기도 고양시 덕양구 관산동,부상신고사고,0,0,0,1,차대사람 - 기타,안전운전불이행,포장 - 건조,맑음,단일로 - 기타,승용,남,57세,상해없음,보행자,남,74세,부상신고
10403,2019011200100367,2019년 1월 12일 16시,토요일,경기도 포천시 신북면,중상사고,0,1,0,0,차대사람 - 기타,안전운전불이행,포장 - 건조,맑음,기타 - 기타,승용,여,60세,상해없음,보행자,남,65세,중상
10404,2019011200100403,2019년 1월 12일 18시,토요일,경기도 광주시 경안동,경상사고,0,0,1,0,차대사람 - 횡단중,안전운전불이행,포장 - 건조,맑음,교차로 - 교차로부근,승용,남,54세,상해없음,보행자,여,51세,경상
10405,2019011200100407,2019년 1월 12일 18시,토요일,경기도 안산시 상록구 건건동,중상사고,0,1,0,0,차대사람 - 기타,안전운전불이행,포장 - 건조,맑음,단일로 - 기타,승용,남,26세,상해없음,보행자,남,39세,중상
10406,2019011200100438,2019년 1월 12일 19시,토요일,경기도 수원시 팔달구 화서동,경상사고,0,0,1,0,차대사람 - 기타,안전운전불이행,포장 - 건조,맑음,단일로 - 기타,승용,남,56세,상해없음,보행자,남,47세,경상
10407,2019011200100439,2019년 1월 12일 19시,토요일,경기도 광주시 도척면,중상사고,0,1,0,0,차대사람 - 횡단중,안전운전불이행,포장 - 건조,맑음,단일로 - 기타,승용,여,40세,상해없음,보행자,여,71세,중상
10408,2019011200100443,2019년 1월 12일 19시,토요일,경기도 수원시 팔달구 고등동,중상사고,0,1,0,0,차대사람 - 횡단중,보행자보호의무위반,포장 - 건조,맑음,교차로 - 교차로횡단보도내,승용,남,54세,상해없음,보행자,여,16세,중상
10409,2019011200100467,2019년 1월 12일 20시,토요일,경기도 화성시 봉담읍,사망사고,1,0,0,0,차대사람 - 기타,안전운전불이행,포장 - 건조,맑음,단일로 - 기타,승용,여,51세,상해없음,보행자,남,54세,사망
10410,2019011200100487,2019년 1월 12일 20시,토요일,경기도 동두천시 지행동,중상사고,0,1,0,0,차대사람 - 횡단중,안전운전불이행,포장 - 건조,맑음,단일로 - 기타,승용,남,66세,상해없음,보행자,남,48세,중상
10411,2019011200100489,2019년 1월 12일 20시,토요일,경기도 연천군 전곡읍,중상사고,0,1,0,0,차대사람 - 기타,안전운전불이행,포장 - 건조,맑음,단일로 - 기타,승합,남,36세,상해없음,보행자,남,58세,중상
10412,2019011200100497,2019년 1월 12일 21시,토요일,경기도 김포시 감정동,사망사고,1,0,0,0,차대사람 - 차도통행중,안전운전불이행,포장 - 건조,맑음,단일로 - 기타,승용,남,38세,상해없음,보행자,남,67세,사망
10413,2019011200100500,2019년 1월 12일 21시,토요일,경기도 화성시 향남읍,경상사고,0,0,1,0,차대사람 - 기타,안전운전불이행,포장 - 건조,맑음,교차로 - 교차로안,승용,남,38세,상해없음,보행자,남,50세,경상
10414,2019011200100501,2019년 1월 12일 21시,토요일,경기도 용인시 기흥구 마북동,경상사고,0,0,1,0,차대사람 - 차도통행중,안전운전불이행,포장 - 건조,맑음,교차로 - 교차로안,승용,남,71세,상해없음,보행자,여,17세,경상
10415,2019011200100502,2019년 1월 12일 21시,토요일,경기도 용인시 기흥구 보정동,부상신고사고,0,0,0,1,차대사람 - 길가장자리구역통행중,안전운전불이행,포장 - 건조,맑음,단일로 - 기타,기타불명,기타불명,미분류,기타불명,보행자,남,39세,부상신고
10416,2019011200100523,2019년 1월 12일 22시,토요일,경기도 수원시 팔달구 매향동,중상사고,0,1,0,0,차대사람 - 기타,보행자보호의무위반,포장 - 건조,맑음,교차로 - 교차로횡단보도내,자전거,남,16세,상해없음,보행자,여,50세,중상
10417,2019011200100525,2019년 1월 12일 22시,토요일,경기도 안산시 단원구 선부동,경상사고,0,0,1,0,차대사람 - 기타,안전운전불이행,포장 - 건조,맑음,기타 - 기타,승용,남,39세,상해없음,보행자,남,16세,경상
10418,2019011200100552,2019년 1월 12일 23시,토요일,경기도 하남시 덕풍동,부상신고사고,0,0,0,1,차대사람 - 횡단중,보행자보호의무위반,포장 - 건조,맑음,단일로 - 기타,승용,남,34세,상해없음,보행자,남,41세,부상신고
10419,2019011200100561,2019년 1월 12일 23시,토요일,경기도 남양주시 다산동,중상사고,0,1,0,0,차대사람 - 기타,안전운전불이행,포장 - 건조,맑음,교차로 - 교차로부근,승용,남,45세,상해없음,보행자,남,53세,중상
10420,2019011300100016,2019년 1월 13일 00시,일요일,경기도 수원시 팔달구 인계동,경상사고,0,0,1,0,차대사람 - 기타,안전운전불이행,포장 - 건조,맑음,단일로 - 기타,기타불명,기타불명,미분류,기타불명,보행자,여,22세,경상
10421,2019011300100064,2019년 1월 13일 03시,일요일,경기도 평택시 비전동,경상사고,0,0,1,0,차대사람 - 기타,안전운전불이행,포장 - 건조,맑음,단일로 - 기타,기타불명,기타불명,미분류,기타불명,보행자,남,24세,경상
10422,2019011300100071,2019년 1월 13일 04시,일요일,경기도 성남시 수정구 수진동,경상사고,0,0,1,0,차대사람 - 횡단중,신호위반,포장 - 건조,맑음,교차로 - 교차로부근,승용,남,53세,상해없음,보행자,여,45세,경상
10423,2019011300100079,2019년 1월 13일 05시,일요일,경기도 부천시 심곡동,경상사고,0,0,1,0,차대사람 - 기타,신호위반,포장 - 건조,맑음,단일로 - 기타,승용,남,32세,상해없음,보행자,남,22세,경상
10424,2019011300100131,2019년 1월 13일 10시,일요일,경기도 김포시 양촌읍,중상사고,0,1,0,0,차대사람 - 기타,안전운전불이행,포장 - 건조,맑음,교차로 - 교차로안,승용,남,56세,상해없음,보행자,남,28세,중상
10425,2019011300100132,2019년 1월 13일 10시,일요일,경기도 양평군 양평읍,경상사고,0,0,1,0,차대사람 - 횡단중,보행자보호의무위반,포장 - 건조,맑음,단일로 - 기타,승용,여,47세,상해없음,보행자,남,13세,경상
10426,2019011300100143,2019년 1월 13일 10시,일요일,경기도 남양주시 진접읍,경상사고,0,0,1,0,차대사람 - 횡단중,보행자보호의무위반,포장 - 건조,맑음,교차로 - 교차로횡단보도내,승합,남,44세,상해없음,보행자,여,16세,경상
10427,2019011300100159,2019년 1월 13일 11시,일요일,경기도 남양주시 조안면,사망사고,1,0,0,0,차대사람 - 기타,안전운전불이행,포장 - 건조,맑음,단일로 - 기타,승용,여,36세,상해없음,보행자,남,79세,사망
10428,2019011300100165,2019년 1월 13일 12시,일요일,경기도 안산시 단원구 고잔동,경상사고,0,0,1,0,차대사람 - 기타,안전운전불이행,포장 - 건조,맑음,교차로 - 교차로안,승용,여,54세,상해없음,보행자,남,18세,경상