,사고번호,사고일시,요일,시군구,사고내용,사망자수,중상자수,경상자수,부상신고자수,사고유형,법규위반,노면상태,기상상태,도로형태,가해운전자 차종,가해운전자 성별,가해운전자 연령,가해운전자 상해정도,피해운전자 차종,피해운전자 성별,피해운전자 연령,피해운전자 상해정도
10654,2019012100100392,2019년 1월 21일 18시,월요일,경기도 평택시 장당동,경상사고,0,0,1,0,차대사람 - 횡단중,안전운전불이행,포장 - 건조,맑음,교차로 - 교차로안,승용,여,25세,상해없음,보행자,남,48세,경상
10655,2019012100100394,2019년 1월 21일 18시,월요일,경기도 이천시 증포동,경상사고,0,0,1,0,차대사람 - 횡단중,신호위반,포장 - 건조,맑음,단일로 - 기타,승용,여,42세,상해없음,보행자,여,18세,경상
10656,2019012100100397,2019년 1월 21일 18시,월요일,경기도 시흥시 정왕동,경상사고,0,0,1,0,차대사람 - 보도통행중,안전운전불이행,포장 - 건조,맑음,단일로 - 기타,자전거,남,70세,상해없음,보행자,여,56세,경상
10657,2019012100100452,2019년 1월 21일 19시,월요일,경기도 안산시 단원구 초지동,중상사고,0,1,1,0,차대사람 - 기타,보행자보호의무위반,포장 - 건조,맑음,교차로 - 교차로횡단보도내,화물,남,31세,상해없음,보행자,남,18세,중상
10658,2019012100100488,2019년 1월 21일 20시,월요일,경기도 시흥시 목감동,중상사고,0,1,0,0,차대사람 - 횡단중,보행자보호의무위반,포장 - 건조,맑음,교차로 - 교차로횡단보도내,승용,남,25세,상해없음,보행자,여,46세,중상
10659,2019012100100489,2019년 1월 21일 20시,월요일,경기도 시흥시 정왕동,중상사고,0,1,0,0,차대사람 - 기타,안전운전불이행,포장 - 건조,맑음,기타 - 기타,원동기,여,54세,중상,보행자,남,25세,상해없음
10660,2019012100100490,2019년 1월 21일 20시,월요일,경기도 화성시 남양읍,경상사고,0,0,1,0,차대사람 - 기타,보행자보호의무위반,포장 - 건조,맑음,단일로 - 기타,승용,남,57세,상해없음,보행자,남,36세,경상
10661,2019012100100504,2019년 1월 21일 20시,월요일,경기도 의정부시 신곡동,중상사고,0,1,0,0,차대사람 - 횡단중,보행자보호의무위반,포장 - 건조,맑음,단일로 - 기타,승용,남,50세,상해없음,보행자,여,71세,중상
10662,2019012100100514,2019년 1월 21일 21시,월요일,경기도 수원시 팔달구 우만동,경상사고,0,0,1,0,차대사람 - 횡단중,신호위반,포장 - 건조,맑음,교차로 - 교차로안,승용,남,38세,상해없음,보행자,남,34세,경상
10663,2019012100100517,2019년 1월 21일 21시,월요일,경기도 광주시 송정동,중상사고,0,1,0,0,차대사람 - 횡단중,안전운전불이행,포장 - 건조,맑음,교차로 - 교차로안,승용,여,54세,상해없음,보행자,여,77세,중상
10664,2019012100100519,2019년 1월 21일 21시,월요일,경기도 부천시 범박동,경상사고,0,0,1,0,차대사람 - 기타,안전운전불이행,포장 - 건조,맑음,단일로 - 기타,이륜,남,56세,상해없음,보행자,남,60세,경상
10665,2019012100100531,2019년 1월 21일 21시,월요일,경기도 고양시 일산서구 탄현동,부상신고사고,0,0,0,1,차대사람 - 횡단중,안전운전불이행,포장 - 건조,맑음,교차로 - 교차로횡단보도내,이륜,남,20세,부상신고,보행자,남,55세,상해없음
10666,2019012100100559,2019년 1월 21일 22시,월요일,경기도 가평군 청평면,경상사고,0,0,1,0,차대사람 - 기타,보행자보호의무위반,포장 - 건조,맑음,교차로 - 교차로횡단보도내,승용,남,46세,상해없음,보행자,남,45세,경상
10667,2019012100100565,2019년 1월 21일 23시,월요일,경기도 하남시 덕풍동,경상사고,0,0,1,0,차대사람 - 횡단중,보행자보호의무위반,포장 - 건조,맑음,교차로 - 교차로부근,승용,남,27세,상해없음,보행자,남,57세,경상
10668,2019012200100074,2019년 1월 22일 05시,화요일,경기도 성남시 분당구 야탑동,사망사고,1,0,0,0,차대사람 - 횡단중,안전운전불이행,포장 - 건조,맑음,단일로 - 기타,승용,남,52세,상해없음,보행자,남,64세,사망
10669,2019012200100083,2019년 1월 22일 05시,화요일,경기도 남양주시 화도읍,중상사고,0,1,0,0,차대사람 - 횡단중,신호위반,포장 - 건조,맑음,교차로 - 교차로안,승용,남,73세,상해없음,보행자,남,35세,중상
10670,2019012200100084,2019년 1월 22일 05시,화요일,경기도 파주시 목동동,중상사고,0,1,0,0,차대사람 - 횡단중,안전운전불이행,포장 - 건조,맑음,교차로 - 교차로안,승용,여,64세,상해없음,보행자,여,77세,중상
10671,2019012200100093,2019년 1월 22일 06시,화요일,경기도 이천시 창전동,중상사고,0,1,0,0,차대사람 - 횡단중,안전운전불이행,포장 - 건조,맑음,교차로 - 교차로안,승합,남,56세,기타불명,보행자,남,63세,중상
10672,2019012200100095,2019년 1월 22일 06시,화요일,경기도 성남시 분당구 이매동,경상사고,0,0,1,0,차대사람 - 횡단중,보행자보호의무위반,포장 - 기타,맑음,교차로 - 교차로횡단보도내,승용,남,46세,상해없음,보행자,남,29세,경상
10673,2019012200100096,2019년 1월 22일 06시,화요일,경기도 시흥시 정왕동,경상사고,0,0,1,0,차대사람 - 기타,안전운전불이행,포장 - 건조,맑음,단일로 - 기타,승용,남,26세,상해없음,보행자,남,60세,경상
10674,2019012200100110,2019년 1월 22일 06시,화요일,경기도 의정부시 금오동,사망사고,1,0,0,0,차대사람 - 횡단중,안전운전불이행,포장 - 건조,맑음,교차로 - 교차로부근,승합,남,58세,상해없음,보행자,여,79세,사망
10675,2019012200100122,2019년 1월 22일 07시,화요일,경기도 평택시 팽성읍,중상사고,0,1,0,0,차대사람 - 기타,기타,포장 - 건조,맑음,단일로 - 기타,승합,남,53세,상해없음,보행자,여,69세,중상
10676,2019012200100125,2019년 1월 22일 07시,화요일,경기도 수원시 팔달구 인계동,중상사고,0,1,0,0,차대사람 - 횡단중,보행자보호의무위반,포장 - 건조,맑음,교차로 - 교차로안,승용,남,61세,상해없음,보행자,여,78세,중상
10677,2019012200100126,2019년 1월 22일 07시,화요일,경기도 성남시 분당구 정자동,사망사고,1,0,0,0,차대사람 - 횡단중,신호위반,포장 - 건조,맑음,교차로 - 교차로안,승합,남,44세,상해없음,보행자,여,66세,사망
10678,2019012200100128,2019년 1월 22일 07시,화요일,경기도 화성시 봉담읍,경상사고,0,0,1,0,차대사람 - 횡단중,안전운전불이행,포장 - 건조,맑음,교차로 - 교차로부근,승합,남,62세,상해없음,보행자,여,63세,경상
10679,2019012200100129,2019년 1월 22일 07시,화요일,경기도 의왕시 포일동,경상사고,0,0,1,0,차대사람 - 보도통행중,신호위반,포장 - 건조,맑음,교차로 - 교차로횡단보도내,승용,남,28세,상해없음,보행자,남,33세,경상
10680,2019012200100158,2019년 1월 22일 08시,화요일,경기도 여주시 점봉동,경상사고,0,0,2,0,차대사람 - 횡단중,안전운전불이행,포장 - 건조,맑음,교차로 - 교차로부근,승용,남,54세,상해없음,보행자,남,26세,경상
10681,2019012200100181,2019년 1월 22일 08시,화요일,경기도 남양주시 진접읍,경상사고,0,0,1,0,차대사람 - 횡단중,신호위반,포장 - 건조,맑음,교차로 - 교차로안,승용,남,45세,상해없음,보행자,남,20세,경상
10682,2019012200100191,2019년 1월 22일 09시,화요일,경기도 성남시 분당구 삼평동,중상사고,0,1,0,0,차대사람 - 보도통행중,보행자보호의무위반,포장 - 건조,맑음,교차로 - 교차로안,승용,남,37세,상해없음,보행자,여,60세,중상
10683,2019012200100216,2019년 1월 22일 10시,화요일,경기도 안성시 창전동,중상사고,0,1,0,0,차대사람 - 횡단중,보행자보호의무위반,포장 - 건조,맑음,교차로 - 교차로횡단보도내,화물,남,41세,상해없음,보행자,남,41세,중상
10684,2019012200100266,2019년 1월 22일 11시,화요일,경기도 파주시 와동,경상사고,0,0,1,0,차대사람 - 기타,안전운전불이행,포장 - 건조,맑음,단일로 - 기타,화물,남,49세,상해없음,보행자,남,56세,경상
10685,2019012200100276,2019년 1월 22일 12시,화요일,경기도 부천시 심곡동,중상사고,0,1,0,0,차대사람 - 차도통행중,안전운전불이행,포장 - 건조,맑음,기타 - 기타,승용,남,65세,상해없음,보행자,여,19세,중상
10686,2019012200100277,2019년 1월 22일 12시,화요일,경기도 안산시 상록구 본오동,경상사고,0,0,1,0,차대사람 - 횡단중,보행자보호의무위반,포장 - 건조,맑음,교차로 - 교차로횡단보도내,승용,남,39세,상해없음,보행자,남,17세,경상
10687,2019012200100344,2019년 1월 22일 14시,화요일,경기도 고양시 덕양구 화정동,중상사고,0,1,0,0,차대사람 - 횡단중,신호위반,포장 - 건조,맑음,교차로 - 교차로안,승용,여,28세,상해없음,보행자,남,17세,중상
10688,2019012200100354,2019년 1월 22일 15시,화요일,경기도 광주시 오포읍,경상사고,0,0,1,0,차대사람 - 기타,안전운전불이행,포장 - 건조,맑음,교차로 - 교차로안,승용,여,36세,상해없음,보행자,여,78세,경상
10689,2019012200100417,2019년 1월 22일 17시,화요일,경기도 부천시 내동,경상사고,0,0,1,0,차대사람 - 보도통행중,기타,포장 - 건조,맑음,단일로 - 기타,승용,남,51세,상해없음,보행자,여,44세,경상
10690,2019012200100435,2019년 1월 22일 18시,화요일,경기도 안성시 석정동,경상사고,0,0,1,0,차대사람 - 횡단중,보행자보호의무위반,포장 - 건조,맑음,교차로 - 교차로횡단보도내,화물,남,55세,상해없음,보행자,남,48세,경상
10691,2019012200100437,2019년 1월 22일 18시,화요일,경기도 광주시 역동,경상사고,0,0,1,0,차대사람 - 횡단중,보행자보호의무위반,포장 - 건조,맑음,교차로 - 교차로안,승합,남,58세,상해없음,보행자,남,43세,경상
10692,2019012200100438,2019년 1월 22일 18시,화요일,경기도 광주시 중대동,중상사고,0,1,0,0,차대사람 - 기타,안전운전불이행,포장 - 건조,맑음,교차로 - 교차로부근,화물,남,59세,상해없음,보행자,여,61세,중상
10693,2019012200100446,2019년 1월 22일 18시,화요일,경기도 안양시 만안구 안양동,경상사고,0,0,1,0,차대사람 - 기타,안전운전불이행,포장 - 건조,맑음,단일로 - 기타,화물,남,65세,상해없음,보행자,여,18세,경상
10694,2019012200100485,2019년 1월 22일 19시,화요일,경기도 광주시 쌍령동,경상사고,0,0,1,0,차대사람 - 횡단중,보행자보호의무위반,포장 - 건조,흐림,기타 - 기타,승용,남,65세,상해없음,보행자,여,53세,경상
10695,2019012200100487,2019년 1월 22일 19시,화요일,경기도 수원시 영통구 영통동,경상사고,0,0,1,0,차대사람 - 횡단중,보행자보호의무위반,포장 - 건조,맑음,교차로 - 교차로안,승용,남,37세,상해없음,보행자,남,35세,경상
10696,2019012200100488,2019년 1월 22일 19시,화요일,경기도 성남시 분당구 백현동,중상사고,0,1,0,0,차대사람 - 횡단중,보행자보호의무위반,포장 - 건조,맑음,교차로 - 교차로횡단보도내,승용,남,25세,상해없음,보행자,여,25세,중상
10697,2019012200100490,2019년 1월 22일 19시,화요일,경기도 수원시 권선구 구운동,경상사고,0,0,1,0,차대사람 - 횡단중,안전운전불이행,포장 - 건조,맑음,단일로 - 기타,승용,여,48세,상해없음,보행자,남,68세,경상
10698,2019012200100565,2019년 1월 22일 21시,화요일,경기도 남양주시 진접읍,중상사고,0,1,0,0,차대사람 - 기타,기타,포장 - 건조,맑음,단일로 - 기타,원동기,남,23세,상해없음,보행자,여,33세,중상
10699,2019012200100575,2019년 1월 22일 22시,화요일,경기도 김포시 북변동,경상사고,0,0,1,1,차대사람 - 횡단중,안전운전불이행,포장 - 건조,맑음,단일로 - 기타,승용,남,78세,상해없음,보행자,남,53세,경상
10700,2019012200100577,2019년 1월 22일 22시,화요일,경기도 안양시 만안구 안양동,경상사고,0,0,2,0,차대사람 - 횡단중,신호위반,포장 - 건조,맑음,교차로 - 교차로횡단보도내,승용,남,22세,상해없음,보행자,여,45세,경상
10701,2019012200100600,2019년 1월 22일 23시,화요일,경기도 용인시 처인구 포곡읍,중상사고,0,1,0,0,차대사람 - 기타,안전운전불이행,포장 - 건조,맑음,교차로 - 교차로안,승합,남,48세,상해없음,보행자,남,20세,중상
10702,2019012300100074,2019년 1월 23일 06시,수요일,경기도 수원시 팔달구 인계동,중상사고,0,1,0,0,차대사람 - 횡단중,신호위반,포장 - 건조,맑음,교차로 - 교차로부근,승용,남,26세,상해없음,보행자,여,74세,중상
10703,2019012300100090,2019년 1월 23일 07시,수요일,경기도 수원시 장안구 율전동,경상사고,0,0,1,0,차대사람 - 기타,보행자보호의무위반,포장 - 건조,맑음,단일로 - 기타,승용,남,29세,상해없음,보행자,여,23세,경상
10704,2019012300100091,2019년 1월 23일 07시,수요일,경기도 성남시 수정구 수진동,사망사고,1,0,0,0,차대사람 - 횡단중,신호위반,포장 - 건조,맑음,단일로 - 기타,승용,여,52세,상해없음,보행자,남,58세,사망
10705,2019012300100092,2019년 1월 23일 07시,수요일,경기도 이천시 증포동,중상사고,0,1,0,0,차대사람 - 횡단중,안전운전불이행,포장 - 젖음/습기,흐림,교차로 - 교차로안,승용,남,65세,상해없음,보행자,여,64세,중상
10706,2019012300100093,2019년 1월 23일 07시,수요일,경기도 용인시 처인구 김량장동,경상사고,0,0,1,0,차대사람 - 횡단중,보행자보호의무위반,포장 - 건조,맑음,교차로 - 교차로횡단보도내,화물,남,61세,상해없음,보행자,여,21세,경상
10707,2019012300100098,2019년 1월 23일 07시,수요일,경기도 안산시 상록구 본오동,중상사고,0,1,0,0,차대사람 - 횡단중,보행자보호의무위반,포장 - 건조,맑음,교차로 - 교차로횡단보도내,화물,남,43세,상해없음,보행자,여,61세,중상
10708,2019012300100115,2019년 1월 23일 07시,수요일,경기도 의정부시 의정부동,경상사고,0,0,1,0,차대사람 - 기타,신호위반,포장 - 건조,맑음,교차로 - 교차로안,승합,남,75세,상해없음,보행자,남,32세,경상
10709,2019012300100134,2019년 1월 23일 08시,수요일,경기도 수원시 영통구 매탄동,경상사고,0,0,1,0,차대사람 - 횡단중,신호위반,포장 - 건조,맑음,교차로 - 교차로횡단보도내,승용,남,61세,상해없음,보행자,남,42세,경상
10710,2019012300100154,2019년 1월 23일 08시,수요일,경기도 의정부시 신곡동,중상사고,0,1,0,0,차대사람 - 횡단중,안전운전불이행,포장 - 건조,맑음,단일로 - 기타,승용,남,31세,상해없음,보행자,남,59세,중상
10711,2019012300100172,2019년 1월 23일 09시,수요일,경기도 평택시 신장동,경상사고,0,0,1,0,차대사람 - 길가장자리구역통행중,안전운전불이행,포장 - 건조,맑음,단일로 - 기타,승합,남,59세,상해없음,보행자,여,45세,경상
10712,2019012300100173,2019년 1월 23일 09시,수요일,경기도 광주시 오포읍,경상사고,0,0,1,0,차대사람 - 횡단중,안전운전불이행,포장 - 건조,맑음,기타 - 기타,승용,여,40세,상해없음,보행자,여,34세,경상
10713,2019012300100174,2019년 1월 23일 09시,수요일,경기도 안산시 단원구 선부동,중상사고,0,1,0,0,차대사람 - 기타,교차로운행방법위반,포장 - 건조,맑음,교차로 - 교차로안,승용,여,57세,상해없음,보행자,남,61세,중상
10714,2019012300100251,2019년 1월 23일 12시,수요일,경기도 부천시 심곡동,경상사고,0,0,1,0,차대사람 - 기타,안전운전불이행,포장 - 건조,맑음,단일로 - 기타,승용,남,80세,상해없음,보행자,여,59세,경상
10715,2019012300100301,2019년 1월 23일 14시,수요일,경기도 양평군 양서면,중상사고,0,1,0,0,차대사람 - 횡단중,보행자보호의무위반,포장 - 건조,맑음,교차로 - 교차로안,승용,여,53세,상해없음,보행자,여,76세,중상
10716,2019012300100322,2019년 1월 23일 14시,수요일,경기도 고양시 일산서구 대화동,경상사고,0,0,1,0,차대사람 - 기타,안전운전불이행,포장 - 건조,맑음,단일로 - 기타,승용,여,44세,상해없음,보행자,남,69세,경상
10717,2019012300100347,2019년 1월 23일 15시,수요일,경기도 고양시 일산동구 마두동,중상사고,0,1,0,0,차대사람 - 횡단중,안전운전불이행,포장 - 건조,맑음,단일로 - 기타,승합,남,46세,상해없음,보행자,여,61세,중상
10718,2019012300100355,2019년 1월 23일 16시,수요일,경기도 용인시 처인구 김량장동,중상사고,0,1,0,0,차대사람 - 횡단중,보행자보호의무위반,포장 - 건조,맑음,교차로 - 교차로횡단보도내,승용,여,64세,상해없음,보행자,여,53세,중상
10719,2019012300100369,2019년 1월 23일 16시,수요일,경기도 의정부시 낙양동,경상사고,0,0,1,0,차대사람 - 차도통행중,안전운전불이행,포장 - 건조,맑음,교차로 - 교차로부근,승용,남,70세,상해없음,보행자,여,61세,경상
10720,2019012300100375,2019년 1월 23일 17시,수요일,경기도 광주시 오포읍,경상사고,0,0,1,0,차대사람 - 기타,안전운전불이행,포장 - 건조,맑음,주차장 - 주차장,승용,남,58세,기타불명,보행자,남,58세,경상
10721,2019012300100401,2019년 1월 23일 17시,수요일,경기도 고양시 일산서구 주엽동,경상사고,0,0,1,0,차대사람 - 기타,기타,포장 - 건조,맑음,단일로 - 기타,승합,남,45세,상해없음,보행자,여,81세,경상
10722,2019012300100413,2019년 1월 23일 18시,수요일,경기도 이천시 장호원읍,중상사고,0,1,0,0,차대사람 - 횡단중,안전운전불이행,포장 - 건조,맑음,단일로 - 기타,승용,여,39세,상해없음,보행자,여,82세,중상
10723,2019012300100444,2019년 1월 23일 18시,수요일,경기도 파주시 광탄면,경상사고,0,0,1,0,차대사람 - 기타,안전운전불이행,포장 - 건조,맑음,교차로 - 교차로안,승용,남,50세,상해없음,보행자,여,46세,경상
10724,2019012300100453,2019년 1월 23일 19시,수요일,경기도 광주시 경안동,경상사고,0,0,1,0,차대사람 - 기타,보행자보호의무위반,포장 - 건조,맑음,교차로 - 교차로횡단보도내,기타불명,기타불명,미분류,기타불명,보행자,남,55세,경상
10725,2019012300100454,2019년 1월 23일 19시,수요일,경기도 광명시 소하동,경상사고,0,0,1,2,차대사람 - 횡단중,안전운전불이행,포장 - 건조,맑음,교차로 - 교차로안,승합,남,45세,상해없음,보행자,여,42세,경상
10726,2019012300100491,2019년 1월 23일 20시,수요일,경기도 안산시 단원구 선부동,중상사고,0,1,0,0,차대사람 - 기타,안전운전불이행,포장 - 건조,맑음,단일로 - 기타,이륜,남,17세,상해없음,보행자,남,67세,중상
10727,2019012300100516,2019년 1월 23일 21시,수요일,경기도 성남시 분당구 서현동,경상사고,0,0,1,0,차대사람 - 횡단중,안전운전불이행,포장 - 건조,맑음,교차로 - 교차로부근,승용,남,56세,상해없음,보행자,남,57세,경상
10728,2019012300100517,2019년 1월 23일 21시,수요일,경기도 시흥시 월곶동,중상사고,0,1,0,0,차대사람 - 보도통행중,기타,포장 - 건조,맑음,단일로 - 기타,이륜,남,18세,상해없음,보행자,남,46세,중상
10729,2019012300100538,2019년 1월 23일 21시,수요일,경기도 파주시 조리읍,경상사고,0,0,1,0,차대사람 - 기타,안전운전불이행,포장 - 건조,맑음,기타 - 기타,승용,여,41세,상해없음,보행자,남,64세,경상
10730,2019012400100024,2019년 1월 24일 00시,목요일,경기도 안양시 동안구 비산동,중상사고,0,1,0,0,차대사람 - 횡단중,안전운전불이행,포장 - 건조,맑음,단일로 - 기타,승용,남,50세,상해없음,보행자,남,64세,중상
10731,2019012400100025,2019년 1월 24일 00시,목요일,경기도 시흥시 신천동,경상사고,0,0,1,0,차대사람 - 길가장자리구역통행중,중앙선침범,포장 - 건조,맑음,단일로 - 기타,승용,남,40세,상해없음,보행자,남,47세,경상
10732,2019012400100033,2019년 1월 24일 00시,목요일,경기도 고양시 일산서구 탄현동,중상사고,0,1,0,0,차대사람 - 횡단중,보행자보호의무위반,포장 - 건조,맑음,교차로 - 교차로횡단보도내,승합,남,52세,상해없음,보행자,여,19세,중상
10733,2019012400100058,2019년 1월 24일 04시,목요일,경기도 성남시 수정구 신흥동,사망사고,1,0,0,0,차대사람 - 횡단중,안전운전불이행,포장 - 건조,맑음,교차로 - 교차로안,승용,남,51세,상해없음,보행자,남,68세,사망
10734,2019012400100105,2019년 1월 24일 07시,목요일,경기도 의정부시 신곡동,중상사고,0,1,0,0,차대사람 - 기타,기타,포장 - 건조,맑음,단일로 - 기타,화물,남,57세,상해없음,보행자,여,61세,중상
10735,2019012400100106,2019년 1월 24일 07시,목요일,경기도 양주시 광적면,경상사고,0,0,1,0,차대사람 - 횡단중,신호위반,포장 - 건조,맑음,교차로 - 교차로안,건설기계,남,51세,상해없음,보행자,남,49세,경상
10736,2019012400100117,2019년 1월 24일 08시,목요일,경기도 성남시 분당구 구미동,경상사고,0,0,1,0,차대사람 - 횡단중,보행자보호의무위반,포장 - 건조,맑음,교차로 - 교차로안,승합,남,58세,상해없음,보행자,여,23세,경상
10737,2019012400100118,2019년 1월 24일 08시,목요일,경기도 시흥시 정왕동,경상사고,0,0,1,0,차대사람 - 기타,안전운전불이행,포장 - 건조,맑음,단일로 - 기타,승용,남,26세,상해없음,보행자,남,36세,경상
10738,2019012400100147,2019년 1월 24일 09시,목요일,경기도 성남시 분당구 판교동,중상사고,0,1,0,0,차대사람 - 횡단중,보행자보호의무위반,포장 - 건조,맑음,교차로 - 교차로안,승용,여,39세,상해없음,보행자,여,61세,중상
10739,2019012400100232,2019년 1월 24일 12시,목요일,경기도 성남시 분당구 정자동,경상사고,0,0,1,0,차대사람 - 횡단중,보행자보호의무위반,포장 - 건조,맑음,교차로 - 교차로횡단보도내,승용,여,48세,상해없음,보행자,여,72세,경상
10740,2019012400100260,2019년 1월 24일 13시,목요일,경기도 수원시 장안구 영화동,경상사고,0,0,1,0,차대사람 - 기타,안전운전불이행,포장 - 건조,맑음,교차로 - 교차로안,승용,여,37세,기타불명,보행자,여,63세,경상
10741,2019012400100278,2019년 1월 24일 13시,목요일,경기도 양주시 백석읍,경상사고,0,0,1,0,차대사람 - 횡단중,신호위반,포장 - 건조,맑음,교차로 - 교차로안,원동기,남,25세,상해없음,보행자,여,58세,경상
10742,2019012400100319,2019년 1월 24일 14시,목요일,경기도 고양시 일산동구 백석동,부상신고사고,0,0,0,1,차대사람 - 기타,안전운전불이행,포장 - 건조,맑음,주차장 - 주차장,승용,남,33세,상해없음,보행자,여,51세,부상신고
10743,2019012400100356,2019년 1월 24일 16시,목요일,경기도 이천시 관고동,경상사고,0,0,1,0,차대사람 - 횡단중,보행자보호의무위반,포장 - 건조,맑음,교차로 - 교차로안,화물,남,49세,상해없음,보행자,남,63세,경상
10744,2019012400100359,2019년 1월 24일 16시,목요일,경기도 부천시 약대동,중상사고,0,1,0,0,차대사람 - 횡단중,신호위반,포장 - 건조,맑음,교차로 - 교차로횡단보도내,승용,여,47세,상해없음,보행자,여,78세,중상
10745,2019012400100365,2019년 1월 24일 16시,목요일,경기도 부천시 고강동,경상사고,0,0,1,0,차대사람 - 횡단중,보행자보호의무위반,포장 - 건조,맑음,단일로 - 기타,이륜,남,28세,상해없음,보행자,여,64세,경상
10746,2019012400100379,2019년 1월 24일 16시,목요일,경기도 의정부시 호원동,경상사고,0,0,1,0,차대사람 - 횡단중,보행자보호의무위반,포장 - 건조,맑음,단일로 - 기타,자전거,남,73세,기타불명,보행자,여,71세,경상
10747,2019012400100380,2019년 1월 24일 16시,목요일,경기도 남양주시 진접읍,중상사고,0,1,1,0,차대사람 - 횡단중,보행자보호의무위반,포장 - 건조,맑음,단일로 - 기타,화물,남,72세,상해없음,보행자,여,17세,중상
10748,2019012400100415,2019년 1월 24일 17시,목요일,경기도 파주시 금촌동,중상사고,0,1,0,0,차대사람 - 횡단중,안전운전불이행,포장 - 건조,맑음,교차로 - 교차로부근,승용,여,35세,상해없음,보행자,여,86세,중상
10749,2019012400100430,2019년 1월 24일 18시,목요일,경기도 수원시 장안구 영화동,중상사고,0,1,0,0,차대사람 - 기타,보행자보호의무위반,포장 - 건조,맑음,교차로 - 교차로횡단보도내,승용,남,81세,상해없음,보행자,남,55세,중상
10750,2019012400100432,2019년 1월 24일 18시,목요일,경기도 이천시 갈산동,중상사고,0,1,0,0,차대사람 - 횡단중,보행자보호의무위반,포장 - 건조,맑음,단일로 - 기타,화물,남,54세,상해없음,보행자,남,66세,중상
10751,2019012400100433,2019년 1월 24일 18시,목요일,경기도 부천시 도당동,경상사고,0,0,1,0,차대사람 - 횡단중,보행자보호의무위반,포장 - 건조,맑음,교차로 - 교차로횡단보도내,승용,남,59세,상해없음,보행자,여,28세,경상
10752,2019012400100475,2019년 1월 24일 19시,목요일,경기도 이천시 창전동,중상사고,0,1,0,0,차대사람 - 횡단중,보행자보호의무위반,포장 - 건조,맑음,단일로 - 기타,승용,남,59세,상해없음,보행자,여,48세,중상
10753,2019012400100476,2019년 1월 24일 19시,목요일,경기도 부천시 심곡동,경상사고,0,0,1,0,차대사람 - 기타,안전운전불이행,포장 - 건조,맑음,교차로 - 교차로안,승용,남,62세,상해없음,보행자,여,18세,경상
10754,2019012400100494,2019년 1월 24일 19시,목요일,경기도 고양시 일산동구 정발산동,경상사고,0,0,1,0,차대사람 - 보도통행중,기타,포장 - 건조,맑음,기타 - 기타,자전거,남,15세,상해없음,보행자,여,27세,경상
10755,2019012400100504,2019년 1월 24일 20시,목요일,경기도 안성시 봉산동,중상사고,0,1,0,0,차대사람 - 기타,보행자보호의무위반,포장 - 건조,맑음,교차로 - 교차로부근,승용,남,27세,상해없음,보행자,여,13세,중상
10756,2019012400100554,2019년 1월 24일 21시,목요일,경기도 고양시 덕양구 주교동,부상신고사고,0,0,0,1,차대사람 - 길가장자리구역통행중,안전운전불이행,포장 - 건조,맑음,단일로 - 기타,승용,남,38세,상해없음,보행자,남,52세,부상신고
10757,2019012400100588,2019년 1월 24일 23시,목요일,경기도 부천시 심곡동,경상사고,0,0,1,0,차대사람 - 차도통행중,안전운전불이행,포장 - 건조,맑음,단일로 - 기타,승용,남,26세,상해없음,보행자,남,51세,경상
10758,2019012400100590,2019년 1월 24일 23시,목요일,경기도 수원시 팔달구 인계동,경상사고,0,0,1,0,차대사람 - 기타,안전운전불이행,포장 - 건조,맑음,단일로 - 기타,승용,남,46세,상해없음,보행자,남,43세,경상
10759,2019012500100028,2019년 1월 25일 00시,금요일,경기도 안양시 동안구 호계동,중상사고,0,1,0,0,차대사람 - 횡단중,안전운전불이행,포장 - 건조,맑음,교차로 - 교차로부근,승용,남,64세,상해없음,보행자,여,21세,중상
10760,2019012500100030,2019년 1월 25일 00시,금요일,경기도 화성시 송산면,경상사고,0,0,1,0,차대사람 - 기타,안전운전불이행,포장 - 건조,맑음,교차로 - 교차로부근,승용,남,62세,상해없음,보행자,여,72세,경상
10761,2019012500100043,2019년 1월 25일 01시,금요일,경기도 성남시 분당구 백현동,부상신고사고,0,0,0,1,차대사람 - 보도통행중,신호위반,포장 - 건조,맑음,교차로 - 교차로횡단보도내,기타불명,기타불명,미분류,기타불명,보행자,남,39세,부상신고
10762,2019012500100044,2019년 1월 25일 01시,금요일,경기도 용인시 수지구 죽전동,중상사고,0,1,0,0,차대사람 - 횡단중,안전운전불이행,포장 - 건조,맑음,교차로 - 교차로부근,승용,남,41세,상해없음,보행자,여,71세,중상
10763,2019012500100071,2019년 1월 25일 05시,금요일,경기도 부천시 중동,경상사고,0,0,1,0,차대사람 - 기타,안전운전불이행,포장 - 건조,맑음,교차로 - 교차로안,승용,남,71세,상해없음,보행자,여,67세,경상
10764,2019012500100072,2019년 1월 25일 05시,금요일,경기도 부천시 고강동,경상사고,0,0,1,0,차대사람 - 차도통행중,안전운전불이행,포장 - 건조,맑음,단일로 - 기타,승용,남,22세,상해없음,보행자,여,58세,경상
10765,2019012500100092,2019년 1월 25일 07시,금요일,경기도 성남시 수정구 태평동,경상사고,0,0,1,0,차대사람 - 횡단중,신호위반,포장 - 건조,맑음,단일로 - 기타,승용,남,33세,상해없음,보행자,남,39세,경상
10766,2019012500100093,2019년 1월 25일 07시,금요일,경기도 김포시 풍무동,중상사고,0,1,0,0,차대사람 - 횡단중,안전운전불이행,포장 - 건조,맑음,교차로 - 교차로부근,승용,남,45세,상해없음,보행자,여,28세,중상