,사고번호,사고일시,요일,시군구,사고내용,사망자수,중상자수,경상자수,부상신고자수,사고유형,법규위반,노면상태,기상상태,도로형태,가해운전자 차종,가해운전자 성별,가해운전자 연령,가해운전자 상해정도,피해운전자 차종,피해운전자 성별,피해운전자 연령,피해운전자 상해정도
10767,2019012500100107,2019년 1월 25일 08시,금요일,경기도 수원시 팔달구 화서동,경상사고,0,0,1,0,차대사람 - 기타,안전운전불이행,포장 - 건조,맑음,교차로 - 교차로부근,승용,남,46세,상해없음,보행자,여,52세,경상
10768,2019012500100109,2019년 1월 25일 08시,금요일,경기도 광주시 경안동,경상사고,0,0,1,0,차대사람 - 기타,안전운전불이행,포장 - 기타,기타,단일로 - 기타,승용,여,48세,상해없음,보행자,여,42세,경상
10769,2019012500100113,2019년 1월 25일 08시,금요일,경기도 시흥시 정왕동,중상사고,0,1,0,0,차대사람 - 횡단중,안전운전불이행,포장 - 건조,맑음,교차로 - 교차로안,승용,여,50세,상해없음,보행자,여,43세,중상
10770,2019012500100139,2019년 1월 25일 09시,금요일,경기도 수원시 팔달구 신풍동,중상사고,0,1,0,0,차대사람 - 횡단중,안전운전불이행,포장 - 건조,맑음,단일로 - 기타,승용,여,50세,상해없음,보행자,남,77세,중상
10771,2019012500100146,2019년 1월 25일 09시,금요일,경기도 안산시 상록구 월피동,경상사고,0,0,1,0,차대사람 - 횡단중,안전운전불이행,포장 - 건조,맑음,단일로 - 기타,승용,여,47세,상해없음,보행자,여,38세,경상
10772,2019012500100210,2019년 1월 25일 11시,금요일,경기도 의정부시 의정부동,경상사고,0,0,1,0,차대사람 - 기타,신호위반,포장 - 건조,맑음,교차로 - 교차로안,승용,여,46세,상해없음,보행자,남,58세,경상
10773,2019012500100244,2019년 1월 25일 13시,금요일,경기도 안양시 동안구 관양동,경상사고,0,0,1,0,차대사람 - 기타,안전운전불이행,포장 - 건조,맑음,단일로 - 기타,승용,여,46세,상해없음,보행자,남,27세,경상
10774,2019012500100246,2019년 1월 25일 13시,금요일,경기도 용인시 기흥구 구갈동,경상사고,0,0,1,0,차대사람 - 횡단중,안전운전불이행,포장 - 건조,맑음,기타 - 기타,승용,남,46세,상해없음,보행자,남,27세,경상
10775,2019012500100249,2019년 1월 25일 13시,금요일,경기도 수원시 팔달구 인계동,경상사고,0,0,1,0,차대사람 - 기타,안전운전불이행,포장 - 건조,맑음,단일로 - 기타,승용,남,23세,상해없음,보행자,남,30세,경상
10776,2019012500100281,2019년 1월 25일 14시,금요일,경기도 광주시 경안동,경상사고,0,0,1,0,차대사람 - 기타,안전운전불이행,포장 - 기타,기타,기타 - 기타,승용,여,69세,상해없음,보행자,여,18세,경상
10777,2019012500100284,2019년 1월 25일 14시,금요일,경기도 부천시 중동,중상사고,0,1,0,0,차대사람 - 기타,안전운전불이행,포장 - 건조,맑음,단일로 - 기타,승용,남,22세,상해없음,보행자,여,75세,중상
10778,2019012500100286,2019년 1월 25일 14시,금요일,경기도 군포시 산본동,경상사고,0,0,1,0,차대사람 - 기타,안전운전불이행,포장 - 건조,맑음,단일로 - 기타,승용,여,39세,상해없음,보행자,여,67세,경상
10779,2019012500100287,2019년 1월 25일 14시,금요일,경기도 성남시 분당구 정자동,중상사고,0,1,0,0,차대사람 - 횡단중,안전운전불이행,포장 - 건조,맑음,교차로 - 교차로안,승용,여,42세,상해없음,보행자,남,79세,중상
10780,2019012500100289,2019년 1월 25일 14시,금요일,경기도 수원시 권선구 세류동,경상사고,0,0,1,0,차대사람 - 횡단중,신호위반,포장 - 건조,맑음,교차로 - 교차로안,승합,남,67세,상해없음,보행자,여,62세,경상
10781,2019012500100324,2019년 1월 25일 15시,금요일,경기도 부천시 괴안동,중상사고,0,1,0,0,차대사람 - 기타,신호위반,포장 - 건조,맑음,교차로 - 교차로부근,승용,여,50세,상해없음,보행자,남,83세,중상
10782,2019012500100400,2019년 1월 25일 17시,금요일,경기도 평택시 지산동,경상사고,0,0,1,0,차대사람 - 횡단중,안전운전불이행,포장 - 건조,맑음,교차로 - 교차로횡단보도내,승용,여,26세,상해없음,보행자,여,65세,경상
10783,2019012500100401,2019년 1월 25일 17시,금요일,경기도 평택시 비전동,경상사고,0,0,1,0,차대사람 - 기타,안전운전불이행,포장 - 건조,맑음,교차로 - 교차로부근,승용,남,57세,상해없음,보행자,여,16세,경상
10784,2019012500100405,2019년 1월 25일 17시,금요일,경기도 수원시 권선구 세류동,중상사고,0,1,0,0,차대사람 - 보도통행중,기타,포장 - 건조,맑음,단일로 - 기타,자전거,여,28세,기타불명,보행자,여,42세,중상
10785,2019012500100428,2019년 1월 25일 17시,금요일,경기도 파주시 동패동,중상사고,0,1,0,0,차대사람 - 횡단중,안전운전불이행,포장 - 건조,맑음,단일로 - 기타,승용,남,37세,상해없음,보행자,여,73세,중상
10786,2019012500100429,2019년 1월 25일 17시,금요일,경기도 구리시 수택동,경상사고,0,0,1,0,차대사람 - 횡단중,신호위반,포장 - 건조,맑음,교차로 - 교차로안,승합,남,64세,상해없음,보행자,여,22세,경상
10787,2019012500100444,2019년 1월 25일 18시,금요일,경기도 평택시 비전동,중상사고,0,1,0,0,차대사람 - 횡단중,안전운전불이행,포장 - 건조,맑음,교차로 - 교차로부근,승용,남,66세,상해없음,보행자,여,59세,중상
10788,2019012500100499,2019년 1월 25일 19시,금요일,경기도 평택시 현덕면,중상사고,0,1,0,0,차대사람 - 횡단중,보행자보호의무위반,포장 - 건조,맑음,교차로 - 교차로횡단보도내,승용,여,44세,상해없음,보행자,남,64세,중상
10789,2019012500100503,2019년 1월 25일 19시,금요일,경기도 안산시 단원구 와동,중상사고,0,1,0,0,차대사람 - 횡단중,신호위반,포장 - 건조,맑음,교차로 - 교차로부근,화물,남,43세,상해없음,보행자,여,58세,중상
10790,2019012500100535,2019년 1월 25일 20시,금요일,경기도 안산시 단원구 원곡동,중상사고,0,1,0,0,차대사람 - 기타,보행자보호의무위반,포장 - 건조,맑음,단일로 - 기타,기타불명,기타불명,미분류,기타불명,보행자,남,56세,중상
10791,2019012500100536,2019년 1월 25일 20시,금요일,경기도 군포시 산본동,중상사고,0,1,0,0,차대사람 - 횡단중,신호위반,포장 - 건조,맑음,교차로 - 교차로부근,이륜,남,16세,상해없음,보행자,남,40세,중상
10792,2019012500100567,2019년 1월 25일 21시,금요일,경기도 안산시 단원구 고잔동,경상사고,0,0,1,0,차대사람 - 기타,안전운전불이행,포장 - 건조,맑음,교차로 - 교차로부근,승용,남,37세,기타불명,보행자,남,30세,경상
10793,2019012500100587,2019년 1월 25일 22시,금요일,경기도 수원시 장안구 율전동,경상사고,0,0,1,0,차대사람 - 횡단중,안전운전불이행,포장 - 건조,맑음,단일로 - 기타,이륜,남,32세,상해없음,보행자,여,39세,경상
10794,2019012500100615,2019년 1월 25일 23시,금요일,경기도 용인시 기흥구 농서동,중상사고,0,1,0,0,차대사람 - 기타,과속,포장 - 건조,맑음,단일로 - 기타,승용,여,24세,상해없음,보행자,남,36세,중상
10795,2019012600100027,2019년 1월 26일 00시,토요일,경기도 군포시 산본동,사망사고,1,0,0,0,차대사람 - 기타,안전운전불이행,포장 - 건조,맑음,단일로 - 기타,화물,남,58세,상해없음,보행자,남,62세,사망
10796,2019012600100030,2019년 1월 26일 00시,토요일,경기도 하남시 신장동,경상사고,0,0,1,0,차대사람 - 기타,안전운전불이행,포장 - 건조,맑음,교차로 - 교차로안,승용,남,25세,상해없음,보행자,남,22세,경상
10797,2019012600100046,2019년 1월 26일 01시,토요일,경기도 이천시 창전동,경상사고,0,0,1,0,차대사람 - 기타,안전운전불이행,포장 - 건조,맑음,교차로 - 교차로안,승용,여,32세,상해없음,보행자,남,54세,경상
10798,2019012600100061,2019년 1월 26일 02시,토요일,경기도 평택시 신장동,경상사고,0,0,1,0,차대사람 - 기타,기타,포장 - 건조,맑음,단일로 - 기타,승용,남,55세,상해없음,보행자,여,43세,경상
10799,2019012600100062,2019년 1월 26일 02시,토요일,경기도 시흥시 정왕동,중상사고,0,1,0,0,차대사람 - 차도통행중,안전운전불이행,포장 - 건조,맑음,교차로 - 교차로안,승용,남,33세,상해없음,보행자,여,78세,중상
10800,2019012600100063,2019년 1월 26일 02시,토요일,경기도 안양시 만안구 안양동,경상사고,0,0,1,0,차대사람 - 횡단중,신호위반,포장 - 건조,맑음,교차로 - 교차로횡단보도내,승용,남,60세,상해없음,보행자,남,22세,경상
10801,2019012600100068,2019년 1월 26일 02시,토요일,경기도 의정부시 의정부동,경상사고,0,0,1,0,차대사람 - 길가장자리구역통행중,안전운전불이행,포장 - 건조,맑음,단일로 - 기타,승용,남,25세,상해없음,보행자,남,26세,경상
10802,2019012600100073,2019년 1월 26일 03시,토요일,경기도 부천시 괴안동,중상사고,0,1,0,0,차대사람 - 횡단중,안전운전불이행,포장 - 건조,맑음,단일로 - 기타,승용,남,36세,상해없음,보행자,남,39세,중상
10803,2019012600100092,2019년 1월 26일 05시,토요일,경기도 남양주시 진접읍,경상사고,0,0,1,0,차대사람 - 기타,신호위반,포장 - 건조,맑음,교차로 - 교차로안,승용,남,41세,상해없음,보행자,남,42세,경상
10804,2019012600100108,2019년 1월 26일 07시,토요일,경기도 안산시 상록구 이동,중상사고,0,1,0,0,차대사람 - 기타,안전운전불이행,포장 - 건조,맑음,단일로 - 기타,승용,남,65세,상해없음,보행자,여,74세,중상
10805,2019012600100115,2019년 1월 26일 07시,토요일,경기도 포천시 선단동,경상사고,0,0,1,0,차대사람 - 횡단중,보행자보호의무위반,포장 - 건조,맑음,단일로 - 기타,승용,남,55세,상해없음,보행자,여,50세,경상
10806,2019012600100128,2019년 1월 26일 08시,토요일,경기도 의정부시 용현동,경상사고,0,0,1,0,차대사람 - 횡단중,보행자보호의무위반,포장 - 건조,맑음,단일로 - 기타,승용,여,41세,상해없음,보행자,남,76세,경상
10807,2019012600100135,2019년 1월 26일 09시,토요일,경기도 시흥시 신천동,경상사고,0,0,1,0,차대사람 - 차도통행중,안전운전불이행,포장 - 건조,맑음,교차로 - 교차로안,승용,남,43세,상해없음,보행자,여,55세,경상
10808,2019012600100177,2019년 1월 26일 11시,토요일,경기도 성남시 수정구 신흥동,경상사고,0,0,1,0,차대사람 - 차도통행중,안전운전불이행,포장 - 건조,맑음,단일로 - 기타,기타불명,기타불명,미분류,기타불명,보행자,남,56세,경상
10809,2019012600100181,2019년 1월 26일 11시,토요일,경기도 수원시 팔달구 인계동,중상사고,0,1,0,0,차대사람 - 길가장자리구역통행중,안전운전불이행,포장 - 건조,맑음,단일로 - 기타,승용,여,28세,상해없음,보행자,남,43세,중상
10810,2019012600100222,2019년 1월 26일 12시,토요일,경기도 수원시 영통구 매탄동,경상사고,0,0,1,0,차대사람 - 기타,안전운전불이행,포장 - 건조,맑음,단일로 - 기타,승용,여,68세,상해없음,보행자,여,68세,경상
10811,2019012600100241,2019년 1월 26일 12시,토요일,경기도 고양시 덕양구 관산동,경상사고,0,0,1,0,차대사람 - 차도통행중,안전운전불이행,포장 - 건조,맑음,단일로 - 기타,화물,여,43세,상해없음,보행자,남,40세,경상
10812,2019012600100281,2019년 1월 26일 13시,토요일,경기도 구리시 수택동,경상사고,0,0,1,0,차대사람 - 기타,신호위반,포장 - 건조,맑음,교차로 - 교차로횡단보도내,승용,남,40세,상해없음,보행자,남,62세,경상
10813,2019012600100327,2019년 1월 26일 15시,토요일,경기도 수원시 권선구 호매실동,경상사고,0,0,1,0,차대사람 - 횡단중,보행자보호의무위반,포장 - 건조,맑음,교차로 - 교차로안,승합,남,57세,상해없음,보행자,남,8세,경상
10814,2019012600100397,2019년 1월 26일 17시,토요일,경기도 안산시 단원구 초지동,중상사고,0,1,0,0,차대사람 - 횡단중,보행자보호의무위반,포장 - 건조,맑음,교차로 - 교차로안,승용,남,58세,상해없음,보행자,여,53세,중상
10815,2019012600100425,2019년 1월 26일 18시,토요일,경기도 평택시 서정동,경상사고,0,0,1,0,차대사람 - 횡단중,안전운전불이행,포장 - 건조,맑음,단일로 - 기타,기타불명,기타불명,미분류,기타불명,보행자,남,50세,경상
10816,2019012600100426,2019년 1월 26일 18시,토요일,경기도 여주시 금사면,중상사고,0,1,0,0,차대사람 - 기타,안전운전불이행,포장 - 건조,맑음,기타 - 기타,승용,남,55세,상해없음,보행자,남,54세,중상
10817,2019012600100427,2019년 1월 26일 18시,토요일,경기도 김포시 장기동,경상사고,0,0,1,0,차대사람 - 기타,안전운전불이행,포장 - 건조,맑음,기타 - 기타,승용,남,31세,상해없음,보행자,남,24세,경상
10818,2019012600100433,2019년 1월 26일 18시,토요일,경기도 화성시 장안면,중상사고,0,1,0,0,차대사람 - 길가장자리구역통행중,안전운전불이행,포장 - 건조,맑음,단일로 - 기타,승용,남,38세,상해없음,보행자,여,41세,중상
10819,2019012600100496,2019년 1월 26일 19시,토요일,경기도 포천시 신북면,중상사고,0,1,0,0,차대사람 - 기타,기타,포장 - 건조,맑음,단일로 - 기타,승합,남,49세,기타불명,보행자,여,64세,중상
10820,2019012600100501,2019년 1월 26일 20시,토요일,경기도 부천시 심곡동,경상사고,0,0,1,0,차대사람 - 길가장자리구역통행중,안전운전불이행,포장 - 건조,맑음,단일로 - 기타,승용,남,21세,상해없음,보행자,남,26세,경상
10821,2019012600100536,2019년 1월 26일 21시,토요일,경기도 수원시 권선구 권선동,경상사고,0,0,1,0,차대사람 - 횡단중,안전운전불이행,포장 - 건조,맑음,단일로 - 기타,승용,남,43세,기타불명,보행자,남,57세,경상
10822,2019012600100539,2019년 1월 26일 21시,토요일,경기도 부천시 원종동,경상사고,0,0,1,0,차대사람 - 기타,안전운전불이행,포장 - 건조,맑음,단일로 - 기타,승합,남,40세,상해없음,보행자,남,56세,경상
10823,2019012600100564,2019년 1월 26일 22시,토요일,경기도 광명시 철산동,경상사고,0,0,1,0,차대사람 - 횡단중,안전운전불이행,포장 - 건조,맑음,단일로 - 기타,승용,남,59세,상해없음,보행자,남,44세,경상
10824,2019012600100566,2019년 1월 26일 22시,토요일,경기도 화성시 향남읍,중상사고,0,1,0,0,차대사람 - 기타,안전운전불이행,포장 - 건조,맑음,단일로 - 기타,승용,남,32세,상해없음,보행자,여,73세,중상
10825,2019012600100587,2019년 1월 26일 23시,토요일,경기도 화성시 봉담읍,중상사고,0,1,0,0,차대사람 - 길가장자리구역통행중,안전운전불이행,포장 - 건조,맑음,단일로 - 기타,승용,남,19세,상해없음,보행자,남,55세,중상
10826,2019012700100034,2019년 1월 27일 01시,일요일,경기도 성남시 분당구 수내동,중상사고,0,1,1,0,차대사람 - 횡단중,보행자보호의무위반,포장 - 건조,맑음,단일로 - 기타,승용,남,29세,상해없음,보행자,남,24세,중상
10827,2019012700100068,2019년 1월 27일 05시,일요일,경기도 화성시 남양읍,사망사고,1,0,0,0,차대사람 - 차도통행중,안전운전불이행,포장 - 건조,맑음,단일로 - 기타,승용,여,61세,상해없음,보행자,남,63세,사망
10828,2019012700100127,2019년 1월 27일 11시,일요일,경기도 수원시 팔달구 인계동,경상사고,0,0,1,0,차대사람 - 기타,보행자보호의무위반,포장 - 건조,맑음,교차로 - 교차로안,승용,남,57세,상해없음,보행자,남,52세,경상
10829,2019012700100178,2019년 1월 27일 13시,일요일,경기도 시흥시 정왕동,경상사고,0,0,1,0,차대사람 - 기타,안전운전불이행,포장 - 건조,맑음,단일로 - 기타,화물,남,67세,상해없음,보행자,남,31세,경상
10830,2019012700100202,2019년 1월 27일 14시,일요일,경기도 수원시 권선구 세류동,중상사고,0,1,0,1,차대사람 - 횡단중,안전운전불이행,포장 - 건조,맑음,교차로 - 교차로횡단보도내,승용,남,50세,상해없음,보행자,여,69세,중상
10831,2019012700100230,2019년 1월 27일 15시,일요일,경기도 하남시 망월동,중상사고,0,1,0,0,차대사람 - 횡단중,보행자보호의무위반,포장 - 건조,맑음,단일로 - 기타,승용,여,41세,상해없음,보행자,남,31세,중상
10832,2019012700100302,2019년 1월 27일 18시,일요일,경기도 평택시 통복동,경상사고,0,0,1,0,차대사람 - 횡단중,안전운전불이행,포장 - 건조,맑음,교차로 - 교차로안,승용,남,49세,상해없음,보행자,여,61세,경상
10833,2019012700100305,2019년 1월 27일 18시,일요일,경기도 부천시 심곡동,경상사고,0,0,1,0,차대사람 - 횡단중,안전운전불이행,포장 - 건조,맑음,교차로 - 교차로부근,승용,여,52세,상해없음,보행자,남,24세,경상
10834,2019012700100306,2019년 1월 27일 18시,일요일,경기도 수원시 영통구 매탄동,중상사고,0,1,0,0,차대사람 - 기타,안전운전불이행,포장 - 건조,맑음,단일로 - 기타,승합,남,55세,상해없음,보행자,여,73세,중상
10835,2019012700100322,2019년 1월 27일 18시,일요일,경기도 동두천시 지행동,중상사고,0,1,0,0,차대사람 - 횡단중,보행자보호의무위반,포장 - 건조,맑음,단일로 - 기타,승용,남,73세,상해없음,보행자,남,50세,중상
10836,2019012700100329,2019년 1월 27일 19시,일요일,경기도 안산시 단원구 원곡동,중상사고,0,1,0,0,차대사람 - 횡단중,안전운전불이행,포장 - 건조,맑음,교차로 - 교차로횡단보도내,승용,남,46세,상해없음,보행자,여,62세,중상
10837,2019012700100332,2019년 1월 27일 19시,일요일,경기도 화성시 남양읍,중상사고,0,1,0,0,차대사람 - 기타,보행자보호의무위반,포장 - 건조,맑음,교차로 - 교차로안,승용,남,35세,상해없음,보행자,남,51세,중상
10838,2019012700100346,2019년 1월 27일 19시,일요일,경기도 양주시 덕계동,부상신고사고,0,0,0,1,차대사람 - 기타,안전운전불이행,포장 - 건조,맑음,단일로 - 기타,이륜,남,33세,상해없음,보행자,여,72세,부상신고
10839,2019012700100370,2019년 1월 27일 20시,일요일,경기도 가평군 조종면,경상사고,0,0,1,0,차대사람 - 기타,보행자보호의무위반,포장 - 건조,맑음,교차로 - 교차로횡단보도내,화물,남,63세,상해없음,보행자,남,27세,경상
10840,2019012800100038,2019년 1월 28일 01시,월요일,경기도 구리시 수택동,경상사고,0,0,1,0,차대사람 - 기타,안전운전불이행,포장 - 건조,맑음,교차로 - 교차로부근,승용,남,36세,상해없음,보행자,여,20세,경상
10841,2019012800100048,2019년 1월 28일 04시,월요일,경기도 양주시 광사동,중상사고,0,1,0,0,차대사람 - 보도통행중,기타,포장 - 건조,맑음,단일로 - 기타,승용,여,37세,상해없음,보행자,남,49세,중상
10842,2019012800100071,2019년 1월 28일 06시,월요일,경기도 광명시 광명동,중상사고,0,1,0,0,차대사람 - 횡단중,안전운전불이행,포장 - 건조,맑음,단일로 - 기타,승용,여,50세,상해없음,보행자,여,71세,중상
10843,2019012800100073,2019년 1월 28일 06시,월요일,경기도 안산시 상록구 본오동,경상사고,0,0,1,0,차대사람 - 기타,신호위반,포장 - 건조,맑음,교차로 - 교차로안,승용,남,41세,상해없음,보행자,남,47세,경상
10844,2019012800100150,2019년 1월 28일 08시,월요일,경기도 부천시 소사본동,중상사고,0,1,0,0,차대사람 - 기타,보행자보호의무위반,포장 - 기타,맑음,단일로 - 기타,화물,남,35세,상해없음,보행자,여,29세,중상
10845,2019012800100196,2019년 1월 28일 09시,월요일,경기도 부천시 고강동,경상사고,0,0,1,0,차대사람 - 기타,안전운전불이행,포장 - 건조,맑음,교차로 - 교차로안,승용,남,48세,상해없음,보행자,여,78세,경상
10846,2019012800100236,2019년 1월 28일 10시,월요일,경기도 광명시 광명동,중상사고,0,1,0,0,차대사람 - 횡단중,보행자보호의무위반,포장 - 건조,맑음,교차로 - 교차로부근,화물,남,52세,상해없음,보행자,남,89세,중상
10847,2019012800100239,2019년 1월 28일 10시,월요일,경기도 화성시 향남읍,경상사고,0,0,1,0,차대사람 - 기타,안전운전불이행,포장 - 건조,맑음,단일로 - 기타,승합,남,49세,상해없음,보행자,남,76세,경상
10848,2019012800100244,2019년 1월 28일 10시,월요일,경기도 화성시 오산동,경상사고,0,0,1,0,차대사람 - 기타,안전운전불이행,포장 - 서리/결빙,맑음,교차로 - 교차로안,승용,여,39세,상해없음,보행자,남,7세,경상
10849,2019012800100324,2019년 1월 28일 12시,월요일,경기도 의왕시 오전동,경상사고,0,0,1,0,차대사람 - 기타,안전운전불이행,포장 - 건조,맑음,단일로 - 기타,승용,여,42세,상해없음,보행자,남,12세,경상
10850,2019012800100367,2019년 1월 28일 13시,월요일,경기도 의정부시 가능동,중상사고,0,2,0,0,차대사람 - 횡단중,교차로운행방법위반,포장 - 건조,맑음,교차로 - 교차로부근,승합,남,59세,기타불명,보행자,남,11세,중상
10851,2019012800100386,2019년 1월 28일 14시,월요일,경기도 성남시 수정구 신흥동,중상사고,0,1,0,0,차대사람 - 횡단중,보행자보호의무위반,포장 - 건조,맑음,교차로 - 교차로부근,승합,남,48세,상해없음,보행자,남,88세,중상
10852,2019012800100388,2019년 1월 28일 14시,월요일,경기도 부천시 심곡본동,경상사고,0,0,1,0,차대사람 - 기타,안전운전불이행,포장 - 기타,맑음,단일로 - 기타,승용,남,42세,상해없음,보행자,남,48세,경상
10853,2019012800100393,2019년 1월 28일 14시,월요일,경기도 부천시 원종동,부상신고사고,0,0,0,1,차대사람 - 기타,안전운전불이행,포장 - 건조,맑음,교차로 - 교차로안,승용,남,34세,상해없음,보행자,여,19세,부상신고
10854,2019012800100427,2019년 1월 28일 15시,월요일,경기도 용인시 처인구 모현읍,중상사고,0,1,0,0,차대사람 - 기타,안전운전불이행,포장 - 건조,맑음,단일로 - 기타,화물,남,40세,상해없음,보행자,여,9세,중상
10855,2019012800100522,2019년 1월 28일 17시,월요일,경기도 고양시 일산서구 주엽동,경상사고,0,0,1,0,차대사람 - 보도통행중,기타,포장 - 건조,흐림,단일로 - 기타,자전거,남,25세,상해없음,보행자,여,24세,경상
10856,2019012800100535,2019년 1월 28일 18시,월요일,경기도 안산시 상록구 일동,중상사고,0,1,0,0,차대사람 - 기타,안전운전불이행,포장 - 건조,맑음,단일로 - 기타,화물,남,35세,상해없음,보행자,여,64세,중상
10857,2019012800100536,2019년 1월 28일 18시,월요일,경기도 수원시 팔달구 매산로2가,중상사고,0,1,0,0,차대사람 - 기타,안전운전불이행,포장 - 건조,맑음,교차로 - 교차로부근,승용,남,33세,상해없음,보행자,여,54세,중상
10858,2019012800100566,2019년 1월 28일 18시,월요일,경기도 남양주시 화도읍,중상사고,0,1,0,0,차대사람 - 기타,안전운전불이행,포장 - 건조,맑음,주차장 - 주차장,승용,남,50세,상해없음,보행자,여,61세,중상
10859,2019012800100568,2019년 1월 28일 18시,월요일,경기도 동두천시 송내동,중상사고,0,1,0,0,차대사람 - 횡단중,보행자보호의무위반,포장 - 건조,맑음,교차로 - 교차로횡단보도내,승용,남,61세,상해없음,보행자,여,36세,중상
10860,2019012800100575,2019년 1월 28일 19시,월요일,경기도 수원시 팔달구 화서동,중상사고,0,1,0,0,차대사람 - 기타,안전운전불이행,포장 - 건조,맑음,단일로 - 기타,승용,여,47세,상해없음,보행자,여,20세,중상
10861,2019012800100576,2019년 1월 28일 19시,월요일,경기도 성남시 수정구 태평동,중상사고,0,1,0,0,차대사람 - 기타,중앙선침범,포장 - 건조,맑음,단일로 - 기타,승용,남,58세,상해없음,보행자,여,47세,중상
10862,2019012800100579,2019년 1월 28일 19시,월요일,경기도 수원시 팔달구 인계동,경상사고,0,0,1,0,차대사람 - 횡단중,신호위반,포장 - 건조,맑음,단일로 - 기타,승용,여,56세,상해없음,보행자,남,44세,경상
10863,2019012800100580,2019년 1월 28일 19시,월요일,경기도 안산시 상록구 본오동,경상사고,0,0,1,0,차대사람 - 차도통행중,안전운전불이행,포장 - 건조,맑음,교차로 - 교차로안,승용,여,29세,상해없음,보행자,여,64세,경상
10864,2019012800100596,2019년 1월 28일 19시,월요일,경기도 의정부시 가능동,사망사고,1,0,0,0,차대사람 - 횡단중,안전운전불이행,포장 - 건조,맑음,단일로 - 기타,승용,남,54세,상해없음,보행자,남,59세,사망
10865,2019012800100597,2019년 1월 28일 19시,월요일,경기도 고양시 덕양구 화전동,중상사고,0,1,0,0,차대사람 - 보도통행중,신호위반,포장 - 건조,맑음,교차로 - 교차로횡단보도내,화물,남,77세,상해없음,보행자,남,55세,중상
10866,2019012800100611,2019년 1월 28일 20시,월요일,경기도 수원시 권선구 오목천동,경상사고,0,0,1,0,차대사람 - 횡단중,중앙선침범,포장 - 건조,맑음,교차로 - 교차로부근,승용,남,41세,상해없음,보행자,여,61세,경상
10867,2019012800100613,2019년 1월 28일 20시,월요일,경기도 하남시 덕풍동,경상사고,0,0,1,0,차대사람 - 보도통행중,교차로운행방법위반,포장 - 건조,맑음,교차로 - 교차로안,이륜,남,44세,상해없음,보행자,남,35세,경상
10868,2019012800100623,2019년 1월 28일 20시,월요일,경기도 포천시 신북면,중상사고,0,1,0,0,차대사람 - 횡단중,안전운전불이행,포장 - 건조,맑음,단일로 - 기타,승용,남,27세,상해없음,보행자,여,40세,중상
10869,2019012800100629,2019년 1월 28일 21시,월요일,경기도 군포시 당동,경상사고,0,0,1,0,차대사람 - 횡단중,안전운전불이행,포장 - 건조,맑음,교차로 - 교차로안,승용,여,55세,상해없음,보행자,여,37세,경상
10870,2019012900100077,2019년 1월 29일 07시,화요일,경기도 평택시 칠괴동,부상신고사고,0,0,0,1,차대사람 - 기타,안전운전불이행,비포장 - 건조,맑음,기타 - 기타,화물,남,42세,상해없음,보행자,남,60세,부상신고
10871,2019012900100078,2019년 1월 29일 07시,화요일,경기도 안양시 동안구 관양동,중상사고,0,1,0,0,차대사람 - 횡단중,신호위반,포장 - 건조,맑음,교차로 - 교차로횡단보도내,화물,남,41세,상해없음,보행자,남,27세,중상
10872,2019012900100081,2019년 1월 29일 07시,화요일,경기도 시흥시 정왕동,경상사고,0,0,1,0,차대사람 - 기타,안전운전불이행,포장 - 건조,맑음,교차로 - 교차로횡단보도내,승용,남,36세,상해없음,보행자,여,23세,경상
10873,2019012900100134,2019년 1월 29일 09시,화요일,경기도 용인시 처인구 남동,중상사고,0,1,0,0,차대사람 - 횡단중,보행자보호의무위반,포장 - 건조,맑음,교차로 - 교차로안,승용,여,46세,상해없음,보행자,여,63세,중상
10874,2019012900100180,2019년 1월 29일 11시,화요일,경기도 성남시 중원구 성남동,중상사고,0,1,0,0,차대사람 - 기타,안전운전불이행,포장 - 건조,맑음,단일로 - 기타,승용,여,56세,상해없음,보행자,여,69세,중상
10875,2019012900100302,2019년 1월 29일 15시,화요일,경기도 용인시 수지구 풍덕천동,경상사고,0,0,1,0,차대사람 - 기타,안전운전불이행,포장 - 건조,맑음,기타 - 기타,승용,남,48세,상해없음,보행자,남,45세,경상
10876,2019012900100349,2019년 1월 29일 16시,화요일,경기도 김포시 장기동,중상사고,0,1,0,0,차대사람 - 기타,기타,포장 - 건조,맑음,기타 - 기타,승합,남,41세,상해없음,보행자,남,58세,중상
10877,2019012900100394,2019년 1월 29일 16시,화요일,경기도 파주시 금촌동,경상사고,0,0,1,0,차대사람 - 횡단중,안전운전불이행,포장 - 건조,맑음,단일로 - 기타,승용,남,59세,상해없음,보행자,여,36세,경상
10878,2019012900100403,2019년 1월 29일 17시,화요일,경기도 용인시 처인구 이동읍,경상사고,0,0,1,0,차대사람 - 길가장자리구역통행중,안전운전불이행,포장 - 건조,맑음,단일로 - 기타,화물,남,50세,상해없음,보행자,남,73세,경상
10879,2019012900100404,2019년 1월 29일 17시,화요일,경기도 안산시 단원구 와동,경상사고,0,0,1,0,차대사람 - 횡단중,보행자보호의무위반,포장 - 건조,맑음,교차로 - 교차로횡단보도내,승용,여,32세,상해없음,보행자,여,60세,경상