,사고번호,사고일시,요일,시군구,사고내용,사망자수,중상자수,경상자수,부상신고자수,사고유형,법규위반,노면상태,기상상태,도로형태,가해운전자 차종,가해운전자 성별,가해운전자 연령,가해운전자 상해정도,피해운전자 차종,피해운전자 성별,피해운전자 연령,피해운전자 상해정도
10880,2019012900100408,2019년 1월 29일 17시,화요일,경기도 하남시 덕풍동,경상사고,0,0,1,0,차대사람 - 기타,보행자보호의무위반,포장 - 건조,맑음,교차로 - 교차로횡단보도내,승용,남,54세,상해없음,보행자,남,35세,경상
10881,2019012900100438,2019년 1월 29일 18시,화요일,경기도 광주시 곤지암읍,경상사고,0,0,1,0,차대사람 - 횡단중,안전운전불이행,포장 - 건조,맑음,기타 - 기타,승용,여,35세,상해없음,보행자,여,54세,경상
10882,2019012900100494,2019년 1월 29일 19시,화요일,경기도 용인시 처인구 김량장동,중상사고,0,1,0,0,차대사람 - 횡단중,신호위반,포장 - 건조,기타,교차로 - 교차로횡단보도내,승용,여,70세,상해없음,보행자,남,38세,중상
10883,2019012900100499,2019년 1월 29일 19시,화요일,경기도 수원시 팔달구 매산로1가,경상사고,0,0,1,0,차대사람 - 기타,안전운전불이행,포장 - 건조,맑음,단일로 - 기타,승용,남,30세,상해없음,보행자,여,23세,경상
10884,2019012900100529,2019년 1월 29일 20시,화요일,경기도 수원시 팔달구 우만동,중상사고,0,1,0,0,차대사람 - 보도통행중,안전운전불이행,포장 - 건조,맑음,교차로 - 교차로부근,이륜,남,57세,상해없음,보행자,남,58세,중상
10885,2019012900100532,2019년 1월 29일 20시,화요일,경기도 수원시 팔달구 매산로1가,중상사고,0,1,0,0,차대사람 - 기타,안전운전불이행,포장 - 건조,맑음,단일로 - 기타,승용,남,56세,상해없음,보행자,남,24세,중상
10886,2019012900100546,2019년 1월 29일 20시,화요일,경기도 고양시 일산동구 장항동,중상사고,0,1,0,0,차대사람 - 횡단중,보행자보호의무위반,포장 - 건조,맑음,교차로 - 교차로안,승용,여,50세,상해없음,보행자,남,62세,중상
10887,2019012900100562,2019년 1월 29일 21시,화요일,경기도 수원시 권선구 호매실동,경상사고,0,0,1,0,차대사람 - 기타,안전운전불이행,포장 - 건조,맑음,단일로 - 기타,승합,남,58세,상해없음,보행자,남,42세,경상
10888,2019012900100579,2019년 1월 29일 22시,화요일,경기도 수원시 장안구 율전동,경상사고,0,0,1,0,차대사람 - 기타,안전운전불이행,포장 - 건조,맑음,단일로 - 기타,승용,남,25세,상해없음,보행자,남,22세,경상
10889,2019012900100604,2019년 1월 29일 23시,화요일,경기도 광주시 오포읍,경상사고,0,0,1,0,차대사람 - 횡단중,안전운전불이행,포장 - 건조,흐림,교차로 - 교차로안,승용,남,38세,상해없음,보행자,여,25세,경상
10890,2019012900100605,2019년 1월 29일 23시,화요일,경기도 용인시 처인구 김량장동,경상사고,0,0,2,0,차대사람 - 기타,안전운전불이행,포장 - 건조,맑음,단일로 - 기타,승용,남,18세,상해없음,보행자,남,27세,경상
10891,2019013000100097,2019년 1월 30일 08시,수요일,경기도 시흥시 하상동,경상사고,0,0,1,0,차대사람 - 차도통행중,안전운전불이행,포장 - 건조,맑음,단일로 - 기타,승용,여,42세,상해없음,보행자,남,75세,경상
10892,2019013000100098,2019년 1월 30일 08시,수요일,경기도 안산시 상록구 본오동,경상사고,0,0,1,0,차대사람 - 횡단중,안전운전불이행,포장 - 건조,맑음,단일로 - 기타,승용,여,55세,상해없음,보행자,남,22세,경상
10893,2019013000100120,2019년 1월 30일 09시,수요일,경기도 광주시 오포읍,경상사고,0,0,1,0,차대사람 - 보도통행중,안전운전불이행,포장 - 건조,맑음,교차로 - 교차로안,승합,남,40세,상해없음,보행자,여,45세,경상
10894,2019013000100159,2019년 1월 30일 10시,수요일,경기도 안산시 단원구 초지동,경상사고,0,0,1,0,차대사람 - 기타,보행자보호의무위반,포장 - 건조,맑음,교차로 - 교차로안,승용,남,22세,상해없음,보행자,남,42세,경상
10895,2019013000100160,2019년 1월 30일 10시,수요일,경기도 의왕시 오전동,경상사고,0,0,1,0,차대사람 - 보도통행중,보행자보호의무위반,포장 - 건조,맑음,교차로 - 교차로부근,승용,여,50세,상해없음,보행자,남,67세,경상
10896,2019013000100236,2019년 1월 30일 13시,수요일,경기도 용인시 기흥구 상하동,경상사고,0,0,1,0,차대사람 - 횡단중,안전운전불이행,포장 - 건조,맑음,단일로 - 기타,승용,여,53세,상해없음,보행자,여,8세,경상
10897,2019013000100238,2019년 1월 30일 13시,수요일,경기도 성남시 분당구 삼평동,중상사고,0,1,0,0,차대사람 - 보도통행중,신호위반,포장 - 건조,맑음,교차로 - 교차로안,승합,남,59세,상해없음,보행자,여,43세,중상
10898,2019013000100267,2019년 1월 30일 13시,수요일,경기도 남양주시 평내동,중상사고,0,1,0,0,차대사람 - 기타,안전운전불이행,포장 - 건조,맑음,교차로 - 교차로안,화물,남,33세,상해없음,보행자,남,71세,중상
10899,2019013000100284,2019년 1월 30일 14시,수요일,경기도 평택시 통복동,경상사고,0,0,1,0,차대사람 - 차도통행중,안전운전불이행,포장 - 건조,맑음,단일로 - 기타,승용,남,64세,상해없음,보행자,여,55세,경상
10900,2019013000100288,2019년 1월 30일 14시,수요일,경기도 시흥시 능곡동,부상신고사고,0,0,0,1,차대사람 - 횡단중,안전운전불이행,포장 - 건조,맑음,단일로 - 기타,승용,남,41세,상해없음,보행자,여,26세,부상신고
10901,2019013000100352,2019년 1월 30일 16시,수요일,경기도 평택시 고덕면,중상사고,0,1,0,0,차대사람 - 기타,안전운전불이행,포장 - 건조,맑음,기타 - 기타,특수,남,63세,상해없음,보행자,남,53세,중상
10902,2019013000100387,2019년 1월 30일 17시,수요일,경기도 광주시 초월읍,경상사고,0,0,1,0,차대사람 - 길가장자리구역통행중,안전운전불이행,포장 - 건조,맑음,단일로 - 기타,승용,남,52세,상해없음,보행자,여,39세,경상
10903,2019013000100420,2019년 1월 30일 18시,수요일,경기도 평택시 팽성읍,중상사고,0,1,0,0,차대사람 - 차도통행중,안전운전불이행,포장 - 건조,맑음,단일로 - 기타,승용,남,74세,상해없음,보행자,여,11세,중상
10904,2019013000100427,2019년 1월 30일 18시,수요일,경기도 시흥시 죽율동,중상사고,0,1,0,0,차대사람 - 기타,안전운전불이행,포장 - 건조,맑음,단일로 - 기타,승용,여,38세,상해없음,보행자,여,71세,중상
10905,2019013000100471,2019년 1월 30일 19시,수요일,경기도 안성시 금산동,중상사고,0,1,0,0,차대사람 - 횡단중,보행자보호의무위반,포장 - 건조,맑음,교차로 - 교차로안,승용,여,62세,상해없음,보행자,여,81세,중상
10906,2019013000100476,2019년 1월 30일 19시,수요일,경기도 수원시 팔달구 인계동,중상사고,0,1,0,0,차대사람 - 횡단중,안전운전불이행,포장 - 건조,맑음,단일로 - 기타,승용,남,52세,상해없음,보행자,남,44세,중상
10907,2019013000100505,2019년 1월 30일 19시,수요일,경기도 의정부시 낙양동,경상사고,0,0,1,0,차대사람 - 차도통행중,안전운전불이행,포장 - 건조,맑음,단일로 - 기타,이륜,남,45세,상해없음,보행자,남,67세,경상
10908,2019013000100537,2019년 1월 30일 21시,수요일,경기도 안양시 동안구 비산동,경상사고,0,0,1,0,차대사람 - 횡단중,중앙선침범,포장 - 건조,맑음,교차로 - 교차로횡단보도내,승용,여,59세,상해없음,보행자,남,31세,경상
10909,2019013000100538,2019년 1월 30일 21시,수요일,경기도 광주시 오포읍,중상사고,0,1,0,0,차대사람 - 기타,안전운전불이행,포장 - 건조,맑음,단일로 - 기타,승용,여,58세,상해없음,보행자,남,62세,중상
10910,2019013000100555,2019년 1월 30일 21시,수요일,경기도 고양시 덕양구 삼송동,경상사고,0,0,1,0,차대사람 - 횡단중,안전운전불이행,포장 - 건조,맑음,단일로 - 기타,승용,남,47세,상해없음,보행자,여,35세,경상
10911,2019013000100557,2019년 1월 30일 21시,수요일,경기도 남양주시 와부읍,경상사고,0,0,2,0,차대사람 - 횡단중,안전운전불이행,포장 - 건조,맑음,단일로 - 기타,화물,남,53세,상해없음,보행자,여,14세,경상
10912,2019013000100566,2019년 1월 30일 22시,수요일,경기도 부천시 오정동,중상사고,0,1,0,0,차대사람 - 기타,보행자보호의무위반,포장 - 건조,맑음,교차로 - 교차로횡단보도내,승용,남,51세,상해없음,보행자,남,49세,중상
10913,2019013000100578,2019년 1월 30일 22시,수요일,경기도 포천시 소흘읍,경상사고,0,0,1,0,차대사람 - 길가장자리구역통행중,안전운전불이행,포장 - 건조,맑음,기타 - 기타,승용,남,25세,상해없음,보행자,여,22세,경상
10914,2019013100100020,2019년 1월 31일 00시,목요일,경기도 부천시 원종동,경상사고,0,0,1,0,차대사람 - 기타,안전운전불이행,포장 - 건조,맑음,단일로 - 기타,승용,남,39세,상해없음,보행자,여,51세,경상
10915,2019013100100051,2019년 1월 31일 04시,목요일,경기도 오산시 원동,사망사고,1,0,0,0,차대사람 - 횡단중,안전운전불이행,포장 - 건조,맑음,교차로 - 교차로부근,승용,남,63세,상해없음,보행자,남,47세,사망
10916,2019013100100069,2019년 1월 31일 06시,목요일,경기도 수원시 팔달구 우만동,경상사고,0,0,1,0,차대사람 - 기타,신호위반,포장 - 건조,맑음,단일로 - 기타,승용,남,71세,기타불명,보행자,남,44세,경상
10917,2019013100100070,2019년 1월 31일 06시,목요일,경기도 평택시 팽성읍,사망사고,1,0,0,0,차대사람 - 횡단중,보행자보호의무위반,포장 - 건조,맑음,교차로 - 교차로횡단보도내,승용,남,49세,상해없음,보행자,여,61세,사망
10918,2019013100100071,2019년 1월 31일 06시,목요일,경기도 평택시 비전동,중상사고,0,1,0,0,차대사람 - 횡단중,보행자보호의무위반,포장 - 건조,맑음,교차로 - 교차로안,승용,남,54세,상해없음,보행자,남,64세,중상
10919,2019013100100088,2019년 1월 31일 06시,목요일,경기도 남양주시 퇴계원면,중상사고,0,1,0,0,차대사람 - 횡단중,안전운전불이행,포장 - 건조,맑음,교차로 - 교차로안,승용,남,57세,상해없음,보행자,여,49세,중상
10920,2019013100100089,2019년 1월 31일 06시,목요일,경기도 동두천시 보산동,중상사고,0,1,0,0,차대사람 - 횡단중,안전운전불이행,포장 - 건조,맑음,교차로 - 교차로안,승용,남,50세,상해없음,보행자,남,62세,중상
10921,2019013100100098,2019년 1월 31일 07시,목요일,경기도 용인시 기흥구 신갈동,중상사고,0,1,0,0,차대사람 - 횡단중,안전운전불이행,포장 - 건조,맑음,단일로 - 기타,화물,남,36세,상해없음,보행자,남,64세,중상
10922,2019013100100135,2019년 1월 31일 08시,목요일,경기도 광명시 소하동,중상사고,0,1,0,0,차대사람 - 차도통행중,안전운전불이행,포장 - 건조,맑음,교차로 - 교차로안,승용,여,39세,상해없음,보행자,여,26세,중상
10923,2019013100100139,2019년 1월 31일 08시,목요일,경기도 용인시 수지구 풍덕천동,경상사고,0,0,1,0,차대사람 - 차도통행중,안전운전불이행,포장 - 건조,맑음,단일로 - 기타,승용,남,50세,상해없음,보행자,남,28세,경상
10924,2019013100100163,2019년 1월 31일 09시,목요일,경기도 광주시 오포읍,중상사고,0,1,0,0,차대사람 - 차도통행중,안전운전불이행,포장 - 건조,맑음,교차로 - 교차로안,승용,여,37세,상해없음,보행자,여,20세,중상
10925,2019013100100165,2019년 1월 31일 09시,목요일,경기도 과천시 과천동,부상신고사고,0,0,0,1,차대사람 - 기타,안전운전불이행,포장 - 건조,맑음,기타 - 기타,승용,남,54세,상해없음,보행자,남,30세,부상신고
10926,2019013100100217,2019년 1월 31일 11시,목요일,경기도 하남시 천현동,경상사고,0,0,1,0,차대사람 - 기타,안전운전불이행,포장 - 건조,맑음,기타 - 기타,승용,남,61세,상해없음,보행자,여,41세,경상
10927,2019013100100242,2019년 1월 31일 12시,목요일,경기도 여주시 하동,중상사고,0,1,0,0,차대사람 - 기타,안전운전불이행,포장 - 건조,기타,단일로 - 기타,승용,여,65세,상해없음,보행자,여,76세,중상
10928,2019013100100243,2019년 1월 31일 12시,목요일,경기도 김포시 운양동,경상사고,0,0,1,0,차대사람 - 횡단중,안전운전불이행,포장 - 건조,맑음,기타 - 기타,화물,남,60세,상해없음,보행자,여,90세 이상,경상
10929,2019013100100244,2019년 1월 31일 12시,목요일,경기도 안산시 단원구 고잔동,경상사고,0,0,1,0,차대사람 - 기타,안전운전불이행,포장 - 건조,맑음,단일로 - 기타,승용,남,37세,상해없음,보행자,여,70세,경상
10930,2019013100100270,2019년 1월 31일 12시,목요일,경기도 동두천시 지행동,중상사고,0,1,0,0,차대사람 - 횡단중,보행자보호의무위반,포장 - 건조,맑음,교차로 - 교차로안,원동기,여,66세,상해없음,보행자,여,56세,중상
10931,2019013100100298,2019년 1월 31일 14시,목요일,경기도 군포시 금정동,경상사고,0,0,1,0,차대사람 - 횡단중,신호위반,포장 - 건조,맑음,단일로 - 기타,승용,여,37세,상해없음,보행자,남,58세,경상
10932,2019013100100320,2019년 1월 31일 14시,목요일,경기도 고양시 일산서구 탄현동,경상사고,0,0,1,0,차대사람 - 횡단중,신호위반,포장 - 건조,맑음,교차로 - 교차로안,승용,남,59세,상해없음,보행자,남,13세,경상
10933,2019013100100335,2019년 1월 31일 15시,목요일,경기도 김포시 마산동,부상신고사고,0,0,0,1,차대사람 - 기타,안전거리미확보,포장 - 건조,맑음,기타 - 기타,기타불명,기타불명,미분류,기타불명,보행자,남,13세,부상신고
10934,2019013100100342,2019년 1월 31일 15시,목요일,경기도 성남시 분당구 서현동,중상사고,0,1,0,0,차대사람 - 횡단중,안전운전불이행,포장 - 건조,맑음,단일로 - 기타,승용,여,27세,상해없음,보행자,여,23세,중상
10935,2019013100100370,2019년 1월 31일 16시,목요일,경기도 수원시 장안구 정자동,경상사고,0,0,1,0,차대사람 - 기타,안전운전불이행,포장 - 건조,맑음,교차로 - 교차로안,화물,남,49세,상해없음,보행자,여,41세,경상
10936,2019013100100374,2019년 1월 31일 16시,목요일,경기도 부천시 원미동,경상사고,0,0,1,0,차대사람 - 횡단중,보행자보호의무위반,포장 - 건조,맑음,교차로 - 교차로횡단보도내,화물,남,33세,상해없음,보행자,남,64세,경상
10937,2019013100100375,2019년 1월 31일 16시,목요일,경기도 광명시 광명동,경상사고,0,0,1,0,차대사람 - 기타,안전운전불이행,포장 - 건조,맑음,교차로 - 교차로안,개인형이동수단(PM),남,53세,상해없음,보행자,여,43세,경상
10938,2019013100100377,2019년 1월 31일 16시,목요일,경기도 성남시 분당구 서현동,중상사고,0,1,0,0,차대사람 - 횡단중,안전운전불이행,포장 - 건조,맑음,단일로 - 기타,이륜,남,38세,상해없음,보행자,여,58세,중상
10939,2019013100100400,2019년 1월 31일 17시,목요일,경기도 부천시 원미동,중상사고,0,1,0,0,차대사람 - 길가장자리구역통행중,안전운전불이행,포장 - 건조,맑음,단일로 - 기타,승용,여,54세,상해없음,보행자,남,70세,중상
10940,2019013100100405,2019년 1월 31일 17시,목요일,경기도 화성시 봉담읍,경상사고,0,0,1,0,차대사람 - 횡단중,안전운전불이행,포장 - 기타,맑음,단일로 - 기타,승용,남,53세,상해없음,보행자,여,9세,경상
10941,2019013100100436,2019년 1월 31일 18시,목요일,경기도 수원시 장안구 하광교동,중상사고,0,1,0,0,차대사람 - 횡단중,보행자보호의무위반,포장 - 건조,맑음,단일로 - 기타,승용,여,57세,상해없음,보행자,여,56세,중상
10942,2019013100100440,2019년 1월 31일 18시,목요일,경기도 수원시 팔달구 인계동,중상사고,0,1,0,0,차대사람 - 횡단중,안전운전불이행,포장 - 건조,맑음,교차로 - 교차로안,승용,남,63세,상해없음,보행자,여,80세,중상
10943,2019013100100441,2019년 1월 31일 18시,목요일,경기도 군포시 당동,사망사고,1,0,0,0,차대사람 - 횡단중,안전운전불이행,포장 - 건조,맑음,단일로 - 기타,이륜,남,19세,상해없음,보행자,남,67세,사망
10944,2019013100100443,2019년 1월 31일 18시,목요일,경기도 안산시 상록구 수암동,중상사고,0,1,0,0,차대사람 - 기타,안전운전불이행,포장 - 건조,맑음,단일로 - 기타,승용,남,30세,상해없음,보행자,여,78세,중상
10945,2019013100100444,2019년 1월 31일 18시,목요일,경기도 수원시 권선구 오목천동,경상사고,0,0,1,0,차대사람 - 횡단중,보행자보호의무위반,포장 - 건조,맑음,교차로 - 교차로부근,기타불명,기타불명,미분류,기타불명,보행자,여,30세,경상
10946,2019013100100445,2019년 1월 31일 18시,목요일,경기도 화성시 남양읍,중상사고,0,1,0,0,차대사람 - 기타,안전운전불이행,포장 - 기타,맑음,교차로 - 교차로안,승용,여,43세,상해없음,보행자,여,50세,중상
10947,2019013100100493,2019년 1월 31일 19시,목요일,경기도 광주시 탄벌동,부상신고사고,0,0,0,1,차대사람 - 기타,중앙선침범,포장 - 건조,맑음,단일로 - 기타,승용,남,47세,상해없음,보행자,남,47세,부상신고
10948,2019013100100498,2019년 1월 31일 19시,목요일,경기도 안산시 상록구 사동,경상사고,0,0,1,0,차대사람 - 기타,안전운전불이행,포장 - 건조,맑음,단일로 - 기타,승합,남,23세,상해없음,보행자,남,47세,경상
10949,2019013100100522,2019년 1월 31일 19시,목요일,경기도 포천시 신북면,중상사고,0,2,0,0,차대사람 - 기타,안전운전불이행,포장 - 건조,맑음,단일로 - 기타,승용,여,58세,상해없음,보행자,남,60세,중상
10950,2019013100100529,2019년 1월 31일 20시,목요일,경기도 수원시 권선구 권선동,중상사고,0,1,0,0,차대사람 - 차도통행중,안전운전불이행,포장 - 건조,맑음,교차로 - 교차로안,승용,남,28세,상해없음,보행자,남,58세,중상
10951,2019013100100530,2019년 1월 31일 20시,목요일,경기도 수원시 영통구 영통동,중상사고,0,1,0,0,차대사람 - 횡단중,안전운전불이행,포장 - 건조,맑음,단일로 - 기타,승용,남,50세,상해없음,보행자,여,62세,중상
10952,2019013100100568,2019년 1월 31일 21시,목요일,경기도 오산시 수청동,중상사고,0,1,0,0,차대사람 - 횡단중,보행자보호의무위반,포장 - 건조,맑음,교차로 - 교차로횡단보도내,승용,남,55세,상해없음,보행자,남,59세,중상
10953,2019013100100569,2019년 1월 31일 21시,목요일,경기도 부천시 상동,중상사고,0,1,0,0,차대사람 - 기타,안전운전불이행,포장 - 건조,맑음,기타 - 기타,승용,남,42세,상해없음,보행자,남,21세,중상
10954,2019013100100571,2019년 1월 31일 21시,목요일,경기도 수원시 권선구 권선동,중상사고,0,1,0,0,차대사람 - 횡단중,안전운전불이행,포장 - 건조,맑음,단일로 - 기타,승용,남,51세,상해없음,보행자,남,52세,중상
10955,2019013100100590,2019년 1월 31일 21시,목요일,경기도 고양시 일산동구 장항동,부상신고사고,0,0,0,1,차대사람 - 차도통행중,안전운전불이행,포장 - 건조,맑음,단일로 - 기타,기타불명,기타불명,미분류,기타불명,보행자,남,22세,부상신고
10956,2019013100100599,2019년 1월 31일 22시,목요일,경기도 안양시 동안구 관양동,경상사고,0,0,1,0,차대사람 - 기타,안전운전불이행,포장 - 건조,맑음,기타 - 기타,승용,남,52세,상해없음,보행자,남,32세,경상
10957,2019013100100623,2019년 1월 31일 23시,목요일,경기도 의정부시 호원동,중상사고,0,1,0,0,차대사람 - 횡단중,신호위반,포장 - 건조,맑음,교차로 - 교차로횡단보도내,이륜,남,29세,상해없음,보행자,여,44세,중상
10958,2019020100100025,2019년 2월 1일 00시,금요일,경기도 안성시 대천동,경상사고,0,0,1,0,차대사람 - 차도통행중,안전운전불이행,포장 - 건조,흐림,단일로 - 기타,승용,남,41세,상해없음,보행자,여,37세,경상
10959,2019020100100030,2019년 2월 1일 00시,금요일,경기도 화성시 봉담읍,경상사고,0,0,1,0,차대사람 - 기타,안전운전불이행,포장 - 건조,맑음,단일로 - 기타,승용,남,38세,상해없음,보행자,남,54세,경상
10960,2019020100100038,2019년 2월 1일 00시,금요일,경기도 남양주시 별내동,경상사고,0,0,1,0,차대사람 - 기타,안전운전불이행,포장 - 건조,맑음,교차로 - 교차로안,승용,남,59세,상해없음,보행자,남,35세,경상
10961,2019020100100045,2019년 2월 1일 01시,금요일,경기도 광명시 철산동,중상사고,0,1,0,0,차대사람 - 횡단중,안전운전불이행,포장 - 건조,맑음,교차로 - 교차로안,승용,남,45세,상해없음,보행자,여,69세,중상
10962,2019020100100047,2019년 2월 1일 01시,금요일,경기도 성남시 분당구 서현동,경상사고,0,0,1,0,차대사람 - 기타,안전운전불이행,포장 - 건조,맑음,기타 - 기타,승용,남,28세,상해없음,보행자,남,21세,경상
10963,2019020100100059,2019년 2월 1일 02시,금요일,경기도 안산시 상록구 본오동,중상사고,0,1,0,0,차대사람 - 차도통행중,안전운전불이행,포장 - 건조,맑음,단일로 - 기타,승용,남,59세,상해없음,보행자,남,36세,중상
10964,2019020100100071,2019년 2월 1일 04시,금요일,경기도 부천시 심곡동,부상신고사고,0,0,0,1,차대사람 - 횡단중,안전운전불이행,포장 - 건조,맑음,기타 - 기타,기타불명,기타불명,미분류,기타불명,보행자,남,22세,부상신고
10965,2019020100100073,2019년 2월 1일 04시,금요일,경기도 부천시 삼정동,중상사고,0,1,0,0,차대사람 - 횡단중,안전운전불이행,포장 - 건조,맑음,교차로 - 교차로안,승용,남,31세,상해없음,보행자,여,67세,중상
10966,2019020100100083,2019년 2월 1일 05시,금요일,경기도 안산시 상록구 본오동,경상사고,0,0,1,0,차대사람 - 기타,기타,포장 - 건조,맑음,단일로 - 기타,화물,남,54세,상해없음,보행자,남,60세,경상
10967,2019020100100099,2019년 2월 1일 06시,금요일,경기도 파주시 문산읍,중상사고,0,1,0,0,차대사람 - 기타,안전운전불이행,포장 - 건조,맑음,교차로 - 교차로부근,승용,남,40세,상해없음,보행자,여,66세,중상
10968,2019020100100163,2019년 2월 1일 09시,금요일,경기도 평택시 합정동,중상사고,0,1,0,0,차대사람 - 기타,안전운전불이행,포장 - 건조,맑음,주차장 - 주차장,승용,남,78세,상해없음,보행자,남,56세,중상
10969,2019020100100165,2019년 2월 1일 09시,금요일,경기도 안양시 동안구 비산동,중상사고,0,1,0,0,차대사람 - 기타,안전운전불이행,포장 - 건조,맑음,교차로 - 교차로부근,승용,남,44세,상해없음,보행자,여,86세,중상
10970,2019020100100215,2019년 2월 1일 10시,금요일,경기도 고양시 일산동구 백석동,중상사고,0,1,0,0,차대사람 - 기타,보행자보호의무위반,포장 - 건조,맑음,교차로 - 교차로안,승용,여,73세,상해없음,보행자,남,3세,중상
10971,2019020100100232,2019년 2월 1일 11시,금요일,경기도 수원시 팔달구 인계동,경상사고,0,0,1,0,차대사람 - 횡단중,신호위반,포장 - 건조,맑음,교차로 - 교차로횡단보도내,승용,여,63세,상해없음,보행자,여,11세,경상
10972,2019020100100258,2019년 2월 1일 12시,금요일,경기도 안양시 동안구 비산동,경상사고,0,0,1,0,차대사람 - 기타,안전운전불이행,포장 - 건조,맑음,교차로 - 교차로안,승합,남,49세,상해없음,보행자,여,66세,경상
10973,2019020100100262,2019년 2월 1일 12시,금요일,경기도 용인시 기흥구 보라동,중상사고,0,1,0,0,차대사람 - 보도통행중,보행자보호의무위반,포장 - 건조,맑음,교차로 - 교차로횡단보도내,승용,여,54세,상해없음,보행자,여,56세,중상
10974,2019020100100264,2019년 2월 1일 12시,금요일,경기도 성남시 중원구 상대원동,중상사고,0,1,0,0,차대사람 - 기타,안전운전불이행,포장 - 건조,맑음,기타 - 기타,승용,여,32세,상해없음,보행자,남,70세,중상
10975,2019020100100295,2019년 2월 1일 13시,금요일,경기도 용인시 기흥구 보정동,중상사고,0,1,0,0,차대사람 - 횡단중,신호위반,포장 - 건조,맑음,교차로 - 교차로안,승용,여,68세,상해없음,보행자,여,72세,중상
10976,2019020100100312,2019년 2월 1일 13시,금요일,경기도 고양시 덕양구 고양동,경상사고,0,0,1,0,차대사람 - 보도통행중,보행자보호의무위반,포장 - 건조,맑음,교차로 - 교차로횡단보도내,승용,남,31세,상해없음,보행자,남,70세,경상
10977,2019020100100326,2019년 2월 1일 14시,금요일,경기도 화성시 봉담읍,부상신고사고,0,0,0,1,차대사람 - 차도통행중,안전운전불이행,포장 - 건조,맑음,단일로 - 기타,기타불명,기타불명,미분류,기타불명,보행자,여,81세,부상신고
10978,2019020100100365,2019년 2월 1일 14시,금요일,경기도 포천시 일동면,중상사고,0,1,0,0,차대사람 - 횡단중,안전운전불이행,포장 - 건조,맑음,단일로 - 기타,승용,여,66세,상해없음,보행자,남,63세,중상
10979,2019020100100379,2019년 2월 1일 15시,금요일,경기도 부천시 소사본동,경상사고,0,0,1,0,차대사람 - 횡단중,기타,포장 - 건조,맑음,단일로 - 기타,승용,남,69세,상해없음,보행자,여,60세,경상
10980,2019020100100411,2019년 2월 1일 15시,금요일,경기도 남양주시 진접읍,경상사고,0,0,1,0,차대사람 - 보도통행중,기타,포장 - 건조,맑음,기타 - 기타,승용,남,67세,상해없음,보행자,여,46세,경상
10981,2019020100100424,2019년 2월 1일 16시,금요일,경기도 용인시 기흥구 동백동,경상사고,0,0,1,0,차대사람 - 횡단중,안전운전불이행,포장 - 건조,맑음,교차로 - 교차로안,승용,여,57세,기타불명,보행자,여,49세,경상
10982,2019020100100427,2019년 2월 1일 16시,금요일,경기도 용인시 수지구 풍덕천동,경상사고,0,0,1,0,차대사람 - 횡단중,신호위반,포장 - 건조,맑음,교차로 - 교차로안,이륜,남,17세,상해없음,보행자,남,13세,경상
10983,2019020100100444,2019년 2월 1일 16시,금요일,경기도 파주시 금촌동,경상사고,0,0,1,0,차대사람 - 횡단중,보행자보호의무위반,포장 - 건조,맑음,교차로 - 교차로부근,기타불명,기타불명,미분류,기타불명,보행자,여,53세,경상
10984,2019020100100506,2019년 2월 1일 18시,금요일,경기도 평택시 비전동,경상사고,0,0,1,0,차대사람 - 횡단중,보행자보호의무위반,포장 - 건조,맑음,교차로 - 교차로부근,승용,남,38세,상해없음,보행자,여,21세,경상
10985,2019020100100507,2019년 2월 1일 18시,금요일,경기도 평택시 안중읍,경상사고,0,0,1,0,차대사람 - 기타,안전운전불이행,포장 - 건조,맑음,기타 - 기타,기타불명,기타불명,미분류,기타불명,보행자,남,61세,경상
10986,2019020100100510,2019년 2월 1일 18시,금요일,경기도 부천시 상동,부상신고사고,0,0,0,1,차대사람 - 기타,안전운전불이행,포장 - 건조,맑음,교차로 - 교차로안,화물,남,54세,상해없음,보행자,남,38세,부상신고
10987,2019020100100511,2019년 2월 1일 18시,금요일,경기도 수원시 영통구 신동,중상사고,0,1,0,0,차대사람 - 횡단중,보행자보호의무위반,포장 - 건조,맑음,교차로 - 교차로횡단보도내,승용,여,52세,상해없음,보행자,여,8세,중상
10988,2019020100100566,2019년 2월 1일 18시,금요일,경기도 남양주시 화도읍,경상사고,0,0,2,0,차대사람 - 보도통행중,보행자보호의무위반,포장 - 건조,맑음,교차로 - 교차로횡단보도내,승용,남,74세,상해없음,보행자,여,15세,경상
10989,2019020100100567,2019년 2월 1일 18시,금요일,경기도 구리시 인창동,경상사고,0,0,1,0,차대사람 - 길가장자리구역통행중,안전운전불이행,포장 - 건조,맑음,단일로 - 기타,승용,여,50세,상해없음,보행자,남,48세,경상
10990,2019020100100581,2019년 2월 1일 19시,금요일,경기도 광주시 초월읍,중상사고,0,1,0,0,차대사람 - 차도통행중,안전운전불이행,포장 - 건조,맑음,단일로 - 기타,화물,남,53세,상해없음,보행자,남,54세,중상
10991,2019020100100582,2019년 2월 1일 19시,금요일,경기도 광주시 곤지암읍,경상사고,0,0,1,0,차대사람 - 기타,안전운전불이행,포장 - 건조,맑음,주차장 - 주차장,승용,남,44세,상해없음,보행자,남,52세,경상
10992,2019020100100583,2019년 2월 1일 19시,금요일,경기도 용인시 기흥구 구갈동,경상사고,0,0,1,0,차대사람 - 기타,안전운전불이행,포장 - 건조,맑음,단일로 - 기타,기타불명,기타불명,미분류,기타불명,보행자,여,25세,경상