,사고번호,사고일시,요일,시군구,사고내용,사망자수,중상자수,경상자수,부상신고자수,사고유형,법규위반,노면상태,기상상태,도로형태,가해운전자 차종,가해운전자 성별,가해운전자 연령,가해운전자 상해정도,피해운전자 차종,피해운전자 성별,피해운전자 연령,피해운전자 상해정도
11106,2019020700100518,2019년 2월 7일 22시,목요일,경기도 안산시 상록구 월피동,경상사고,0,0,1,0,차대사람 - 기타,안전운전불이행,포장 - 건조,맑음,단일로 - 기타,승용,남,55세,상해없음,보행자,남,52세,경상
11107,2019020700100531,2019년 2월 7일 23시,목요일,경기도 부천시 괴안동,부상신고사고,0,0,0,1,차대사람 - 길가장자리구역통행중,안전운전불이행,포장 - 건조,맑음,교차로 - 교차로안,승합,남,51세,상해없음,보행자,남,17세,부상신고
11108,2019020700100532,2019년 2월 7일 23시,목요일,경기도 성남시 중원구 상대원동,중상사고,0,1,0,0,차대사람 - 횡단중,안전운전불이행,포장 - 건조,맑음,단일로 - 기타,승용,남,45세,상해없음,보행자,남,48세,중상
11109,2019020800100034,2019년 2월 8일 01시,금요일,경기도 의정부시 금오동,경상사고,0,0,1,0,차대사람 - 기타,안전운전불이행,포장 - 건조,맑음,단일로 - 기타,승용,남,47세,상해없음,보행자,여,48세,경상
11110,2019020800100039,2019년 2월 8일 03시,금요일,경기도 여주시 능서면,사망사고,1,0,0,0,차대사람 - 차도통행중,안전운전불이행,포장 - 건조,맑음,단일로 - 기타,화물,남,54세,상해없음,보행자,남,77세,사망
11111,2019020800100121,2019년 2월 8일 09시,금요일,경기도 화성시 우정읍,중상사고,0,1,0,0,차대사람 - 기타,안전운전불이행,포장 - 건조,맑음,단일로 - 기타,승합,남,58세,상해없음,보행자,여,67세,중상
11112,2019020800100143,2019년 2월 8일 10시,금요일,경기도 성남시 중원구 중앙동,중상사고,0,1,0,0,차대사람 - 기타,안전운전불이행,포장 - 건조,맑음,단일로 - 기타,화물,남,66세,상해없음,보행자,여,77세,중상
11113,2019020800100162,2019년 2월 8일 11시,금요일,경기도 성남시 분당구 정자동,경상사고,0,0,1,0,차대사람 - 횡단중,안전운전불이행,포장 - 건조,맑음,교차로 - 교차로안,승용,여,32세,상해없음,보행자,남,45세,경상
11114,2019020800100181,2019년 2월 8일 11시,금요일,경기도 고양시 일산서구 대화동,중상사고,0,1,0,0,차대사람 - 횡단중,보행자보호의무위반,포장 - 건조,맑음,교차로 - 교차로안,화물,남,66세,상해없음,보행자,여,68세,중상
11115,2019020800100246,2019년 2월 8일 13시,금요일,경기도 고양시 일산서구 일산동,경상사고,0,0,1,0,차대사람 - 기타,안전운전불이행,포장 - 건조,맑음,단일로 - 기타,승용,남,61세,상해없음,보행자,여,45세,경상
11116,2019020800100336,2019년 2월 8일 16시,금요일,경기도 구리시 수택동,경상사고,0,0,1,0,차대사람 - 길가장자리구역통행중,안전운전불이행,포장 - 건조,맑음,단일로 - 기타,승용,남,67세,상해없음,보행자,남,59세,경상
11117,2019020800100371,2019년 2월 8일 18시,금요일,경기도 수원시 장안구 율전동,경상사고,0,0,1,0,차대사람 - 기타,안전운전불이행,포장 - 건조,맑음,단일로 - 기타,승용,남,32세,상해없음,보행자,남,26세,경상
11118,2019020800100376,2019년 2월 8일 18시,금요일,경기도 화성시 석우동,경상사고,0,0,1,0,차대사람 - 차도통행중,안전운전불이행,포장 - 건조,맑음,단일로 - 기타,승합,남,58세,상해없음,보행자,여,25세,경상
11119,2019020800100466,2019년 2월 8일 21시,금요일,경기도 용인시 수지구 죽전동,경상사고,0,0,1,0,차대사람 - 기타,안전운전불이행,포장 - 건조,맑음,단일로 - 기타,승용,여,53세,상해없음,보행자,남,47세,경상
11120,2019020800100488,2019년 2월 8일 22시,금요일,경기도 광주시 쌍령동,경상사고,0,0,1,0,차대사람 - 횡단중,보행자보호의무위반,포장 - 건조,맑음,교차로 - 교차로횡단보도내,승용,남,47세,기타불명,보행자,여,20세,경상
11121,2019020800100491,2019년 2월 8일 22시,금요일,경기도 부천시 고강동,경상사고,0,0,1,0,차대사람 - 보도통행중,기타,포장 - 건조,맑음,기타 - 기타,이륜,남,28세,상해없음,보행자,여,56세,경상
11122,2019020800100500,2019년 2월 8일 22시,금요일,경기도 양주시 광사동,경상사고,0,0,1,0,차대사람 - 기타,안전운전불이행,포장 - 건조,맑음,주차장 - 주차장,승용,여,54세,상해없음,보행자,남,30세,경상
11123,2019020800100501,2019년 2월 8일 22시,금요일,경기도 구리시 수택동,경상사고,0,0,1,0,차대사람 - 차도통행중,안전운전불이행,포장 - 건조,맑음,단일로 - 기타,승용,남,22세,상해없음,보행자,여,44세,경상
11124,2019020800100502,2019년 2월 8일 22시,금요일,경기도 구리시 교문동,부상신고사고,0,0,0,1,차대사람 - 보도통행중,안전운전불이행,포장 - 건조,맑음,기타 - 기타,자전거,남,12세,상해없음,보행자,여,34세,부상신고
11125,2019020900100048,2019년 2월 9일 02시,토요일,경기도 평택시 팽성읍,경상사고,0,0,1,0,차대사람 - 횡단중,안전운전불이행,포장 - 건조,맑음,교차로 - 교차로부근,승용,남,31세,상해없음,보행자,남,25세,경상
11126,2019020900100066,2019년 2월 9일 04시,토요일,경기도 시흥시 은행동,중상사고,0,1,0,0,차대사람 - 기타,안전운전불이행,포장 - 건조,맑음,단일로 - 기타,승용,남,59세,상해없음,보행자,남,44세,중상
11127,2019020900100076,2019년 2월 9일 05시,토요일,경기도 부천시 중동,경상사고,0,0,1,0,차대사람 - 횡단중,안전운전불이행,포장 - 건조,맑음,단일로 - 기타,승용,남,52세,상해없음,보행자,남,26세,경상
11128,2019020900100104,2019년 2월 9일 08시,토요일,경기도 수원시 팔달구 화서동,중상사고,0,1,0,0,차대사람 - 횡단중,신호위반,포장 - 건조,맑음,교차로 - 교차로횡단보도내,승용,여,42세,상해없음,보행자,여,33세,중상
11129,2019020900100122,2019년 2월 9일 09시,토요일,경기도 수원시 장안구 연무동,경상사고,0,0,1,0,차대사람 - 길가장자리구역통행중,안전운전불이행,포장 - 건조,맑음,단일로 - 기타,화물,남,54세,상해없음,보행자,남,46세,경상
11130,2019020900100143,2019년 2월 9일 10시,토요일,경기도 수원시 장안구 정자동,중상사고,0,1,0,0,차대사람 - 횡단중,안전운전불이행,포장 - 건조,맑음,단일로 - 기타,화물,남,58세,상해없음,보행자,여,86세,중상
11131,2019020900100162,2019년 2월 9일 11시,토요일,경기도 광명시 하안동,경상사고,0,0,1,0,차대사람 - 횡단중,신호위반,포장 - 건조,맑음,교차로 - 교차로횡단보도내,승용,여,39세,상해없음,보행자,여,17세,경상
11132,2019020900100193,2019년 2월 9일 12시,토요일,경기도 수원시 팔달구 북수동,경상사고,0,0,1,0,차대사람 - 기타,안전운전불이행,포장 - 건조,맑음,단일로 - 기타,승용,남,55세,상해없음,보행자,여,39세,경상
11133,2019020900100209,2019년 2월 9일 12시,토요일,경기도 고양시 일산동구 마두동,경상사고,0,0,1,0,차대사람 - 횡단중,보행자보호의무위반,포장 - 건조,맑음,단일로 - 기타,기타불명,기타불명,미분류,기타불명,보행자,여,84세,경상
11134,2019020900100210,2019년 2월 9일 12시,토요일,경기도 구리시 인창동,중상사고,0,1,0,0,차대사람 - 차도통행중,안전운전불이행,포장 - 건조,맑음,교차로 - 교차로안,승용,남,61세,상해없음,보행자,여,71세,중상
11135,2019020900100218,2019년 2월 9일 13시,토요일,경기도 시흥시 거모동,경상사고,0,0,1,0,차대사람 - 횡단중,안전운전불이행,포장 - 건조,맑음,단일로 - 기타,승용,여,34세,상해없음,보행자,남,59세,경상
11136,2019020900100357,2019년 2월 9일 18시,토요일,경기도 포천시 일동면,경상사고,0,0,2,0,차대사람 - 기타,안전운전불이행,포장 - 건조,맑음,단일로 - 기타,승용,남,63세,상해없음,보행자,여,61세,경상
11137,2019020900100363,2019년 2월 9일 19시,토요일,경기도 안성시 대덕면,경상사고,0,0,1,0,차대사람 - 기타,안전운전불이행,포장 - 건조,맑음,단일로 - 기타,승합,남,60세,상해없음,보행자,남,35세,경상
11138,2019020900100365,2019년 2월 9일 19시,토요일,경기도 안산시 단원구 고잔동,경상사고,0,0,1,0,차대사람 - 횡단중,보행자보호의무위반,포장 - 건조,맑음,교차로 - 교차로횡단보도내,승용,남,62세,상해없음,보행자,남,27세,경상
11139,2019020900100406,2019년 2월 9일 20시,토요일,경기도 양주시 광적면,경상사고,0,0,1,0,차대사람 - 기타,안전운전불이행,포장 - 건조,맑음,교차로 - 교차로부근,기타불명,기타불명,미분류,기타불명,보행자,남,47세,경상
11140,2019020900100413,2019년 2월 9일 21시,토요일,경기도 용인시 처인구 마평동,경상사고,0,0,1,0,차대사람 - 횡단중,보행자보호의무위반,포장 - 건조,맑음,교차로 - 교차로횡단보도내,승용,남,55세,상해없음,보행자,여,23세,경상
11141,2019020900100431,2019년 2월 9일 22시,토요일,경기도 부천시 중동,경상사고,0,0,1,0,차대사람 - 기타,안전운전불이행,포장 - 건조,맑음,단일로 - 기타,승용,여,63세,상해없음,보행자,여,54세,경상
11142,2019021000100094,2019년 2월 10일 08시,일요일,경기도 용인시 기흥구 언남동,중상사고,0,1,0,0,차대사람 - 횡단중,신호위반,포장 - 건조,맑음,교차로 - 교차로횡단보도내,승용,남,38세,상해없음,보행자,여,10세,중상
11143,2019021000100112,2019년 2월 10일 09시,일요일,경기도 의정부시 가능동,경상사고,0,0,1,0,차대사람 - 길가장자리구역통행중,안전운전불이행,포장 - 건조,맑음,단일로 - 기타,승용,여,57세,상해없음,보행자,여,23세,경상
11144,2019021000100132,2019년 2월 10일 11시,일요일,경기도 용인시 수지구 죽전동,중상사고,0,1,0,0,차대사람 - 기타,안전운전불이행,포장 - 건조,맑음,단일로 - 기타,자전거,남,61세,상해없음,보행자,남,27세,중상
11145,2019021000100154,2019년 2월 10일 13시,일요일,경기도 용인시 처인구 김량장동,경상사고,0,0,2,0,차대사람 - 기타,안전운전불이행,포장 - 건조,맑음,교차로 - 교차로안,승용,여,57세,상해없음,보행자,남,62세,경상
11146,2019021000100193,2019년 2월 10일 15시,일요일,경기도 부천시 심곡동,경상사고,0,0,1,0,차대사람 - 차도통행중,안전운전불이행,포장 - 건조,맑음,단일로 - 기타,승용,남,29세,상해없음,보행자,남,44세,경상
11147,2019021000100194,2019년 2월 10일 15시,일요일,경기도 광명시 광명동,경상사고,0,0,1,0,차대사람 - 길가장자리구역통행중,기타,포장 - 건조,맑음,단일로 - 기타,승용,남,53세,상해없음,보행자,남,45세,경상
11148,2019021000100212,2019년 2월 10일 16시,일요일,경기도 오산시 오산동,경상사고,0,0,1,0,차대사람 - 기타,안전운전불이행,포장 - 건조,맑음,교차로 - 교차로횡단보도내,기타불명,기타불명,미분류,기타불명,보행자,여,73세,경상
11149,2019021000100306,2019년 2월 10일 20시,일요일,경기도 성남시 수정구 수진동,경상사고,0,0,1,0,차대사람 - 기타,안전운전불이행,포장 - 건조,맑음,교차로 - 교차로부근,승용,남,31세,상해없음,보행자,남,52세,경상
11150,2019021000100327,2019년 2월 10일 21시,일요일,경기도 용인시 처인구 역북동,경상사고,0,0,1,0,차대사람 - 횡단중,보행자보호의무위반,포장 - 건조,맑음,교차로 - 교차로횡단보도내,기타불명,기타불명,미분류,기타불명,보행자,여,15세,경상
11151,2019021000100351,2019년 2월 10일 23시,일요일,경기도 용인시 기흥구 서천동,중상사고,0,1,0,0,차대사람 - 기타,안전운전불이행,포장 - 건조,맑음,기타 - 기타,승용,남,63세,상해없음,보행자,남,28세,중상
11152,2019021000100363,2019년 2월 10일 23시,일요일,경기도 의정부시 금오동,경상사고,0,0,1,0,차대사람 - 차도통행중,보행자보호의무위반,포장 - 건조,맑음,단일로 - 기타,승용,남,60세,상해없음,보행자,여,52세,경상
11153,2019021100100026,2019년 2월 11일 00시,월요일,경기도 시흥시 논곡동,경상사고,0,0,1,0,차대사람 - 기타,안전운전불이행,포장 - 건조,맑음,단일로 - 기타,화물,남,44세,상해없음,보행자,남,21세,경상
11154,2019021100100041,2019년 2월 11일 03시,월요일,경기도 의정부시 의정부동,중상사고,0,1,0,0,차대사람 - 횡단중,안전운전불이행,포장 - 건조,맑음,교차로 - 교차로부근,이륜,남,55세,상해없음,보행자,남,24세,중상
11155,2019021100100067,2019년 2월 11일 06시,월요일,경기도 안산시 상록구 사동,경상사고,0,0,1,0,차대사람 - 기타,안전운전불이행,포장 - 건조,맑음,단일로 - 기타,승용,남,43세,상해없음,보행자,여,71세,경상
11156,2019021100100079,2019년 2월 11일 07시,월요일,경기도 수원시 영통구 영통동,경상사고,0,0,1,0,차대사람 - 횡단중,보행자보호의무위반,포장 - 건조,맑음,단일로 - 기타,승용,남,33세,상해없음,보행자,여,25세,경상
11157,2019021100100095,2019년 2월 11일 08시,월요일,경기도 평택시 비전동,중상사고,0,1,0,0,차대사람 - 기타,안전운전불이행,포장 - 건조,맑음,교차로 - 교차로부근,승용,여,47세,상해없음,보행자,여,78세,중상
11158,2019021100100100,2019년 2월 11일 08시,월요일,경기도 오산시 원동,경상사고,0,0,1,0,차대사람 - 횡단중,보행자보호의무위반,포장 - 건조,맑음,교차로 - 교차로횡단보도내,승용,남,72세,상해없음,보행자,여,41세,경상
11159,2019021100100118,2019년 2월 11일 08시,월요일,경기도 의정부시 신곡동,중상사고,0,1,0,0,차대사람 - 횡단중,신호위반,포장 - 건조,맑음,교차로 - 교차로횡단보도내,기타불명,기타불명,미분류,기타불명,보행자,여,67세,중상
11160,2019021100100186,2019년 2월 11일 11시,월요일,경기도 안산시 상록구 이동,중상사고,0,1,0,0,차대사람 - 횡단중,과속,포장 - 건조,맑음,단일로 - 기타,승용,남,55세,상해없음,보행자,남,67세,중상
11161,2019021100100218,2019년 2월 11일 12시,월요일,경기도 광명시 철산동,부상신고사고,0,0,0,1,차대사람 - 길가장자리구역통행중,안전운전불이행,포장 - 건조,맑음,단일로 - 기타,승용,남,40세,상해없음,보행자,여,61세,부상신고
11162,2019021100100241,2019년 2월 11일 13시,월요일,경기도 성남시 수정구 수진동,경상사고,0,0,1,0,차대사람 - 기타,보행자보호의무위반,포장 - 건조,맑음,단일로 - 기타,승용,여,58세,상해없음,보행자,여,44세,경상
11163,2019021100100261,2019년 2월 11일 13시,월요일,경기도 파주시 광탄면,중상사고,0,1,0,0,차대사람 - 횡단중,보행자보호의무위반,포장 - 건조,맑음,교차로 - 교차로안,화물,남,75세,상해없음,보행자,여,66세,중상
11164,2019021100100267,2019년 2월 11일 14시,월요일,경기도 이천시 중리동,중상사고,0,1,0,0,차대사람 - 기타,안전운전불이행,포장 - 건조,맑음,교차로 - 교차로안,승용,여,60세,상해없음,보행자,남,68세,중상
11165,2019021100100268,2019년 2월 11일 14시,월요일,경기도 이천시 창전동,중상사고,0,1,0,0,차대사람 - 기타,안전운전불이행,포장 - 건조,맑음,단일로 - 기타,승용,여,54세,상해없음,보행자,여,85세,중상
11166,2019021100100291,2019년 2월 11일 14시,월요일,경기도 구리시 인창동,중상사고,0,1,0,0,차대사람 - 기타,안전운전불이행,포장 - 건조,맑음,교차로 - 교차로안,승용,여,41세,상해없음,보행자,여,71세,중상
11167,2019021100100319,2019년 2월 11일 15시,월요일,경기도 고양시 덕양구 신원동,경상사고,0,0,1,0,차대사람 - 기타,안전운전불이행,포장 - 건조,맑음,교차로 - 교차로횡단보도내,승합,남,56세,상해없음,보행자,여,87세,경상
11168,2019021100100321,2019년 2월 11일 15시,월요일,경기도 가평군 설악면,경상사고,0,0,1,0,차대사람 - 길가장자리구역통행중,안전운전불이행,포장 - 건조,맑음,단일로 - 교량,승용,남,54세,상해없음,보행자,여,66세,경상
11169,2019021100100367,2019년 2월 11일 17시,월요일,경기도 수원시 권선구 곡반정동,중상사고,0,1,0,0,차대사람 - 횡단중,보행자보호의무위반,포장 - 건조,맑음,교차로 - 교차로부근,화물,남,61세,상해없음,보행자,남,76세,중상
11170,2019021100100384,2019년 2월 11일 17시,월요일,경기도 남양주시 와부읍,중상사고,0,1,0,0,차대사람 - 횡단중,안전운전불이행,포장 - 건조,맑음,교차로 - 교차로횡단보도내,승용,남,66세,상해없음,보행자,여,74세,중상
11171,2019021100100394,2019년 2월 11일 18시,월요일,경기도 수원시 권선구 권선동,중상사고,0,1,0,0,차대사람 - 횡단중,안전운전불이행,포장 - 건조,맑음,교차로 - 교차로안,승용,여,37세,상해없음,보행자,남,83세,중상
11172,2019021100100421,2019년 2월 11일 18시,월요일,경기도 고양시 덕양구 신원동,중상사고,0,1,0,0,차대사람 - 횡단중,안전운전불이행,포장 - 건조,맑음,교차로 - 교차로안,승용,여,33세,상해없음,보행자,여,68세,중상
11173,2019021100100438,2019년 2월 11일 19시,월요일,경기도 이천시 백사면,중상사고,0,1,0,0,차대사람 - 차도통행중,안전운전불이행,포장 - 건조,맑음,단일로 - 기타,승용,남,30세,상해없음,보행자,여,74세,중상
11174,2019021100100464,2019년 2월 11일 19시,월요일,경기도 파주시 문발동,중상사고,0,1,0,0,차대사람 - 횡단중,보행자보호의무위반,포장 - 건조,맑음,교차로 - 교차로부근,승용,남,55세,상해없음,보행자,남,28세,중상
11175,2019021100100473,2019년 2월 11일 20시,월요일,경기도 성남시 중원구 성남동,중상사고,0,1,0,0,차대사람 - 기타,안전운전불이행,포장 - 건조,맑음,기타 - 기타,승용,여,63세,상해없음,보행자,여,42세,중상
11176,2019021100100493,2019년 2월 11일 20시,월요일,경기도 남양주시 다산동,중상사고,0,1,0,0,차대사람 - 기타,안전운전불이행,포장 - 건조,맑음,교차로 - 교차로안,이륜,남,17세,기타불명,보행자,남,40세,중상
11177,2019021100100494,2019년 2월 11일 20시,월요일,경기도 파주시 문발동,중상사고,0,1,0,0,차대사람 - 기타,신호위반,포장 - 건조,맑음,교차로 - 교차로부근,승용,남,37세,상해없음,보행자,여,46세,중상
11178,2019021100100495,2019년 2월 11일 20시,월요일,경기도 가평군 가평읍,경상사고,0,0,1,0,차대사람 - 기타,안전운전불이행,포장 - 건조,맑음,단일로 - 기타,승용,남,27세,상해없음,보행자,남,54세,경상
11179,2019021100100505,2019년 2월 11일 21시,월요일,경기도 시흥시 장곡동,중상사고,0,1,0,0,차대사람 - 길가장자리구역통행중,안전운전불이행,포장 - 건조,맑음,교차로 - 교차로횡단보도내,이륜,남,18세,상해없음,보행자,남,42세,중상
11180,2019021100100546,2019년 2월 11일 23시,월요일,경기도 수원시 팔달구 지동,경상사고,0,0,2,0,차대사람 - 횡단중,안전운전불이행,포장 - 건조,맑음,단일로 - 기타,승용,남,49세,상해없음,보행자,남,27세,경상
11181,2019021100100553,2019년 2월 11일 23시,월요일,경기도 고양시 일산동구 풍동,경상사고,0,0,1,0,차대사람 - 기타,안전운전불이행,포장 - 건조,맑음,주차장 - 주차장,화물,남,57세,상해없음,보행자,남,37세,경상
11182,2019021200100031,2019년 2월 12일 00시,화요일,경기도 고양시 덕양구 토당동,중상사고,0,1,0,0,차대사람 - 차도통행중,안전운전불이행,포장 - 건조,맑음,단일로 - 기타,화물,남,71세,상해없음,보행자,남,57세,중상
11183,2019021200100052,2019년 2월 12일 05시,화요일,경기도 군포시 산본동,중상사고,0,1,0,0,차대사람 - 보도통행중,안전운전불이행,포장 - 젖음/습기,눈,교차로 - 교차로안,승용,남,46세,상해없음,보행자,남,52세,중상
11184,2019021200100065,2019년 2월 12일 06시,화요일,경기도 성남시 중원구 성남동,경상사고,0,0,1,0,차대사람 - 횡단중,안전운전불이행,포장 - 건조,맑음,교차로 - 교차로부근,기타불명,기타불명,미분류,기타불명,보행자,남,42세,경상
11185,2019021200100066,2019년 2월 12일 06시,화요일,경기도 시흥시 정왕동,경상사고,0,0,1,0,차대사람 - 기타,안전운전불이행,포장 - 건조,맑음,단일로 - 기타,승용,남,59세,상해없음,보행자,남,36세,경상
11186,2019021200100099,2019년 2월 12일 08시,화요일,경기도 안산시 단원구 원시동,경상사고,0,0,1,0,차대사람 - 횡단중,안전운전불이행,포장 - 건조,맑음,교차로 - 교차로안,승용,여,41세,상해없음,보행자,여,23세,경상
11187,2019021200100101,2019년 2월 12일 08시,화요일,경기도 의왕시 포일동,중상사고,0,1,0,0,차대사람 - 횡단중,신호위반,포장 - 건조,맑음,단일로 - 기타,화물,남,57세,상해없음,보행자,남,25세,중상
11188,2019021200100124,2019년 2월 12일 08시,화요일,경기도 포천시 선단동,경상사고,0,0,1,0,차대사람 - 기타,안전운전불이행,포장 - 건조,맑음,단일로 - 기타,승합,남,61세,상해없음,보행자,남,65세,경상
11189,2019021200100167,2019년 2월 12일 09시,화요일,경기도 남양주시 오남읍,경상사고,0,0,1,0,차대사람 - 횡단중,안전운전불이행,포장 - 건조,맑음,주차장 - 주차장,승합,여,49세,상해없음,보행자,남,6세,경상
11190,2019021200100207,2019년 2월 12일 11시,화요일,경기도 안양시 동안구 호계동,경상사고,0,0,1,0,차대사람 - 차도통행중,안전운전불이행,포장 - 건조,맑음,단일로 - 기타,승용,여,43세,상해없음,보행자,여,67세,경상
11191,2019021200100229,2019년 2월 12일 12시,화요일,경기도 평택시 통복동,중상사고,0,1,0,0,차대사람 - 차도통행중,안전운전불이행,포장 - 건조,맑음,단일로 - 기타,승용,여,36세,상해없음,보행자,여,70세,중상
11192,2019021200100231,2019년 2월 12일 12시,화요일,경기도 김포시 사우동,중상사고,0,1,0,0,차대사람 - 차도통행중,안전운전불이행,포장 - 건조,맑음,기타 - 기타,승용,남,79세,상해없음,보행자,여,69세,중상
11193,2019021200100232,2019년 2월 12일 12시,화요일,경기도 부천시 심곡동,경상사고,0,0,1,0,차대사람 - 기타,기타,포장 - 건조,맑음,미분류 - 미분류,화물,남,32세,상해없음,보행자,여,76세,경상
11194,2019021200100234,2019년 2월 12일 12시,화요일,경기도 안산시 단원구 고잔동,경상사고,0,0,1,0,차대사람 - 보도통행중,신호위반,포장 - 건조,맑음,교차로 - 교차로안,승합,남,65세,상해없음,보행자,남,70세,경상
11195,2019021200100263,2019년 2월 12일 13시,화요일,경기도 광주시 송정동,경상사고,0,0,1,0,차대사람 - 기타,안전운전불이행,포장 - 건조,맑음,단일로 - 기타,승용,남,50세,상해없음,보행자,남,66세,경상
11196,2019021200100280,2019년 2월 12일 13시,화요일,경기도 파주시 금촌동,경상사고,0,0,1,0,차대사람 - 횡단중,안전운전불이행,포장 - 건조,맑음,교차로 - 교차로부근,승용,남,63세,상해없음,보행자,여,44세,경상
11197,2019021200100325,2019년 2월 12일 15시,화요일,경기도 고양시 덕양구 화정동,중상사고,0,1,0,0,차대사람 - 기타,안전운전불이행,포장 - 건조,맑음,단일로 - 기타,화물,남,31세,상해없음,보행자,여,55세,중상
11198,2019021200100337,2019년 2월 12일 16시,화요일,경기도 광주시 쌍령동,경상사고,0,0,1,0,차대사람 - 횡단중,보행자보호의무위반,포장 - 건조,맑음,단일로 - 기타,승용,남,25세,상해없음,보행자,여,11세,경상
11199,2019021200100358,2019년 2월 12일 16시,화요일,경기도 파주시 목동동,중상사고,0,1,0,0,차대사람 - 횡단중,안전운전불이행,포장 - 건조,맑음,교차로 - 교차로부근,승용,남,40세,상해없음,보행자,여,7세,중상
11200,2019021200100360,2019년 2월 12일 16시,화요일,경기도 가평군 가평읍,경상사고,0,0,1,0,차대사람 - 보도통행중,안전운전불이행,포장 - 건조,맑음,단일로 - 교량,개인형이동수단(PM),남,80세,상해없음,보행자,여,70세,경상
11201,2019021200100448,2019년 2월 12일 19시,화요일,경기도 부천시 중동,경상사고,0,0,1,0,차대사람 - 기타,중앙선침범,포장 - 건조,맑음,단일로 - 기타,이륜,남,26세,상해없음,보행자,남,24세,경상
11202,2019021200100482,2019년 2월 12일 20시,화요일,경기도 양주시 덕정동,중상사고,0,1,0,0,차대사람 - 횡단중,신호위반,포장 - 건조,맑음,교차로 - 교차로횡단보도내,승용,여,53세,상해없음,보행자,여,13세,중상
11203,2019021200100491,2019년 2월 12일 21시,화요일,경기도 광명시 광명동,부상신고사고,0,0,0,1,차대사람 - 횡단중,보행자보호의무위반,포장 - 건조,맑음,교차로 - 교차로횡단보도내,승용,남,62세,상해없음,보행자,남,68세,부상신고
11204,2019021300100065,2019년 2월 13일 04시,수요일,경기도 의정부시 의정부동,경상사고,0,0,1,0,차대사람 - 횡단중,안전운전불이행,포장 - 건조,맑음,단일로 - 기타,승용,남,72세,상해없음,보행자,남,32세,경상
11205,2019021300100090,2019년 2월 13일 06시,수요일,경기도 고양시 일산서구 일산동,경상사고,0,0,1,0,차대사람 - 횡단중,안전운전불이행,포장 - 건조,맑음,단일로 - 기타,승용,남,61세,상해없음,보행자,여,20세,경상
11206,2019021300100097,2019년 2월 13일 07시,수요일,경기도 용인시 처인구 유방동,경상사고,0,0,1,0,차대사람 - 횡단중,보행자보호의무위반,포장 - 건조,맑음,교차로 - 교차로안,승용,남,22세,상해없음,보행자,여,60세,경상
11207,2019021300100138,2019년 2월 13일 08시,수요일,경기도 고양시 일산서구 주엽동,부상신고사고,0,0,0,1,차대사람 - 횡단중,안전운전불이행,포장 - 건조,맑음,교차로 - 교차로횡단보도내,승합,남,60세,상해없음,보행자,여,79세,부상신고
11208,2019021300100150,2019년 2월 13일 09시,수요일,경기도 용인시 수지구 풍덕천동,경상사고,0,0,1,0,차대사람 - 횡단중,안전운전불이행,포장 - 건조,맑음,교차로 - 교차로안,승용,남,37세,상해없음,보행자,여,60세,경상
11209,2019021300100197,2019년 2월 13일 11시,수요일,경기도 성남시 중원구 금광동,중상사고,0,1,1,0,차대사람 - 횡단중,보행자보호의무위반,비포장 - 건조,맑음,단일로 - 기타,승용,남,42세,상해없음,보행자,여,79세,중상
11210,2019021300100199,2019년 2월 13일 11시,수요일,경기도 안산시 상록구 건건동,경상사고,0,0,1,0,차대사람 - 횡단중,안전운전불이행,포장 - 건조,맑음,교차로 - 교차로횡단보도내,승용,남,66세,상해없음,보행자,여,35세,경상
11211,2019021300100271,2019년 2월 13일 13시,수요일,경기도 양주시 덕계동,경상사고,0,0,1,0,차대사람 - 보도통행중,기타,포장 - 건조,맑음,기타 - 기타,승용,남,74세,상해없음,보행자,남,23세,경상
11212,2019021300100280,2019년 2월 13일 14시,수요일,경기도 이천시 관고동,부상신고사고,0,0,0,1,차대사람 - 차도통행중,안전운전불이행,포장 - 건조,맑음,단일로 - 기타,승용,여,24세,상해없음,보행자,남,79세,부상신고
11213,2019021300100281,2019년 2월 13일 14시,수요일,경기도 광주시 경안동,경상사고,0,0,1,0,차대사람 - 차도통행중,안전운전불이행,포장 - 건조,맑음,단일로 - 기타,화물,남,50세,상해없음,보행자,여,54세,경상
11214,2019021300100325,2019년 2월 13일 15시,수요일,경기도 안양시 만안구 안양동,중상사고,0,1,0,0,차대사람 - 차도통행중,안전운전불이행,포장 - 건조,맑음,교차로 - 교차로부근,승용,남,55세,상해없음,보행자,여,19세,중상
11215,2019021300100349,2019년 2월 13일 16시,수요일,경기도 안성시 죽산면,경상사고,0,0,1,0,차대사람 - 기타,안전운전불이행,포장 - 건조,맑음,교차로 - 교차로안,승용,남,28세,상해없음,보행자,여,82세,경상
11216,2019021300100381,2019년 2월 13일 17시,수요일,경기도 성남시 수정구 신흥동,중상사고,0,1,0,0,차대사람 - 보도통행중,안전운전불이행,포장 - 건조,맑음,단일로 - 기타,승용,여,59세,상해없음,보행자,남,39세,중상
11217,2019021300100395,2019년 2월 13일 17시,수요일,경기도 고양시 일산동구 백석동,경상사고,0,0,1,0,차대사람 - 기타,안전운전불이행,포장 - 건조,맑음,단일로 - 기타,승용,여,48세,상해없음,보행자,여,7세,경상
11218,2019021300100405,2019년 2월 13일 18시,수요일,경기도 수원시 장안구 천천동,경상사고,0,0,1,0,차대사람 - 횡단중,보행자보호의무위반,포장 - 건조,맑음,교차로 - 교차로횡단보도내,승합,남,52세,상해없음,보행자,여,16세,경상