,사고번호,사고일시,요일,시군구,사고내용,사망자수,중상자수,경상자수,부상신고자수,사고유형,법규위반,노면상태,기상상태,도로형태,가해운전자 차종,가해운전자 성별,가해운전자 연령,가해운전자 상해정도,피해운전자 차종,피해운전자 성별,피해운전자 연령,피해운전자 상해정도
11219,2019021300100406,2019년 2월 13일 18시,수요일,경기도 평택시 서정동,부상신고사고,0,0,0,1,차대사람 - 기타,안전운전불이행,포장 - 건조,맑음,기타 - 기타,승용,남,50세,상해없음,보행자,남,64세,부상신고
11220,2019021300100408,2019년 2월 13일 18시,수요일,경기도 안산시 단원구 와동,경상사고,0,0,1,0,차대사람 - 횡단중,보행자보호의무위반,포장 - 건조,맑음,교차로 - 교차로횡단보도내,화물,남,45세,상해없음,보행자,여,7세,경상
11221,2019021300100410,2019년 2월 13일 18시,수요일,경기도 군포시 당동,중상사고,0,1,0,0,차대사람 - 횡단중,보행자보호의무위반,포장 - 건조,맑음,단일로 - 기타,화물,남,53세,상해없음,보행자,여,48세,중상
11222,2019021300100448,2019년 2월 13일 18시,수요일,경기도 의정부시 의정부동,경상사고,0,0,1,0,차대사람 - 기타,안전운전불이행,포장 - 건조,맑음,단일로 - 기타,승합,여,41세,상해없음,보행자,남,12세,경상
11223,2019021300100450,2019년 2월 13일 18시,수요일,경기도 남양주시 진접읍,중상사고,0,1,0,0,차대사람 - 기타,기타,포장 - 건조,맑음,단일로 - 기타,기타불명,기타불명,미분류,기타불명,보행자,남,13세,중상
11224,2019021300100481,2019년 2월 13일 19시,수요일,경기도 남양주시 다산동,경상사고,0,0,1,0,차대사람 - 기타,안전운전불이행,포장 - 건조,맑음,단일로 - 기타,기타불명,기타불명,미분류,기타불명,보행자,여,25세,경상
11225,2019021300100482,2019년 2월 13일 19시,수요일,경기도 구리시 수택동,경상사고,0,0,1,0,차대사람 - 기타,안전운전불이행,포장 - 건조,맑음,단일로 - 기타,승용,여,48세,상해없음,보행자,여,66세,경상
11226,2019021300100496,2019년 2월 13일 20시,수요일,경기도 부천시 원미동,경상사고,0,0,1,0,차대사람 - 기타,안전운전불이행,포장 - 건조,맑음,교차로 - 교차로부근,화물,남,50세,상해없음,보행자,남,61세,경상
11227,2019021300100500,2019년 2월 13일 20시,수요일,경기도 시흥시 정왕동,경상사고,0,0,1,0,차대사람 - 기타,안전운전불이행,포장 - 건조,맑음,단일로 - 기타,승용,남,44세,상해없음,보행자,남,60세,경상
11228,2019021300100525,2019년 2월 13일 21시,수요일,경기도 화성시 남양읍,중상사고,0,1,0,0,차대사람 - 기타,안전운전불이행,포장 - 건조,맑음,교차로 - 교차로안,승용,여,39세,상해없음,보행자,여,43세,중상
11229,2019021300100544,2019년 2월 13일 22시,수요일,경기도 성남시 수정구 수진동,부상신고사고,0,0,0,1,차대사람 - 기타,보행자보호의무위반,포장 - 건조,맑음,단일로 - 기타,승합,남,46세,상해없음,보행자,남,52세,부상신고
11230,2019021300100545,2019년 2월 13일 22시,수요일,경기도 이천시 대월면,경상사고,0,0,1,0,차대사람 - 횡단중,신호위반,포장 - 건조,맑음,교차로 - 교차로안,승용,여,49세,상해없음,보행자,남,48세,경상
11231,2019021300100546,2019년 2월 13일 22시,수요일,경기도 부천시 중동,경상사고,0,0,1,0,차대사람 - 횡단중,안전운전불이행,포장 - 건조,맑음,단일로 - 기타,이륜,남,19세,상해없음,보행자,남,37세,경상
11232,2019021300100548,2019년 2월 13일 22시,수요일,경기도 수원시 권선구 권선동,경상사고,0,0,1,0,차대사람 - 횡단중,안전운전불이행,포장 - 건조,맑음,교차로 - 교차로횡단보도내,승용,남,63세,상해없음,보행자,남,27세,경상
11233,2019021300100569,2019년 2월 13일 23시,수요일,경기도 용인시 기흥구 마북동,중상사고,0,1,0,0,차대사람 - 횡단중,보행자보호의무위반,포장 - 건조,맑음,교차로 - 교차로안,승합,남,23세,상해없음,보행자,남,36세,중상
11234,2019021400100027,2019년 2월 14일 00시,목요일,경기도 오산시 오산동,사망사고,1,0,0,0,차대사람 - 기타,과속,포장 - 건조,맑음,단일로 - 기타,승용,남,48세,상해없음,보행자,여,68세,사망
11235,2019021400100038,2019년 2월 14일 02시,목요일,경기도 성남시 수정구 신흥동,경상사고,0,0,1,0,차대사람 - 기타,안전운전불이행,포장 - 건조,맑음,단일로 - 기타,승용,남,49세,상해없음,보행자,남,23세,경상
11236,2019021400100057,2019년 2월 14일 05시,목요일,경기도 고양시 일산동구 백석동,중상사고,0,1,0,0,차대사람 - 횡단중,안전운전불이행,포장 - 건조,맑음,교차로 - 교차로부근,승용,남,55세,상해없음,보행자,남,48세,중상
11237,2019021400100069,2019년 2월 14일 06시,목요일,경기도 양주시 옥정동,부상신고사고,0,0,0,2,차대사람 - 길가장자리구역통행중,안전운전불이행,포장 - 건조,맑음,단일로 - 기타,승용,남,49세,상해없음,보행자,남,34세,부상신고
11238,2019021400100070,2019년 2월 14일 06시,목요일,경기도 구리시 수택동,경상사고,0,0,1,0,차대사람 - 기타,안전운전불이행,포장 - 건조,맑음,단일로 - 기타,이륜,남,25세,상해없음,보행자,남,54세,경상
11239,2019021400100082,2019년 2월 14일 07시,목요일,경기도 화성시 봉담읍,부상신고사고,0,0,0,1,차대사람 - 횡단중,안전운전불이행,포장 - 건조,맑음,단일로 - 기타,승용,남,21세,상해없음,보행자,남,22세,부상신고
11240,2019021400100136,2019년 2월 14일 09시,목요일,경기도 부천시 심곡동,경상사고,0,0,1,0,차대사람 - 길가장자리구역통행중,안전운전불이행,포장 - 건조,맑음,단일로 - 기타,승용,남,56세,상해없음,보행자,여,67세,경상
11241,2019021400100161,2019년 2월 14일 10시,목요일,경기도 시흥시 신천동,경상사고,0,0,1,0,차대사람 - 기타,안전운전불이행,포장 - 건조,맑음,기타 - 기타,화물,남,38세,상해없음,보행자,남,19세,경상
11242,2019021400100189,2019년 2월 14일 11시,목요일,경기도 김포시 사우동,중상사고,0,1,0,0,차대사람 - 기타,안전운전불이행,포장 - 건조,맑음,단일로 - 기타,승합,남,62세,상해없음,보행자,여,70세,중상
11243,2019021400100195,2019년 2월 14일 11시,목요일,경기도 시흥시 과림동,중상사고,0,1,0,0,차대사람 - 기타,안전운전불이행,포장 - 건조,맑음,단일로 - 기타,승용,남,47세,상해없음,보행자,남,63세,중상
11244,2019021400100266,2019년 2월 14일 13시,목요일,경기도 고양시 일산동구 식사동,부상신고사고,0,0,0,1,차대사람 - 기타,안전운전불이행,포장 - 건조,맑음,기타 - 기타,승용,남,73세,상해없음,보행자,남,18세,부상신고
11245,2019021400100311,2019년 2월 14일 15시,목요일,경기도 성남시 수정구 태평동,경상사고,0,0,1,0,차대사람 - 횡단중,신호위반,포장 - 건조,맑음,교차로 - 교차로부근,승용,남,63세,상해없음,보행자,여,7세,경상
11246,2019021400100312,2019년 2월 14일 15시,목요일,경기도 광주시 역동,중상사고,0,1,0,0,차대사람 - 길가장자리구역통행중,중앙선침범,포장 - 건조,맑음,단일로 - 기타,승용,남,64세,상해없음,보행자,여,62세,중상
11247,2019021400100372,2019년 2월 14일 17시,목요일,경기도 시흥시 정왕동,중상사고,0,1,0,0,차대사람 - 기타,안전운전불이행,포장 - 건조,맑음,기타 - 기타,승용,남,64세,상해없음,보행자,남,41세,중상
11248,2019021400100412,2019년 2월 14일 18시,목요일,경기도 이천시 장호원읍,사망사고,1,0,0,0,차대사람 - 횡단중,신호위반,포장 - 건조,맑음,교차로 - 교차로부근,승합,남,57세,상해없음,보행자,여,71세,사망
11249,2019021400100415,2019년 2월 14일 18시,목요일,경기도 하남시 신장동,중상사고,0,1,0,0,차대사람 - 기타,안전운전불이행,포장 - 건조,맑음,단일로 - 기타,화물,남,50세,상해없음,보행자,여,51세,중상
11250,2019021400100449,2019년 2월 14일 18시,목요일,경기도 파주시 금촌동,경상사고,0,0,1,0,차대사람 - 기타,안전운전불이행,포장 - 건조,맑음,교차로 - 교차로부근,승용,남,54세,상해없음,보행자,남,27세,경상
11251,2019021400100450,2019년 2월 14일 18시,목요일,경기도 구리시 수택동,경상사고,0,0,1,0,차대사람 - 기타,안전운전불이행,포장 - 건조,맑음,교차로 - 교차로부근,승용,여,41세,상해없음,보행자,남,4세,경상
11252,2019021400100463,2019년 2월 14일 19시,목요일,경기도 광주시 경안동,경상사고,0,0,1,0,차대사람 - 차도통행중,안전운전불이행,포장 - 건조,흐림,교차로 - 교차로안,승용,남,43세,상해없음,보행자,남,60세,경상
11253,2019021400100465,2019년 2월 14일 19시,목요일,경기도 양평군 양평읍,사망사고,1,0,0,0,차대사람 - 기타,과속,포장 - 건조,기타,단일로 - 기타,승용,남,34세,상해없음,보행자,남,67세,사망
11254,2019021400100487,2019년 2월 14일 19시,목요일,경기도 고양시 덕양구 용두동,중상사고,0,1,0,0,차대사람 - 횡단중,안전운전불이행,포장 - 건조,맑음,단일로 - 기타,승용,여,42세,상해없음,보행자,남,57세,중상
11255,2019021400100494,2019년 2월 14일 20시,목요일,경기도 수원시 장안구 영화동,부상신고사고,0,0,0,1,차대사람 - 기타,안전운전불이행,포장 - 건조,맑음,단일로 - 기타,승용,남,52세,상해없음,보행자,여,49세,부상신고
11256,2019021400100497,2019년 2월 14일 20시,목요일,경기도 안양시 동안구 비산동,경상사고,0,0,1,0,차대사람 - 횡단중,보행자보호의무위반,포장 - 건조,맑음,교차로 - 교차로횡단보도내,승용,여,51세,상해없음,보행자,남,60세,경상
11257,2019021400100498,2019년 2월 14일 20시,목요일,경기도 부천시 상동,부상신고사고,0,0,0,1,차대사람 - 차도통행중,안전운전불이행,포장 - 건조,맑음,교차로 - 교차로부근,기타불명,기타불명,미분류,기타불명,보행자,남,51세,부상신고
11258,2019021400100531,2019년 2월 14일 21시,목요일,경기도 용인시 수지구 죽전동,중상사고,0,1,0,0,차대사람 - 횡단중,보행자보호의무위반,포장 - 건조,흐림,단일로 - 기타,승용,남,54세,상해없음,보행자,남,35세,중상
11259,2019021400100544,2019년 2월 14일 21시,목요일,경기도 남양주시 와부읍,중상사고,0,1,0,0,차대사람 - 기타,안전운전불이행,포장 - 건조,맑음,단일로 - 기타,승용,남,36세,상해없음,보행자,남,58세,중상
11260,2019021400100561,2019년 2월 14일 22시,목요일,경기도 성남시 분당구 궁내동,사망사고,1,0,0,0,차대사람 - 기타,안전운전불이행,포장 - 건조,맑음,교차로 - 교차로안,승합,남,46세,상해없음,보행자,남,57세,사망
11261,2019021500100067,2019년 2월 15일 05시,금요일,경기도 남양주시 진건읍,중상사고,0,1,0,0,차대사람 - 기타,안전운전불이행,포장 - 건조,맑음,단일로 - 기타,화물,남,57세,상해없음,보행자,남,59세,중상
11262,2019021500100081,2019년 2월 15일 06시,금요일,경기도 안산시 상록구 본오동,중상사고,0,1,0,0,차대사람 - 기타,안전운전불이행,포장 - 젖음/습기,눈,기타 - 기타,화물,남,63세,상해없음,보행자,남,57세,중상
11263,2019021500100083,2019년 2월 15일 06시,금요일,경기도 화성시 정남면,중상사고,0,1,0,0,차대사람 - 횡단중,안전운전불이행,포장 - 건조,맑음,교차로 - 교차로부근,승용,남,42세,상해없음,보행자,여,62세,중상
11264,2019021500100093,2019년 2월 15일 06시,금요일,경기도 양주시 광적면,중상사고,0,1,0,0,차대사람 - 길가장자리구역통행중,안전운전불이행,비포장 - 서리/결빙,눈,단일로 - 기타,승용,남,44세,상해없음,보행자,남,75세,중상
11265,2019021500100095,2019년 2월 15일 06시,금요일,경기도 동두천시 보산동,경상사고,0,0,1,0,차대사람 - 차도통행중,안전운전불이행,포장 - 적설,눈,단일로 - 기타,승용,남,45세,상해없음,보행자,남,49세,경상
11266,2019021500100107,2019년 2월 15일 07시,금요일,경기도 여주시 매룡동,부상신고사고,0,0,0,1,차대사람 - 기타,안전운전불이행,포장 - 건조,맑음,교차로 - 교차로안,승용,여,52세,상해없음,보행자,여,56세,부상신고
11267,2019021500100136,2019년 2월 15일 07시,금요일,경기도 의정부시 신곡동,경상사고,0,0,1,0,차대사람 - 횡단중,신호위반,포장 - 적설,눈,교차로 - 교차로횡단보도내,승용,남,37세,상해없음,보행자,남,37세,경상
11268,2019021500100137,2019년 2월 15일 07시,금요일,경기도 고양시 덕양구 향동동,경상사고,0,0,1,0,차대사람 - 횡단중,안전운전불이행,포장 - 적설,눈,단일로 - 기타,승용,남,36세,상해없음,보행자,남,45세,경상
11269,2019021500100191,2019년 2월 15일 08시,금요일,경기도 양주시 삼숭동,경상사고,0,0,1,0,차대사람 - 기타,안전운전불이행,포장 - 적설,눈,단일로 - 기타,승합,남,48세,상해없음,보행자,여,70세,경상
11270,2019021500100192,2019년 2월 15일 08시,금요일,경기도 구리시 수택동,중상사고,0,1,0,0,차대사람 - 횡단중,보행자보호의무위반,포장 - 적설,눈,교차로 - 교차로횡단보도내,화물,남,43세,상해없음,보행자,여,85세,중상
11271,2019021500100208,2019년 2월 15일 09시,금요일,경기도 성남시 중원구 상대원동,경상사고,0,0,1,0,차대사람 - 길가장자리구역통행중,중앙선침범,포장 - 건조,맑음,단일로 - 기타,기타불명,기타불명,미분류,기타불명,보행자,여,22세,경상
11272,2019021500100232,2019년 2월 15일 09시,금요일,경기도 연천군 전곡읍,중상사고,0,1,0,0,차대사람 - 길가장자리구역통행중,안전운전불이행,포장 - 서리/결빙,눈,교차로 - 교차로안,승용,여,61세,상해없음,보행자,여,49세,중상
11273,2019021500100240,2019년 2월 15일 10시,금요일,경기도 시흥시 신천동,경상사고,0,0,1,0,차대사람 - 기타,안전운전불이행,포장 - 서리/결빙,흐림,단일로 - 기타,승용,여,50세,상해없음,보행자,여,62세,경상
11274,2019021500100259,2019년 2월 15일 10시,금요일,경기도 양주시 마전동,사망사고,1,0,1,0,차대사람 - 기타,안전운전불이행,포장 - 적설,눈,단일로 - 기타,화물,남,42세,상해없음,보행자,남,66세,사망
11275,2019021500100273,2019년 2월 15일 11시,금요일,경기도 시흥시 신천동,중상사고,0,1,0,0,차대사람 - 기타,안전운전불이행,포장 - 젖음/습기,맑음,기타 - 기타,승합,남,45세,상해없음,보행자,여,85세,중상
11276,2019021500100302,2019년 2월 15일 12시,금요일,경기도 안양시 만안구 박달동,경상사고,0,0,1,0,차대사람 - 기타,안전운전불이행,포장 - 건조,맑음,단일로 - 기타,승용,남,37세,상해없음,보행자,남,49세,경상
11277,2019021500100323,2019년 2월 15일 13시,금요일,경기도 성남시 중원구 성남동,부상신고사고,0,0,0,1,차대사람 - 횡단중,기타,포장 - 건조,맑음,단일로 - 기타,기타불명,기타불명,미분류,기타불명,보행자,남,59세,부상신고
11278,2019021500100367,2019년 2월 15일 14시,금요일,경기도 화성시 향남읍,경상사고,0,0,1,0,차대사람 - 기타,안전운전불이행,포장 - 건조,맑음,단일로 - 기타,화물,남,31세,상해없음,보행자,여,69세,경상
11279,2019021500100385,2019년 2월 15일 14시,금요일,경기도 구리시 인창동,사망사고,1,0,0,0,차대사람 - 횡단중,안전운전불이행,포장 - 젖음/습기,흐림,교차로 - 교차로횡단보도내,승용,여,62세,상해없음,보행자,남,78세,사망
11280,2019021500100400,2019년 2월 15일 15시,금요일,경기도 군포시 금정동,중상사고,0,1,0,0,차대사람 - 횡단중,신호위반,포장 - 젖음/습기,눈,교차로 - 교차로안,승용,여,59세,상해없음,보행자,여,54세,중상
11281,2019021500100422,2019년 2월 15일 16시,금요일,경기도 수원시 장안구 천천동,중상사고,0,1,1,0,차대사람 - 기타,보행자보호의무위반,포장 - 젖음/습기,흐림,교차로 - 교차로안,이륜,남,31세,경상,보행자,여,52세,중상
11282,2019021500100448,2019년 2월 15일 16시,금요일,경기도 파주시 동패동,경상사고,0,0,1,0,차대사람 - 횡단중,안전운전불이행,포장 - 젖음/습기,눈,단일로 - 기타,기타불명,기타불명,미분류,기타불명,보행자,남,13세,경상
11283,2019021500100456,2019년 2월 15일 17시,금요일,경기도 수원시 팔달구 지동,경상사고,0,0,1,0,차대사람 - 횡단중,보행자보호의무위반,포장 - 젖음/습기,비,단일로 - 기타,승용,남,61세,상해없음,보행자,여,25세,경상
11284,2019021500100459,2019년 2월 15일 17시,금요일,경기도 광주시 경안동,경상사고,0,0,1,0,차대사람 - 기타,보행자보호의무위반,포장 - 건조,맑음,교차로 - 교차로안,승용,남,50세,상해없음,보행자,여,16세,경상
11285,2019021500100463,2019년 2월 15일 17시,금요일,경기도 광명시 철산동,경상사고,0,0,1,0,차대사람 - 기타,안전운전불이행,포장 - 적설,눈,단일로 - 기타,기타불명,기타불명,미분류,기타불명,보행자,남,52세,경상
11286,2019021500100497,2019년 2월 15일 18시,금요일,경기도 용인시 기흥구 청덕동,중상사고,0,1,0,0,차대사람 - 횡단중,보행자보호의무위반,포장 - 적설,눈,교차로 - 교차로안,승용,여,47세,상해없음,보행자,여,55세,중상
11287,2019021500100549,2019년 2월 15일 19시,금요일,경기도 평택시 평택동,부상신고사고,0,0,0,1,차대사람 - 기타,안전운전불이행,포장 - 젖음/습기,비,단일로 - 기타,승용,남,36세,상해없음,보행자,남,64세,부상신고
11288,2019021500100553,2019년 2월 15일 19시,금요일,경기도 시흥시 대야동,부상신고사고,0,0,0,1,차대사람 - 길가장자리구역통행중,안전운전불이행,포장 - 기타,기타,교차로 - 교차로부근,기타불명,기타불명,미분류,기타불명,보행자,여,27세,부상신고
11289,2019021500100587,2019년 2월 15일 19시,금요일,경기도 남양주시 금곡동,중상사고,0,1,0,0,차대사람 - 기타,안전운전불이행,포장 - 젖음/습기,맑음,단일로 - 기타,승합,남,49세,상해없음,보행자,남,69세,중상
11290,2019021500100605,2019년 2월 15일 20시,금요일,경기도 안산시 상록구 사동,경상사고,0,0,1,0,차대사람 - 횡단중,안전운전불이행,포장 - 건조,맑음,단일로 - 기타,승용,남,29세,상해없음,보행자,남,56세,경상
11291,2019021500100632,2019년 2월 15일 21시,금요일,경기도 평택시 비전동,경상사고,0,0,1,0,차대사람 - 기타,안전운전불이행,포장 - 서리/결빙,맑음,단일로 - 기타,승합,남,56세,상해없음,보행자,여,54세,경상
11292,2019021500100634,2019년 2월 15일 21시,금요일,경기도 광명시 광명동,부상신고사고,0,0,0,1,차대사람 - 기타,안전운전불이행,포장 - 젖음/습기,눈,단일로 - 기타,승용,남,31세,상해없음,보행자,남,53세,부상신고
11293,2019021500100653,2019년 2월 15일 22시,금요일,경기도 여주시 대신면,중상사고,0,1,0,0,차대사람 - 기타,안전운전불이행,포장 - 젖음/습기,눈,교차로 - 교차로안,승용,남,34세,상해없음,보행자,남,59세,중상
11294,2019021600100020,2019년 2월 16일 00시,토요일,경기도 성남시 분당구 야탑동,사망사고,1,0,0,0,차대사람 - 횡단중,안전운전불이행,포장 - 건조,맑음,기타 - 기타,승용,남,37세,상해없음,보행자,남,56세,사망
11295,2019021600100040,2019년 2월 16일 01시,토요일,경기도 안산시 단원구 고잔동,경상사고,0,0,1,0,차대사람 - 차도통행중,안전운전불이행,포장 - 건조,맑음,교차로 - 교차로부근,승용,남,34세,상해없음,보행자,남,24세,경상
11296,2019021600100087,2019년 2월 16일 06시,토요일,경기도 오산시 궐동,중상사고,0,1,0,0,차대사람 - 기타,안전운전불이행,포장 - 건조,맑음,교차로 - 교차로부근,승용,남,46세,상해없음,보행자,여,68세,중상
11297,2019021600100115,2019년 2월 16일 08시,토요일,경기도 광주시 초월읍,중상사고,0,1,0,0,차대사람 - 기타,안전운전불이행,포장 - 건조,맑음,단일로 - 기타,건설기계,남,45세,상해없음,보행자,여,60세,중상
11298,2019021600100202,2019년 2월 16일 11시,토요일,경기도 연천군 전곡읍,부상신고사고,0,0,0,1,차대사람 - 횡단중,안전운전불이행,포장 - 건조,맑음,주차장 - 주차장,승합,남,58세,상해없음,보행자,여,28세,부상신고
11299,2019021600100321,2019년 2월 16일 15시,토요일,경기도 시흥시 정왕동,중상사고,0,1,0,0,차대사람 - 횡단중,신호위반,포장 - 건조,맑음,교차로 - 교차로횡단보도내,승용,여,55세,상해없음,보행자,여,7세,중상
11300,2019021600100367,2019년 2월 16일 16시,토요일,경기도 안성시 삼죽면,경상사고,0,0,1,0,차대사람 - 기타,안전운전불이행,포장 - 건조,맑음,단일로 - 기타,승용,남,31세,상해없음,보행자,여,76세,경상
11301,2019021600100370,2019년 2월 16일 16시,토요일,경기도 부천시 상동,경상사고,0,0,1,0,차대사람 - 횡단중,신호위반,포장 - 건조,맑음,교차로 - 교차로안,이륜,남,39세,상해없음,보행자,남,9세,경상
11302,2019021600100414,2019년 2월 16일 17시,토요일,경기도 안양시 만안구 안양동,중상사고,0,1,0,0,차대사람 - 보도통행중,보행자보호의무위반,포장 - 건조,맑음,교차로 - 교차로횡단보도내,승용,남,37세,상해없음,보행자,남,81세,중상
11303,2019021600100512,2019년 2월 16일 19시,토요일,경기도 의정부시 낙양동,경상사고,0,0,1,0,차대사람 - 보도통행중,안전운전불이행,포장 - 서리/결빙,눈,단일로 - 기타,자전거,남,62세,상해없음,보행자,여,55세,경상
11304,2019021600100546,2019년 2월 16일 20시,토요일,경기도 고양시 덕양구 도내동,경상사고,0,0,1,0,차대사람 - 길가장자리구역통행중,안전운전불이행,포장 - 건조,맑음,기타 - 기타,승용,남,49세,상해없음,보행자,남,57세,경상
11305,2019021600100558,2019년 2월 16일 21시,토요일,경기도 안산시 단원구 신길동,중상사고,0,1,0,0,차대사람 - 기타,안전운전불이행,포장 - 건조,맑음,기타 - 기타,이륜,남,32세,상해없음,보행자,여,48세,중상
11306,2019021600100560,2019년 2월 16일 21시,토요일,경기도 용인시 수지구 죽전동,경상사고,0,0,1,0,차대사람 - 차도통행중,안전운전불이행,포장 - 건조,맑음,교차로 - 교차로횡단보도내,승용,남,34세,상해없음,보행자,여,77세,경상
11307,2019021600100576,2019년 2월 16일 21시,토요일,경기도 양주시 덕계동,경상사고,0,0,1,0,차대사람 - 기타,기타,포장 - 건조,맑음,단일로 - 기타,승용,남,42세,상해없음,보행자,여,28세,경상
11308,2019021700100035,2019년 2월 17일 00시,일요일,경기도 안산시 상록구 월피동,경상사고,0,0,1,0,차대사람 - 기타,안전운전불이행,포장 - 건조,흐림,교차로 - 교차로횡단보도내,승용,여,54세,상해없음,보행자,남,33세,경상
11309,2019021700100053,2019년 2월 17일 01시,일요일,경기도 부천시 상동,경상사고,0,0,2,0,차대사람 - 기타,안전운전불이행,포장 - 건조,맑음,기타 - 기타,승용,남,26세,상해없음,보행자,남,21세,경상
11310,2019021700100055,2019년 2월 17일 01시,일요일,경기도 수원시 권선구 권선동,경상사고,0,0,1,0,차대사람 - 기타,안전운전불이행,포장 - 건조,맑음,단일로 - 기타,승용,남,52세,상해없음,보행자,여,31세,경상
11311,2019021700100056,2019년 2월 17일 01시,일요일,경기도 수원시 팔달구 인계동,중상사고,0,1,0,0,차대사람 - 기타,안전운전불이행,포장 - 건조,맑음,교차로 - 교차로부근,승용,남,58세,상해없음,보행자,남,21세,중상
11312,2019021700100068,2019년 2월 17일 02시,일요일,경기도 안산시 단원구 고잔동,중상사고,0,1,0,0,차대사람 - 기타,안전운전불이행,포장 - 건조,맑음,기타 - 기타,이륜,남,24세,상해없음,보행자,남,63세,중상
11313,2019021700100080,2019년 2월 17일 02시,일요일,경기도 양주시 덕계동,경상사고,0,0,1,0,차대사람 - 차도통행중,안전운전불이행,포장 - 건조,맑음,교차로 - 교차로안,승용,남,52세,상해없음,보행자,남,53세,경상
11314,2019021700100215,2019년 2월 17일 13시,일요일,경기도 화성시 서신면,경상사고,0,0,1,0,차대사람 - 기타,안전운전불이행,포장 - 건조,맑음,주차장 - 주차장,승용,남,69세,상해없음,보행자,여,36세,경상
11315,2019021700100234,2019년 2월 17일 14시,일요일,경기도 광명시 소하동,중상사고,0,1,0,0,차대사람 - 횡단중,안전운전불이행,포장 - 건조,맑음,단일로 - 기타,승용,남,50세,상해없음,보행자,여,76세,중상
11316,2019021700100249,2019년 2월 17일 14시,일요일,경기도 양주시 삼숭동,경상사고,0,0,1,0,차대사람 - 기타,안전운전불이행,포장 - 건조,맑음,단일로 - 기타,승용,여,26세,상해없음,보행자,남,8세,경상
11317,2019021700100288,2019년 2월 17일 16시,일요일,경기도 이천시 창전동,부상신고사고,0,0,0,1,차대사람 - 차도통행중,안전운전불이행,포장 - 건조,맑음,단일로 - 기타,승용,남,35세,상해없음,보행자,남,58세,부상신고
11318,2019021700100311,2019년 2월 17일 17시,일요일,경기도 성남시 수정구 태평동,경상사고,0,0,1,0,차대사람 - 기타,보행자보호의무위반,포장 - 건조,맑음,단일로 - 기타,승용,여,62세,상해없음,보행자,여,48세,경상
11319,2019021700100312,2019년 2월 17일 17시,일요일,경기도 평택시 서정동,중상사고,0,1,0,0,차대사람 - 차도통행중,안전운전불이행,포장 - 건조,맑음,기타 - 기타,승용,남,36세,기타불명,보행자,남,38세,중상
11320,2019021700100319,2019년 2월 17일 17시,일요일,경기도 화성시 양감면,중상사고,0,1,0,0,차대사람 - 횡단중,신호위반,포장 - 건조,맑음,단일로 - 기타,승용,남,68세,상해없음,보행자,남,32세,중상
11321,2019021700100344,2019년 2월 17일 18시,일요일,경기도 평택시 합정동,부상신고사고,0,0,0,1,차대사람 - 기타,신호위반,포장 - 건조,맑음,교차로 - 교차로횡단보도내,승용,남,52세,상해없음,보행자,남,52세,부상신고
11322,2019021700100369,2019년 2월 17일 18시,일요일,경기도 고양시 일산서구 대화동,중상사고,0,1,0,0,차대사람 - 횡단중,신호위반,포장 - 건조,흐림,교차로 - 교차로부근,승합,남,55세,상해없음,보행자,여,51세,중상
11323,2019021700100382,2019년 2월 17일 19시,일요일,경기도 광주시 역동,중상사고,0,1,0,0,차대사람 - 기타,안전운전불이행,포장 - 건조,맑음,교차로 - 교차로안,승합,남,48세,상해없음,보행자,남,70세,중상
11324,2019021700100406,2019년 2월 17일 19시,일요일,경기도 남양주시 와부읍,중상사고,0,1,0,0,차대사람 - 기타,안전운전불이행,포장 - 건조,맑음,교차로 - 교차로부근,승용,남,53세,상해없음,보행자,남,32세,중상
11325,2019021700100432,2019년 2월 17일 20시,일요일,경기도 구리시 수택동,경상사고,0,0,1,0,차대사람 - 길가장자리구역통행중,안전운전불이행,포장 - 건조,흐림,교차로 - 교차로부근,승용,남,45세,상해없음,보행자,여,53세,경상
11326,2019021700100470,2019년 2월 17일 23시,일요일,경기도 안양시 만안구 안양동,사망사고,1,0,0,0,차대사람 - 기타,안전운전불이행,포장 - 건조,맑음,교차로 - 교차로안,승용,남,50세,상해없음,보행자,여,47세,사망
11327,2019021800100027,2019년 2월 18일 00시,월요일,경기도 수원시 팔달구 인계동,경상사고,0,0,1,0,차대사람 - 기타,안전운전불이행,포장 - 건조,맑음,기타 - 기타,승용,남,21세,상해없음,보행자,남,23세,경상
11328,2019021800100042,2019년 2월 18일 02시,월요일,경기도 광주시 경안동,경상사고,0,0,1,0,차대사람 - 기타,중앙선침범,포장 - 기타,기타,기타 - 기타,승용,남,29세,상해없음,보행자,남,36세,경상
11329,2019021800100051,2019년 2월 18일 04시,월요일,경기도 양평군 양평읍,경상사고,0,0,1,0,차대사람 - 기타,안전운전불이행,포장 - 건조,맑음,단일로 - 기타,기타불명,기타불명,미분류,기타불명,보행자,남,22세,경상
11330,2019021800100059,2019년 2월 18일 05시,월요일,경기도 수원시 영통구 영통동,사망사고,1,0,0,0,차대사람 - 횡단중,안전운전불이행,포장 - 건조,맑음,단일로 - 기타,승용,남,76세,상해없음,보행자,여,76세,사망
11331,2019021800100065,2019년 2월 18일 05시,월요일,경기도 남양주시 진접읍,중상사고,0,1,0,0,차대사람 - 횡단중,보행자보호의무위반,포장 - 건조,맑음,교차로 - 교차로횡단보도내,승용,남,56세,상해없음,보행자,여,70세,중상