,사고번호,사고일시,요일,시군구,사고내용,사망자수,중상자수,경상자수,부상신고자수,사고유형,법규위반,노면상태,기상상태,도로형태,가해운전자 차종,가해운전자 성별,가해운전자 연령,가해운전자 상해정도,피해운전자 차종,피해운전자 성별,피해운전자 연령,피해운전자 상해정도
11332,2019021800100071,2019년 2월 18일 06시,월요일,경기도 부천시 괴안동,경상사고,0,0,1,0,차대사람 - 차도통행중,보행자보호의무위반,포장 - 건조,맑음,교차로 - 교차로안,승용,남,54세,상해없음,보행자,남,31세,경상
11333,2019021800100073,2019년 2월 18일 06시,월요일,경기도 수원시 권선구 세류동,중상사고,0,1,0,0,차대사람 - 횡단중,신호위반,포장 - 건조,맑음,단일로 - 기타,승용,남,27세,상해없음,보행자,여,52세,중상
11334,2019021800100125,2019년 2월 18일 08시,월요일,경기도 부천시 괴안동,중상사고,0,1,0,0,차대사람 - 기타,안전운전불이행,포장 - 건조,맑음,교차로 - 교차로부근,승용,남,37세,상해없음,보행자,여,59세,중상
11335,2019021800100160,2019년 2월 18일 09시,월요일,경기도 부천시 원종동,경상사고,0,0,1,0,차대사람 - 횡단중,안전운전불이행,포장 - 건조,맑음,단일로 - 기타,화물,남,64세,상해없음,보행자,남,9세,경상
11336,2019021800100170,2019년 2월 18일 09시,월요일,경기도 고양시 덕양구 덕은동,중상사고,0,1,0,0,차대사람 - 횡단중,보행자보호의무위반,포장 - 건조,맑음,교차로 - 교차로안,승합,여,38세,상해없음,보행자,여,58세,중상
11337,2019021800100171,2019년 2월 18일 09시,월요일,경기도 고양시 일산동구 식사동,경상사고,0,0,1,0,차대사람 - 기타,안전운전불이행,비포장 - 건조,맑음,기타 - 기타,승용,남,44세,상해없음,보행자,남,51세,경상
11338,2019021800100172,2019년 2월 18일 09시,월요일,경기도 양주시 광적면,중상사고,0,1,0,0,차대사람 - 기타,보행자보호의무위반,포장 - 건조,맑음,교차로 - 교차로안,화물,남,62세,상해없음,보행자,여,80세,중상
11339,2019021800100183,2019년 2월 18일 10시,월요일,경기도 부천시 원미동,부상신고사고,0,0,0,1,차대사람 - 차도통행중,안전운전불이행,포장 - 건조,맑음,교차로 - 교차로부근,원동기,여,62세,상해없음,보행자,남,60세,부상신고
11340,2019021800100229,2019년 2월 18일 11시,월요일,경기도 남양주시 다산동,경상사고,0,0,1,0,차대사람 - 기타,안전운전불이행,포장 - 건조,맑음,단일로 - 기타,화물,남,68세,기타불명,보행자,남,44세,경상
11341,2019021800100236,2019년 2월 18일 12시,월요일,경기도 부천시 원미동,중상사고,0,1,0,0,차대사람 - 기타,안전운전불이행,포장 - 건조,맑음,단일로 - 기타,승용,남,54세,상해없음,보행자,남,53세,중상
11342,2019021800100237,2019년 2월 18일 12시,월요일,경기도 시흥시 장곡동,부상신고사고,0,0,0,1,차대사람 - 기타,안전운전불이행,포장 - 건조,맑음,단일로 - 기타,승용,여,51세,상해없음,보행자,여,8세,부상신고
11343,2019021800100239,2019년 2월 18일 12시,월요일,경기도 화성시 반월동,중상사고,0,1,0,0,차대사람 - 횡단중,중앙선침범,포장 - 건조,맑음,단일로 - 기타,승합,남,23세,상해없음,보행자,여,60세,중상
11344,2019021800100262,2019년 2월 18일 13시,월요일,경기도 수원시 팔달구 팔달로2가,중상사고,0,1,0,0,차대사람 - 횡단중,보행자보호의무위반,포장 - 건조,맑음,교차로 - 교차로횡단보도내,화물,남,38세,상해없음,보행자,여,75세,중상
11345,2019021800100264,2019년 2월 18일 13시,월요일,경기도 안산시 단원구 와동,경상사고,0,0,1,0,차대사람 - 횡단중,안전운전불이행,포장 - 건조,맑음,단일로 - 기타,이륜,남,30세,상해없음,보행자,남,57세,경상
11346,2019021800100268,2019년 2월 18일 13시,월요일,경기도 부천시 삼정동,중상사고,0,1,0,0,차대사람 - 횡단중,안전운전불이행,포장 - 건조,맑음,교차로 - 교차로부근,화물,남,61세,상해없음,보행자,여,76세,중상
11347,2019021800100285,2019년 2월 18일 14시,월요일,경기도 용인시 수지구 풍덕천동,경상사고,0,0,1,0,차대사람 - 보도통행중,안전운전불이행,포장 - 건조,맑음,기타 - 기타,기타불명,남,78세,상해없음,보행자,여,63세,경상
11348,2019021800100334,2019년 2월 18일 16시,월요일,경기도 부천시 소사본동,경상사고,0,0,2,0,차대사람 - 기타,안전운전불이행,포장 - 건조,맑음,교차로 - 교차로안,승용,남,54세,상해없음,보행자,남,16세,경상
11349,2019021800100356,2019년 2월 18일 16시,월요일,경기도 고양시 일산서구 일산동,경상사고,0,0,1,0,차대사람 - 횡단중,안전운전불이행,포장 - 건조,맑음,단일로 - 기타,이륜,남,37세,상해없음,보행자,남,53세,경상
11350,2019021800100372,2019년 2월 18일 17시,월요일,경기도 김포시 사우동,경상사고,0,0,1,0,차대사람 - 횡단중,안전운전불이행,포장 - 건조,맑음,단일로 - 기타,승용,여,63세,상해없음,보행자,여,16세,경상
11351,2019021800100376,2019년 2월 18일 17시,월요일,경기도 하남시 풍산동,중상사고,0,1,0,0,차대사람 - 기타,안전운전불이행,포장 - 건조,맑음,교차로 - 교차로부근,승합,남,56세,상해없음,보행자,남,66세,중상
11352,2019021800100408,2019년 2월 18일 18시,월요일,경기도 김포시 감정동,경상사고,0,0,2,0,차대사람 - 횡단중,보행자보호의무위반,포장 - 건조,맑음,기타 - 기타,승용,남,57세,상해없음,보행자,여,49세,경상
11353,2019021800100410,2019년 2월 18일 18시,월요일,경기도 성남시 분당구 구미동,중상사고,0,1,0,0,차대사람 - 횡단중,신호위반,포장 - 건조,기타,교차로 - 교차로안,승용,남,37세,상해없음,보행자,여,58세,중상
11354,2019021800100436,2019년 2월 18일 18시,월요일,경기도 고양시 덕양구 내유동,경상사고,0,0,1,0,차대사람 - 보도통행중,안전운전불이행,포장 - 건조,맑음,단일로 - 기타,승용,여,52세,상해없음,보행자,남,63세,경상
11355,2019021800100449,2019년 2월 18일 19시,월요일,경기도 성남시 분당구 서현동,부상신고사고,0,0,0,1,차대사람 - 기타,안전운전불이행,포장 - 건조,맑음,단일로 - 기타,승용,남,58세,상해없음,보행자,여,미분류,부상신고
11356,2019021800100469,2019년 2월 18일 19시,월요일,경기도 고양시 일산동구 백석동,중상사고,0,1,0,0,차대사람 - 횡단중,보행자보호의무위반,포장 - 건조,맑음,교차로 - 교차로안,특수,남,38세,상해없음,보행자,여,46세,중상
11357,2019021800100531,2019년 2월 18일 22시,월요일,경기도 안산시 단원구 고잔동,경상사고,0,0,1,0,차대사람 - 차도통행중,안전운전불이행,포장 - 건조,맑음,기타 - 기타,원동기,남,26세,기타불명,보행자,여,51세,경상
11358,2019021900100017,2019년 2월 19일 00시,화요일,경기도 안양시 동안구 관양동,중상사고,0,1,0,0,차대사람 - 횡단중,안전운전불이행,포장 - 건조,맑음,교차로 - 교차로부근,승용,남,66세,상해없음,보행자,남,74세,중상
11359,2019021900100021,2019년 2월 19일 00시,화요일,경기도 부천시 원종동,중상사고,0,1,0,0,차대사람 - 횡단중,안전운전불이행,포장 - 건조,맑음,교차로 - 교차로횡단보도내,승용,남,60세,상해없음,보행자,남,50세,중상
11360,2019021900100036,2019년 2월 19일 01시,화요일,경기도 의왕시 고천동,경상사고,0,0,1,0,차대사람 - 횡단중,안전운전불이행,포장 - 건조,흐림,단일로 - 기타,승용,남,64세,상해없음,보행자,남,49세,경상
11361,2019021900100052,2019년 2월 19일 02시,화요일,경기도 시흥시 정왕동,중상사고,0,1,0,0,차대사람 - 차도통행중,안전운전불이행,포장 - 건조,맑음,단일로 - 기타,승용,여,28세,상해없음,보행자,남,33세,중상
11362,2019021900100061,2019년 2월 19일 03시,화요일,경기도 이천시 창전동,경상사고,0,0,2,0,차대사람 - 횡단중,안전운전불이행,포장 - 적설,눈,교차로 - 교차로안,승용,남,26세,상해없음,보행자,남,23세,경상
11363,2019021900100074,2019년 2월 19일 04시,화요일,경기도 의정부시 의정부동,중상사고,0,1,0,0,차대사람 - 보도통행중,신호위반,포장 - 적설,눈,교차로 - 교차로횡단보도내,승용,남,53세,상해없음,보행자,여,38세,중상
11364,2019021900100101,2019년 2월 19일 06시,화요일,경기도 고양시 덕양구 대자동,중상사고,0,1,0,0,차대사람 - 보도통행중,안전운전불이행,포장 - 젖음/습기,눈,단일로 - 기타,승용,남,62세,상해없음,보행자,여,49세,중상
11365,2019021900100127,2019년 2월 19일 08시,화요일,경기도 평택시 서탄면,경상사고,0,0,1,0,차대사람 - 기타,안전운전불이행,포장 - 서리/결빙,눈,단일로 - 기타,승용,남,37세,상해없음,보행자,남,52세,경상
11366,2019021900100159,2019년 2월 19일 09시,화요일,경기도 안양시 만안구 안양동,중상사고,0,1,0,0,차대사람 - 차도통행중,안전운전불이행,포장 - 건조,맑음,교차로 - 교차로안,승용,남,68세,상해없음,보행자,여,60세,중상
11367,2019021900100187,2019년 2월 19일 10시,화요일,경기도 부천시 소사본동,경상사고,0,0,1,0,차대사람 - 횡단중,신호위반,포장 - 젖음/습기,눈,단일로 - 기타,승용,남,60세,상해없음,보행자,남,26세,경상
11368,2019021900100212,2019년 2월 19일 10시,화요일,경기도 구리시 수택동,부상신고사고,0,0,0,1,차대사람 - 보도통행중,신호위반,포장 - 젖음/습기,눈,교차로 - 교차로안,기타불명,기타불명,미분류,기타불명,보행자,여,49세,부상신고
11369,2019021900100236,2019년 2월 19일 11시,화요일,경기도 고양시 일산동구 장항동,경상사고,0,0,1,0,차대사람 - 횡단중,신호위반,포장 - 건조,흐림,교차로 - 교차로횡단보도내,승용,여,49세,상해없음,보행자,여,27세,경상
11370,2019021900100237,2019년 2월 19일 11시,화요일,경기도 고양시 일산서구 주엽동,중상사고,0,1,0,0,차대사람 - 횡단중,안전운전불이행,포장 - 건조,맑음,단일로 - 기타,화물,남,46세,상해없음,보행자,남,74세,중상
11371,2019021900100243,2019년 2월 19일 12시,화요일,경기도 용인시 기흥구 중동,경상사고,0,0,1,0,차대사람 - 횡단중,보행자보호의무위반,포장 - 젖음/습기,눈,교차로 - 교차로부근,이륜,남,44세,상해없음,보행자,여,44세,경상
11372,2019021900100256,2019년 2월 19일 12시,화요일,경기도 고양시 일산동구 중산동,경상사고,0,0,1,0,차대사람 - 차도통행중,안전운전불이행,포장 - 젖음/습기,흐림,단일로 - 기타,승용,남,33세,상해없음,보행자,여,71세,경상
11373,2019021900100262,2019년 2월 19일 13시,화요일,경기도 부천시 오정동,부상신고사고,0,0,0,1,차대사람 - 기타,안전운전불이행,포장 - 젖음/습기,맑음,교차로 - 교차로안,이륜,남,62세,상해없음,보행자,여,43세,부상신고
11374,2019021900100282,2019년 2월 19일 13시,화요일,경기도 남양주시 퇴계원면,경상사고,0,0,1,0,차대사람 - 보도통행중,안전운전불이행,포장 - 젖음/습기,흐림,주차장 - 주차장,화물,남,55세,상해없음,보행자,여,56세,경상
11375,2019021900100296,2019년 2월 19일 14시,화요일,경기도 평택시 이충동,부상신고사고,0,0,0,1,차대사람 - 횡단중,안전운전불이행,포장 - 건조,맑음,교차로 - 교차로횡단보도내,승용,남,42세,상해없음,보행자,남,12세,부상신고
11376,2019021900100316,2019년 2월 19일 14시,화요일,경기도 고양시 일산동구 마두동,경상사고,0,0,1,0,차대사람 - 기타,보행자보호의무위반,포장 - 건조,맑음,교차로 - 교차로횡단보도내,승용,여,35세,상해없음,보행자,여,71세,경상
11377,2019021900100343,2019년 2월 19일 15시,화요일,경기도 의정부시 신곡동,중상사고,0,1,0,0,차대사람 - 차도통행중,보행자보호의무위반,포장 - 젖음/습기,흐림,교차로 - 교차로안,승용,남,49세,상해없음,보행자,여,22세,중상
11378,2019021900100349,2019년 2월 19일 16시,화요일,경기도 김포시 운양동,경상사고,0,0,1,0,차대사람 - 기타,안전운전불이행,포장 - 건조,맑음,단일로 - 기타,승합,남,35세,상해없음,보행자,여,72세,경상
11379,2019021900100352,2019년 2월 19일 16시,화요일,경기도 안산시 상록구 사동,경상사고,0,0,1,0,차대사람 - 기타,안전운전불이행,포장 - 젖음/습기,흐림,단일로 - 기타,이륜,남,26세,상해없음,보행자,여,33세,경상
11380,2019021900100396,2019년 2월 19일 18시,화요일,경기도 용인시 처인구 이동읍,경상사고,0,0,1,0,차대사람 - 기타,안전운전불이행,포장 - 건조,맑음,단일로 - 기타,승용,남,23세,상해없음,보행자,남,26세,경상
11381,2019021900100402,2019년 2월 19일 18시,화요일,경기도 안산시 상록구 일동,경상사고,0,0,1,0,차대사람 - 횡단중,신호위반,포장 - 건조,맑음,교차로 - 교차로횡단보도내,승용,여,55세,상해없음,보행자,남,33세,경상
11382,2019021900100403,2019년 2월 19일 18시,화요일,경기도 하남시 초이동,부상신고사고,0,0,0,1,차대사람 - 횡단중,안전운전불이행,포장 - 건조,맑음,단일로 - 기타,기타불명,기타불명,미분류,기타불명,보행자,남,19세,부상신고
11383,2019021900100467,2019년 2월 19일 19시,화요일,경기도 고양시 덕양구 고양동,중상사고,0,1,1,0,차대사람 - 차도통행중,안전운전불이행,포장 - 건조,맑음,교차로 - 교차로안,승용,남,50세,상해없음,보행자,여,30세,경상
11384,2019021900100544,2019년 2월 19일 23시,화요일,경기도 양주시 장흥면,중상사고,0,1,0,0,차대사람 - 횡단중,안전운전불이행,포장 - 건조,맑음,교차로 - 교차로안,승용,남,35세,상해없음,보행자,남,24세,중상
11385,2019022000100064,2019년 2월 20일 05시,수요일,경기도 의정부시 가능동,경상사고,0,0,1,0,차대사람 - 횡단중,신호위반,포장 - 건조,맑음,교차로 - 교차로횡단보도내,승용,남,68세,상해없음,보행자,여,54세,경상
11386,2019022000100070,2019년 2월 20일 06시,수요일,경기도 용인시 수지구 신봉동,중상사고,0,1,0,0,차대사람 - 기타,안전운전불이행,포장 - 건조,맑음,교차로 - 교차로안,승용,여,36세,상해없음,보행자,남,65세,중상
11387,2019022000100099,2019년 2월 20일 07시,수요일,경기도 양주시 장흥면,중상사고,0,1,0,0,차대사람 - 횡단중,신호위반,포장 - 건조,맑음,단일로 - 기타,승용,여,51세,상해없음,보행자,여,30세,중상
11388,2019022000100104,2019년 2월 20일 08시,수요일,경기도 평택시 서정동,경상사고,0,0,1,0,차대사람 - 횡단중,안전운전불이행,포장 - 건조,맑음,단일로 - 기타,승용,남,56세,상해없음,보행자,여,29세,경상
11389,2019022000100106,2019년 2월 20일 08시,수요일,경기도 성남시 중원구 성남동,경상사고,0,0,1,0,차대사람 - 길가장자리구역통행중,안전운전불이행,포장 - 건조,맑음,단일로 - 기타,승용,남,22세,기타불명,보행자,남,23세,경상
11390,2019022000100137,2019년 2월 20일 09시,수요일,경기도 수원시 영통구 영통동,경상사고,0,0,1,0,차대사람 - 횡단중,보행자보호의무위반,포장 - 건조,맑음,교차로 - 교차로부근,승용,여,31세,상해없음,보행자,남,17세,경상
11391,2019022000100217,2019년 2월 20일 12시,수요일,경기도 용인시 기흥구 신갈동,경상사고,0,0,1,0,차대사람 - 길가장자리구역통행중,안전운전불이행,포장 - 건조,흐림,단일로 - 기타,승용,남,38세,상해없음,보행자,남,11세,경상
11392,2019022000100219,2019년 2월 20일 12시,수요일,경기도 안산시 상록구 본오동,경상사고,0,0,1,0,차대사람 - 횡단중,신호위반,포장 - 건조,맑음,교차로 - 교차로부근,자전거,남,16세,상해없음,보행자,남,58세,경상
11393,2019022000100254,2019년 2월 20일 13시,수요일,경기도 용인시 수지구 풍덕천동,중상사고,0,1,0,0,차대사람 - 횡단중,보행자보호의무위반,포장 - 건조,맑음,교차로 - 교차로횡단보도내,승용,여,37세,상해없음,보행자,남,77세,중상
11394,2019022000100295,2019년 2월 20일 14시,수요일,경기도 고양시 일산동구 사리현동,경상사고,0,0,1,0,차대사람 - 횡단중,안전운전불이행,포장 - 건조,맑음,단일로 - 기타,화물,남,67세,상해없음,보행자,남,8세,경상
11395,2019022000100297,2019년 2월 20일 14시,수요일,경기도 남양주시 화도읍,중상사고,0,1,0,0,차대사람 - 횡단중,안전운전불이행,포장 - 건조,맑음,단일로 - 기타,승용,남,48세,상해없음,보행자,남,65세,중상
11396,2019022000100307,2019년 2월 20일 15시,수요일,경기도 안성시 공도읍,중상사고,0,1,0,0,차대사람 - 기타,안전운전불이행,포장 - 건조,맑음,단일로 - 기타,승용,남,77세,상해없음,보행자,여,75세,중상
11397,2019022000100329,2019년 2월 20일 15시,수요일,경기도 남양주시 다산동,중상사고,0,1,0,0,차대사람 - 횡단중,안전운전불이행,포장 - 건조,맑음,단일로 - 기타,승용,여,50세,상해없음,보행자,남,8세,중상
11398,2019022000100356,2019년 2월 20일 16시,수요일,경기도 남양주시 진접읍,경상사고,0,0,1,0,차대사람 - 횡단중,보행자보호의무위반,포장 - 건조,맑음,교차로 - 교차로안,화물,남,52세,상해없음,보행자,여,36세,경상
11399,2019022000100396,2019년 2월 20일 18시,수요일,경기도 수원시 팔달구 중동,경상사고,0,0,1,0,차대사람 - 기타,안전운전불이행,포장 - 건조,맑음,주차장 - 주차장,승용,남,60세,상해없음,보행자,남,49세,경상
11400,2019022000100397,2019년 2월 20일 18시,수요일,경기도 용인시 처인구 운학동,사망사고,1,0,0,0,차대사람 - 횡단중,보행자보호의무위반,포장 - 건조,맑음,교차로 - 교차로부근,승용,여,31세,상해없음,보행자,여,80세,사망
11401,2019022000100398,2019년 2월 20일 18시,수요일,경기도 김포시 구래동,중상사고,0,1,0,0,차대사람 - 횡단중,신호위반,포장 - 건조,맑음,기타 - 기타,승용,남,57세,상해없음,보행자,여,20세,중상
11402,2019022000100444,2019년 2월 20일 19시,수요일,경기도 수원시 장안구 파장동,부상신고사고,0,0,0,1,차대사람 - 기타,안전운전불이행,포장 - 건조,맑음,교차로 - 교차로안,승용,여,57세,상해없음,보행자,남,15세,부상신고
11403,2019022000100445,2019년 2월 20일 19시,수요일,경기도 평택시 비전동,중상사고,0,1,0,0,차대사람 - 횡단중,안전운전불이행,포장 - 건조,맑음,교차로 - 교차로횡단보도내,승용,남,59세,상해없음,보행자,남,66세,중상
11404,2019022000100484,2019년 2월 20일 20시,수요일,경기도 성남시 수정구 양지동,중상사고,0,1,0,0,차대사람 - 기타,보행자보호의무위반,포장 - 건조,맑음,교차로 - 교차로횡단보도내,승용,남,57세,상해없음,보행자,남,61세,중상
11405,2019022000100502,2019년 2월 20일 21시,수요일,경기도 안양시 동안구 관양동,중상사고,0,1,0,0,차대사람 - 차도통행중,중앙선침범,포장 - 건조,맑음,기타 - 기타,승용,남,37세,상해없음,보행자,여,52세,중상
11406,2019022000100504,2019년 2월 20일 21시,수요일,경기도 광명시 소하동,경상사고,0,0,1,0,차대사람 - 길가장자리구역통행중,안전운전불이행,포장 - 건조,맑음,교차로 - 교차로안,승용,남,63세,상해없음,보행자,남,53세,경상
11407,2019022000100505,2019년 2월 20일 21시,수요일,경기도 성남시 중원구 성남동,중상사고,0,1,0,0,차대사람 - 기타,안전운전불이행,포장 - 건조,맑음,단일로 - 기타,승합,남,46세,상해없음,보행자,남,56세,중상
11408,2019022000100521,2019년 2월 20일 21시,수요일,경기도 고양시 덕양구 행신동,경상사고,0,0,1,0,차대사람 - 횡단중,안전운전불이행,포장 - 건조,맑음,교차로 - 교차로안,화물,남,58세,상해없음,보행자,남,64세,경상
11409,2019022000100531,2019년 2월 20일 22시,수요일,경기도 오산시 오산동,사망사고,1,0,0,0,차대사람 - 기타,안전운전불이행,포장 - 건조,맑음,단일로 - 기타,승용,남,26세,상해없음,보행자,여,56세,사망
11410,2019022000100533,2019년 2월 20일 22시,수요일,경기도 부천시 역곡동,경상사고,0,0,1,0,차대사람 - 횡단중,안전운전불이행,포장 - 건조,맑음,단일로 - 기타,승용,남,48세,상해없음,보행자,남,45세,경상
11411,2019022000100535,2019년 2월 20일 22시,수요일,경기도 안산시 상록구 일동,사망사고,1,0,0,0,차대사람 - 횡단중,안전운전불이행,포장 - 건조,맑음,단일로 - 기타,승용,남,34세,상해없음,보행자,남,79세,사망
11412,2019022000100542,2019년 2월 20일 22시,수요일,경기도 고양시 덕양구 성사동,중상사고,0,1,0,0,차대사람 - 기타,안전운전불이행,포장 - 건조,맑음,단일로 - 기타,승용,남,62세,상해없음,보행자,남,48세,중상
11413,2019022100100047,2019년 2월 21일 03시,목요일,경기도 평택시 동삭동,경상사고,0,0,1,0,차대사람 - 기타,안전운전불이행,포장 - 건조,맑음,교차로 - 교차로안,승용,남,59세,상해없음,보행자,남,27세,경상
11414,2019022100100061,2019년 2월 21일 05시,목요일,경기도 오산시 양산동,경상사고,0,0,1,0,차대사람 - 횡단중,보행자보호의무위반,포장 - 건조,맑음,교차로 - 교차로횡단보도내,승용,남,39세,상해없음,보행자,남,74세,경상
11415,2019022100100092,2019년 2월 21일 07시,목요일,경기도 오산시 부산동,경상사고,0,0,1,0,차대사람 - 횡단중,보행자보호의무위반,포장 - 건조,맑음,교차로 - 교차로횡단보도내,승용,여,44세,상해없음,보행자,남,72세,경상
11416,2019022100100094,2019년 2월 21일 07시,목요일,경기도 수원시 권선구 권선동,경상사고,0,0,1,0,차대사람 - 기타,기타,포장 - 건조,맑음,기타 - 기타,자전거,여,59세,상해없음,보행자,여,78세,경상
11417,2019022100100095,2019년 2월 21일 07시,목요일,경기도 성남시 중원구 금광동,중상사고,0,1,0,0,차대사람 - 횡단중,보행자보호의무위반,포장 - 건조,맑음,단일로 - 기타,승용,남,51세,상해없음,보행자,여,35세,중상
11418,2019022100100098,2019년 2월 21일 07시,목요일,경기도 화성시 우정읍,중상사고,0,1,0,0,차대사람 - 횡단중,신호위반,포장 - 건조,맑음,교차로 - 교차로횡단보도내,화물,남,66세,상해없음,보행자,여,64세,중상
11419,2019022100100116,2019년 2월 21일 08시,목요일,경기도 수원시 장안구 율전동,경상사고,0,0,1,0,차대사람 - 횡단중,보행자보호의무위반,포장 - 건조,맑음,교차로 - 교차로횡단보도내,승합,남,30세,상해없음,보행자,남,70세,경상
11420,2019022100100159,2019년 2월 21일 09시,목요일,경기도 성남시 분당구 서현동,경상사고,0,0,1,0,차대사람 - 기타,안전운전불이행,포장 - 건조,맑음,단일로 - 기타,승용,여,31세,상해없음,보행자,남,49세,경상
11421,2019022100100209,2019년 2월 21일 11시,목요일,경기도 이천시 증포동,경상사고,0,0,1,0,차대사람 - 차도통행중,안전운전불이행,포장 - 건조,맑음,단일로 - 기타,승용,남,31세,상해없음,보행자,남,57세,경상
11422,2019022100100274,2019년 2월 21일 13시,목요일,경기도 수원시 장안구 조원동,경상사고,0,0,1,0,차대사람 - 보도통행중,기타,포장 - 건조,맑음,단일로 - 기타,화물,남,53세,상해없음,보행자,남,41세,경상
11423,2019022100100314,2019년 2월 21일 14시,목요일,경기도 안산시 단원구 선부동,경상사고,0,0,1,0,차대사람 - 횡단중,보행자보호의무위반,포장 - 건조,맑음,교차로 - 교차로부근,승용,남,54세,상해없음,보행자,여,7세,경상
11424,2019022100100341,2019년 2월 21일 15시,목요일,경기도 광명시 철산동,부상신고사고,0,0,0,1,차대사람 - 차도통행중,안전운전불이행,포장 - 건조,맑음,단일로 - 기타,승용,남,32세,상해없음,보행자,남,73세,부상신고
11425,2019022100100342,2019년 2월 21일 15시,목요일,경기도 성남시 분당구 백현동,경상사고,0,0,1,0,차대사람 - 횡단중,보행자보호의무위반,포장 - 건조,맑음,교차로 - 교차로횡단보도내,기타불명,기타불명,미분류,기타불명,보행자,여,33세,경상
11426,2019022100100395,2019년 2월 21일 16시,목요일,경기도 고양시 덕양구 행신동,경상사고,0,0,1,0,차대사람 - 횡단중,보행자보호의무위반,포장 - 건조,맑음,교차로 - 교차로횡단보도내,승용,여,47세,상해없음,보행자,여,50세,경상
11427,2019022100100407,2019년 2월 21일 17시,목요일,경기도 용인시 수지구 풍덕천동,경상사고,0,0,1,0,차대사람 - 기타,안전운전불이행,포장 - 건조,맑음,단일로 - 기타,이륜,남,46세,상해없음,보행자,여,70세,경상
11428,2019022100100421,2019년 2월 21일 17시,목요일,경기도 남양주시 진접읍,부상신고사고,0,0,0,1,차대사람 - 차도통행중,안전운전불이행,포장 - 건조,맑음,단일로 - 기타,승용,여,63세,상해없음,보행자,여,14세,부상신고
11429,2019022100100422,2019년 2월 21일 17시,목요일,경기도 파주시 금촌동,부상신고사고,0,0,0,1,차대사람 - 길가장자리구역통행중,안전운전불이행,포장 - 건조,맑음,교차로 - 교차로부근,승용,남,48세,상해없음,보행자,여,70세,부상신고
11430,2019022100100437,2019년 2월 21일 18시,목요일,경기도 광주시 장지동,중상사고,0,1,0,0,차대사람 - 횡단중,안전운전불이행,포장 - 건조,맑음,기타 - 기타,승용,여,38세,상해없음,보행자,여,7세,중상
11431,2019022100100438,2019년 2월 21일 18시,목요일,경기도 광주시 직동,경상사고,0,0,1,0,차대사람 - 길가장자리구역통행중,안전운전불이행,포장 - 건조,맑음,단일로 - 기타,승용,남,60세,상해없음,보행자,여,56세,경상
11432,2019022100100445,2019년 2월 21일 18시,목요일,경기도 과천시 중앙동,경상사고,0,0,1,0,차대사람 - 차도통행중,안전운전불이행,포장 - 건조,맑음,교차로 - 교차로부근,승용,남,43세,상해없음,보행자,여,21세,경상
11433,2019022100100477,2019년 2월 21일 18시,목요일,경기도 의정부시 의정부동,중상사고,0,1,0,0,차대사람 - 횡단중,안전운전불이행,포장 - 건조,맑음,단일로 - 기타,이륜,남,49세,상해없음,보행자,남,78세,중상
11434,2019022100100478,2019년 2월 21일 18시,목요일,경기도 고양시 덕양구 성사동,경상사고,0,0,1,0,차대사람 - 기타,안전운전불이행,포장 - 건조,맑음,교차로 - 교차로안,승용,남,53세,상해없음,보행자,여,8세,경상
11435,2019022100100489,2019년 2월 21일 19시,목요일,경기도 성남시 수정구 태평동,중상사고,0,1,0,0,차대사람 - 횡단중,중앙선침범,포장 - 건조,맑음,단일로 - 기타,이륜,남,44세,상해없음,보행자,여,27세,중상
11436,2019022100100541,2019년 2월 21일 20시,목요일,경기도 화성시 장안면,경상사고,0,0,1,0,차대사람 - 길가장자리구역통행중,안전운전불이행,포장 - 젖음/습기,맑음,교차로 - 교차로안,승용,남,68세,상해없음,보행자,여,32세,경상
11437,2019022100100569,2019년 2월 21일 20시,목요일,경기도 동두천시 생연동,중상사고,0,1,0,0,차대사람 - 횡단중,안전운전불이행,포장 - 건조,맑음,단일로 - 기타,승용,남,46세,상해없음,보행자,여,74세,중상
11438,2019022100100575,2019년 2월 21일 21시,목요일,경기도 양평군 양평읍,경상사고,0,0,1,0,차대사람 - 기타,안전운전불이행,포장 - 건조,맑음,단일로 - 기타,승용,남,50세,상해없음,보행자,남,27세,경상
11439,2019022100100590,2019년 2월 21일 22시,목요일,경기도 부천시 약대동,경상사고,0,0,1,0,차대사람 - 보도통행중,기타,포장 - 건조,맑음,단일로 - 기타,승용,여,51세,상해없음,보행자,남,34세,경상
11440,2019022100100611,2019년 2월 21일 22시,목요일,경기도 구리시 수택동,경상사고,0,0,1,0,차대사람 - 기타,안전운전불이행,포장 - 건조,맑음,교차로 - 교차로안,승용,남,66세,상해없음,보행자,여,52세,경상
11441,2019022100100625,2019년 2월 21일 23시,목요일,경기도 수원시 팔달구 인계동,중상사고,0,1,0,0,차대사람 - 횡단중,안전운전불이행,포장 - 건조,맑음,교차로 - 교차로부근,승용,남,50세,상해없음,보행자,여,30세,중상
11442,2019022200100024,2019년 2월 22일 00시,금요일,경기도 성남시 수정구 수진동,사망사고,1,0,0,0,차대사람 - 횡단중,안전운전불이행,포장 - 건조,맑음,단일로 - 기타,승합,남,59세,상해없음,보행자,남,55세,사망
11443,2019022200100025,2019년 2월 22일 00시,금요일,경기도 부천시 중동,중상사고,0,1,0,0,차대사람 - 횡단중,신호위반,포장 - 건조,맑음,교차로 - 교차로횡단보도내,이륜,여,29세,상해없음,보행자,여,54세,중상