,사고번호,사고일시,요일,시군구,사고내용,사망자수,중상자수,경상자수,부상신고자수,사고유형,법규위반,노면상태,기상상태,도로형태,가해운전자 차종,가해운전자 성별,가해운전자 연령,가해운전자 상해정도,피해운전자 차종,피해운전자 성별,피해운전자 연령,피해운전자 상해정도
11444,2019022200100026,2019년 2월 22일 00시,금요일,경기도 안산시 상록구 사동,경상사고,0,0,1,0,차대사람 - 기타,안전운전불이행,포장 - 건조,맑음,교차로 - 교차로부근,승용,남,25세,기타불명,보행자,남,27세,경상
11445,2019022200100039,2019년 2월 22일 01시,금요일,경기도 안산시 단원구 고잔동,중상사고,0,1,0,0,차대사람 - 횡단중,신호위반,포장 - 건조,맑음,교차로 - 교차로횡단보도내,승용,남,27세,상해없음,보행자,여,21세,중상
11446,2019022200100083,2019년 2월 22일 05시,금요일,경기도 고양시 일산동구 중산동,중상사고,0,1,0,0,차대사람 - 횡단중,보행자보호의무위반,포장 - 건조,맑음,교차로 - 교차로횡단보도내,승용,남,55세,상해없음,보행자,여,76세,중상
11447,2019022200100091,2019년 2월 22일 06시,금요일,경기도 수원시 영통구 매탄동,중상사고,0,1,0,0,차대사람 - 횡단중,안전운전불이행,포장 - 건조,맑음,단일로 - 기타,승용,남,36세,상해없음,보행자,여,69세,중상
11448,2019022200100092,2019년 2월 22일 06시,금요일,경기도 성남시 분당구 서현동,경상사고,0,0,3,0,차대사람 - 기타,안전운전불이행,포장 - 건조,맑음,교차로 - 교차로부근,승합,남,68세,상해없음,보행자,남,9세,경상
11449,2019022200100134,2019년 2월 22일 08시,금요일,경기도 의왕시 오전동,중상사고,0,1,0,0,차대사람 - 횡단중,안전운전불이행,포장 - 건조,맑음,단일로 - 기타,승용,여,55세,상해없음,보행자,여,24세,중상
11450,2019022200100155,2019년 2월 22일 09시,금요일,경기도 김포시 대곶면,경상사고,0,0,1,0,차대사람 - 기타,안전운전불이행,포장 - 건조,맑음,기타 - 기타,승용,여,44세,상해없음,보행자,여,12세,경상
11451,2019022200100195,2019년 2월 22일 10시,금요일,경기도 포천시 소흘읍,중상사고,0,1,0,0,차대사람 - 횡단중,안전운전불이행,포장 - 건조,맑음,교차로 - 교차로부근,승용,남,48세,상해없음,보행자,여,56세,중상
11452,2019022200100204,2019년 2월 22일 11시,금요일,경기도 수원시 팔달구 팔달로2가,경상사고,0,0,1,0,차대사람 - 기타,안전운전불이행,포장 - 건조,맑음,단일로 - 기타,승용,남,30세,상해없음,보행자,여,59세,경상
11453,2019022200100238,2019년 2월 22일 12시,금요일,경기도 안양시 동안구 호계동,중상사고,0,1,0,0,차대사람 - 기타,기타,포장 - 건조,맑음,단일로 - 기타,승합,남,55세,상해없음,보행자,여,74세,중상
11454,2019022200100296,2019년 2월 22일 14시,금요일,경기도 이천시 호법면,경상사고,0,0,1,0,차대사람 - 기타,불법유턴,포장 - 건조,맑음,단일로 - 기타,승용,남,61세,상해없음,보행자,여,78세,경상
11455,2019022200100302,2019년 2월 22일 14시,금요일,경기도 부천시 작동,중상사고,0,1,0,0,차대사람 - 횡단중,안전운전불이행,포장 - 건조,맑음,교차로 - 교차로안,화물,남,31세,상해없음,보행자,남,56세,중상
11456,2019022200100324,2019년 2월 22일 14시,금요일,경기도 남양주시 진접읍,중상사고,0,1,0,0,차대사람 - 횡단중,보행자보호의무위반,포장 - 건조,맑음,교차로 - 교차로안,승합,남,45세,상해없음,보행자,남,67세,중상
11457,2019022200100341,2019년 2월 22일 15시,금요일,경기도 김포시 대곶면,경상사고,0,0,1,0,차대사람 - 기타,교차로운행방법위반,포장 - 건조,맑음,교차로 - 교차로안,화물,남,53세,기타불명,보행자,여,58세,경상
11458,2019022200100361,2019년 2월 22일 15시,금요일,경기도 파주시 금촌동,중상사고,0,1,0,0,차대사람 - 횡단중,안전운전불이행,포장 - 건조,맑음,교차로 - 교차로부근,승용,여,58세,상해없음,보행자,남,65세,중상
11459,2019022200100363,2019년 2월 22일 15시,금요일,경기도 포천시 일동면,경상사고,0,0,1,0,차대사람 - 기타,안전운전불이행,포장 - 건조,맑음,주차장 - 주차장,승합,남,63세,상해없음,보행자,남,55세,경상
11460,2019022200100370,2019년 2월 22일 16시,금요일,경기도 시흥시 신천동,경상사고,0,0,1,0,차대사람 - 기타,안전운전불이행,포장 - 건조,맑음,단일로 - 기타,화물,남,58세,상해없음,보행자,여,65세,경상
11461,2019022200100371,2019년 2월 22일 16시,금요일,경기도 화성시 능동,경상사고,0,0,1,0,차대사람 - 기타,안전운전불이행,포장 - 건조,맑음,기타 - 기타,승용,남,24세,상해없음,보행자,여,27세,경상
11462,2019022200100395,2019년 2월 22일 17시,금요일,경기도 광주시 경안동,중상사고,0,1,0,0,차대사람 - 기타,안전운전불이행,포장 - 건조,맑음,기타 - 기타,화물,남,58세,상해없음,보행자,여,40세,중상
11463,2019022200100445,2019년 2월 22일 18시,금요일,경기도 양주시 덕계동,부상신고사고,0,0,0,1,차대사람 - 차도통행중,안전운전불이행,포장 - 건조,맑음,교차로 - 교차로부근,승용,남,33세,상해없음,보행자,남,46세,부상신고
11464,2019022200100456,2019년 2월 22일 19시,금요일,경기도 성남시 수정구 신흥동,경상사고,0,0,1,1,차대사람 - 횡단중,안전운전불이행,포장 - 건조,맑음,단일로 - 기타,승용,남,65세,상해없음,보행자,남,61세,부상신고
11465,2019022200100459,2019년 2월 22일 19시,금요일,경기도 안산시 상록구 일동,경상사고,0,0,1,0,차대사람 - 기타,안전운전불이행,포장 - 건조,맑음,교차로 - 교차로안,화물,남,61세,상해없음,보행자,여,71세,경상
11466,2019022200100505,2019년 2월 22일 20시,금요일,경기도 화성시 봉담읍,경상사고,0,0,1,0,차대사람 - 기타,기타,포장 - 건조,맑음,단일로 - 기타,승합,남,39세,상해없음,보행자,여,18세,경상
11467,2019022200100530,2019년 2월 22일 20시,금요일,경기도 파주시 파주읍,경상사고,0,0,1,1,차대사람 - 기타,교차로운행방법위반,포장 - 건조,맑음,교차로 - 교차로안,승용,남,64세,상해없음,보행자,남,61세,경상
11468,2019022200100531,2019년 2월 22일 20시,금요일,경기도 연천군 전곡읍,중상사고,0,1,0,0,차대사람 - 횡단중,안전운전불이행,포장 - 건조,맑음,기타 - 기타,승용,남,68세,상해없음,보행자,여,61세,중상
11469,2019022200100549,2019년 2월 22일 21시,금요일,경기도 오산시 세교동,중상사고,0,1,0,0,차대사람 - 기타,기타,포장 - 건조,맑음,기타 - 기타,승용,남,48세,상해없음,보행자,여,62세,중상
11470,2019022200100552,2019년 2월 22일 21시,금요일,경기도 안산시 단원구 선부동,경상사고,0,0,1,0,차대사람 - 횡단중,신호위반,포장 - 건조,맑음,교차로 - 교차로횡단보도내,승용,남,53세,상해없음,보행자,남,49세,경상
11471,2019022200100553,2019년 2월 22일 21시,금요일,경기도 수원시 권선구 권선동,중상사고,0,1,0,0,차대사람 - 횡단중,안전운전불이행,포장 - 건조,맑음,단일로 - 기타,이륜,남,42세,상해없음,보행자,여,66세,중상
11472,2019022200100584,2019년 2월 22일 22시,금요일,경기도 이천시 창전동,경상사고,0,0,1,0,차대사람 - 기타,보행자보호의무위반,포장 - 건조,맑음,교차로 - 교차로안,이륜,남,18세,기타불명,보행자,남,39세,경상
11473,2019022200100586,2019년 2월 22일 22시,금요일,경기도 용인시 처인구 포곡읍,경상사고,0,0,1,0,차대사람 - 기타,안전운전불이행,포장 - 건조,맑음,단일로 - 기타,승용,남,28세,상해없음,보행자,남,46세,경상
11474,2019022200100589,2019년 2월 22일 22시,금요일,경기도 수원시 권선구 탑동,경상사고,0,0,1,0,차대사람 - 차도통행중,안전운전불이행,포장 - 건조,맑음,교차로 - 교차로부근,승합,남,38세,상해없음,보행자,남,27세,경상
11475,2019022200100619,2019년 2월 22일 23시,금요일,경기도 의정부시 의정부동,경상사고,0,0,1,0,차대사람 - 차도통행중,안전운전불이행,포장 - 건조,맑음,단일로 - 기타,승용,남,66세,상해없음,보행자,남,43세,경상
11476,2019022300100020,2019년 2월 23일 00시,토요일,경기도 성남시 수정구 태평동,경상사고,0,0,1,1,차대사람 - 횡단중,안전운전불이행,포장 - 건조,맑음,단일로 - 기타,승용,남,62세,상해없음,보행자,남,49세,부상신고
11477,2019022300100037,2019년 2월 23일 01시,토요일,경기도 수원시 팔달구 인계동,경상사고,0,0,1,0,차대사람 - 기타,안전운전불이행,포장 - 건조,맑음,교차로 - 교차로부근,승용,남,39세,상해없음,보행자,남,19세,경상
11478,2019022300100080,2019년 2월 23일 03시,토요일,경기도 고양시 덕양구 성사동,경상사고,0,0,1,0,차대사람 - 횡단중,안전운전불이행,포장 - 건조,맑음,교차로 - 교차로안,승용,여,57세,상해없음,보행자,남,47세,경상
11479,2019022300100162,2019년 2월 23일 08시,토요일,경기도 파주시 파주읍,중상사고,0,1,0,0,차대사람 - 횡단중,안전운전불이행,포장 - 건조,맑음,교차로 - 교차로안,화물,남,58세,상해없음,보행자,남,23세,중상
11480,2019022300100198,2019년 2월 23일 10시,토요일,경기도 양평군 양동면,중상사고,0,1,0,0,차대사람 - 기타,안전운전불이행,포장 - 건조,맑음,단일로 - 기타,화물,남,25세,상해없음,보행자,여,78세,중상
11481,2019022300100225,2019년 2월 23일 11시,토요일,경기도 성남시 수정구 신흥동,중상사고,0,1,0,0,차대사람 - 횡단중,안전운전불이행,포장 - 건조,맑음,단일로 - 기타,승용,여,59세,상해없음,보행자,여,52세,중상
11482,2019022300100228,2019년 2월 23일 11시,토요일,경기도 시흥시 정왕동,중상사고,0,1,0,0,차대사람 - 기타,안전운전불이행,포장 - 건조,맑음,단일로 - 기타,승합,남,33세,상해없음,보행자,남,34세,중상
11483,2019022300100263,2019년 2월 23일 12시,토요일,경기도 안산시 상록구 본오동,경상사고,0,0,1,0,차대사람 - 보도통행중,보행자보호의무위반,포장 - 건조,맑음,교차로 - 교차로횡단보도내,승용,남,45세,상해없음,보행자,남,44세,경상
11484,2019022300100283,2019년 2월 23일 12시,토요일,경기도 고양시 일산동구 백석동,경상사고,0,0,1,0,차대사람 - 횡단중,안전운전불이행,포장 - 건조,맑음,단일로 - 기타,이륜,남,61세,상해없음,보행자,남,17세,경상
11485,2019022300100286,2019년 2월 23일 12시,토요일,경기도 양주시 백석읍,사망사고,1,1,0,0,차대사람 - 기타,안전운전불이행,포장 - 건조,맑음,교차로 - 교차로부근,승용,여,65세,기타불명,보행자,여,47세,사망
11486,2019022300100287,2019년 2월 23일 12시,토요일,경기도 양주시 덕계동,경상사고,0,0,1,0,차대사람 - 기타,보행자보호의무위반,포장 - 건조,맑음,단일로 - 기타,승용,남,52세,상해없음,보행자,여,70세,경상
11487,2019022300100375,2019년 2월 23일 15시,토요일,경기도 성남시 수정구 복정동,경상사고,0,0,1,0,차대사람 - 기타,보행자보호의무위반,포장 - 건조,맑음,단일로 - 기타,승용,남,83세,상해없음,보행자,여,23세,경상
11488,2019022300100464,2019년 2월 23일 18시,토요일,경기도 용인시 기흥구 보라동,중상사고,0,1,0,0,차대사람 - 기타,안전운전불이행,포장 - 건조,맑음,단일로 - 기타,승용,남,31세,상해없음,보행자,남,7세,중상
11489,2019022300100465,2019년 2월 23일 18시,토요일,경기도 광명시 광명동,경상사고,0,0,1,0,차대사람 - 보도통행중,안전운전불이행,포장 - 건조,맑음,단일로 - 기타,이륜,남,57세,상해없음,보행자,여,39세,경상
11490,2019022300100466,2019년 2월 23일 18시,토요일,경기도 군포시 당동,중상사고,0,1,1,0,차대사람 - 횡단중,신호위반,포장 - 건조,맑음,단일로 - 기타,건설기계,남,60세,상해없음,보행자,남,57세,중상
11491,2019022300100487,2019년 2월 23일 18시,토요일,경기도 포천시 소흘읍,경상사고,0,0,1,0,차대사람 - 기타,안전운전불이행,포장 - 건조,맑음,기타 - 기타,승용,남,42세,상해없음,보행자,남,54세,경상
11492,2019022300100500,2019년 2월 23일 19시,토요일,경기도 평택시 통복동,경상사고,0,0,1,0,차대사람 - 기타,안전운전불이행,포장 - 건조,맑음,교차로 - 교차로부근,승용,여,46세,상해없음,보행자,남,43세,경상
11493,2019022300100538,2019년 2월 23일 20시,토요일,경기도 부천시 여월동,경상사고,0,0,1,0,차대사람 - 기타,안전운전불이행,포장 - 건조,맑음,단일로 - 기타,승합,남,61세,상해없음,보행자,남,27세,경상
11494,2019022300100547,2019년 2월 23일 20시,토요일,경기도 의정부시 의정부동,경상사고,0,0,1,0,차대사람 - 횡단중,신호위반,포장 - 건조,맑음,단일로 - 기타,이륜,남,18세,상해없음,보행자,남,24세,경상
11495,2019022300100570,2019년 2월 23일 21시,토요일,경기도 파주시 문산읍,경상사고,0,0,1,0,차대사람 - 횡단중,안전운전불이행,포장 - 건조,맑음,교차로 - 교차로부근,승용,남,54세,상해없음,보행자,남,53세,경상
11496,2019022300100578,2019년 2월 23일 22시,토요일,경기도 안양시 동안구 관양동,경상사고,0,0,2,0,차대사람 - 횡단중,신호위반,포장 - 건조,맑음,교차로 - 교차로횡단보도내,기타불명,기타불명,미분류,기타불명,보행자,남,54세,경상
11497,2019022400100021,2019년 2월 24일 00시,일요일,경기도 파주시 동패동,경상사고,0,0,1,0,차대사람 - 기타,안전운전불이행,포장 - 건조,맑음,주차장 - 주차장,승용,남,54세,상해없음,보행자,여,51세,경상
11498,2019022400100037,2019년 2월 24일 02시,일요일,경기도 평택시 포승읍,중상사고,0,1,1,0,차대사람 - 기타,안전운전불이행,포장 - 건조,맑음,단일로 - 기타,승합,남,22세,상해없음,보행자,남,49세,중상
11499,2019022400100046,2019년 2월 24일 03시,일요일,경기도 고양시 일산동구 장항동,경상사고,0,0,1,0,차대사람 - 기타,신호위반,포장 - 건조,맑음,교차로 - 교차로횡단보도내,승용,남,25세,상해없음,보행자,남,42세,경상
11500,2019022400100076,2019년 2월 24일 07시,일요일,경기도 파주시 문산읍,경상사고,0,0,1,0,차대사람 - 차도통행중,안전운전불이행,포장 - 건조,맑음,단일로 - 기타,승용,남,64세,상해없음,보행자,남,55세,경상
11501,2019022400100084,2019년 2월 24일 09시,일요일,경기도 김포시 장기동,경상사고,0,0,1,0,차대사람 - 기타,안전운전불이행,포장 - 건조,맑음,단일로 - 기타,승합,남,58세,상해없음,보행자,여,65세,경상
11502,2019022400100092,2019년 2월 24일 09시,일요일,경기도 의정부시 의정부동,경상사고,0,0,1,0,차대사람 - 보도통행중,안전운전불이행,포장 - 건조,맑음,단일로 - 기타,승용,남,31세,상해없음,보행자,여,52세,경상
11503,2019022400100189,2019년 2월 24일 13시,일요일,경기도 부천시 여월동,경상사고,0,0,1,0,차대사람 - 횡단중,안전운전불이행,포장 - 건조,맑음,교차로 - 교차로횡단보도내,승용,여,57세,상해없음,보행자,남,61세,경상
11504,2019022400100219,2019년 2월 24일 14시,일요일,경기도 이천시 장호원읍,경상사고,0,0,1,0,차대사람 - 길가장자리구역통행중,안전운전불이행,포장 - 건조,맑음,교차로 - 교차로안,승용,남,70세,상해없음,보행자,남,58세,경상
11505,2019022400100240,2019년 2월 24일 14시,일요일,경기도 양주시 덕정동,경상사고,0,0,1,0,차대사람 - 횡단중,안전운전불이행,포장 - 건조,맑음,교차로 - 교차로횡단보도내,기타불명,기타불명,미분류,기타불명,보행자,여,42세,경상
11506,2019022400100245,2019년 2월 24일 15시,일요일,경기도 부천시 심곡본동,경상사고,0,0,1,0,차대사람 - 기타,안전운전불이행,포장 - 건조,맑음,교차로 - 교차로부근,승용,여,52세,상해없음,보행자,남,58세,경상
11507,2019022400100246,2019년 2월 24일 15시,일요일,경기도 성남시 중원구 성남동,경상사고,0,0,1,0,차대사람 - 기타,안전운전불이행,포장 - 건조,맑음,교차로 - 교차로안,승용,남,71세,상해없음,보행자,남,68세,경상
11508,2019022400100264,2019년 2월 24일 15시,일요일,경기도 연천군 신서면,중상사고,0,1,0,0,차대사람 - 길가장자리구역통행중,안전운전불이행,포장 - 건조,맑음,단일로 - 기타,승합,남,70세,상해없음,보행자,남,64세,중상
11509,2019022400100270,2019년 2월 24일 16시,일요일,경기도 이천시 장호원읍,중상사고,0,1,0,0,차대사람 - 차도통행중,안전운전불이행,포장 - 건조,맑음,단일로 - 기타,승용,남,40세,상해없음,보행자,여,67세,중상
11510,2019022400100290,2019년 2월 24일 16시,일요일,경기도 남양주시 퇴계원면,경상사고,0,0,1,0,차대사람 - 횡단중,보행자보호의무위반,포장 - 건조,맑음,교차로 - 교차로횡단보도내,승용,남,73세,상해없음,보행자,남,34세,경상
11511,2019022400100302,2019년 2월 24일 17시,일요일,경기도 광명시 소하동,경상사고,0,0,5,1,차대사람 - 기타,안전운전불이행,포장 - 건조,맑음,단일로 - 기타,승용,여,52세,경상,보행자,여,39세,경상
11512,2019022400100320,2019년 2월 24일 17시,일요일,경기도 고양시 일산서구 대화동,경상사고,0,0,1,0,차대사람 - 기타,안전운전불이행,포장 - 건조,맑음,기타 - 기타,승용,여,36세,상해없음,보행자,남,29세,경상
11513,2019022400100341,2019년 2월 24일 18시,일요일,경기도 파주시 조리읍,경상사고,0,0,1,0,차대사람 - 기타,안전운전불이행,포장 - 건조,맑음,주차장 - 주차장,승용,여,36세,상해없음,보행자,남,39세,경상
11514,2019022400100383,2019년 2월 24일 20시,일요일,경기도 안양시 만안구 안양동,경상사고,0,0,1,0,차대사람 - 기타,안전운전불이행,포장 - 건조,맑음,교차로 - 교차로안,화물,남,48세,상해없음,보행자,남,52세,경상
11515,2019022400100398,2019년 2월 24일 20시,일요일,경기도 고양시 덕양구 토당동,경상사고,0,0,1,0,차대사람 - 기타,기타,포장 - 건조,맑음,단일로 - 기타,승합,남,46세,상해없음,보행자,남,64세,경상
11516,2019022400100420,2019년 2월 24일 21시,일요일,경기도 파주시 동패동,중상사고,0,1,0,0,차대사람 - 횡단중,안전운전불이행,포장 - 건조,맑음,교차로 - 교차로안,승용,여,46세,상해없음,보행자,여,57세,중상
11517,2019022400100425,2019년 2월 24일 22시,일요일,경기도 부천시 심곡동,경상사고,0,0,1,0,차대사람 - 길가장자리구역통행중,안전운전불이행,포장 - 건조,맑음,단일로 - 기타,승용,남,62세,상해없음,보행자,남,53세,경상
11518,2019022400100445,2019년 2월 24일 23시,일요일,경기도 군포시 금정동,경상사고,0,0,1,0,차대사람 - 기타,안전운전불이행,포장 - 건조,맑음,기타 - 기타,승용,남,57세,상해없음,보행자,여,66세,경상
11519,2019022500100026,2019년 2월 25일 00시,월요일,경기도 동두천시 지행동,경상사고,0,0,1,0,차대사람 - 기타,안전운전불이행,포장 - 건조,맑음,단일로 - 기타,승용,남,22세,상해없음,보행자,남,21세,경상
11520,2019022500100105,2019년 2월 25일 08시,월요일,경기도 용인시 기흥구 마북동,중상사고,0,1,0,0,차대사람 - 차도통행중,안전운전불이행,포장 - 건조,맑음,단일로 - 기타,화물,남,47세,상해없음,보행자,여,50세,중상
11521,2019022500100122,2019년 2월 25일 08시,월요일,경기도 고양시 일산서구 주엽동,경상사고,0,0,1,0,차대사람 - 횡단중,신호위반,포장 - 건조,맑음,교차로 - 교차로안,승용,여,56세,상해없음,보행자,여,48세,경상
11522,2019022500100130,2019년 2월 25일 09시,월요일,경기도 수원시 팔달구 화서동,경상사고,0,0,1,0,차대사람 - 기타,안전운전불이행,포장 - 건조,맑음,단일로 - 기타,승용,남,24세,상해없음,보행자,남,25세,경상
11523,2019022500100132,2019년 2월 25일 09시,월요일,경기도 안양시 동안구 호계동,중상사고,0,1,0,0,차대사람 - 기타,안전운전불이행,포장 - 건조,맑음,교차로 - 교차로부근,승용,남,75세,상해없음,보행자,여,83세,중상
11524,2019022500100133,2019년 2월 25일 09시,월요일,경기도 군포시 부곡동,중상사고,0,1,0,0,차대사람 - 횡단중,보행자보호의무위반,포장 - 건조,맑음,교차로 - 교차로부근,승용,남,46세,상해없음,보행자,여,74세,중상
11525,2019022500100203,2019년 2월 25일 11시,월요일,경기도 성남시 수정구 신흥동,중상사고,0,1,0,0,차대사람 - 횡단중,안전운전불이행,포장 - 건조,맑음,교차로 - 교차로횡단보도내,승용,여,58세,상해없음,보행자,여,55세,중상
11526,2019022500100205,2019년 2월 25일 11시,월요일,경기도 김포시 운양동,경상사고,0,0,1,0,차대사람 - 횡단중,안전운전불이행,포장 - 건조,맑음,교차로 - 교차로부근,승용,여,43세,상해없음,보행자,여,63세,경상
11527,2019022500100207,2019년 2월 25일 11시,월요일,경기도 부천시 원종동,중상사고,0,1,0,0,차대사람 - 기타,신호위반,포장 - 건조,맑음,교차로 - 교차로부근,승용,여,57세,상해없음,보행자,여,82세,중상
11528,2019022500100227,2019년 2월 25일 11시,월요일,경기도 파주시 금릉동,사망사고,1,0,0,0,차대사람 - 기타,안전운전불이행,포장 - 건조,맑음,단일로 - 기타,화물,남,63세,상해없음,보행자,여,60세,사망
11529,2019022500100238,2019년 2월 25일 12시,월요일,경기도 안산시 단원구 고잔동,경상사고,0,0,1,0,차대사람 - 기타,기타,포장 - 건조,맑음,기타 - 기타,승용,남,66세,상해없음,보행자,여,19세,경상
11530,2019022500100273,2019년 2월 25일 13시,월요일,경기도 안산시 상록구 부곡동,경상사고,0,0,1,0,차대사람 - 기타,안전운전불이행,포장 - 건조,맑음,단일로 - 기타,기타불명,기타불명,미분류,기타불명,보행자,여,36세,경상
11531,2019022500100274,2019년 2월 25일 13시,월요일,경기도 부천시 내동,중상사고,0,1,0,0,차대사람 - 횡단중,안전운전불이행,포장 - 건조,맑음,교차로 - 교차로안,승용,여,49세,상해없음,보행자,여,83세,중상
11532,2019022500100362,2019년 2월 25일 15시,월요일,경기도 의정부시 민락동,중상사고,0,1,0,0,차대사람 - 차도통행중,안전운전불이행,포장 - 건조,맑음,교차로 - 교차로부근,승용,남,62세,상해없음,보행자,남,8세,중상
11533,2019022500100398,2019년 2월 25일 17시,월요일,경기도 수원시 장안구 연무동,중상사고,0,1,0,0,차대사람 - 횡단중,보행자보호의무위반,포장 - 건조,맑음,교차로 - 교차로횡단보도내,화물,남,47세,상해없음,보행자,남,14세,중상
11534,2019022500100399,2019년 2월 25일 17시,월요일,경기도 성남시 수정구 태평동,경상사고,0,0,1,0,차대사람 - 보도통행중,보행자보호의무위반,포장 - 건조,맑음,기타 - 기타,승용,남,57세,상해없음,보행자,여,64세,경상
11535,2019022500100431,2019년 2월 25일 17시,월요일,경기도 의정부시 금오동,중상사고,0,1,0,0,차대사람 - 횡단중,보행자보호의무위반,포장 - 건조,맑음,교차로 - 교차로안,승용,여,74세,상해없음,보행자,여,26세,중상
11536,2019022500100484,2019년 2월 25일 19시,월요일,경기도 오산시 원동,중상사고,0,1,0,0,차대사람 - 횡단중,신호위반,포장 - 건조,맑음,교차로 - 교차로횡단보도내,이륜,남,39세,상해없음,보행자,남,48세,중상
11537,2019022500100519,2019년 2월 25일 19시,월요일,경기도 파주시 탄현면,중상사고,0,2,0,0,차대사람 - 횡단중,보행자보호의무위반,포장 - 건조,흐림,교차로 - 교차로횡단보도내,화물,남,45세,상해없음,보행자,남,58세,중상
11538,2019022500100520,2019년 2월 25일 19시,월요일,경기도 고양시 일산서구 덕이동,중상사고,0,1,0,0,차대사람 - 횡단중,신호위반,포장 - 건조,맑음,교차로 - 교차로안,화물,남,46세,상해없음,보행자,남,6세,중상
11539,2019022500100556,2019년 2월 25일 21시,월요일,경기도 안산시 상록구 일동,부상신고사고,0,0,0,1,차대사람 - 횡단중,안전운전불이행,포장 - 건조,맑음,교차로 - 교차로안,승용,남,36세,상해없음,보행자,남,59세,부상신고
11540,2019022500100557,2019년 2월 25일 21시,월요일,경기도 수원시 팔달구 매산로2가,중상사고,0,1,0,0,차대사람 - 횡단중,안전운전불이행,포장 - 건조,맑음,단일로 - 기타,승용,여,46세,상해없음,보행자,여,39세,중상
11541,2019022500100566,2019년 2월 25일 21시,월요일,경기도 고양시 덕양구 행신동,부상신고사고,0,0,0,1,차대사람 - 길가장자리구역통행중,안전운전불이행,포장 - 건조,맑음,단일로 - 기타,승용,남,34세,상해없음,보행자,남,47세,부상신고
11542,2019022500100567,2019년 2월 25일 21시,월요일,경기도 고양시 일산동구 식사동,경상사고,0,0,1,0,차대사람 - 기타,신호위반,포장 - 건조,맑음,교차로 - 교차로안,승용,남,58세,상해없음,보행자,남,21세,경상
11543,2019022500100569,2019년 2월 25일 21시,월요일,경기도 동두천시 생연동,중상사고,0,1,0,0,차대사람 - 횡단중,신호위반,포장 - 건조,맑음,단일로 - 기타,승용,여,64세,상해없음,보행자,여,24세,중상
11544,2019022500100591,2019년 2월 25일 22시,월요일,경기도 남양주시 금곡동,경상사고,0,0,1,0,차대사람 - 보도통행중,안전운전불이행,포장 - 건조,흐림,교차로 - 교차로안,승용,남,24세,상해없음,보행자,남,54세,경상
11545,2019022500100598,2019년 2월 25일 23시,월요일,경기도 성남시 중원구 성남동,경상사고,0,0,1,0,차대사람 - 차도통행중,안전운전불이행,포장 - 건조,맑음,교차로 - 교차로안,승합,남,43세,상해없음,보행자,남,36세,경상
11546,2019022600100127,2019년 2월 26일 08시,화요일,경기도 고양시 덕양구 행신동,중상사고,0,1,0,0,차대사람 - 기타,안전운전불이행,포장 - 건조,맑음,단일로 - 기타,기타불명,기타불명,미분류,기타불명,보행자,남,48세,중상
11547,2019022600100139,2019년 2월 26일 09시,화요일,경기도 부천시 소사본동,경상사고,0,0,1,0,차대사람 - 기타,보행자보호의무위반,포장 - 건조,맑음,교차로 - 교차로안,승용,남,55세,상해없음,보행자,남,60세,경상
11548,2019022600100142,2019년 2월 26일 09시,화요일,경기도 부천시 삼정동,부상신고사고,0,0,0,1,차대사람 - 횡단중,안전운전불이행,포장 - 건조,맑음,교차로 - 교차로안,승용,남,53세,상해없음,보행자,남,57세,부상신고
11549,2019022600100198,2019년 2월 26일 11시,화요일,경기도 하남시 망월동,중상사고,0,1,0,0,차대사람 - 횡단중,보행자보호의무위반,포장 - 건조,맑음,교차로 - 교차로안,승합,남,54세,상해없음,보행자,여,58세,중상
11550,2019022600100232,2019년 2월 26일 12시,화요일,경기도 부천시 원종동,중상사고,0,1,0,0,차대사람 - 횡단중,보행자보호의무위반,포장 - 건조,맑음,교차로 - 교차로횡단보도내,승합,남,49세,상해없음,보행자,남,60세,중상
11551,2019022600100260,2019년 2월 26일 13시,화요일,경기도 성남시 중원구 성남동,중상사고,0,1,0,0,차대사람 - 기타,안전운전불이행,포장 - 건조,맑음,단일로 - 기타,기타불명,기타불명,미분류,기타불명,보행자,여,12세,중상
11552,2019022600100278,2019년 2월 26일 13시,화요일,경기도 고양시 덕양구 관산동,부상신고사고,0,0,0,1,차대사람 - 길가장자리구역통행중,안전운전불이행,포장 - 건조,맑음,단일로 - 기타,승용,남,63세,상해없음,보행자,여,58세,부상신고
11553,2019022600100286,2019년 2월 26일 14시,화요일,경기도 이천시 창전동,경상사고,0,0,1,0,차대사람 - 기타,보행자보호의무위반,포장 - 건조,맑음,단일로 - 기타,원동기,남,73세,상해없음,보행자,여,70세,경상
11554,2019022600100322,2019년 2월 26일 15시,화요일,경기도 김포시 풍무동,경상사고,0,0,2,0,차대사람 - 보도통행중,기타,포장 - 건조,맑음,단일로 - 기타,화물,남,45세,상해없음,보행자,남,61세,경상
11555,2019022600100325,2019년 2월 26일 15시,화요일,경기도 화성시 봉담읍,경상사고,0,0,1,0,차대사람 - 횡단중,보행자보호의무위반,포장 - 건조,맑음,교차로 - 교차로횡단보도내,승합,여,43세,상해없음,보행자,남,11세,경상
11556,2019022600100355,2019년 2월 26일 16시,화요일,경기도 성남시 수정구 창곡동,경상사고,0,0,1,0,차대사람 - 보도통행중,신호위반,포장 - 건조,맑음,교차로 - 교차로부근,이륜,남,42세,상해없음,보행자,남,13세,경상