,사고번호,사고일시,요일,시군구,사고내용,사망자수,중상자수,경상자수,부상신고자수,사고유형,법규위반,노면상태,기상상태,도로형태,가해운전자 차종,가해운전자 성별,가해운전자 연령,가해운전자 상해정도,피해운전자 차종,피해운전자 성별,피해운전자 연령,피해운전자 상해정도
11557,2019022600100395,2019년 2월 26일 17시,화요일,경기도 부천시 송내동,경상사고,0,0,1,0,차대사람 - 횡단중,보행자보호의무위반,포장 - 건조,맑음,단일로 - 기타,승용,여,38세,상해없음,보행자,여,66세,경상
11558,2019022600100396,2019년 2월 26일 17시,화요일,경기도 오산시 원동,경상사고,0,0,1,0,차대사람 - 횡단중,보행자보호의무위반,포장 - 건조,맑음,기타 - 기타,기타불명,기타불명,미분류,기타불명,보행자,남,17세,경상
11559,2019022600100411,2019년 2월 26일 17시,화요일,경기도 의정부시 가능동,부상신고사고,0,0,0,1,차대사람 - 기타,안전운전불이행,포장 - 건조,맑음,단일로 - 기타,승용,남,42세,상해없음,보행자,남,53세,부상신고
11560,2019022600100429,2019년 2월 26일 18시,화요일,경기도 용인시 수지구 죽전동,부상신고사고,0,0,0,1,차대사람 - 기타,교차로운행방법위반,포장 - 건조,맑음,교차로 - 교차로안,승용,여,52세,상해없음,보행자,여,70세,부상신고
11561,2019022600100462,2019년 2월 26일 19시,화요일,경기도 광주시 장지동,경상사고,0,0,1,0,차대사람 - 횡단중,보행자보호의무위반,포장 - 건조,맑음,교차로 - 교차로횡단보도내,승용,남,73세,상해없음,보행자,남,50세,경상
11562,2019022600100469,2019년 2월 26일 19시,화요일,경기도 시흥시 대야동,중상사고,0,1,0,0,차대사람 - 차도통행중,안전운전불이행,포장 - 건조,맑음,교차로 - 교차로안,승용,남,30세,상해없음,보행자,남,60세,중상
11563,2019022600100482,2019년 2월 26일 19시,화요일,경기도 포천시 일동면,중상사고,0,1,0,0,차대사람 - 횡단중,안전운전불이행,포장 - 건조,맑음,단일로 - 기타,이륜,남,16세,상해없음,보행자,여,43세,중상
11564,2019022600100529,2019년 2월 26일 21시,화요일,경기도 고양시 덕양구 관산동,중상사고,0,1,0,0,차대사람 - 보도통행중,안전운전불이행,포장 - 건조,맑음,단일로 - 기타,승용,남,47세,상해없음,보행자,여,35세,중상
11565,2019022600100534,2019년 2월 26일 22시,화요일,경기도 안산시 단원구 선부동,경상사고,0,0,1,0,차대사람 - 횡단중,신호위반,포장 - 건조,맑음,교차로 - 교차로횡단보도내,승용,여,39세,상해없음,보행자,남,36세,경상
11566,2019022600100563,2019년 2월 26일 23시,화요일,경기도 시흥시 정왕동,중상사고,0,1,0,0,차대사람 - 횡단중,안전운전불이행,포장 - 건조,맑음,교차로 - 교차로안,승용,남,45세,상해없음,보행자,남,35세,중상
11567,2019022700100020,2019년 2월 27일 00시,수요일,경기도 용인시 기흥구 동백동,경상사고,0,0,1,0,차대사람 - 기타,안전운전불이행,포장 - 건조,맑음,단일로 - 기타,승용,남,38세,상해없음,보행자,남,39세,경상
11568,2019022700100035,2019년 2월 27일 01시,수요일,경기도 화성시 영천동,중상사고,0,1,0,0,차대사람 - 기타,기타,포장 - 건조,맑음,기타 - 기타,이륜,남,50세,상해없음,보행자,남,32세,중상
11569,2019022700100040,2019년 2월 27일 01시,수요일,경기도 파주시 목동동,부상신고사고,0,0,0,1,차대사람 - 횡단중,안전운전불이행,포장 - 건조,맑음,단일로 - 기타,승용,남,53세,상해없음,보행자,남,18세,부상신고
11570,2019022700100052,2019년 2월 27일 03시,수요일,경기도 안산시 단원구 초지동,중상사고,0,1,0,0,차대사람 - 차도통행중,과속,포장 - 건조,맑음,교차로 - 교차로안,승용,여,25세,상해없음,보행자,남,18세,중상
11571,2019022700100063,2019년 2월 27일 05시,수요일,경기도 고양시 덕양구 관산동,중상사고,0,1,0,0,차대사람 - 횡단중,과속,포장 - 건조,흐림,교차로 - 교차로부근,승용,남,59세,상해없음,보행자,남,74세,중상
11572,2019022700100082,2019년 2월 27일 06시,수요일,경기도 고양시 일산서구 일산동,중상사고,0,1,0,0,차대사람 - 기타,안전운전불이행,포장 - 건조,맑음,교차로 - 교차로부근,승용,여,56세,상해없음,보행자,남,60세,중상
11573,2019022700100108,2019년 2월 27일 08시,수요일,경기도 안산시 상록구 본오동,중상사고,0,1,0,0,차대사람 - 횡단중,안전운전불이행,포장 - 건조,맑음,교차로 - 교차로횡단보도내,화물,남,70세,상해없음,보행자,남,24세,중상
11574,2019022700100161,2019년 2월 27일 10시,수요일,경기도 수원시 팔달구 지동,경상사고,0,0,1,0,차대사람 - 차도통행중,안전운전불이행,포장 - 건조,맑음,기타 - 기타,승용,남,37세,기타불명,보행자,여,53세,경상
11575,2019022700100167,2019년 2월 27일 10시,수요일,경기도 부천시 고강동,중상사고,0,1,0,0,차대사람 - 횡단중,안전운전불이행,포장 - 건조,맑음,단일로 - 기타,승용,여,41세,상해없음,보행자,남,76세,중상
11576,2019022700100202,2019년 2월 27일 11시,수요일,경기도 화성시 향남읍,경상사고,0,0,1,0,차대사람 - 기타,안전운전불이행,포장 - 건조,맑음,기타 - 기타,화물,남,68세,상해없음,보행자,남,62세,경상
11577,2019022700100272,2019년 2월 27일 13시,수요일,경기도 고양시 일산서구 일산동,경상사고,0,0,1,0,차대사람 - 차도통행중,신호위반,포장 - 건조,맑음,단일로 - 기타,승용,남,65세,상해없음,보행자,남,19세,경상
11578,2019022700100279,2019년 2월 27일 14시,수요일,경기도 오산시 오산동,경상사고,0,0,1,0,차대사람 - 기타,기타,포장 - 건조,맑음,교차로 - 교차로부근,화물,남,32세,상해없음,보행자,남,58세,경상
11579,2019022700100297,2019년 2월 27일 14시,수요일,경기도 고양시 일산동구 정발산동,중상사고,0,1,0,0,차대사람 - 기타,안전운전불이행,포장 - 건조,맑음,단일로 - 기타,승합,남,58세,상해없음,보행자,여,65세,중상
11580,2019022700100309,2019년 2월 27일 15시,수요일,경기도 성남시 중원구 성남동,중상사고,0,1,0,0,차대사람 - 횡단중,안전운전불이행,포장 - 건조,맑음,단일로 - 기타,화물,남,49세,상해없음,보행자,남,74세,중상
11581,2019022700100341,2019년 2월 27일 16시,수요일,경기도 성남시 수정구 태평동,경상사고,0,0,1,0,차대사람 - 기타,안전운전불이행,포장 - 건조,맑음,기타 - 기타,승용,남,26세,상해없음,보행자,남,50세,경상
11582,2019022700100374,2019년 2월 27일 17시,수요일,경기도 용인시 기흥구 영덕동,경상사고,0,0,1,0,차대사람 - 횡단중,신호위반,포장 - 건조,맑음,단일로 - 기타,승용,여,60세,상해없음,보행자,남,10세,경상
11583,2019022700100378,2019년 2월 27일 17시,수요일,경기도 용인시 수지구 죽전동,경상사고,0,0,1,0,차대사람 - 기타,안전운전불이행,포장 - 건조,맑음,단일로 - 기타,승용,여,58세,상해없음,보행자,여,52세,경상
11584,2019022700100398,2019년 2월 27일 17시,수요일,경기도 고양시 일산동구 중산동,경상사고,0,0,1,0,차대사람 - 차도통행중,안전운전불이행,포장 - 건조,맑음,단일로 - 기타,승용,여,44세,상해없음,보행자,남,37세,경상
11585,2019022700100416,2019년 2월 27일 18시,수요일,경기도 수원시 장안구 영화동,중상사고,0,1,0,0,차대사람 - 기타,안전운전불이행,포장 - 건조,맑음,단일로 - 기타,승합,남,46세,상해없음,보행자,여,71세,중상
11586,2019022700100418,2019년 2월 27일 18시,수요일,경기도 이천시 갈산동,부상신고사고,0,0,0,1,차대사람 - 보도통행중,기타,포장 - 건조,맑음,기타 - 기타,이륜,남,40세,상해없음,보행자,여,43세,부상신고
11587,2019022700100499,2019년 2월 27일 20시,수요일,경기도 안산시 단원구 원시동,경상사고,0,0,1,0,차대사람 - 횡단중,신호위반,포장 - 건조,맑음,교차로 - 교차로횡단보도내,승용,남,37세,상해없음,보행자,남,35세,경상
11588,2019022700100546,2019년 2월 27일 22시,수요일,경기도 수원시 권선구 세류동,경상사고,0,0,1,0,차대사람 - 차도통행중,안전운전불이행,포장 - 건조,맑음,교차로 - 교차로부근,승용,남,43세,상해없음,보행자,남,25세,경상
11589,2019022700100548,2019년 2월 27일 22시,수요일,경기도 안산시 상록구 월피동,경상사고,0,0,1,0,차대사람 - 횡단중,보행자보호의무위반,포장 - 건조,맑음,단일로 - 기타,승용,여,48세,상해없음,보행자,여,22세,경상
11590,2019022700100578,2019년 2월 27일 23시,수요일,경기도 파주시 금촌동,경상사고,0,0,1,0,차대사람 - 횡단중,보행자보호의무위반,포장 - 건조,맑음,단일로 - 기타,기타불명,기타불명,미분류,기타불명,보행자,남,17세,경상
11591,2019022800100027,2019년 2월 28일 00시,목요일,경기도 성남시 수정구 태평동,중상사고,0,1,0,0,차대사람 - 차도통행중,안전운전불이행,포장 - 건조,맑음,단일로 - 기타,이륜,남,47세,상해없음,보행자,남,55세,중상
11592,2019022800100040,2019년 2월 28일 00시,목요일,경기도 구리시 인창동,중상사고,0,1,0,0,차대사람 - 차도통행중,안전운전불이행,포장 - 건조,맑음,단일로 - 기타,승용,남,54세,상해없음,보행자,남,77세,중상
11593,2019022800100054,2019년 2월 28일 01시,목요일,경기도 고양시 덕양구 내유동,사망사고,1,0,0,0,차대사람 - 횡단중,과속,포장 - 건조,맑음,교차로 - 교차로안,승용,남,50세,상해없음,보행자,남,52세,사망
11594,2019022800100062,2019년 2월 28일 03시,목요일,경기도 고양시 일산동구 장항동,중상사고,0,1,0,0,차대사람 - 횡단중,안전운전불이행,포장 - 건조,맑음,교차로 - 교차로부근,승용,여,30세,상해없음,보행자,여,25세,중상
11595,2019022800100064,2019년 2월 28일 04시,목요일,경기도 구리시 수택동,중상사고,0,1,0,0,차대사람 - 횡단중,안전운전불이행,포장 - 건조,맑음,단일로 - 기타,화물,남,60세,기타불명,보행자,남,13세,중상
11596,2019022800100094,2019년 2월 28일 07시,목요일,경기도 시흥시 정왕동,경상사고,0,0,1,0,차대사람 - 기타,안전운전불이행,포장 - 건조,맑음,단일로 - 기타,승용,남,29세,상해없음,보행자,여,55세,경상
11597,2019022800100118,2019년 2월 28일 08시,목요일,경기도 용인시 기흥구 농서동,경상사고,0,0,1,0,차대사람 - 길가장자리구역통행중,안전운전불이행,포장 - 건조,맑음,단일로 - 기타,승용,남,41세,상해없음,보행자,남,29세,경상
11598,2019022800100119,2019년 2월 28일 08시,목요일,경기도 김포시 하성면,경상사고,0,0,1,0,차대사람 - 횡단중,안전운전불이행,포장 - 건조,맑음,교차로 - 교차로안,화물,남,71세,상해없음,보행자,여,46세,경상
11599,2019022800100194,2019년 2월 28일 10시,목요일,경기도 의정부시 의정부동,부상신고사고,0,0,0,1,차대사람 - 기타,안전운전불이행,포장 - 건조,맑음,단일로 - 기타,승용,남,66세,상해없음,보행자,여,38세,부상신고
11600,2019022800100204,2019년 2월 28일 11시,목요일,경기도 성남시 분당구 구미동,중상사고,0,1,0,0,차대사람 - 기타,기타,포장 - 건조,맑음,기타 - 기타,승합,남,41세,상해없음,보행자,여,64세,중상
11601,2019022800100233,2019년 2월 28일 12시,목요일,경기도 안성시 공도읍,중상사고,0,1,0,0,차대사람 - 기타,안전운전불이행,포장 - 젖음/습기,맑음,교차로 - 교차로횡단보도내,건설기계,남,46세,상해없음,보행자,여,4세,중상
11602,2019022800100234,2019년 2월 28일 12시,목요일,경기도 안성시 공도읍,경상사고,0,0,1,0,차대사람 - 기타,안전운전불이행,포장 - 건조,흐림,주차장 - 주차장,화물,남,48세,상해없음,보행자,남,55세,경상
11603,2019022800100239,2019년 2월 28일 12시,목요일,경기도 성남시 분당구 야탑동,경상사고,0,0,1,0,차대사람 - 횡단중,보행자보호의무위반,포장 - 건조,맑음,교차로 - 교차로횡단보도내,승용,남,61세,상해없음,보행자,남,10세,경상
11604,2019022800100297,2019년 2월 28일 13시,목요일,경기도 포천시 소흘읍,중상사고,0,1,0,0,차대사람 - 횡단중,안전운전불이행,포장 - 건조,맑음,단일로 - 기타,승용,여,37세,상해없음,보행자,여,63세,중상
11605,2019022800100298,2019년 2월 28일 13시,목요일,경기도 고양시 일산서구 법곳동,중상사고,0,1,0,0,차대사람 - 횡단중,안전운전불이행,포장 - 건조,맑음,단일로 - 기타,승용,여,44세,상해없음,보행자,여,75세,중상
11606,2019022800100311,2019년 2월 28일 14시,목요일,경기도 수원시 팔달구 인계동,경상사고,0,0,1,0,차대사람 - 길가장자리구역통행중,안전운전불이행,포장 - 건조,맑음,단일로 - 기타,승용,여,29세,상해없음,보행자,남,37세,경상
11607,2019022800100377,2019년 2월 28일 16시,목요일,경기도 광주시 태전동,중상사고,0,1,0,0,차대사람 - 기타,기타,포장 - 건조,맑음,기타 - 기타,승합,남,50세,상해없음,보행자,여,24세,중상
11608,2019022800100444,2019년 2월 28일 18시,목요일,경기도 수원시 영통구 매탄동,경상사고,0,0,1,0,차대사람 - 횡단중,신호위반,포장 - 건조,맑음,교차로 - 교차로횡단보도내,승용,남,68세,상해없음,보행자,남,53세,경상
11609,2019022800100574,2019년 2월 28일 21시,목요일,경기도 용인시 처인구 김량장동,중상사고,0,1,0,0,차대사람 - 횡단중,안전운전불이행,포장 - 건조,맑음,교차로 - 교차로안,승용,남,28세,상해없음,보행자,남,49세,중상
11610,2019022800100577,2019년 2월 28일 21시,목요일,경기도 용인시 기흥구 마북동,중상사고,0,1,0,0,차대사람 - 차도통행중,안전운전불이행,포장 - 건조,맑음,교차로 - 교차로부근,승용,여,41세,상해없음,보행자,남,69세,중상
11611,2019022800100589,2019년 2월 28일 21시,목요일,경기도 남양주시 진접읍,부상신고사고,0,0,0,1,차대사람 - 횡단중,보행자보호의무위반,포장 - 건조,맑음,교차로 - 교차로횡단보도내,기타불명,기타불명,미분류,기타불명,보행자,여,19세,부상신고
11612,2019022800100591,2019년 2월 28일 21시,목요일,경기도 구리시 수택동,중상사고,0,1,0,0,차대사람 - 횡단중,안전운전불이행,포장 - 건조,맑음,단일로 - 기타,승합,남,52세,상해없음,보행자,남,28세,중상
11613,2019022800100623,2019년 2월 28일 23시,목요일,경기도 안양시 동안구 평촌동,중상사고,0,1,0,0,차대사람 - 차도통행중,안전운전불이행,포장 - 건조,맑음,교차로 - 교차로안,승용,여,56세,상해없음,보행자,여,51세,중상
11614,2019022800100639,2019년 2월 28일 23시,목요일,경기도 의정부시 녹양동,경상사고,0,0,1,0,차대사람 - 횡단중,신호위반,포장 - 건조,맑음,교차로 - 교차로횡단보도내,이륜,남,54세,상해없음,보행자,여,53세,경상
11615,2019022800100641,2019년 2월 28일 23시,목요일,경기도 포천시 선단동,중상사고,0,1,0,0,차대사람 - 횡단중,안전운전불이행,포장 - 건조,맑음,교차로 - 교차로안,승합,남,64세,상해없음,보행자,여,53세,중상
11616,2019030100100039,2019년 3월 1일 00시,금요일,경기도 김포시 운양동,중상사고,0,1,0,0,차대사람 - 기타,안전운전불이행,포장 - 건조,맑음,단일로 - 기타,승합,남,58세,상해없음,보행자,남,42세,중상
11617,2019030100100051,2019년 3월 1일 00시,금요일,경기도 파주시 문산읍,경상사고,0,0,1,0,차대사람 - 기타,안전운전불이행,포장 - 건조,맑음,단일로 - 기타,승용,남,54세,상해없음,보행자,여,22세,경상
11618,2019030100100056,2019년 3월 1일 01시,금요일,경기도 수원시 팔달구 인계동,경상사고,0,0,1,0,차대사람 - 기타,안전운전불이행,포장 - 건조,맑음,단일로 - 기타,승용,남,25세,상해없음,보행자,남,32세,경상
11619,2019030100100057,2019년 3월 1일 01시,금요일,경기도 화성시 진안동,경상사고,0,0,1,0,차대사람 - 기타,안전운전불이행,포장 - 건조,맑음,단일로 - 기타,승용,남,57세,상해없음,보행자,남,36세,경상
11620,2019030100100069,2019년 3월 1일 02시,금요일,경기도 안성시 대덕면,경상사고,0,0,1,0,차대사람 - 기타,안전운전불이행,포장 - 건조,맑음,단일로 - 기타,승용,남,39세,상해없음,보행자,남,37세,경상
11621,2019030100100070,2019년 3월 1일 02시,금요일,경기도 부천시 심곡동,경상사고,0,0,2,0,차대사람 - 차도통행중,안전운전불이행,포장 - 건조,맑음,단일로 - 기타,승용,남,22세,기타불명,보행자,남,24세,경상
11622,2019030100100078,2019년 3월 1일 03시,금요일,경기도 시흥시 미산동,사망사고,1,0,0,0,차대사람 - 차도통행중,안전운전불이행,포장 - 건조,맑음,교차로 - 교차로안,승용,남,42세,상해없음,보행자,남,59세,사망
11623,2019030100100096,2019년 3월 1일 05시,금요일,경기도 과천시 문원동,부상신고사고,0,0,0,1,차대사람 - 길가장자리구역통행중,안전운전불이행,포장 - 건조,맑음,단일로 - 기타,승용,남,57세,상해없음,보행자,남,49세,부상신고
11624,2019030100100164,2019년 3월 1일 10시,금요일,경기도 수원시 팔달구 지동,중상사고,0,1,0,0,차대사람 - 횡단중,보행자보호의무위반,포장 - 건조,맑음,교차로 - 교차로횡단보도내,화물,남,41세,상해없음,보행자,남,64세,중상
11625,2019030100100249,2019년 3월 1일 13시,금요일,경기도 남양주시 진접읍,중상사고,0,1,0,0,차대사람 - 횡단중,보행자보호의무위반,포장 - 건조,맑음,교차로 - 교차로안,이륜,남,42세,상해없음,보행자,여,11세,중상
11626,2019030100100262,2019년 3월 1일 14시,금요일,경기도 부천시 도당동,경상사고,0,0,1,0,차대사람 - 기타,안전운전불이행,포장 - 건조,맑음,단일로 - 기타,화물,남,47세,상해없음,보행자,여,87세,경상
11627,2019030100100285,2019년 3월 1일 14시,금요일,경기도 파주시 금촌동,중상사고,0,1,0,0,차대사람 - 횡단중,안전운전불이행,포장 - 건조,맑음,교차로 - 교차로안,승용,남,33세,상해없음,보행자,남,77세,중상
11628,2019030100100306,2019년 3월 1일 15시,금요일,경기도 고양시 덕양구 성사동,경상사고,0,0,1,0,차대사람 - 횡단중,중앙선침범,포장 - 건조,맑음,단일로 - 기타,이륜,남,19세,상해없음,보행자,여,51세,경상
11629,2019030100100366,2019년 3월 1일 18시,금요일,경기도 평택시 통복동,중상사고,0,1,1,0,차대사람 - 기타,안전운전불이행,포장 - 건조,맑음,교차로 - 교차로안,승용,남,23세,경상,보행자,남,59세,중상
11630,2019030100100367,2019년 3월 1일 18시,금요일,경기도 용인시 기흥구 보라동,중상사고,0,1,1,0,차대사람 - 횡단중,보행자보호의무위반,포장 - 건조,맑음,단일로 - 기타,승용,남,50세,상해없음,보행자,여,25세,중상
11631,2019030100100402,2019년 3월 1일 19시,금요일,경기도 수원시 장안구 율전동,경상사고,0,0,1,0,차대사람 - 기타,안전운전불이행,포장 - 건조,맑음,교차로 - 교차로안,승용,남,70세,상해없음,보행자,남,23세,경상
11632,2019030100100431,2019년 3월 1일 20시,금요일,경기도 용인시 기흥구 신갈동,중상사고,0,1,0,0,차대사람 - 횡단중,보행자보호의무위반,포장 - 건조,맑음,교차로 - 교차로횡단보도내,승용,남,47세,상해없음,보행자,여,60세,중상
11633,2019030100100433,2019년 3월 1일 20시,금요일,경기도 성남시 분당구 야탑동,경상사고,0,0,1,0,차대사람 - 기타,안전운전불이행,포장 - 건조,맑음,기타 - 기타,이륜,남,40세,상해없음,보행자,남,43세,경상
11634,2019030100100449,2019년 3월 1일 21시,금요일,경기도 성남시 수정구 태평동,경상사고,0,0,1,0,차대사람 - 기타,안전운전불이행,포장 - 건조,맑음,단일로 - 기타,승합,남,49세,상해없음,보행자,여,56세,경상
11635,2019030100100468,2019년 3월 1일 21시,금요일,경기도 고양시 일산서구 주엽동,경상사고,0,0,1,0,차대사람 - 기타,안전운전불이행,포장 - 건조,맑음,단일로 - 기타,승용,남,49세,상해없음,보행자,남,62세,경상
11636,2019030100100474,2019년 3월 1일 22시,금요일,경기도 수원시 팔달구 인계동,경상사고,0,0,1,0,차대사람 - 길가장자리구역통행중,안전운전불이행,포장 - 건조,맑음,단일로 - 기타,승용,남,34세,상해없음,보행자,남,28세,경상
11637,2019030100100484,2019년 3월 1일 22시,금요일,경기도 고양시 일산서구 일산동,경상사고,0,0,1,0,차대사람 - 기타,기타,포장 - 건조,흐림,단일로 - 기타,승합,남,60세,상해없음,보행자,여,67세,경상
11638,2019030100100488,2019년 3월 1일 23시,금요일,경기도 수원시 팔달구 교동,부상신고사고,0,0,0,1,차대사람 - 기타,안전운전불이행,포장 - 건조,맑음,단일로 - 기타,기타불명,기타불명,미분류,기타불명,보행자,남,56세,부상신고
11639,2019030100100498,2019년 3월 1일 23시,금요일,경기도 고양시 덕양구 대장동,중상사고,0,1,0,0,차대사람 - 횡단중,신호위반,포장 - 기타,맑음,단일로 - 기타,화물,남,41세,상해없음,보행자,남,24세,중상
11640,2019030200100025,2019년 3월 2일 01시,토요일,경기도 수원시 팔달구 인계동,중상사고,0,1,1,0,차대사람 - 횡단중,과속,포장 - 건조,맑음,단일로 - 기타,승용,남,41세,상해없음,보행자,여,19세,중상
11641,2019030200100074,2019년 3월 2일 06시,토요일,경기도 오산시 원동,중상사고,0,1,0,0,차대사람 - 기타,안전운전불이행,포장 - 건조,맑음,교차로 - 교차로부근,화물,남,37세,상해없음,보행자,남,57세,중상
11642,2019030200100075,2019년 3월 2일 06시,토요일,경기도 수원시 권선구 세류동,중상사고,0,1,0,0,차대사람 - 횡단중,안전운전불이행,포장 - 건조,맑음,단일로 - 기타,건설기계,남,59세,상해없음,보행자,여,80세,중상
11643,2019030200100141,2019년 3월 2일 10시,토요일,경기도 고양시 덕양구 원흥동,중상사고,0,1,0,0,차대사람 - 횡단중,신호위반,포장 - 건조,맑음,교차로 - 교차로안,승용,남,53세,상해없음,보행자,여,45세,중상
11644,2019030200100194,2019년 3월 2일 13시,토요일,경기도 용인시 기흥구 영덕동,중상사고,0,1,0,0,차대사람 - 횡단중,신호위반,포장 - 건조,맑음,교차로 - 교차로안,승용,남,32세,상해없음,보행자,여,67세,중상
11645,2019030200100225,2019년 3월 2일 14시,토요일,경기도 평택시 합정동,경상사고,0,0,1,0,차대사람 - 기타,보행자보호의무위반,포장 - 건조,맑음,교차로 - 교차로횡단보도내,이륜,남,56세,상해없음,보행자,여,24세,경상
11646,2019030200100228,2019년 3월 2일 14시,토요일,경기도 김포시 걸포동,경상사고,0,0,2,1,차대사람 - 기타,안전운전불이행,포장 - 건조,맑음,단일로 - 기타,자전거,남,49세,부상신고,보행자,여,11세,경상
11647,2019030200100231,2019년 3월 2일 14시,토요일,경기도 성남시 중원구 성남동,경상사고,0,0,1,0,차대사람 - 기타,안전운전불이행,포장 - 건조,맑음,단일로 - 기타,승용,여,55세,상해없음,보행자,남,37세,경상
11648,2019030200100232,2019년 3월 2일 14시,토요일,경기도 시흥시 신천동,경상사고,0,0,1,0,차대사람 - 기타,안전운전불이행,포장 - 건조,맑음,단일로 - 기타,승용,남,62세,상해없음,보행자,여,70세,경상
11649,2019030200100253,2019년 3월 2일 14시,토요일,경기도 고양시 덕양구 원흥동,사망사고,1,1,0,0,차대사람 - 횡단중,안전운전불이행,포장 - 건조,맑음,교차로 - 교차로횡단보도내,건설기계,남,46세,상해없음,보행자,여,82세,사망
11650,2019030200100261,2019년 3월 2일 15시,토요일,경기도 수원시 장안구 상광교동,중상사고,0,1,4,0,차대사람 - 기타,기타,포장 - 건조,맑음,단일로 - 기타,승용,여,60세,상해없음,보행자,남,52세,중상
11651,2019030200100264,2019년 3월 2일 15시,토요일,경기도 광명시 철산동,경상사고,0,0,1,0,차대사람 - 길가장자리구역통행중,안전운전불이행,포장 - 건조,맑음,단일로 - 기타,승용,남,28세,상해없음,보행자,여,15세,경상
11652,2019030200100266,2019년 3월 2일 15시,토요일,경기도 군포시 산본동,부상신고사고,0,0,0,1,차대사람 - 기타,기타,포장 - 건조,맑음,단일로 - 기타,승합,남,60세,상해없음,보행자,여,81세,부상신고
11653,2019030200100267,2019년 3월 2일 15시,토요일,경기도 성남시 중원구 상대원동,경상사고,0,0,1,0,차대사람 - 기타,기타,포장 - 건조,맑음,단일로 - 기타,승합,남,52세,상해없음,보행자,남,65세,경상
11654,2019030200100296,2019년 3월 2일 16시,토요일,경기도 이천시 증포동,경상사고,0,0,1,0,차대사람 - 횡단중,안전운전불이행,포장 - 건조,맑음,단일로 - 기타,승용,남,60세,상해없음,보행자,여,8세,경상
11655,2019030200100320,2019년 3월 2일 17시,토요일,경기도 부천시 원미동,부상신고사고,0,0,0,1,차대사람 - 기타,안전운전불이행,포장 - 건조,맑음,단일로 - 기타,기타불명,기타불명,미분류,기타불명,보행자,남,68세,부상신고
11656,2019030200100392,2019년 3월 2일 19시,토요일,경기도 안성시 대덕면,경상사고,0,0,1,0,차대사람 - 기타,안전운전불이행,포장 - 건조,기타,단일로 - 기타,승용,남,23세,상해없음,보행자,남,4세,경상
11657,2019030200100394,2019년 3월 2일 19시,토요일,경기도 광주시 오포읍,중상사고,0,1,0,0,차대사람 - 기타,안전운전불이행,포장 - 건조,맑음,교차로 - 교차로부근,화물,남,58세,상해없음,보행자,남,54세,중상
11658,2019030200100396,2019년 3월 2일 19시,토요일,경기도 군포시 금정동,중상사고,0,1,0,0,차대사람 - 횡단중,안전운전불이행,포장 - 건조,맑음,단일로 - 기타,승용,여,55세,상해없음,보행자,남,27세,중상
11659,2019030200100431,2019년 3월 2일 20시,토요일,경기도 광명시 철산동,경상사고,0,0,1,0,차대사람 - 횡단중,안전운전불이행,포장 - 건조,맑음,단일로 - 기타,승용,남,51세,상해없음,보행자,남,36세,경상
11660,2019030200100479,2019년 3월 2일 22시,토요일,경기도 평택시 비전동,경상사고,0,0,1,0,차대사람 - 기타,신호위반,포장 - 건조,맑음,교차로 - 교차로안,승용,여,66세,상해없음,보행자,남,58세,경상
11661,2019030200100480,2019년 3월 2일 22시,토요일,경기도 김포시 하성면,경상사고,0,0,1,0,차대사람 - 길가장자리구역통행중,안전운전불이행,포장 - 건조,맑음,단일로 - 기타,승용,남,61세,상해없음,보행자,여,57세,경상
11662,2019030300100023,2019년 3월 3일 00시,일요일,경기도 수원시 장안구 영화동,중상사고,0,1,0,0,차대사람 - 횡단중,안전운전불이행,포장 - 건조,맑음,단일로 - 기타,이륜,남,23세,상해없음,보행자,남,71세,중상
11663,2019030300100024,2019년 3월 3일 00시,일요일,경기도 안산시 상록구 사동,경상사고,0,0,1,0,차대사람 - 횡단중,안전운전불이행,포장 - 건조,맑음,교차로 - 교차로횡단보도내,승용,남,60세,상해없음,보행자,여,24세,경상
11664,2019030300100056,2019년 3월 3일 03시,일요일,경기도 수원시 장안구 율전동,부상신고사고,0,0,0,1,차대사람 - 기타,안전운전불이행,포장 - 건조,맑음,단일로 - 기타,승용,남,39세,상해없음,보행자,남,26세,부상신고
11665,2019030300100103,2019년 3월 3일 10시,일요일,경기도 안양시 동안구 평촌동,경상사고,0,0,1,0,차대사람 - 횡단중,안전운전불이행,포장 - 건조,맑음,단일로 - 기타,승용,여,70세,상해없음,보행자,여,23세,경상
11666,2019030300100127,2019년 3월 3일 11시,일요일,경기도 동두천시 지행동,경상사고,0,0,1,0,차대사람 - 차도통행중,안전운전불이행,포장 - 건조,맑음,단일로 - 기타,승용,여,69세,상해없음,보행자,남,54세,경상
11667,2019030300100133,2019년 3월 3일 12시,일요일,경기도 오산시 갈곶동,부상신고사고,0,0,0,1,차대사람 - 기타,안전운전불이행,포장 - 건조,맑음,단일로 - 기타,승용,남,57세,상해없음,보행자,남,49세,부상신고
11668,2019030300100152,2019년 3월 3일 13시,일요일,경기도 안산시 단원구 선부동,부상신고사고,0,0,0,1,차대사람 - 기타,안전운전불이행,포장 - 건조,맑음,교차로 - 교차로부근,승용,남,37세,상해없음,보행자,남,36세,부상신고
11669,2019030300100232,2019년 3월 3일 16시,일요일,경기도 오산시 오산동,경상사고,0,0,1,0,차대사람 - 기타,안전운전불이행,포장 - 건조,맑음,기타 - 기타,승용,남,61세,상해없음,보행자,남,24세,경상