,사고번호,사고일시,요일,시군구,사고내용,사망자수,중상자수,경상자수,부상신고자수,사고유형,법규위반,노면상태,기상상태,도로형태,가해운전자 차종,가해운전자 성별,가해운전자 연령,가해운전자 상해정도,피해운전자 차종,피해운전자 성별,피해운전자 연령,피해운전자 상해정도
11783,2019030800100539,2019년 3월 8일 18시,금요일,경기도 성남시 중원구 하대원동,부상신고사고,0,0,0,1,차대사람 - 횡단중,안전운전불이행,비포장 - 건조,맑음,단일로 - 기타,기타불명,기타불명,미분류,기타불명,보행자,남,58세,부상신고
11784,2019030800100577,2019년 3월 8일 18시,금요일,경기도 의정부시 호원동,중상사고,0,1,0,0,차대사람 - 횡단중,보행자보호의무위반,포장 - 건조,맑음,교차로 - 교차로횡단보도내,승용,여,28세,상해없음,보행자,남,77세,중상
11785,2019030800100580,2019년 3월 8일 18시,금요일,경기도 고양시 일산서구 일산동,중상사고,0,1,0,0,차대사람 - 길가장자리구역통행중,신호위반,포장 - 건조,맑음,단일로 - 기타,승용,남,75세,상해없음,보행자,여,54세,중상
11786,2019030800100602,2019년 3월 8일 19시,금요일,경기도 화성시 청계동,중상사고,0,1,0,0,차대사람 - 횡단중,보행자보호의무위반,포장 - 건조,맑음,교차로 - 교차로안,이륜,남,35세,상해없음,보행자,남,39세,중상
11787,2019030800100640,2019년 3월 8일 20시,금요일,경기도 광주시 오포읍,중상사고,0,1,0,0,차대사람 - 기타,안전운전불이행,포장 - 건조,맑음,단일로 - 기타,화물,남,61세,상해없음,보행자,여,20세,중상
11788,2019030800100668,2019년 3월 8일 20시,금요일,경기도 고양시 일산서구 탄현동,경상사고,0,0,1,0,차대사람 - 횡단중,신호위반,포장 - 건조,맑음,교차로 - 교차로안,이륜,남,17세,상해없음,보행자,남,70세,경상
11789,2019030800100722,2019년 3월 8일 23시,금요일,경기도 안산시 상록구 이동,경상사고,0,0,1,1,차대사람 - 차도통행중,안전운전불이행,포장 - 건조,맑음,단일로 - 기타,이륜,남,43세,부상신고,보행자,남,35세,경상
11790,2019030900100030,2019년 3월 9일 00시,토요일,경기도 시흥시 정왕동,중상사고,0,1,0,0,차대사람 - 횡단중,과속,포장 - 건조,맑음,단일로 - 기타,승합,남,57세,상해없음,보행자,남,37세,중상
11791,2019030900100036,2019년 3월 9일 00시,토요일,경기도 남양주시 금곡동,중상사고,0,1,0,0,차대사람 - 횡단중,안전운전불이행,포장 - 건조,맑음,교차로 - 교차로횡단보도내,승용,남,59세,상해없음,보행자,남,50세,중상
11792,2019030900100043,2019년 3월 9일 01시,토요일,경기도 성남시 분당구 이매동,경상사고,0,0,1,0,차대사람 - 기타,안전운전불이행,포장 - 건조,맑음,교차로 - 교차로안,승용,남,56세,상해없음,보행자,여,60세,경상
11793,2019030900100060,2019년 3월 9일 02시,토요일,경기도 수원시 팔달구 인계동,중상사고,0,1,0,0,차대사람 - 횡단중,안전운전불이행,포장 - 건조,맑음,단일로 - 기타,승용,남,72세,상해없음,보행자,남,55세,중상
11794,2019030900100093,2019년 3월 9일 05시,토요일,경기도 용인시 수지구 풍덕천동,중상사고,0,1,0,0,차대사람 - 횡단중,안전운전불이행,포장 - 건조,맑음,단일로 - 기타,승용,남,48세,상해없음,보행자,남,79세,중상
11795,2019030900100107,2019년 3월 9일 06시,토요일,경기도 안양시 동안구 관양동,경상사고,0,0,1,0,차대사람 - 기타,안전운전불이행,포장 - 건조,맑음,교차로 - 교차로안,승용,남,55세,상해없음,보행자,여,77세,경상
11796,2019030900100143,2019년 3월 9일 08시,토요일,경기도 부천시 심곡동,중상사고,0,1,0,0,차대사람 - 횡단중,보행자보호의무위반,포장 - 건조,맑음,교차로 - 교차로횡단보도내,승용,여,47세,상해없음,보행자,남,71세,중상
11797,2019030900100146,2019년 3월 9일 08시,토요일,경기도 화성시 정남면,중상사고,0,1,0,0,차대사람 - 기타,중앙선침범,포장 - 건조,맑음,단일로 - 기타,승용,남,35세,상해없음,보행자,남,61세,중상
11798,2019030900100175,2019년 3월 9일 09시,토요일,경기도 화성시 청계동,경상사고,0,0,1,0,차대사람 - 기타,안전운전불이행,포장 - 건조,맑음,기타 - 기타,승합,남,49세,상해없음,보행자,여,58세,경상
11799,2019030900100194,2019년 3월 9일 10시,토요일,경기도 안양시 동안구 호계동,중상사고,0,1,0,0,차대사람 - 기타,안전운전불이행,포장 - 건조,맑음,단일로 - 기타,승용,남,61세,상해없음,보행자,여,77세,중상
11800,2019030900100195,2019년 3월 9일 10시,토요일,경기도 군포시 금정동,경상사고,0,0,1,0,차대사람 - 횡단중,보행자보호의무위반,포장 - 건조,맑음,교차로 - 교차로부근,승용,여,45세,상해없음,보행자,여,73세,경상
11801,2019030900100241,2019년 3월 9일 11시,토요일,경기도 파주시 문산읍,부상신고사고,0,0,0,1,차대사람 - 기타,안전운전불이행,포장 - 건조,맑음,교차로 - 교차로안,승용,여,37세,상해없음,보행자,여,28세,부상신고
11802,2019030900100289,2019년 3월 9일 13시,토요일,경기도 안양시 동안구 관양동,경상사고,0,0,1,0,차대사람 - 차도통행중,안전운전불이행,포장 - 건조,맑음,교차로 - 교차로부근,승용,여,37세,상해없음,보행자,여,82세,경상
11803,2019030900100297,2019년 3월 9일 13시,토요일,경기도 안양시 만안구 안양동,중상사고,0,1,0,0,차대사람 - 차도통행중,안전운전불이행,포장 - 건조,맑음,단일로 - 기타,이륜,남,32세,상해없음,보행자,여,82세,중상
11804,2019030900100332,2019년 3월 9일 14시,토요일,경기도 하남시 미사동,중상사고,0,2,0,0,차대사람 - 기타,안전운전불이행,포장 - 건조,맑음,단일로 - 기타,자전거,남,48세,중상,보행자,여,6세,중상
11805,2019030900100333,2019년 3월 9일 14시,토요일,경기도 안양시 만안구 박달동,중상사고,0,1,0,0,차대사람 - 횡단중,신호위반,포장 - 건조,맑음,교차로 - 교차로부근,이륜,남,25세,상해없음,보행자,남,76세,중상
11806,2019030900100361,2019년 3월 9일 15시,토요일,경기도 이천시 창전동,경상사고,0,0,1,0,차대사람 - 기타,안전운전불이행,포장 - 건조,맑음,단일로 - 기타,승용,남,37세,상해없음,보행자,남,53세,경상
11807,2019030900100364,2019년 3월 9일 15시,토요일,경기도 시흥시 신천동,경상사고,0,0,1,0,차대사람 - 횡단중,보행자보호의무위반,포장 - 건조,맑음,단일로 - 기타,승용,여,40세,상해없음,보행자,여,4세,경상
11808,2019030900100402,2019년 3월 9일 16시,토요일,경기도 광명시 광명동,경상사고,0,0,1,0,차대사람 - 기타,기타,포장 - 건조,맑음,단일로 - 기타,승용,남,67세,상해없음,보행자,남,68세,경상
11809,2019030900100444,2019년 3월 9일 17시,토요일,경기도 성남시 중원구 성남동,경상사고,0,0,1,0,차대사람 - 기타,안전운전불이행,포장 - 건조,맑음,단일로 - 기타,승용,남,27세,상해없음,보행자,여,76세,경상
11810,2019030900100508,2019년 3월 9일 19시,토요일,경기도 평택시 합정동,경상사고,0,0,1,0,차대사람 - 기타,안전운전불이행,포장 - 건조,맑음,교차로 - 교차로안,승용,남,60세,상해없음,보행자,남,42세,경상
11811,2019030900100511,2019년 3월 9일 19시,토요일,경기도 성남시 분당구 구미동,중상사고,0,1,0,0,차대사람 - 횡단중,보행자보호의무위반,포장 - 건조,흐림,교차로 - 교차로횡단보도내,승용,여,35세,상해없음,보행자,여,68세,중상
11812,2019030900100551,2019년 3월 9일 19시,토요일,경기도 파주시 문산읍,경상사고,0,0,1,0,차대사람 - 기타,안전운전불이행,포장 - 건조,맑음,단일로 - 기타,승용,여,63세,상해없음,보행자,여,76세,경상
11813,2019030900100560,2019년 3월 9일 20시,토요일,경기도 이천시 관고동,경상사고,0,0,1,0,차대사람 - 기타,안전운전불이행,포장 - 건조,맑음,단일로 - 기타,승용,남,68세,상해없음,보행자,여,81세,경상
11814,2019030900100563,2019년 3월 9일 20시,토요일,경기도 부천시 중동,경상사고,0,0,1,0,차대사람 - 횡단중,보행자보호의무위반,포장 - 건조,맑음,교차로 - 교차로횡단보도내,승용,남,69세,상해없음,보행자,남,27세,경상
11815,2019030900100566,2019년 3월 9일 20시,토요일,경기도 화성시 우정읍,경상사고,0,0,1,0,차대사람 - 기타,안전운전불이행,포장 - 건조,기타,교차로 - 교차로안,화물,남,54세,상해없음,보행자,남,46세,경상
11816,2019030900100567,2019년 3월 9일 20시,토요일,경기도 하남시 덕풍동,경상사고,0,0,1,0,차대사람 - 횡단중,안전운전불이행,포장 - 건조,맑음,단일로 - 기타,이륜,남,17세,상해없음,보행자,남,61세,경상
11817,2019030900100593,2019년 3월 9일 21시,토요일,경기도 평택시 세교동,중상사고,0,1,0,0,차대사람 - 기타,안전운전불이행,포장 - 건조,맑음,교차로 - 교차로부근,승용,여,44세,상해없음,보행자,남,53세,중상
11818,2019030900100594,2019년 3월 9일 21시,토요일,경기도 과천시 과천동,중상사고,0,1,0,0,차대사람 - 횡단중,안전운전불이행,포장 - 건조,맑음,교차로 - 교차로안,승용,남,69세,상해없음,보행자,남,17세,중상
11819,2019030900100596,2019년 3월 9일 21시,토요일,경기도 수원시 영통구 매탄동,경상사고,0,0,1,0,차대사람 - 기타,신호위반,포장 - 건조,맑음,단일로 - 기타,기타불명,기타불명,미분류,기타불명,보행자,여,82세,경상
11820,2019030900100619,2019년 3월 9일 22시,토요일,경기도 성남시 수정구 신흥동,경상사고,0,0,1,0,차대사람 - 기타,안전운전불이행,포장 - 건조,맑음,단일로 - 기타,승용,남,33세,상해없음,보행자,여,67세,경상
11821,2019030900100620,2019년 3월 9일 22시,토요일,경기도 성남시 수정구 신흥동,경상사고,0,0,1,0,차대사람 - 기타,안전운전불이행,포장 - 건조,맑음,기타 - 기타,승용,남,33세,상해없음,보행자,여,56세,경상
11822,2019030900100621,2019년 3월 9일 22시,토요일,경기도 평택시 모곡동,중상사고,0,1,0,0,차대사람 - 횡단중,교차로운행방법위반,포장 - 건조,맑음,교차로 - 교차로안,승용,남,25세,상해없음,보행자,여,24세,중상
11823,2019030900100642,2019년 3월 9일 22시,토요일,경기도 의정부시 의정부동,경상사고,0,0,1,0,차대사람 - 길가장자리구역통행중,안전운전불이행,포장 - 건조,맑음,교차로 - 교차로안,승용,남,42세,상해없음,보행자,남,57세,경상
11824,2019031000100031,2019년 3월 10일 00시,일요일,경기도 고양시 일산동구 장항동,중상사고,0,1,0,0,차대사람 - 기타,안전운전불이행,포장 - 건조,맑음,단일로 - 기타,승용,남,24세,상해없음,보행자,남,21세,중상
11825,2019031000100033,2019년 3월 10일 00시,일요일,경기도 파주시 문산읍,경상사고,0,0,1,0,차대사람 - 기타,안전운전불이행,포장 - 건조,맑음,단일로 - 기타,승용,남,33세,기타불명,보행자,남,25세,경상
11826,2019031000100039,2019년 3월 10일 01시,일요일,경기도 평택시 지산동,중상사고,0,1,0,0,차대사람 - 횡단중,안전운전불이행,포장 - 건조,맑음,교차로 - 교차로안,화물,남,55세,상해없음,보행자,남,30세,중상
11827,2019031000100068,2019년 3월 10일 03시,일요일,경기도 수원시 팔달구 인계동,경상사고,0,0,1,0,차대사람 - 기타,안전운전불이행,포장 - 건조,맑음,단일로 - 기타,승용,남,24세,상해없음,보행자,남,28세,경상
11828,2019031000100074,2019년 3월 10일 04시,일요일,경기도 부천시 심곡동,경상사고,0,0,1,0,차대사람 - 기타,안전운전불이행,포장 - 건조,맑음,단일로 - 기타,승용,남,60세,상해없음,보행자,남,30세,경상
11829,2019031000100099,2019년 3월 10일 06시,일요일,경기도 수원시 팔달구 인계동,중상사고,0,1,0,0,차대사람 - 기타,안전운전불이행,포장 - 건조,맑음,단일로 - 기타,승용,남,24세,상해없음,보행자,남,27세,중상
11830,2019031000100152,2019년 3월 10일 11시,일요일,경기도 성남시 중원구 은행동,중상사고,0,1,0,0,차대사람 - 기타,신호위반,포장 - 건조,맑음,교차로 - 교차로횡단보도내,이륜,남,30세,상해없음,보행자,여,25세,중상
11831,2019031000100170,2019년 3월 10일 12시,일요일,경기도 화성시 팔탄면,사망사고,1,0,0,0,차대사람 - 기타,안전운전불이행,포장 - 건조,맑음,단일로 - 기타,승용,여,40세,상해없음,보행자,여,84세,사망
11832,2019031000100196,2019년 3월 10일 13시,일요일,경기도 양평군 양평읍,중상사고,0,1,0,0,차대사람 - 횡단중,보행자보호의무위반,포장 - 건조,맑음,교차로 - 교차로부근,승용,남,23세,상해없음,보행자,여,36세,중상
11833,2019031000100197,2019년 3월 10일 13시,일요일,경기도 오산시 궐동,부상신고사고,0,0,0,1,차대사람 - 횡단중,안전운전불이행,포장 - 건조,맑음,단일로 - 기타,승용,남,18세,상해없음,보행자,남,13세,부상신고
11834,2019031000100212,2019년 3월 10일 13시,일요일,경기도 가평군 설악면,중상사고,0,1,0,0,차대사람 - 기타,안전운전불이행,포장 - 건조,맑음,단일로 - 기타,승용,남,60세,상해없음,보행자,여,72세,중상
11835,2019031000100219,2019년 3월 10일 14시,일요일,경기도 성남시 중원구 성남동,부상신고사고,0,0,0,1,차대사람 - 기타,안전운전불이행,포장 - 건조,맑음,기타 - 기타,승용,남,30세,상해없음,보행자,남,6세,부상신고
11836,2019031000100248,2019년 3월 10일 15시,일요일,경기도 부천시 원미동,중상사고,0,1,0,0,차대사람 - 길가장자리구역통행중,안전운전불이행,포장 - 건조,맑음,단일로 - 기타,승용,여,76세,상해없음,보행자,여,59세,중상
11837,2019031000100361,2019년 3월 10일 18시,일요일,경기도 포천시 영북면,중상사고,0,1,0,0,차대사람 - 횡단중,안전운전불이행,포장 - 건조,맑음,단일로 - 기타,승용,남,53세,상해없음,보행자,여,83세,중상
11838,2019031000100374,2019년 3월 10일 19시,일요일,경기도 오산시 가수동,경상사고,0,0,1,0,차대사람 - 횡단중,안전운전불이행,포장 - 건조,맑음,교차로 - 교차로안,승용,여,46세,상해없음,보행자,남,38세,경상
11839,2019031000100398,2019년 3월 10일 19시,일요일,경기도 연천군 전곡읍,부상신고사고,0,0,0,1,차대사람 - 기타,교차로운행방법위반,포장 - 건조,맑음,교차로 - 교차로안,화물,남,41세,상해없음,보행자,남,62세,부상신고
11840,2019031000100399,2019년 3월 10일 19시,일요일,경기도 고양시 일산서구 탄현동,경상사고,0,0,1,0,차대사람 - 횡단중,신호위반,포장 - 건조,맑음,교차로 - 교차로안,기타불명,기타불명,미분류,기타불명,보행자,여,75세,경상
11841,2019031000100407,2019년 3월 10일 20시,일요일,경기도 안산시 단원구 원곡동,중상사고,0,1,0,1,차대사람 - 횡단중,안전운전불이행,포장 - 건조,맑음,단일로 - 기타,이륜,남,54세,부상신고,보행자,남,51세,중상
11842,2019031000100409,2019년 3월 10일 20시,일요일,경기도 하남시 덕풍동,중상사고,0,1,0,0,차대사람 - 기타,보행자보호의무위반,포장 - 건조,맑음,단일로 - 기타,이륜,남,19세,상해없음,보행자,남,43세,중상
11843,2019031000100430,2019년 3월 10일 20시,일요일,경기도 파주시 조리읍,사망사고,1,0,1,0,차대사람 - 횡단중,안전운전불이행,포장 - 건조,맑음,단일로 - 기타,승합,남,56세,경상,보행자,남,56세,사망
11844,2019031000100440,2019년 3월 10일 21시,일요일,경기도 성남시 중원구 상대원동,경상사고,0,0,1,0,차대사람 - 기타,안전운전불이행,포장 - 건조,맑음,단일로 - 기타,승용,남,59세,상해없음,보행자,여,26세,경상
11845,2019031000100481,2019년 3월 10일 23시,일요일,경기도 용인시 처인구 포곡읍,경상사고,0,0,1,0,차대사람 - 차도통행중,안전운전불이행,포장 - 건조,맑음,단일로 - 기타,승용,남,47세,상해없음,보행자,남,54세,경상
11846,2019031100100025,2019년 3월 11일 00시,월요일,경기도 남양주시 진접읍,경상사고,0,0,1,0,차대사람 - 횡단중,중앙선침범,포장 - 건조,맑음,교차로 - 교차로부근,승용,남,60세,상해없음,보행자,남,60세,경상
11847,2019031100100112,2019년 3월 11일 08시,월요일,경기도 수원시 장안구 연무동,경상사고,0,0,1,0,차대사람 - 기타,안전운전불이행,포장 - 건조,맑음,교차로 - 교차로안,화물,남,48세,상해없음,보행자,여,72세,경상
11848,2019031100100114,2019년 3월 11일 08시,월요일,경기도 성남시 수정구 사송동,경상사고,0,0,1,0,차대사람 - 기타,안전운전불이행,포장 - 건조,맑음,교차로 - 교차로안,특수,남,38세,상해없음,보행자,남,43세,경상
11849,2019031100100115,2019년 3월 11일 08시,월요일,경기도 평택시 모곡동,경상사고,0,0,1,0,차대사람 - 기타,안전운전불이행,포장 - 건조,맑음,단일로 - 기타,건설기계,남,35세,상해없음,보행자,남,40세,경상
11850,2019031100100121,2019년 3월 11일 08시,월요일,경기도 군포시 당동,중상사고,0,1,0,0,차대사람 - 횡단중,안전운전불이행,포장 - 건조,맑음,교차로 - 교차로안,승합,남,65세,상해없음,보행자,남,23세,중상
11851,2019031100100122,2019년 3월 11일 08시,월요일,경기도 성남시 분당구 금곡동,경상사고,0,0,1,0,차대사람 - 횡단중,보행자보호의무위반,포장 - 건조,맑음,교차로 - 교차로횡단보도내,기타불명,기타불명,미분류,기타불명,보행자,남,76세,경상
11852,2019031100100125,2019년 3월 11일 08시,월요일,경기도 안산시 상록구 사동,경상사고,0,0,1,0,차대사람 - 횡단중,안전운전불이행,포장 - 건조,맑음,단일로 - 기타,승합,남,51세,상해없음,보행자,여,22세,경상
11853,2019031100100126,2019년 3월 11일 08시,월요일,경기도 화성시 병점동,중상사고,0,1,0,0,차대사람 - 기타,안전운전불이행,포장 - 건조,맑음,단일로 - 기타,승합,남,59세,상해없음,보행자,여,61세,중상
11854,2019031100100172,2019년 3월 11일 09시,월요일,경기도 고양시 덕양구 화전동,중상사고,0,1,0,0,차대사람 - 보도통행중,기타,포장 - 기타,맑음,기타 - 기타,화물,남,55세,상해없음,보행자,여,20세,중상
11855,2019031100100180,2019년 3월 11일 10시,월요일,경기도 성남시 중원구 은행동,사망사고,1,0,0,0,차대사람 - 차도통행중,안전운전불이행,포장 - 건조,맑음,단일로 - 기타,승용,여,39세,상해없음,보행자,여,75세,사망
11856,2019031100100200,2019년 3월 11일 11시,월요일,경기도 수원시 팔달구 인계동,중상사고,0,1,0,0,차대사람 - 기타,기타,포장 - 건조,맑음,단일로 - 기타,개인형이동수단(PM),여,56세,상해없음,보행자,여,61세,중상
11857,2019031100100250,2019년 3월 11일 13시,월요일,경기도 안성시 일죽면,경상사고,0,0,1,0,차대사람 - 기타,기타,포장 - 건조,맑음,기타 - 기타,승합,남,36세,상해없음,보행자,남,78세,경상
11858,2019031100100318,2019년 3월 11일 15시,월요일,경기도 광주시 역동,경상사고,0,0,1,0,차대사람 - 길가장자리구역통행중,안전운전불이행,포장 - 건조,맑음,단일로 - 기타,승용,여,61세,상해없음,보행자,남,27세,경상
11859,2019031100100352,2019년 3월 11일 16시,월요일,경기도 수원시 장안구 조원동,중상사고,0,1,0,0,차대사람 - 횡단중,안전운전불이행,포장 - 건조,흐림,단일로 - 기타,승용,남,50세,상해없음,보행자,여,74세,중상
11860,2019031100100357,2019년 3월 11일 16시,월요일,경기도 광명시 광명동,부상신고사고,0,0,0,1,차대사람 - 차도통행중,중앙선침범,포장 - 건조,맑음,단일로 - 기타,자전거,기타불명,미분류,기타불명,보행자,남,52세,부상신고
11861,2019031100100358,2019년 3월 11일 16시,월요일,경기도 수원시 권선구 세류동,부상신고사고,0,0,0,1,차대사람 - 기타,안전운전불이행,포장 - 건조,맑음,단일로 - 기타,승용,남,33세,상해없음,보행자,남,7세,부상신고
11862,2019031100100432,2019년 3월 11일 18시,월요일,경기도 부천시 여월동,경상사고,0,0,1,0,차대사람 - 횡단중,안전운전불이행,포장 - 건조,맑음,단일로 - 기타,이륜,남,29세,상해없음,보행자,여,26세,경상
11863,2019031100100468,2019년 3월 11일 19시,월요일,경기도 평택시 동삭동,경상사고,0,0,1,0,차대사람 - 기타,신호위반,포장 - 젖음/습기,비,교차로 - 교차로안,이륜,남,34세,상해없음,보행자,남,41세,경상
11864,2019031100100469,2019년 3월 11일 19시,월요일,경기도 평택시 지산동,경상사고,0,0,1,0,차대사람 - 기타,안전운전불이행,포장 - 건조,맑음,단일로 - 기타,승용,여,54세,상해없음,보행자,여,70세,경상
11865,2019031100100473,2019년 3월 11일 19시,월요일,경기도 안산시 단원구 원곡동,중상사고,0,1,0,0,차대사람 - 횡단중,안전운전불이행,포장 - 젖음/습기,비,교차로 - 교차로안,승용,남,40세,상해없음,보행자,남,68세,중상
11866,2019031100100476,2019년 3월 11일 19시,월요일,경기도 수원시 권선구 권선동,중상사고,0,1,0,0,차대사람 - 횡단중,신호위반,포장 - 건조,맑음,단일로 - 기타,이륜,남,24세,기타불명,보행자,여,41세,중상
11867,2019031100100477,2019년 3월 11일 19시,월요일,경기도 수원시 권선구 고색동,중상사고,0,1,0,0,차대사람 - 횡단중,신호위반,포장 - 젖음/습기,비,단일로 - 기타,승용,여,52세,상해없음,보행자,남,50세,중상
11868,2019031100100479,2019년 3월 11일 19시,월요일,경기도 부천시 원종동,경상사고,0,0,1,0,차대사람 - 기타,안전운전불이행,포장 - 건조,맑음,단일로 - 기타,승용,여,43세,상해없음,보행자,여,50세,경상
11869,2019031100100507,2019년 3월 11일 20시,월요일,경기도 안성시 대덕면,경상사고,0,0,1,0,차대사람 - 차도통행중,안전운전불이행,포장 - 젖음/습기,비,단일로 - 기타,이륜,남,34세,상해없음,보행자,남,55세,경상
11870,2019031100100509,2019년 3월 11일 20시,월요일,경기도 용인시 처인구 이동읍,경상사고,0,0,1,0,차대사람 - 길가장자리구역통행중,안전운전불이행,포장 - 젖음/습기,비,단일로 - 기타,승용,여,42세,상해없음,보행자,남,66세,경상
11871,2019031100100535,2019년 3월 11일 20시,월요일,경기도 양주시 남면,중상사고,0,1,0,0,차대사람 - 길가장자리구역통행중,안전운전불이행,포장 - 건조,맑음,단일로 - 기타,승용,남,20세,상해없음,보행자,남,54세,중상
11872,2019031100100540,2019년 3월 11일 21시,월요일,경기도 용인시 처인구 포곡읍,중상사고,0,1,0,0,차대사람 - 횡단중,신호위반,포장 - 건조,맑음,단일로 - 기타,승용,남,55세,상해없음,보행자,남,17세,중상
11873,2019031100100571,2019년 3월 11일 22시,월요일,경기도 의왕시 삼동,중상사고,0,1,0,0,차대사람 - 기타,안전운전불이행,포장 - 건조,맑음,단일로 - 기타,이륜,남,16세,상해없음,보행자,여,45세,중상
11874,2019031200100037,2019년 3월 12일 02시,화요일,경기도 군포시 당정동,중상사고,0,1,0,0,차대사람 - 횡단중,안전운전불이행,포장 - 젖음/습기,흐림,교차로 - 교차로안,화물,남,50세,상해없음,보행자,남,50세,중상
11875,2019031200100045,2019년 3월 12일 03시,화요일,경기도 성남시 수정구 신흥동,경상사고,0,0,1,0,차대사람 - 기타,안전운전불이행,포장 - 건조,맑음,교차로 - 교차로안,승합,남,46세,상해없음,보행자,남,49세,경상
11876,2019031200100051,2019년 3월 12일 05시,화요일,경기도 평택시 서정동,중상사고,0,1,0,0,차대사람 - 기타,안전운전불이행,포장 - 건조,맑음,교차로 - 교차로안,승용,남,56세,상해없음,보행자,여,60세,중상
11877,2019031200100061,2019년 3월 12일 06시,화요일,경기도 평택시 서정동,중상사고,0,1,0,0,차대사람 - 기타,안전운전불이행,포장 - 건조,맑음,단일로 - 기타,화물,남,26세,상해없음,보행자,여,76세,중상
11878,2019031200100078,2019년 3월 12일 07시,화요일,경기도 김포시 월곶면,중상사고,0,1,0,0,차대사람 - 기타,안전운전불이행,포장 - 건조,맑음,기타 - 기타,승용,여,66세,상해없음,보행자,남,63세,중상
11879,2019031200100105,2019년 3월 12일 08시,화요일,경기도 하남시 신장동,중상사고,0,1,0,0,차대사람 - 횡단중,안전운전불이행,포장 - 건조,맑음,단일로 - 기타,승합,남,33세,상해없음,보행자,여,85세,중상
11880,2019031200100231,2019년 3월 12일 12시,화요일,경기도 부천시 중동,경상사고,0,0,1,0,차대사람 - 차도통행중,보행자보호의무위반,포장 - 건조,맑음,단일로 - 기타,승용,남,24세,상해없음,보행자,여,28세,경상
11881,2019031200100254,2019년 3월 12일 13시,화요일,경기도 과천시 주암동,중상사고,0,1,0,0,차대사람 - 기타,안전운전불이행,포장 - 건조,맑음,단일로 - 기타,화물,남,42세,상해없음,보행자,남,60세,중상
11882,2019031200100320,2019년 3월 12일 15시,화요일,경기도 성남시 수정구 산성동,경상사고,0,0,1,0,차대사람 - 기타,안전운전불이행,포장 - 건조,맑음,교차로 - 교차로안,승용,여,53세,상해없음,보행자,남,21세,경상
11883,2019031200100321,2019년 3월 12일 15시,화요일,경기도 부천시 원미동,경상사고,0,0,1,0,차대사람 - 차도통행중,안전운전불이행,포장 - 건조,맑음,단일로 - 기타,승용,남,70세,상해없음,보행자,여,63세,경상
11884,2019031200100351,2019년 3월 12일 16시,화요일,경기도 수원시 장안구 율전동,중상사고,0,1,0,0,차대사람 - 기타,안전운전불이행,포장 - 건조,맑음,단일로 - 기타,승용,여,58세,상해없음,보행자,남,11세,중상
11885,2019031200100353,2019년 3월 12일 16시,화요일,경기도 안양시 동안구 관양동,경상사고,0,0,1,0,차대사람 - 차도통행중,안전운전불이행,포장 - 건조,맑음,교차로 - 교차로부근,승용,남,46세,상해없음,보행자,여,61세,경상
11886,2019031200100354,2019년 3월 12일 16시,화요일,경기도 부천시 춘의동,중상사고,0,1,0,0,차대사람 - 횡단중,보행자보호의무위반,포장 - 건조,맑음,단일로 - 기타,승합,남,49세,상해없음,보행자,여,71세,중상
11887,2019031200100356,2019년 3월 12일 16시,화요일,경기도 하남시 신장동,중상사고,0,1,0,0,차대사람 - 횡단중,신호위반,포장 - 건조,맑음,교차로 - 교차로횡단보도내,승용,남,60세,상해없음,보행자,여,13세,중상
11888,2019031200100390,2019년 3월 12일 17시,화요일,경기도 안산시 단원구 고잔동,중상사고,0,1,0,0,차대사람 - 기타,중앙선침범,포장 - 건조,맑음,단일로 - 기타,승용,남,55세,상해없음,보행자,여,55세,중상
11889,2019031200100392,2019년 3월 12일 17시,화요일,경기도 시흥시 장곡동,경상사고,0,0,1,0,차대사람 - 횡단중,신호위반,포장 - 건조,맑음,교차로 - 교차로횡단보도내,화물,남,36세,상해없음,보행자,남,11세,경상
11890,2019031200100426,2019년 3월 12일 18시,화요일,경기도 평택시 진위면,중상사고,0,1,0,0,차대사람 - 횡단중,과속,포장 - 건조,맑음,단일로 - 기타,승용,남,43세,상해없음,보행자,남,33세,중상
11891,2019031200100432,2019년 3월 12일 18시,화요일,경기도 안양시 만안구 안양동,경상사고,0,0,2,0,차대사람 - 차도통행중,안전운전불이행,포장 - 건조,맑음,단일로 - 기타,승용,여,52세,상해없음,보행자,여,22세,경상
11892,2019031200100463,2019년 3월 12일 18시,화요일,경기도 남양주시 화도읍,경상사고,0,0,1,0,차대사람 - 기타,안전운전불이행,포장 - 건조,맑음,교차로 - 교차로안,승용,남,28세,상해없음,보행자,남,59세,경상
11893,2019031200100473,2019년 3월 12일 19시,화요일,경기도 이천시 마장면,중상사고,0,1,0,0,차대사람 - 횡단중,신호위반,포장 - 건조,맑음,교차로 - 교차로안,화물,남,50세,상해없음,보행자,남,52세,중상
11894,2019031200100474,2019년 3월 12일 19시,화요일,경기도 김포시 구래동,경상사고,0,0,1,0,차대사람 - 기타,안전운전불이행,포장 - 건조,맑음,주차장 - 주차장,승용,남,33세,상해없음,보행자,남,11세,경상
11895,2019031200100475,2019년 3월 12일 19시,화요일,경기도 부천시 상동,중상사고,0,1,0,0,차대사람 - 횡단중,보행자보호의무위반,포장 - 건조,맑음,교차로 - 교차로횡단보도내,승용,남,53세,상해없음,보행자,남,62세,중상
11896,2019031200100477,2019년 3월 12일 19시,화요일,경기도 군포시 당동,중상사고,0,1,0,0,차대사람 - 기타,안전운전불이행,포장 - 건조,맑음,단일로 - 기타,승용,남,26세,상해없음,보행자,여,64세,중상