,사고번호,사고일시,요일,시군구,사고내용,사망자수,중상자수,경상자수,부상신고자수,사고유형,법규위반,노면상태,기상상태,도로형태,가해운전자 차종,가해운전자 성별,가해운전자 연령,가해운전자 상해정도,피해운전자 차종,피해운전자 성별,피해운전자 연령,피해운전자 상해정도
11897,2019031200100479,2019년 3월 12일 19시,화요일,경기도 용인시 수지구 신봉동,중상사고,0,1,0,0,차대사람 - 횡단중,보행자보호의무위반,포장 - 건조,맑음,교차로 - 교차로안,승용,여,42세,상해없음,보행자,여,81세,중상
11898,2019031200100506,2019년 3월 12일 19시,화요일,경기도 파주시 금촌동,중상사고,0,1,0,0,차대사람 - 횡단중,안전운전불이행,포장 - 건조,맑음,교차로 - 교차로안,승용,남,53세,상해없음,보행자,남,41세,중상
11899,2019031200100545,2019년 3월 12일 21시,화요일,경기도 성남시 분당구 구미동,중상사고,0,1,0,0,차대사람 - 횡단중,안전운전불이행,포장 - 건조,맑음,교차로 - 교차로안,승합,남,63세,상해없음,보행자,남,65세,중상
11900,2019031200100547,2019년 3월 12일 21시,화요일,경기도 안양시 만안구 석수동,중상사고,0,1,0,0,차대사람 - 횡단중,안전운전불이행,포장 - 건조,맑음,단일로 - 기타,승용,남,64세,상해없음,보행자,여,76세,중상
11901,2019031200100568,2019년 3월 12일 21시,화요일,경기도 구리시 수택동,경상사고,0,0,1,0,차대사람 - 길가장자리구역통행중,안전운전불이행,포장 - 건조,맑음,교차로 - 교차로안,승용,남,36세,상해없음,보행자,남,61세,경상
11902,2019031300100060,2019년 3월 13일 06시,수요일,경기도 수원시 권선구 고색동,사망사고,1,0,0,0,차대사람 - 횡단중,과속,포장 - 건조,맑음,교차로 - 교차로부근,화물,남,25세,상해없음,보행자,남,55세,사망
11903,2019031300100074,2019년 3월 13일 07시,수요일,경기도 수원시 장안구 이목동,경상사고,0,0,1,0,차대사람 - 횡단중,보행자보호의무위반,포장 - 건조,맑음,단일로 - 기타,승용,남,34세,상해없음,보행자,여,17세,경상
11904,2019031300100139,2019년 3월 13일 08시,수요일,경기도 파주시 탄현면,중상사고,0,1,0,0,차대사람 - 기타,중앙선침범,포장 - 건조,맑음,단일로 - 기타,승용,남,37세,상해없음,보행자,남,25세,중상
11905,2019031300100150,2019년 3월 13일 09시,수요일,경기도 광명시 광명동,경상사고,0,0,1,0,차대사람 - 횡단중,기타,포장 - 건조,맑음,교차로 - 교차로횡단보도내,원동기,여,65세,상해없음,보행자,여,26세,경상
11906,2019031300100225,2019년 3월 13일 11시,수요일,경기도 안산시 상록구 사사동,중상사고,0,1,0,0,차대사람 - 기타,안전운전불이행,포장 - 건조,맑음,교차로 - 교차로부근,승용,여,54세,상해없음,보행자,여,62세,중상
11907,2019031300100258,2019년 3월 13일 12시,수요일,경기도 김포시 운양동,중상사고,0,1,0,0,차대사람 - 횡단중,신호위반,포장 - 건조,맑음,교차로 - 교차로안,승용,여,35세,상해없음,보행자,여,74세,중상
11908,2019031300100259,2019년 3월 13일 12시,수요일,경기도 오산시 오산동,경상사고,0,0,1,0,차대사람 - 기타,안전운전불이행,포장 - 건조,맑음,교차로 - 교차로부근,승합,남,60세,상해없음,보행자,여,70세,경상
11909,2019031300100263,2019년 3월 13일 12시,수요일,경기도 화성시 진안동,중상사고,0,1,0,0,차대사람 - 횡단중,보행자보호의무위반,포장 - 건조,맑음,교차로 - 교차로횡단보도내,승용,여,65세,상해없음,보행자,여,68세,중상
11910,2019031300100308,2019년 3월 13일 13시,수요일,경기도 의정부시 의정부동,중상사고,0,1,0,0,차대사람 - 기타,안전운전불이행,포장 - 건조,맑음,단일로 - 기타,승용,여,61세,상해없음,보행자,여,72세,중상
11911,2019031300100360,2019년 3월 13일 15시,수요일,경기도 수원시 장안구 영화동,중상사고,0,1,0,0,차대사람 - 횡단중,보행자보호의무위반,포장 - 건조,맑음,단일로 - 기타,승용,여,58세,상해없음,보행자,남,76세,중상
11912,2019031300100361,2019년 3월 13일 15시,수요일,경기도 안성시 공도읍,중상사고,0,1,0,0,차대사람 - 횡단중,신호위반,포장 - 건조,맑음,교차로 - 교차로부근,승용,여,60세,상해없음,보행자,여,14세,중상
11913,2019031300100377,2019년 3월 13일 15시,수요일,경기도 남양주시 화도읍,부상신고사고,0,0,0,1,차대사람 - 기타,안전운전불이행,포장 - 건조,맑음,단일로 - 기타,승용,남,49세,상해없음,보행자,여,59세,부상신고
11914,2019031300100378,2019년 3월 13일 15시,수요일,경기도 고양시 일산서구 일산동,중상사고,0,1,0,0,차대사람 - 횡단중,보행자보호의무위반,포장 - 건조,맑음,교차로 - 교차로안,승용,남,69세,상해없음,보행자,여,74세,중상
11915,2019031300100388,2019년 3월 13일 16시,수요일,경기도 안양시 동안구 관양동,중상사고,0,1,0,0,차대사람 - 차도통행중,안전운전불이행,포장 - 건조,맑음,교차로 - 교차로안,승용,여,34세,상해없음,보행자,여,78세,중상
11916,2019031300100391,2019년 3월 13일 16시,수요일,경기도 부천시 춘의동,경상사고,0,0,1,0,차대사람 - 차도통행중,교차로운행방법위반,포장 - 건조,맑음,교차로 - 교차로부근,화물,남,29세,상해없음,보행자,여,66세,경상
11917,2019031300100422,2019년 3월 13일 16시,수요일,경기도 남양주시 삼패동,경상사고,0,0,1,0,차대사람 - 횡단중,신호위반,포장 - 건조,맑음,단일로 - 기타,승용,남,78세,상해없음,보행자,여,34세,경상
11918,2019031300100438,2019년 3월 13일 17시,수요일,경기도 용인시 처인구 마평동,경상사고,0,0,1,0,차대사람 - 기타,보행자보호의무위반,포장 - 건조,맑음,교차로 - 교차로횡단보도내,승용,남,61세,상해없음,보행자,남,59세,경상
11919,2019031300100440,2019년 3월 13일 17시,수요일,경기도 수원시 영통구 매탄동,중상사고,0,1,0,0,차대사람 - 기타,안전운전불이행,포장 - 건조,맑음,단일로 - 기타,승합,남,38세,상해없음,보행자,남,61세,중상
11920,2019031300100443,2019년 3월 13일 17시,수요일,경기도 성남시 분당구 삼평동,경상사고,0,0,1,0,차대사람 - 기타,기타,포장 - 건조,맑음,단일로 - 기타,승용,남,53세,상해없음,보행자,남,42세,경상
11921,2019031300100461,2019년 3월 13일 17시,수요일,경기도 남양주시 화도읍,경상사고,0,0,1,0,차대사람 - 횡단중,신호위반,포장 - 건조,맑음,교차로 - 교차로횡단보도내,원동기,남,20세,상해없음,보행자,남,7세,경상
11922,2019031300100478,2019년 3월 13일 18시,수요일,경기도 수원시 영통구 하동,경상사고,0,0,1,0,차대사람 - 횡단중,안전운전불이행,포장 - 건조,맑음,단일로 - 기타,이륜,남,17세,상해없음,보행자,여,8세,경상
11923,2019031300100479,2019년 3월 13일 18시,수요일,경기도 성남시 중원구 금광동,경상사고,0,0,1,0,차대사람 - 기타,안전운전불이행,포장 - 건조,맑음,기타 - 기타,승용,여,57세,상해없음,보행자,남,63세,경상
11924,2019031300100517,2019년 3월 13일 19시,수요일,경기도 오산시 금암동,경상사고,0,0,1,0,차대사람 - 기타,안전운전불이행,포장 - 건조,맑음,단일로 - 기타,승용,여,44세,상해없음,보행자,여,48세,경상
11925,2019031300100518,2019년 3월 13일 19시,수요일,경기도 부천시 상동,중상사고,0,1,0,0,차대사람 - 보도통행중,기타,포장 - 건조,맑음,단일로 - 기타,승용,여,26세,상해없음,보행자,남,59세,중상
11926,2019031300100519,2019년 3월 13일 19시,수요일,경기도 수원시 권선구 금곡동,중상사고,0,1,0,0,차대사람 - 기타,안전운전불이행,포장 - 건조,맑음,기타 - 기타,화물,남,56세,상해없음,보행자,여,88세,중상
11927,2019031300100521,2019년 3월 13일 19시,수요일,경기도 수원시 팔달구 교동,경상사고,0,0,1,0,차대사람 - 기타,안전운전불이행,포장 - 건조,맑음,단일로 - 기타,승용,남,78세,상해없음,보행자,여,26세,경상
11928,2019031300100560,2019년 3월 13일 20시,수요일,경기도 부천시 옥길동,경상사고,0,0,1,0,차대사람 - 횡단중,신호위반,포장 - 건조,맑음,교차로 - 교차로횡단보도내,승합,남,35세,상해없음,보행자,남,9세,경상
11929,2019031300100580,2019년 3월 13일 20시,수요일,경기도 남양주시 금곡동,경상사고,0,0,1,0,차대사람 - 차도통행중,안전운전불이행,포장 - 건조,맑음,단일로 - 기타,화물,남,58세,상해없음,보행자,여,41세,경상
11930,2019031300100584,2019년 3월 13일 20시,수요일,경기도 가평군 설악면,부상신고사고,0,0,0,1,차대사람 - 길가장자리구역통행중,안전운전불이행,포장 - 건조,맑음,단일로 - 기타,승용,남,77세,상해없음,보행자,남,41세,부상신고
11931,2019031300100588,2019년 3월 13일 21시,수요일,경기도 성남시 중원구 금광동,경상사고,0,0,1,0,차대사람 - 횡단중,신호위반,포장 - 건조,맑음,교차로 - 교차로횡단보도내,승용,남,50세,상해없음,보행자,여,39세,경상
11932,2019031300100589,2019년 3월 13일 21시,수요일,경기도 성남시 분당구 백현동,중상사고,0,1,0,0,차대사람 - 횡단중,신호위반,포장 - 건조,흐림,교차로 - 교차로횡단보도내,승용,남,31세,상해없음,보행자,남,42세,중상
11933,2019031300100613,2019년 3월 13일 21시,수요일,경기도 파주시 문산읍,부상신고사고,0,0,0,1,차대사람 - 기타,안전운전불이행,포장 - 건조,맑음,단일로 - 기타,이륜,남,31세,상해없음,보행자,남,6세,부상신고
11934,2019031400100027,2019년 3월 14일 00시,목요일,경기도 광명시 광명동,중상사고,0,1,0,0,차대사람 - 기타,안전운전불이행,포장 - 건조,맑음,단일로 - 기타,승용,남,41세,상해없음,보행자,남,50세,중상
11935,2019031400100048,2019년 3월 14일 02시,목요일,경기도 평택시 지산동,중상사고,0,1,0,0,차대사람 - 횡단중,안전운전불이행,포장 - 건조,맑음,단일로 - 기타,승용,남,41세,상해없음,보행자,남,77세,중상
11936,2019031400100054,2019년 3월 14일 03시,목요일,경기도 부천시 상동,경상사고,0,0,1,0,차대사람 - 기타,안전운전불이행,포장 - 건조,맑음,교차로 - 교차로안,승용,남,58세,상해없음,보행자,남,48세,경상
11937,2019031400100087,2019년 3월 14일 07시,목요일,경기도 평택시 안중읍,경상사고,0,0,2,1,차대사람 - 횡단중,신호위반,포장 - 건조,맑음,교차로 - 교차로횡단보도내,승용,여,43세,상해없음,보행자,남,19세,경상
11938,2019031400100169,2019년 3월 14일 08시,목요일,경기도 구리시 수택동,경상사고,0,0,1,0,차대사람 - 기타,안전운전불이행,포장 - 건조,맑음,교차로 - 교차로부근,승용,남,50세,상해없음,보행자,여,60세,경상
11939,2019031400100182,2019년 3월 14일 09시,목요일,경기도 의왕시 오전동,중상사고,0,1,0,0,차대사람 - 횡단중,안전운전불이행,포장 - 건조,맑음,단일로 - 기타,승합,여,43세,상해없음,보행자,남,80세,중상
11940,2019031400100214,2019년 3월 14일 10시,목요일,경기도 화성시 봉담읍,중상사고,0,1,0,0,차대사람 - 차도통행중,안전운전불이행,포장 - 건조,맑음,단일로 - 기타,화물,남,33세,상해없음,보행자,여,70세,중상
11941,2019031400100224,2019년 3월 14일 10시,목요일,경기도 고양시 덕양구 행신동,중상사고,0,1,0,0,차대사람 - 기타,교차로운행방법위반,포장 - 건조,맑음,교차로 - 교차로안,화물,남,67세,상해없음,보행자,남,78세,중상
11942,2019031400100266,2019년 3월 14일 12시,목요일,경기도 수원시 장안구 연무동,경상사고,0,0,1,0,차대사람 - 기타,안전운전불이행,포장 - 건조,맑음,단일로 - 기타,승용,남,70세,상해없음,보행자,여,78세,경상
11943,2019031400100286,2019년 3월 14일 12시,목요일,경기도 가평군 조종면,경상사고,0,0,1,0,차대사람 - 횡단중,안전운전불이행,포장 - 건조,맑음,단일로 - 교량,승용,여,48세,상해없음,보행자,여,65세,경상
11944,2019031400100293,2019년 3월 14일 13시,목요일,경기도 안성시 석정동,중상사고,0,1,0,0,차대사람 - 횡단중,보행자보호의무위반,포장 - 건조,맑음,교차로 - 교차로횡단보도내,승용,남,72세,상해없음,보행자,여,81세,중상
11945,2019031400100312,2019년 3월 14일 13시,목요일,경기도 파주시 와동,경상사고,0,0,1,0,차대사람 - 횡단중,안전운전불이행,포장 - 건조,맑음,교차로 - 교차로부근,승용,여,60세,상해없음,보행자,여,28세,경상
11946,2019031400100313,2019년 3월 14일 13시,목요일,경기도 파주시 야당동,중상사고,0,1,0,0,차대사람 - 횡단중,안전운전불이행,포장 - 건조,맑음,주차장 - 주차장,승용,여,42세,상해없음,보행자,여,24세,중상
11947,2019031400100327,2019년 3월 14일 14시,목요일,경기도 성남시 중원구 금광동,중상사고,0,1,0,0,차대사람 - 기타,신호위반,포장 - 건조,맑음,교차로 - 교차로횡단보도내,승용,여,48세,상해없음,보행자,여,52세,중상
11948,2019031400100357,2019년 3월 14일 15시,목요일,경기도 시흥시 은행동,경상사고,0,0,1,0,차대사람 - 횡단중,안전운전불이행,포장 - 건조,맑음,교차로 - 교차로부근,승용,남,56세,상해없음,보행자,남,9세,경상
11949,2019031400100375,2019년 3월 14일 15시,목요일,경기도 남양주시 다산동,경상사고,0,0,1,0,차대사람 - 기타,안전운전불이행,포장 - 건조,맑음,단일로 - 기타,승용,여,46세,상해없음,보행자,남,58세,경상
11950,2019031400100377,2019년 3월 14일 15시,목요일,경기도 포천시 소흘읍,경상사고,0,0,1,0,차대사람 - 기타,안전운전불이행,포장 - 건조,맑음,교차로 - 교차로안,승용,남,36세,상해없음,보행자,여,44세,경상
11951,2019031400100378,2019년 3월 14일 15시,목요일,경기도 고양시 일산서구 주엽동,부상신고사고,0,0,0,1,차대사람 - 보도통행중,안전운전불이행,포장 - 건조,맑음,교차로 - 교차로부근,자전거,남,65세,상해없음,보행자,여,12세,부상신고
11952,2019031400100392,2019년 3월 14일 16시,목요일,경기도 안산시 상록구 월피동,경상사고,0,0,1,0,차대사람 - 횡단중,신호위반,포장 - 건조,맑음,교차로 - 교차로횡단보도내,승용,남,63세,상해없음,보행자,남,6세,경상
11953,2019031400100394,2019년 3월 14일 16시,목요일,경기도 안산시 상록구 본오동,경상사고,0,0,1,0,차대사람 - 기타,안전운전불이행,포장 - 건조,맑음,교차로 - 교차로안,자전거,기타불명,미분류,기타불명,보행자,남,9세,경상
11954,2019031400100452,2019년 3월 14일 18시,목요일,경기도 용인시 처인구 포곡읍,경상사고,0,0,1,0,차대사람 - 기타,안전운전불이행,포장 - 건조,맑음,단일로 - 기타,승용,여,64세,상해없음,보행자,여,32세,경상
11955,2019031400100453,2019년 3월 14일 18시,목요일,경기도 김포시 통진읍,중상사고,0,1,0,0,차대사람 - 기타,신호위반,포장 - 건조,맑음,교차로 - 교차로횡단보도내,승용,여,44세,상해없음,보행자,여,71세,중상
11956,2019031400100454,2019년 3월 14일 18시,목요일,경기도 김포시 고촌읍,부상신고사고,0,0,0,1,차대사람 - 기타,기타,포장 - 건조,맑음,기타 - 기타,승합,남,59세,상해없음,보행자,여,24세,부상신고
11957,2019031400100457,2019년 3월 14일 18시,목요일,경기도 수원시 권선구 세류동,중상사고,0,1,0,0,차대사람 - 기타,안전운전불이행,포장 - 건조,맑음,단일로 - 기타,승용,남,48세,상해없음,보행자,남,5세,중상
11958,2019031400100505,2019년 3월 14일 19시,목요일,경기도 용인시 수지구 동천동,중상사고,0,1,0,0,차대사람 - 기타,안전운전불이행,포장 - 건조,맑음,단일로 - 기타,승합,남,44세,상해없음,보행자,남,40세,중상
11959,2019031400100549,2019년 3월 14일 20시,목요일,경기도 성남시 중원구 은행동,경상사고,0,0,1,0,차대사람 - 기타,신호위반,포장 - 건조,맑음,교차로 - 교차로부근,화물,남,50세,상해없음,보행자,남,47세,경상
11960,2019031400100560,2019년 3월 14일 20시,목요일,경기도 양주시 덕정동,중상사고,0,1,0,0,차대사람 - 횡단중,안전운전불이행,포장 - 건조,맑음,교차로 - 교차로안,승용,남,40세,상해없음,보행자,남,52세,중상
11961,2019031400100565,2019년 3월 14일 21시,목요일,경기도 평택시 합정동,경상사고,0,0,1,0,차대사람 - 기타,안전운전불이행,포장 - 건조,맑음,교차로 - 교차로안,승용,남,27세,상해없음,보행자,남,62세,경상
11962,2019031400100566,2019년 3월 14일 21시,목요일,경기도 김포시 북변동,경상사고,0,0,1,0,차대사람 - 기타,안전운전불이행,포장 - 건조,맑음,교차로 - 교차로안,화물,남,70세,상해없음,보행자,남,57세,경상
11963,2019031400100598,2019년 3월 14일 22시,목요일,경기도 안성시 대덕면,경상사고,0,0,2,0,차대사람 - 길가장자리구역통행중,중앙선침범,포장 - 건조,맑음,단일로 - 기타,승용,남,48세,상해없음,보행자,여,23세,경상
11964,2019031400100599,2019년 3월 14일 22시,목요일,경기도 부천시 심곡본동,경상사고,0,0,1,0,차대사람 - 기타,안전운전불이행,포장 - 건조,맑음,단일로 - 기타,승용,남,61세,상해없음,보행자,남,62세,경상
11965,2019031400100625,2019년 3월 14일 23시,목요일,경기도 용인시 처인구 마평동,부상신고사고,0,0,0,1,차대사람 - 차도통행중,안전운전불이행,포장 - 건조,맑음,교차로 - 교차로횡단보도내,기타불명,기타불명,미분류,기타불명,보행자,남,57세,부상신고
11966,2019031500100093,2019년 3월 15일 06시,금요일,경기도 고양시 일산서구 탄현동,사망사고,1,0,0,0,차대사람 - 횡단중,안전운전불이행,포장 - 건조,맑음,단일로 - 기타,승용,남,27세,상해없음,보행자,남,76세,사망
11967,2019031500100128,2019년 3월 15일 08시,금요일,경기도 안성시 금광면,중상사고,0,1,0,0,차대사람 - 횡단중,보행자보호의무위반,포장 - 건조,맑음,단일로 - 기타,승용,남,59세,상해없음,보행자,여,75세,중상
11968,2019031500100130,2019년 3월 15일 08시,금요일,경기도 오산시 부산동,중상사고,0,1,0,0,차대사람 - 기타,안전운전불이행,포장 - 건조,맑음,단일로 - 기타,화물,남,27세,상해없음,보행자,여,80세,중상
11969,2019031500100132,2019년 3월 15일 08시,금요일,경기도 부천시 도당동,경상사고,0,0,1,0,차대사람 - 기타,안전운전불이행,포장 - 건조,맑음,단일로 - 기타,승용,남,52세,상해없음,보행자,여,17세,경상
11970,2019031500100168,2019년 3월 15일 09시,금요일,경기도 부천시 춘의동,경상사고,0,0,1,0,차대사람 - 기타,안전운전불이행,포장 - 건조,맑음,단일로 - 기타,승용,여,33세,상해없음,보행자,여,75세,경상
11971,2019031500100227,2019년 3월 15일 11시,금요일,경기도 안산시 단원구 고잔동,경상사고,0,0,1,0,차대사람 - 기타,안전운전불이행,포장 - 건조,맑음,단일로 - 기타,승용,남,77세,상해없음,보행자,남,53세,경상
11972,2019031500100230,2019년 3월 15일 11시,금요일,경기도 안산시 상록구 본오동,경상사고,0,0,1,0,차대사람 - 횡단중,안전운전불이행,포장 - 건조,맑음,단일로 - 기타,승용,여,52세,상해없음,보행자,남,39세,경상
11973,2019031500100284,2019년 3월 15일 13시,금요일,경기도 안양시 동안구 관양동,경상사고,0,0,1,0,차대사람 - 차도통행중,안전운전불이행,포장 - 건조,맑음,단일로 - 기타,화물,남,46세,상해없음,보행자,남,68세,경상
11974,2019031500100307,2019년 3월 15일 13시,금요일,경기도 양주시 백석읍,경상사고,0,0,1,0,차대사람 - 기타,안전운전불이행,포장 - 건조,맑음,교차로 - 교차로안,승용,남,53세,상해없음,보행자,남,7세,경상
11975,2019031500100319,2019년 3월 15일 14시,금요일,경기도 수원시 팔달구 신풍동,경상사고,0,0,1,0,차대사람 - 기타,안전운전불이행,포장 - 건조,맑음,단일로 - 기타,승용,여,57세,상해없음,보행자,남,19세,경상
11976,2019031500100358,2019년 3월 15일 15시,금요일,경기도 시흥시 정왕동,경상사고,0,0,1,0,차대사람 - 횡단중,보행자보호의무위반,포장 - 건조,맑음,단일로 - 기타,승용,남,58세,상해없음,보행자,여,46세,경상
11977,2019031500100400,2019년 3월 15일 16시,금요일,경기도 광명시 철산동,중상사고,0,1,0,0,차대사람 - 횡단중,안전운전불이행,포장 - 건조,맑음,단일로 - 기타,승용,남,64세,상해없음,보행자,여,76세,중상
11978,2019031500100455,2019년 3월 15일 17시,금요일,경기도 광명시 광명동,중상사고,0,1,0,0,차대사람 - 횡단중,안전운전불이행,포장 - 건조,흐림,교차로 - 교차로부근,승용,남,48세,상해없음,보행자,여,61세,중상
11979,2019031500100458,2019년 3월 15일 17시,금요일,경기도 성남시 분당구 야탑동,중상사고,0,1,0,0,차대사람 - 차도통행중,안전운전불이행,포장 - 젖음/습기,비,교차로 - 교차로부근,승용,남,54세,상해없음,보행자,여,75세,중상
11980,2019031500100497,2019년 3월 15일 18시,금요일,경기도 평택시 이충동,경상사고,0,0,1,0,차대사람 - 기타,안전운전불이행,포장 - 젖음/습기,비,단일로 - 기타,이륜,남,55세,상해없음,보행자,남,54세,경상
11981,2019031500100502,2019년 3월 15일 18시,금요일,경기도 안산시 상록구 본오동,경상사고,0,0,1,0,차대사람 - 기타,안전운전불이행,포장 - 젖음/습기,비,기타 - 기타,승용,여,58세,상해없음,보행자,여,37세,경상
11982,2019031500100503,2019년 3월 15일 18시,금요일,경기도 안산시 상록구 본오동,경상사고,0,0,1,0,차대사람 - 기타,안전운전불이행,포장 - 젖음/습기,비,교차로 - 교차로안,승용,여,62세,상해없음,보행자,여,58세,경상
11983,2019031500100505,2019년 3월 15일 18시,금요일,경기도 수원시 권선구 오목천동,경상사고,0,0,1,0,차대사람 - 횡단중,보행자보호의무위반,포장 - 젖음/습기,비,단일로 - 기타,승용,여,49세,상해없음,보행자,여,17세,경상
11984,2019031500100539,2019년 3월 15일 18시,금요일,경기도 남양주시 퇴계원면,경상사고,0,0,1,0,차대사람 - 횡단중,보행자보호의무위반,포장 - 젖음/습기,흐림,주차장 - 주차장,승용,여,54세,상해없음,보행자,남,24세,경상
11985,2019031500100541,2019년 3월 15일 18시,금요일,경기도 고양시 일산서구 덕이동,경상사고,0,0,1,0,차대사람 - 횡단중,보행자보호의무위반,포장 - 건조,맑음,교차로 - 교차로횡단보도내,원동기,남,48세,상해없음,보행자,여,49세,경상
11986,2019031500100605,2019년 3월 15일 20시,금요일,경기도 성남시 수정구 신흥동,중상사고,0,1,0,0,차대사람 - 횡단중,안전운전불이행,포장 - 젖음/습기,비,단일로 - 기타,승용,남,73세,상해없음,보행자,남,48세,중상
11987,2019031500100606,2019년 3월 15일 20시,금요일,경기도 평택시 팽성읍,경상사고,0,0,1,0,차대사람 - 횡단중,보행자보호의무위반,포장 - 젖음/습기,흐림,교차로 - 교차로횡단보도내,승용,남,37세,상해없음,보행자,여,51세,경상
11988,2019031500100611,2019년 3월 15일 20시,금요일,경기도 부천시 도당동,경상사고,0,0,1,0,차대사람 - 길가장자리구역통행중,안전운전불이행,포장 - 건조,맑음,단일로 - 기타,승용,남,25세,상해없음,보행자,여,10세,경상
11989,2019031500100612,2019년 3월 15일 20시,금요일,경기도 광명시 광명동,부상신고사고,0,0,0,1,차대사람 - 기타,안전운전불이행,포장 - 건조,맑음,단일로 - 기타,화물,남,44세,상해없음,보행자,여,49세,부상신고
11990,2019031500100617,2019년 3월 15일 20시,금요일,경기도 수원시 권선구 금곡동,경상사고,0,0,1,0,차대사람 - 횡단중,보행자보호의무위반,포장 - 젖음/습기,비,교차로 - 교차로안,승용,남,56세,상해없음,보행자,남,25세,경상
11991,2019031500100638,2019년 3월 15일 20시,금요일,경기도 남양주시 화도읍,경상사고,0,0,1,0,차대사람 - 횡단중,보행자보호의무위반,포장 - 젖음/습기,비,교차로 - 교차로횡단보도내,승용,남,41세,상해없음,보행자,여,25세,경상
11992,2019031500100650,2019년 3월 15일 21시,금요일,경기도 이천시 창전동,중상사고,0,1,0,0,차대사람 - 차도통행중,안전운전불이행,포장 - 적설,눈,단일로 - 기타,승용,남,36세,상해없음,보행자,여,44세,중상
11993,2019031500100653,2019년 3월 15일 21시,금요일,경기도 성남시 중원구 상대원동,중상사고,0,1,1,0,차대사람 - 횡단중,안전운전불이행,포장 - 젖음/습기,비,단일로 - 기타,이륜,남,39세,경상,보행자,여,48세,중상
11994,2019031500100691,2019년 3월 15일 22시,금요일,경기도 안산시 단원구 와동,부상신고사고,0,0,0,1,차대사람 - 횡단중,안전운전불이행,포장 - 젖음/습기,비,교차로 - 교차로부근,이륜,여,20세,부상신고,보행자,여,46세,상해없음
11995,2019031500100695,2019년 3월 15일 22시,금요일,경기도 수원시 팔달구 교동,경상사고,0,0,1,0,차대사람 - 기타,안전운전불이행,포장 - 젖음/습기,흐림,단일로 - 기타,승용,남,49세,상해없음,보행자,남,61세,경상
11996,2019031600100029,2019년 3월 16일 00시,토요일,경기도 오산시 원동,경상사고,0,0,1,0,차대사람 - 기타,안전운전불이행,포장 - 젖음/습기,비,기타 - 기타,이륜,남,50세,상해없음,보행자,남,48세,경상
11997,2019031600100055,2019년 3월 16일 01시,토요일,경기도 성남시 분당구 구미동,중상사고,0,1,0,0,차대사람 - 차도통행중,안전운전불이행,포장 - 건조,맑음,단일로 - 기타,화물,남,48세,상해없음,보행자,남,45세,중상
11998,2019031600100078,2019년 3월 16일 02시,토요일,경기도 남양주시 진접읍,중상사고,0,1,0,0,차대사람 - 기타,안전운전불이행,포장 - 젖음/습기,흐림,단일로 - 기타,승용,남,38세,상해없음,보행자,여,18세,중상
11999,2019031600100100,2019년 3월 16일 05시,토요일,경기도 용인시 기흥구 중동,중상사고,0,1,0,0,차대사람 - 횡단중,신호위반,포장 - 젖음/습기,기타,단일로 - 기타,화물,남,58세,상해없음,보행자,남,67세,중상
12000,2019031600100128,2019년 3월 16일 07시,토요일,경기도 성남시 분당구 정자동,중상사고,0,1,0,0,차대사람 - 기타,기타,포장 - 건조,맑음,기타 - 기타,승합,남,55세,상해없음,보행자,여,82세,중상
12001,2019031600100140,2019년 3월 16일 08시,토요일,경기도 수원시 장안구 영화동,경상사고,0,0,1,0,차대사람 - 길가장자리구역통행중,안전운전불이행,포장 - 건조,맑음,교차로 - 교차로부근,승용,남,63세,기타불명,보행자,남,34세,경상
12002,2019031600100143,2019년 3월 16일 08시,토요일,경기도 광주시 곤지암읍,중상사고,0,1,0,0,차대사람 - 기타,안전운전불이행,포장 - 건조,맑음,단일로 - 기타,승합,남,52세,상해없음,보행자,여,37세,중상
12003,2019031600100194,2019년 3월 16일 09시,토요일,경기도 가평군 조종면,중상사고,0,1,0,0,차대사람 - 기타,안전운전불이행,포장 - 건조,맑음,주차장 - 주차장,화물,남,55세,상해없음,보행자,남,66세,중상
12004,2019031600100237,2019년 3월 16일 11시,토요일,경기도 김포시 풍무동,경상사고,0,0,1,0,차대사람 - 횡단중,안전운전불이행,포장 - 건조,맑음,기타 - 기타,승용,남,27세,상해없음,보행자,남,55세,경상
12005,2019031600100239,2019년 3월 16일 11시,토요일,경기도 화성시 우정읍,경상사고,0,0,1,0,차대사람 - 기타,안전운전불이행,포장 - 건조,맑음,주차장 - 주차장,승용,남,31세,상해없음,보행자,여,52세,경상
12006,2019031600100262,2019년 3월 16일 11시,토요일,경기도 파주시 문산읍,중상사고,0,1,0,0,차대사람 - 길가장자리구역통행중,안전운전불이행,포장 - 건조,맑음,단일로 - 기타,승용,여,72세,상해없음,보행자,남,85세,중상
12007,2019031600100264,2019년 3월 16일 11시,토요일,경기도 양주시 덕정동,중상사고,0,1,0,0,차대사람 - 횡단중,보행자보호의무위반,포장 - 건조,맑음,교차로 - 교차로횡단보도내,승용,여,42세,상해없음,보행자,남,84세,중상
12008,2019031600100278,2019년 3월 16일 12시,토요일,경기도 성남시 중원구 성남동,경상사고,0,0,1,0,차대사람 - 기타,안전운전불이행,포장 - 건조,맑음,단일로 - 기타,승용,여,56세,상해없음,보행자,남,57세,경상
12009,2019031600100354,2019년 3월 16일 14시,토요일,경기도 화성시 장지동,중상사고,0,1,0,0,차대사람 - 기타,기타,비포장 - 건조,맑음,주차장 - 주차장,화물,남,50세,기타불명,보행자,남,48세,중상