,사고번호,사고일시,요일,시군구,사고내용,사망자수,중상자수,경상자수,부상신고자수,사고유형,법규위반,노면상태,기상상태,도로형태,가해운전자 차종,가해운전자 성별,가해운전자 연령,가해운전자 상해정도,피해운전자 차종,피해운전자 성별,피해운전자 연령,피해운전자 상해정도
12010,2019031600100383,2019년 3월 16일 15시,토요일,경기도 수원시 팔달구 영동,중상사고,0,1,0,0,차대사람 - 기타,안전운전불이행,포장 - 건조,맑음,단일로 - 기타,승용,남,40세,상해없음,보행자,남,71세,중상
12011,2019031600100572,2019년 3월 16일 21시,토요일,경기도 광명시 광명동,경상사고,0,0,1,0,차대사람 - 차도통행중,안전운전불이행,포장 - 건조,맑음,단일로 - 기타,승용,여,57세,상해없음,보행자,남,44세,경상
12012,2019031600100576,2019년 3월 16일 21시,토요일,경기도 성남시 중원구 금광동,중상사고,0,1,0,0,차대사람 - 횡단중,안전운전불이행,포장 - 건조,맑음,단일로 - 기타,화물,남,27세,상해없음,보행자,남,52세,중상
12013,2019031600100577,2019년 3월 16일 21시,토요일,경기도 안산시 상록구 사동,경상사고,0,0,1,0,차대사람 - 횡단중,안전운전불이행,포장 - 건조,맑음,단일로 - 기타,승합,남,43세,상해없음,보행자,여,18세,경상
12014,2019031600100589,2019년 3월 16일 22시,토요일,경기도 수원시 팔달구 인계동,경상사고,0,0,1,0,차대사람 - 기타,안전운전불이행,포장 - 건조,맑음,기타 - 기타,승용,남,29세,상해없음,보행자,남,27세,경상
12015,2019031600100613,2019년 3월 16일 23시,토요일,경기도 용인시 수지구 상현동,경상사고,0,0,1,0,차대사람 - 횡단중,신호위반,포장 - 건조,맑음,교차로 - 교차로횡단보도내,이륜,남,31세,상해없음,보행자,여,17세,경상
12016,2019031700100026,2019년 3월 17일 00시,일요일,경기도 용인시 처인구 포곡읍,경상사고,0,0,1,0,차대사람 - 기타,안전운전불이행,포장 - 건조,맑음,단일로 - 기타,승용,남,33세,상해없음,보행자,남,43세,경상
12017,2019031700100054,2019년 3월 17일 02시,일요일,경기도 부천시 원종동,중상사고,0,1,0,0,차대사람 - 길가장자리구역통행중,안전운전불이행,포장 - 건조,맑음,단일로 - 기타,원동기,남,19세,상해없음,보행자,남,52세,중상
12018,2019031700100099,2019년 3월 17일 06시,일요일,경기도 수원시 팔달구 인계동,경상사고,0,0,1,0,차대사람 - 기타,안전운전불이행,포장 - 건조,맑음,교차로 - 교차로안,승용,여,32세,상해없음,보행자,남,46세,경상
12019,2019031700100115,2019년 3월 17일 08시,일요일,경기도 부천시 상동,경상사고,0,0,1,0,차대사람 - 횡단중,신호위반,포장 - 건조,맑음,단일로 - 기타,승용,여,54세,상해없음,보행자,여,9세,경상
12020,2019031700100126,2019년 3월 17일 08시,일요일,경기도 고양시 덕양구 행신동,중상사고,0,1,0,0,차대사람 - 횡단중,안전운전불이행,포장 - 건조,맑음,교차로 - 교차로안,승합,남,57세,상해없음,보행자,여,50세,중상
12021,2019031700100135,2019년 3월 17일 09시,일요일,경기도 안산시 상록구 본오동,경상사고,0,0,1,0,차대사람 - 기타,안전운전불이행,포장 - 건조,맑음,단일로 - 기타,승용,여,38세,상해없음,보행자,남,58세,경상
12022,2019031700100170,2019년 3월 17일 11시,일요일,경기도 성남시 분당구 백현동,경상사고,0,0,1,0,차대사람 - 기타,보행자보호의무위반,포장 - 건조,맑음,교차로 - 교차로횡단보도내,승용,여,42세,상해없음,보행자,여,38세,경상
12023,2019031700100181,2019년 3월 17일 11시,일요일,경기도 양주시 회정동,중상사고,0,1,0,0,차대사람 - 차도통행중,안전운전불이행,포장 - 건조,맑음,단일로 - 기타,승용,남,44세,상해없음,보행자,여,88세,중상
12024,2019031700100192,2019년 3월 17일 12시,일요일,경기도 부천시 도당동,경상사고,0,0,1,0,차대사람 - 길가장자리구역통행중,안전운전불이행,포장 - 건조,맑음,단일로 - 기타,승합,남,31세,상해없음,보행자,남,41세,경상
12025,2019031700100193,2019년 3월 17일 12시,일요일,경기도 의왕시 내손동,경상사고,0,0,1,0,차대사람 - 기타,안전운전불이행,포장 - 건조,맑음,기타 - 기타,화물,남,67세,상해없음,보행자,남,77세,경상
12026,2019031700100236,2019년 3월 17일 13시,일요일,경기도 양평군 양평읍,경상사고,0,0,1,0,차대사람 - 기타,안전운전불이행,포장 - 건조,맑음,단일로 - 기타,승용,남,69세,상해없음,보행자,남,12세,경상
12027,2019031700100237,2019년 3월 17일 13시,일요일,경기도 부천시 괴안동,중상사고,0,1,0,0,차대사람 - 기타,보행자보호의무위반,포장 - 기타,맑음,교차로 - 교차로안,승용,남,62세,상해없음,보행자,여,6세,중상
12028,2019031700100261,2019년 3월 17일 13시,일요일,경기도 파주시 문산읍,중상사고,0,1,0,0,차대사람 - 기타,안전운전불이행,포장 - 건조,맑음,교차로 - 교차로부근,승용,여,52세,상해없음,보행자,남,43세,중상
12029,2019031700100270,2019년 3월 17일 14시,일요일,경기도 수원시 장안구 정자동,경상사고,0,0,1,0,차대사람 - 횡단중,신호위반,포장 - 건조,맑음,교차로 - 교차로안,승용,남,71세,상해없음,보행자,남,13세,경상
12030,2019031700100278,2019년 3월 17일 14시,일요일,경기도 용인시 기흥구 언남동,경상사고,0,0,1,0,차대사람 - 기타,안전운전불이행,포장 - 건조,맑음,단일로 - 기타,승용,남,73세,상해없음,보행자,남,50세,경상
12031,2019031700100370,2019년 3월 17일 17시,일요일,경기도 성남시 분당구 백현동,중상사고,0,1,0,0,차대사람 - 횡단중,안전운전불이행,포장 - 건조,맑음,교차로 - 교차로횡단보도내,승용,여,54세,상해없음,보행자,여,49세,중상
12032,2019031700100389,2019년 3월 17일 18시,일요일,경기도 평택시 합정동,중상사고,0,1,0,0,차대사람 - 기타,신호위반,포장 - 건조,맑음,교차로 - 교차로안,이륜,남,18세,상해없음,보행자,여,55세,중상
12033,2019031700100396,2019년 3월 17일 18시,일요일,경기도 부천시 여월동,경상사고,0,0,1,0,차대사람 - 횡단중,안전운전불이행,포장 - 건조,맑음,교차로 - 교차로안,승용,남,64세,상해없음,보행자,남,57세,경상
12034,2019031700100445,2019년 3월 17일 20시,일요일,경기도 안양시 동안구 비산동,중상사고,0,1,0,0,차대사람 - 횡단중,안전운전불이행,포장 - 건조,맑음,교차로 - 교차로안,승용,여,46세,상해없음,보행자,남,63세,중상
12035,2019031700100446,2019년 3월 17일 20시,일요일,경기도 광주시 초월읍,경상사고,0,0,1,0,차대사람 - 횡단중,보행자보호의무위반,포장 - 건조,맑음,교차로 - 교차로횡단보도내,승용,여,48세,상해없음,보행자,여,17세,경상
12036,2019031700100490,2019년 3월 17일 22시,일요일,경기도 김포시 사우동,부상신고사고,0,0,0,1,차대사람 - 횡단중,안전운전불이행,포장 - 건조,맑음,교차로 - 교차로부근,승용,남,48세,상해없음,보행자,남,58세,부상신고
12037,2019031700100491,2019년 3월 17일 22시,일요일,경기도 수원시 권선구 세류동,부상신고사고,0,0,0,1,차대사람 - 기타,안전운전불이행,포장 - 건조,맑음,교차로 - 교차로부근,승용,남,55세,상해없음,보행자,남,40세,부상신고
12038,2019031800100042,2019년 3월 18일 02시,월요일,경기도 의정부시 가능동,중상사고,0,1,0,0,차대사람 - 길가장자리구역통행중,안전운전불이행,포장 - 건조,맑음,교차로 - 교차로안,기타불명,기타불명,미분류,기타불명,보행자,여,45세,중상
12039,2019031800100088,2019년 3월 18일 07시,월요일,경기도 성남시 수정구 양지동,중상사고,0,1,0,0,차대사람 - 길가장자리구역통행중,안전운전불이행,포장 - 건조,맑음,교차로 - 교차로부근,승용,여,29세,상해없음,보행자,남,79세,중상
12040,2019031800100123,2019년 3월 18일 08시,월요일,경기도 안산시 상록구 사동,경상사고,0,0,1,0,차대사람 - 기타,안전운전불이행,포장 - 건조,맑음,교차로 - 교차로횡단보도내,승용,남,51세,상해없음,보행자,여,24세,경상
12041,2019031800100125,2019년 3월 18일 08시,월요일,경기도 용인시 기흥구 마북동,중상사고,0,1,0,0,차대사람 - 보도통행중,보행자보호의무위반,포장 - 건조,맑음,교차로 - 교차로횡단보도내,승용,여,49세,상해없음,보행자,여,88세,중상
12042,2019031800100165,2019년 3월 18일 09시,월요일,경기도 양평군 양서면,중상사고,0,1,0,0,차대사람 - 차도통행중,안전운전불이행,포장 - 건조,맑음,단일로 - 기타,승용,여,66세,상해없음,보행자,남,68세,중상
12043,2019031800100194,2019년 3월 18일 10시,월요일,경기도 화성시 남양읍,중상사고,0,1,0,0,차대사람 - 기타,안전운전불이행,포장 - 건조,맑음,교차로 - 교차로안,화물,남,56세,상해없음,보행자,여,73세,중상
12044,2019031800100215,2019년 3월 18일 10시,월요일,경기도 파주시 금촌동,중상사고,0,1,0,0,차대사람 - 차도통행중,신호위반,포장 - 건조,맑음,교차로 - 교차로부근,승용,남,61세,상해없음,보행자,여,77세,중상
12045,2019031800100274,2019년 3월 18일 13시,월요일,경기도 안성시 보개면,경상사고,0,0,1,0,차대사람 - 기타,안전운전불이행,포장 - 건조,맑음,단일로 - 기타,승용,여,51세,상해없음,보행자,여,45세,경상
12046,2019031800100307,2019년 3월 18일 14시,월요일,경기도 평택시 신장동,경상사고,0,0,1,0,차대사람 - 횡단중,보행자보호의무위반,포장 - 건조,맑음,교차로 - 교차로횡단보도내,승용,남,78세,상해없음,보행자,여,56세,경상
12047,2019031800100308,2019년 3월 18일 14시,월요일,경기도 하남시 덕풍동,중상사고,0,1,0,0,차대사람 - 기타,안전운전불이행,포장 - 건조,맑음,교차로 - 교차로부근,승합,남,50세,상해없음,보행자,여,15세,중상
12048,2019031800100332,2019년 3월 18일 15시,월요일,경기도 이천시 안흥동,중상사고,0,1,0,0,차대사람 - 기타,신호위반,포장 - 건조,맑음,교차로 - 교차로안,승용,여,36세,상해없음,보행자,여,82세,중상
12049,2019031800100333,2019년 3월 18일 15시,월요일,경기도 부천시 심곡본동,경상사고,0,0,1,0,차대사람 - 횡단중,보행자보호의무위반,포장 - 건조,맑음,교차로 - 교차로부근,화물,남,40세,상해없음,보행자,여,12세,경상
12050,2019031800100334,2019년 3월 18일 15시,월요일,경기도 안산시 단원구 고잔동,경상사고,0,0,1,0,차대사람 - 기타,안전운전불이행,포장 - 건조,맑음,단일로 - 기타,화물,남,52세,상해없음,보행자,여,63세,경상
12051,2019031800100366,2019년 3월 18일 16시,월요일,경기도 광주시 오포읍,경상사고,0,0,1,0,차대사람 - 횡단중,보행자보호의무위반,포장 - 건조,맑음,교차로 - 교차로부근,승용,여,41세,상해없음,보행자,여,57세,경상
12052,2019031800100369,2019년 3월 18일 16시,월요일,경기도 안산시 단원구 초지동,중상사고,0,1,0,0,차대사람 - 횡단중,안전운전불이행,포장 - 건조,맑음,교차로 - 교차로안,화물,남,57세,상해없음,보행자,여,64세,중상
12053,2019031800100370,2019년 3월 18일 16시,월요일,경기도 시흥시 조남동,경상사고,0,0,1,0,차대사람 - 기타,신호위반,포장 - 건조,맑음,단일로 - 기타,승용,여,37세,상해없음,보행자,남,7세,경상
12054,2019031800100410,2019년 3월 18일 17시,월요일,경기도 김포시 장기동,부상신고사고,0,0,0,1,차대사람 - 기타,안전운전불이행,포장 - 건조,맑음,교차로 - 교차로부근,승용,여,33세,상해없음,보행자,남,65세,부상신고
12055,2019031800100445,2019년 3월 18일 18시,월요일,경기도 안산시 단원구 원곡동,중상사고,0,1,0,0,차대사람 - 기타,안전운전불이행,포장 - 건조,맑음,교차로 - 교차로부근,승용,남,56세,상해없음,보행자,남,47세,중상
12056,2019031800100476,2019년 3월 18일 19시,월요일,경기도 안산시 상록구 수암동,경상사고,0,0,1,0,차대사람 - 기타,신호위반,포장 - 건조,맑음,단일로 - 기타,승용,여,28세,상해없음,보행자,남,36세,경상
12057,2019031800100525,2019년 3월 18일 20시,월요일,경기도 남양주시 오남읍,경상사고,0,0,1,0,차대사람 - 기타,안전운전불이행,포장 - 건조,맑음,단일로 - 기타,승용,여,48세,상해없음,보행자,남,10세,경상
12058,2019031800100530,2019년 3월 18일 21시,월요일,경기도 수원시 장안구 정자동,부상신고사고,0,0,0,1,차대사람 - 횡단중,안전운전불이행,포장 - 건조,맑음,교차로 - 교차로횡단보도내,승합,남,59세,상해없음,보행자,남,3세,부상신고
12059,2019031800100580,2019년 3월 18일 23시,월요일,경기도 성남시 중원구 성남동,경상사고,0,0,1,0,차대사람 - 기타,안전운전불이행,포장 - 건조,맑음,단일로 - 기타,승용,남,57세,상해없음,보행자,여,57세,경상
12060,2019031900100063,2019년 3월 19일 04시,화요일,경기도 의정부시 호원동,중상사고,0,1,0,0,차대사람 - 횡단중,신호위반,포장 - 건조,맑음,교차로 - 교차로부근,승용,남,74세,상해없음,보행자,여,64세,중상
12061,2019031900100101,2019년 3월 19일 07시,화요일,경기도 평택시 죽백동,경상사고,0,0,1,0,차대사람 - 기타,안전운전불이행,포장 - 건조,맑음,단일로 - 기타,승합,여,52세,상해없음,보행자,남,13세,경상
12062,2019031900100126,2019년 3월 19일 08시,화요일,경기도 성남시 수정구 수진동,중상사고,0,1,0,0,차대사람 - 차도통행중,안전운전불이행,포장 - 건조,맑음,단일로 - 기타,자전거,남,17세,상해없음,보행자,여,58세,중상
12063,2019031900100129,2019년 3월 19일 08시,화요일,경기도 부천시 내동,경상사고,0,0,1,0,차대사람 - 기타,안전운전불이행,포장 - 건조,맑음,기타 - 기타,승용,남,41세,상해없음,보행자,남,41세,경상
12064,2019031900100159,2019년 3월 19일 09시,화요일,경기도 부천시 원종동,경상사고,0,0,1,0,차대사람 - 기타,안전운전불이행,포장 - 건조,맑음,교차로 - 교차로안,승용,여,44세,상해없음,보행자,남,53세,경상
12065,2019031900100206,2019년 3월 19일 11시,화요일,경기도 군포시 당정동,중상사고,0,1,0,0,차대사람 - 횡단중,신호위반,포장 - 건조,맑음,교차로 - 교차로안,승합,남,65세,상해없음,보행자,여,42세,중상
12066,2019031900100230,2019년 3월 19일 12시,화요일,경기도 수원시 팔달구 우만동,경상사고,0,0,1,0,차대사람 - 기타,안전운전불이행,포장 - 건조,맑음,교차로 - 교차로안,승용,남,47세,상해없음,보행자,남,17세,경상
12067,2019031900100234,2019년 3월 19일 12시,화요일,경기도 화성시 안녕동,부상신고사고,0,0,0,1,차대사람 - 횡단중,안전운전불이행,포장 - 건조,맑음,교차로 - 교차로안,승용,여,70세,상해없음,보행자,여,55세,부상신고
12068,2019031900100251,2019년 3월 19일 12시,화요일,경기도 구리시 사노동,중상사고,0,1,0,0,차대사람 - 기타,안전운전불이행,포장 - 건조,맑음,단일로 - 기타,자전거,여,49세,상해없음,보행자,남,74세,중상
12069,2019031900100344,2019년 3월 19일 15시,화요일,경기도 포천시 일동면,부상신고사고,0,0,0,1,차대사람 - 기타,안전운전불이행,포장 - 건조,맑음,주차장 - 주차장,화물,남,48세,상해없음,보행자,여,1세,부상신고
12070,2019031900100354,2019년 3월 19일 16시,화요일,경기도 성남시 중원구 성남동,부상신고사고,0,0,0,1,차대사람 - 기타,안전운전불이행,포장 - 건조,맑음,단일로 - 기타,승용,남,61세,상해없음,보행자,남,49세,부상신고
12071,2019031900100411,2019년 3월 19일 17시,화요일,경기도 고양시 일산동구 설문동,중상사고,0,1,0,0,차대사람 - 횡단중,안전운전불이행,포장 - 건조,맑음,교차로 - 교차로부근,화물,남,50세,상해없음,보행자,여,72세,중상
12072,2019031900100447,2019년 3월 19일 18시,화요일,경기도 남양주시 퇴계원면,경상사고,0,0,1,0,차대사람 - 길가장자리구역통행중,안전운전불이행,포장 - 건조,맑음,단일로 - 기타,승용,여,32세,상해없음,보행자,남,59세,경상
12073,2019031900100454,2019년 3월 19일 19시,화요일,경기도 성남시 중원구 은행동,중상사고,0,1,0,0,차대사람 - 기타,안전운전불이행,포장 - 건조,맑음,교차로 - 교차로안,승용,여,51세,상해없음,보행자,남,81세,중상
12074,2019031900100480,2019년 3월 19일 20시,화요일,경기도 용인시 기흥구 영덕동,경상사고,0,0,1,0,차대사람 - 차도통행중,안전운전불이행,포장 - 건조,맑음,단일로 - 기타,승용,남,59세,상해없음,보행자,남,48세,경상
12075,2019031900100481,2019년 3월 19일 20시,화요일,경기도 안산시 단원구 신길동,중상사고,0,1,0,0,차대사람 - 횡단중,안전운전불이행,포장 - 건조,맑음,교차로 - 교차로안,화물,남,32세,상해없음,보행자,여,61세,중상
12076,2019031900100499,2019년 3월 19일 20시,화요일,경기도 의정부시 신곡동,중상사고,0,1,0,0,차대사람 - 횡단중,보행자보호의무위반,포장 - 건조,맑음,교차로 - 교차로횡단보도내,승용,여,46세,상해없음,보행자,남,43세,중상
12077,2019031900100500,2019년 3월 19일 20시,화요일,경기도 고양시 덕양구 화정동,경상사고,0,0,2,0,차대사람 - 차도통행중,안전운전불이행,포장 - 건조,맑음,단일로 - 기타,승용,남,44세,상해없음,보행자,남,24세,경상
12078,2019031900100503,2019년 3월 19일 21시,화요일,경기도 성남시 수정구 수진동,경상사고,0,0,1,0,차대사람 - 기타,안전운전불이행,포장 - 건조,맑음,단일로 - 기타,승용,남,28세,상해없음,보행자,남,62세,경상
12079,2019031900100517,2019년 3월 19일 21시,화요일,경기도 남양주시 호평동,경상사고,0,0,1,0,차대사람 - 횡단중,신호위반,포장 - 건조,맑음,단일로 - 기타,승용,남,23세,상해없음,보행자,남,17세,경상
12080,2019031900100526,2019년 3월 19일 22시,화요일,경기도 김포시 마산동,경상사고,0,0,1,0,차대사람 - 기타,보행자보호의무위반,포장 - 기타,맑음,교차로 - 교차로횡단보도내,승용,여,51세,상해없음,보행자,남,22세,경상
12081,2019031900100539,2019년 3월 19일 22시,화요일,경기도 의정부시 의정부동,경상사고,0,0,1,0,차대사람 - 횡단중,보행자보호의무위반,포장 - 건조,맑음,교차로 - 교차로횡단보도내,승용,남,20세,상해없음,보행자,남,53세,경상
12082,2019031900100546,2019년 3월 19일 23시,화요일,경기도 광명시 광명동,중상사고,0,1,0,0,차대사람 - 횡단중,신호위반,포장 - 건조,맑음,교차로 - 교차로횡단보도내,화물,남,48세,상해없음,보행자,여,46세,중상
12083,2019031900100547,2019년 3월 19일 23시,화요일,경기도 시흥시 정왕동,경상사고,0,0,1,0,차대사람 - 기타,신호위반,포장 - 건조,맑음,단일로 - 기타,이륜,남,18세,상해없음,보행자,남,56세,경상
12084,2019032000100040,2019년 3월 20일 01시,수요일,경기도 안양시 동안구 관양동,경상사고,0,0,1,0,차대사람 - 차도통행중,안전운전불이행,포장 - 건조,맑음,교차로 - 교차로부근,기타불명,기타불명,미분류,기타불명,보행자,남,34세,경상
12085,2019032000100072,2019년 3월 20일 05시,수요일,경기도 부천시 고강동,중상사고,0,1,0,0,차대사람 - 기타,안전운전불이행,포장 - 건조,맑음,기타 - 기타,승합,남,58세,상해없음,보행자,남,45세,중상
12086,2019032000100084,2019년 3월 20일 06시,수요일,경기도 오산시 오산동,중상사고,0,1,0,0,차대사람 - 횡단중,안전운전불이행,포장 - 건조,맑음,단일로 - 기타,승용,여,72세,상해없음,보행자,여,76세,중상
12087,2019032000100106,2019년 3월 20일 07시,수요일,경기도 안산시 단원구 원곡동,중상사고,0,1,0,0,차대사람 - 기타,안전운전불이행,포장 - 건조,맑음,단일로 - 기타,승합,남,42세,상해없음,보행자,남,54세,중상
12088,2019032000100109,2019년 3월 20일 07시,수요일,경기도 용인시 수지구 풍덕천동,경상사고,0,0,1,0,차대사람 - 기타,기타,포장 - 건조,맑음,단일로 - 기타,승합,남,53세,상해없음,보행자,여,85세,경상
12089,2019032000100142,2019년 3월 20일 08시,수요일,경기도 부천시 심곡본동,경상사고,0,0,1,0,차대사람 - 기타,기타,포장 - 기타,맑음,단일로 - 기타,승합,남,64세,상해없음,보행자,여,32세,경상
12090,2019032000100143,2019년 3월 20일 08시,수요일,경기도 광명시 일직동,부상신고사고,0,0,0,1,차대사람 - 횡단중,신호위반,포장 - 건조,맑음,교차로 - 교차로안,승용,남,45세,상해없음,보행자,남,9세,부상신고
12091,2019032000100148,2019년 3월 20일 08시,수요일,경기도 용인시 수지구 풍덕천동,경상사고,0,0,1,0,차대사람 - 기타,안전운전불이행,포장 - 건조,맑음,단일로 - 기타,승용,여,53세,상해없음,보행자,남,42세,경상
12092,2019032000100177,2019년 3월 20일 08시,수요일,경기도 고양시 일산서구 일산동,부상신고사고,0,0,0,1,차대사람 - 횡단중,안전운전불이행,포장 - 건조,맑음,교차로 - 교차로안,승용,남,31세,상해없음,보행자,남,25세,부상신고
12093,2019032000100187,2019년 3월 20일 09시,수요일,경기도 김포시 장기동,경상사고,0,0,1,0,차대사람 - 기타,안전운전불이행,포장 - 건조,맑음,단일로 - 기타,자전거,남,56세,상해없음,보행자,여,66세,경상
12094,2019032000100208,2019년 3월 20일 10시,수요일,경기도 김포시 장기동,경상사고,0,0,1,0,차대사람 - 횡단중,안전운전불이행,포장 - 건조,맑음,단일로 - 기타,승용,여,46세,상해없음,보행자,여,27세,경상
12095,2019032000100252,2019년 3월 20일 12시,수요일,경기도 광주시 오포읍,경상사고,0,0,1,0,차대사람 - 차도통행중,기타,포장 - 젖음/습기,비,단일로 - 기타,승용,여,57세,상해없음,보행자,여,74세,경상
12096,2019032000100254,2019년 3월 20일 12시,수요일,경기도 양평군 서종면,경상사고,0,0,1,0,차대사람 - 횡단중,보행자보호의무위반,포장 - 건조,흐림,교차로 - 교차로안,승용,여,38세,상해없음,보행자,여,33세,경상
12097,2019032000100270,2019년 3월 20일 12시,수요일,경기도 남양주시 다산동,중상사고,0,1,0,0,차대사람 - 기타,기타,포장 - 건조,맑음,단일로 - 기타,승합,남,63세,상해없음,보행자,여,73세,중상
12098,2019032000100277,2019년 3월 20일 13시,수요일,경기도 평택시 서정동,경상사고,0,0,1,0,차대사람 - 차도통행중,안전운전불이행,포장 - 건조,맑음,단일로 - 기타,승용,여,49세,상해없음,보행자,남,84세,경상
12099,2019032000100314,2019년 3월 20일 14시,수요일,경기도 수원시 팔달구 고등동,경상사고,0,0,1,0,차대사람 - 횡단중,안전운전불이행,포장 - 젖음/습기,비,교차로 - 교차로횡단보도내,승용,여,53세,상해없음,보행자,여,16세,경상
12100,2019032000100357,2019년 3월 20일 15시,수요일,경기도 여주시 가남읍,중상사고,0,1,0,0,차대사람 - 기타,안전운전불이행,포장 - 건조,맑음,주차장 - 주차장,화물,남,71세,상해없음,보행자,여,55세,중상
12101,2019032000100376,2019년 3월 20일 15시,수요일,경기도 의정부시 호원동,경상사고,0,0,1,0,차대사람 - 기타,안전운전불이행,포장 - 젖음/습기,비,단일로 - 기타,승용,여,46세,상해없음,보행자,여,67세,경상
12102,2019032000100391,2019년 3월 20일 16시,수요일,경기도 군포시 산본동,경상사고,0,0,1,0,차대사람 - 기타,기타,포장 - 건조,맑음,단일로 - 기타,승합,남,58세,상해없음,보행자,여,40세,경상
12103,2019032000100412,2019년 3월 20일 16시,수요일,경기도 파주시 조리읍,중상사고,0,1,0,0,차대사람 - 차도통행중,안전운전불이행,포장 - 젖음/습기,비,단일로 - 기타,승용,남,29세,상해없음,보행자,여,61세,중상
12104,2019032000100429,2019년 3월 20일 17시,수요일,경기도 시흥시 정왕동,중상사고,0,1,0,0,차대사람 - 횡단중,안전운전불이행,포장 - 젖음/습기,비,교차로 - 교차로안,화물,남,56세,상해없음,보행자,남,72세,중상
12105,2019032000100430,2019년 3월 20일 17시,수요일,경기도 시흥시 조남동,경상사고,0,0,1,0,차대사람 - 기타,안전운전불이행,포장 - 젖음/습기,흐림,단일로 - 기타,승용,남,45세,기타불명,보행자,여,29세,경상
12106,2019032000100431,2019년 3월 20일 17시,수요일,경기도 안산시 상록구 성포동,중상사고,0,1,0,0,차대사람 - 횡단중,신호위반,포장 - 건조,맑음,교차로 - 교차로안,승용,여,30세,상해없음,보행자,남,16세,중상
12107,2019032000100458,2019년 3월 20일 17시,수요일,경기도 고양시 덕양구 화정동,경상사고,0,0,1,0,차대사람 - 횡단중,보행자보호의무위반,포장 - 젖음/습기,비,교차로 - 교차로횡단보도내,승용,남,34세,상해없음,보행자,남,75세,경상
12108,2019032000100501,2019년 3월 20일 18시,수요일,경기도 고양시 일산서구 대화동,중상사고,0,1,0,0,차대사람 - 기타,기타,포장 - 젖음/습기,비,단일로 - 기타,승합,남,63세,상해없음,보행자,여,51세,중상
12109,2019032000100521,2019년 3월 20일 19시,수요일,경기도 부천시 괴안동,경상사고,0,0,1,0,차대사람 - 기타,안전운전불이행,포장 - 젖음/습기,비,교차로 - 교차로안,승용,남,41세,상해없음,보행자,남,47세,경상
12110,2019032000100528,2019년 3월 20일 19시,수요일,경기도 광주시 곤지암읍,중상사고,0,1,0,0,차대사람 - 기타,안전운전불이행,포장 - 젖음/습기,비,기타 - 기타,승합,남,56세,상해없음,보행자,여,79세,중상
12111,2019032000100561,2019년 3월 20일 19시,수요일,경기도 고양시 덕양구 화정동,경상사고,0,0,1,0,차대사람 - 횡단중,안전운전불이행,포장 - 젖음/습기,비,교차로 - 교차로안,이륜,남,57세,상해없음,보행자,남,24세,경상
12112,2019032000100563,2019년 3월 20일 19시,수요일,경기도 남양주시 다산동,경상사고,0,0,1,0,차대사람 - 횡단중,보행자보호의무위반,포장 - 젖음/습기,비,교차로 - 교차로횡단보도내,승용,남,53세,상해없음,보행자,남,13세,경상
12113,2019032000100578,2019년 3월 20일 20시,수요일,경기도 수원시 장안구 영화동,경상사고,0,0,1,0,차대사람 - 기타,안전운전불이행,포장 - 젖음/습기,비,교차로 - 교차로안,승용,남,48세,상해없음,보행자,여,43세,경상
12114,2019032000100579,2019년 3월 20일 20시,수요일,경기도 안양시 동안구 관양동,중상사고,0,1,0,0,차대사람 - 횡단중,안전운전불이행,포장 - 젖음/습기,비,교차로 - 교차로안,승용,남,30세,상해없음,보행자,여,14세,중상
12115,2019032000100580,2019년 3월 20일 20시,수요일,경기도 이천시 중리동,중상사고,0,1,0,0,차대사람 - 기타,안전운전불이행,포장 - 젖음/습기,비,교차로 - 교차로부근,승용,남,20세,상해없음,보행자,여,42세,중상
12116,2019032000100581,2019년 3월 20일 20시,수요일,경기도 양평군 양평읍,경상사고,0,0,2,0,차대사람 - 횡단중,보행자보호의무위반,포장 - 젖음/습기,비,단일로 - 기타,승용,남,45세,상해없음,보행자,남,34세,경상
12117,2019032000100629,2019년 3월 20일 21시,수요일,경기도 오산시 궐동,경상사고,0,0,1,0,차대사람 - 기타,안전운전불이행,포장 - 젖음/습기,비,교차로 - 교차로부근,승용,여,26세,상해없음,보행자,여,26세,경상
12118,2019032000100684,2019년 3월 20일 22시,수요일,경기도 성남시 수정구 신흥동,경상사고,0,0,1,0,차대사람 - 횡단중,보행자보호의무위반,포장 - 젖음/습기,비,교차로 - 교차로횡단보도내,승용,남,56세,기타불명,보행자,남,49세,경상
12119,2019032000100686,2019년 3월 20일 22시,수요일,경기도 이천시 대월면,경상사고,0,0,1,0,차대사람 - 기타,안전운전불이행,포장 - 젖음/습기,비,단일로 - 기타,승용,남,43세,상해없음,보행자,남,54세,경상
12120,2019032000100690,2019년 3월 20일 22시,수요일,경기도 안산시 단원구 선부동,중상사고,0,2,0,0,차대사람 - 횡단중,안전운전불이행,포장 - 젖음/습기,비,단일로 - 기타,이륜,남,28세,상해없음,보행자,남,64세,중상
12121,2019032000100692,2019년 3월 20일 22시,수요일,경기도 성남시 분당구 야탑동,중상사고,0,1,0,0,차대사람 - 횡단중,신호위반,포장 - 젖음/습기,비,교차로 - 교차로안,승용,여,47세,상해없음,보행자,여,61세,중상