,사고번호,사고일시,요일,시군구,사고내용,사망자수,중상자수,경상자수,부상신고자수,사고유형,법규위반,노면상태,기상상태,도로형태,가해운전자 차종,가해운전자 성별,가해운전자 연령,가해운전자 상해정도,피해운전자 차종,피해운전자 성별,피해운전자 연령,피해운전자 상해정도
12348,2019032900100381,2019년 3월 29일 15시,금요일,경기도 김포시 고촌읍,경상사고,0,0,1,0,차대사람 - 기타,안전운전불이행,포장 - 건조,맑음,기타 - 기타,승합,남,43세,기타불명,보행자,여,58세,경상
12349,2019032900100382,2019년 3월 29일 15시,금요일,경기도 광명시 광명동,중상사고,0,1,0,0,차대사람 - 횡단중,안전운전불이행,포장 - 건조,맑음,교차로 - 교차로부근,화물,남,62세,상해없음,보행자,여,67세,중상
12350,2019032900100400,2019년 3월 29일 15시,금요일,경기도 남양주시 오남읍,경상사고,0,0,1,0,차대사람 - 횡단중,기타,포장 - 건조,맑음,단일로 - 기타,승용,남,63세,상해없음,보행자,여,71세,경상
12351,2019032900100403,2019년 3월 29일 15시,금요일,경기도 파주시 문산읍,경상사고,0,0,1,0,차대사람 - 기타,보행자보호의무위반,포장 - 건조,맑음,단일로 - 기타,승합,남,64세,상해없음,보행자,여,79세,경상
12352,2019032900100418,2019년 3월 29일 16시,금요일,경기도 수원시 장안구 조원동,중상사고,0,1,0,0,차대사람 - 횡단중,안전운전불이행,포장 - 건조,맑음,단일로 - 기타,승용,남,22세,상해없음,보행자,여,9세,중상
12353,2019032900100423,2019년 3월 29일 16시,금요일,경기도 용인시 수지구 풍덕천동,중상사고,0,1,0,0,차대사람 - 기타,안전운전불이행,포장 - 건조,맑음,교차로 - 교차로안,승합,남,57세,상해없음,보행자,여,55세,중상
12354,2019032900100455,2019년 3월 29일 16시,금요일,경기도 남양주시 이패동,중상사고,0,1,0,0,차대사람 - 기타,안전운전불이행,포장 - 건조,맑음,기타 - 기타,화물,남,62세,상해없음,보행자,남,49세,중상
12355,2019032900100465,2019년 3월 29일 17시,금요일,경기도 군포시 당동,경상사고,0,0,1,0,차대사람 - 횡단중,안전운전불이행,포장 - 건조,맑음,단일로 - 기타,승용,여,54세,상해없음,보행자,남,80세,경상
12356,2019032900100508,2019년 3월 29일 17시,금요일,경기도 고양시 덕양구 화정동,부상신고사고,0,0,0,1,차대사람 - 차도통행중,안전운전불이행,포장 - 건조,맑음,단일로 - 기타,승용,여,57세,상해없음,보행자,남,20세,부상신고
12357,2019032900100567,2019년 3월 29일 19시,금요일,경기도 이천시 모가면,사망사고,1,0,0,0,차대사람 - 횡단중,과속,포장 - 건조,맑음,교차로 - 교차로안,승용,여,60세,상해없음,보행자,남,15세,사망
12358,2019032900100568,2019년 3월 29일 19시,금요일,경기도 용인시 처인구 김량장동,중상사고,0,1,0,0,차대사람 - 횡단중,보행자보호의무위반,포장 - 건조,맑음,교차로 - 교차로횡단보도내,승합,남,44세,상해없음,보행자,남,14세,중상
12359,2019032900100569,2019년 3월 29일 19시,금요일,경기도 광명시 하안동,중상사고,0,1,0,0,차대사람 - 횡단중,신호위반,포장 - 건조,맑음,교차로 - 교차로횡단보도내,이륜,남,58세,상해없음,보행자,여,58세,중상
12360,2019032900100598,2019년 3월 29일 19시,금요일,경기도 동두천시 지행동,중상사고,0,1,0,0,차대사람 - 횡단중,보행자보호의무위반,포장 - 건조,맑음,교차로 - 교차로횡단보도내,승합,남,52세,상해없음,보행자,여,85세,중상
12361,2019032900100600,2019년 3월 29일 19시,금요일,경기도 고양시 일산서구 탄현동,경상사고,0,0,1,0,차대사람 - 횡단중,안전운전불이행,포장 - 건조,맑음,교차로 - 교차로횡단보도내,승합,여,63세,상해없음,보행자,남,8세,경상
12362,2019032900100613,2019년 3월 29일 20시,금요일,경기도 안산시 단원구 원시동,경상사고,0,0,1,0,차대사람 - 차도통행중,안전운전불이행,포장 - 건조,맑음,단일로 - 기타,승용,남,65세,상해없음,보행자,여,30세,경상
12363,2019032900100649,2019년 3월 29일 21시,금요일,경기도 성남시 분당구 금곡동,경상사고,0,0,1,0,차대사람 - 기타,안전운전불이행,포장 - 건조,기타,단일로 - 기타,기타불명,기타불명,미분류,기타불명,보행자,여,70세,경상
12364,2019032900100670,2019년 3월 29일 21시,금요일,경기도 의정부시 의정부동,경상사고,0,0,1,0,차대사람 - 길가장자리구역통행중,안전운전불이행,포장 - 건조,맑음,교차로 - 교차로안,승용,남,24세,상해없음,보행자,남,44세,경상
12365,2019032900100681,2019년 3월 29일 22시,금요일,경기도 수원시 권선구 오목천동,경상사고,0,0,2,0,차대사람 - 기타,안전운전불이행,포장 - 건조,맑음,기타 - 기타,승용,남,23세,상해없음,보행자,여,21세,경상
12366,2019032900100709,2019년 3월 29일 23시,금요일,경기도 부천시 상동,사망사고,1,0,0,0,차대사람 - 횡단중,안전운전불이행,포장 - 젖음/습기,비,단일로 - 기타,승용,남,23세,상해없음,보행자,여,30세,사망
12367,2019033000100028,2019년 3월 30일 00시,토요일,경기도 용인시 기흥구 상하동,중상사고,0,1,0,0,차대사람 - 기타,기타,포장 - 건조,맑음,단일로 - 기타,승용,남,45세,상해없음,보행자,남,38세,중상
12368,2019033000100031,2019년 3월 30일 00시,토요일,경기도 과천시 부림동,중상사고,0,1,0,0,차대사람 - 차도통행중,안전운전불이행,포장 - 젖음/습기,비,교차로 - 교차로안,승용,남,73세,상해없음,보행자,남,61세,중상
12369,2019033000100032,2019년 3월 30일 00시,토요일,경기도 군포시 당동,경상사고,0,0,1,0,차대사람 - 길가장자리구역통행중,안전운전불이행,포장 - 건조,맑음,단일로 - 기타,승용,남,27세,상해없음,보행자,남,45세,경상
12370,2019033000100043,2019년 3월 30일 00시,토요일,경기도 고양시 일산동구 식사동,경상사고,0,0,1,0,차대사람 - 기타,안전운전불이행,포장 - 건조,맑음,교차로 - 교차로안,승용,남,64세,상해없음,보행자,여,47세,경상
12371,2019033000100045,2019년 3월 30일 00시,토요일,경기도 고양시 일산서구 탄현동,경상사고,0,0,1,0,차대사람 - 횡단중,안전운전불이행,포장 - 건조,맑음,교차로 - 교차로횡단보도내,승용,남,52세,상해없음,보행자,남,29세,경상
12372,2019033000100059,2019년 3월 30일 01시,토요일,경기도 안산시 단원구 선부동,중상사고,0,1,0,0,차대사람 - 횡단중,안전운전불이행,포장 - 젖음/습기,비,교차로 - 교차로안,승용,여,61세,상해없음,보행자,남,61세,중상
12373,2019033000100060,2019년 3월 30일 01시,토요일,경기도 수원시 팔달구 인계동,중상사고,0,1,0,0,차대사람 - 횡단중,안전운전불이행,포장 - 젖음/습기,비,교차로 - 교차로횡단보도내,승용,남,42세,상해없음,보행자,남,40세,중상
12374,2019033000100082,2019년 3월 30일 01시,토요일,경기도 포천시 선단동,부상신고사고,0,0,0,1,차대사람 - 기타,안전운전불이행,포장 - 건조,맑음,단일로 - 기타,승용,남,55세,상해없음,보행자,여,71세,부상신고
12375,2019033000100091,2019년 3월 30일 02시,토요일,경기도 성남시 수정구 수진동,부상신고사고,0,0,0,1,차대사람 - 횡단중,안전운전불이행,포장 - 젖음/습기,비,단일로 - 기타,승용,남,58세,상해없음,보행자,남,43세,부상신고
12376,2019033000100094,2019년 3월 30일 02시,토요일,경기도 안산시 단원구 고잔동,경상사고,0,0,1,0,차대사람 - 기타,안전운전불이행,포장 - 건조,맑음,단일로 - 기타,승용,남,75세,상해없음,보행자,남,34세,경상
12377,2019033000100102,2019년 3월 30일 02시,토요일,경기도 구리시 수택동,경상사고,0,0,1,0,차대사람 - 기타,안전운전불이행,포장 - 젖음/습기,비,교차로 - 교차로부근,승합,남,35세,상해없음,보행자,남,58세,경상
12378,2019033000100109,2019년 3월 30일 03시,토요일,경기도 수원시 장안구 조원동,경상사고,0,0,1,0,차대사람 - 기타,안전운전불이행,포장 - 건조,맑음,단일로 - 기타,승용,남,49세,상해없음,보행자,남,50세,경상
12379,2019033000100125,2019년 3월 30일 03시,토요일,경기도 의정부시 신곡동,경상사고,0,0,1,0,차대사람 - 횡단중,중앙선침범,포장 - 건조,맑음,교차로 - 교차로횡단보도내,승용,남,29세,상해없음,보행자,남,32세,경상
12380,2019033000100217,2019년 3월 30일 09시,토요일,경기도 평택시 진위면,중상사고,0,1,0,0,차대사람 - 기타,안전운전불이행,포장 - 건조,맑음,단일로 - 기타,승용,남,57세,상해없음,보행자,남,13세,중상
12381,2019033000100220,2019년 3월 30일 09시,토요일,경기도 안산시 단원구 와동,경상사고,0,0,1,0,차대사람 - 보도통행중,보행자보호의무위반,포장 - 건조,맑음,교차로 - 교차로안,승용,남,65세,상해없음,보행자,여,12세,경상
12382,2019033000100273,2019년 3월 30일 11시,토요일,경기도 용인시 처인구 김량장동,중상사고,0,1,0,0,차대사람 - 기타,보행자보호의무위반,포장 - 건조,맑음,교차로 - 교차로안,승용,여,53세,상해없음,보행자,여,76세,중상
12383,2019033000100279,2019년 3월 30일 11시,토요일,경기도 성남시 분당구 구미동,중상사고,0,1,1,0,차대사람 - 기타,안전운전불이행,포장 - 건조,맑음,교차로 - 교차로부근,승용,남,64세,상해없음,보행자,남,32세,중상
12384,2019033000100314,2019년 3월 30일 12시,토요일,경기도 수원시 장안구 연무동,부상신고사고,0,0,0,1,차대사람 - 기타,안전운전불이행,포장 - 건조,맑음,단일로 - 기타,승용,여,52세,상해없음,보행자,남,24세,부상신고
12385,2019033000100361,2019년 3월 30일 13시,토요일,경기도 성남시 중원구 은행동,경상사고,0,0,1,0,차대사람 - 기타,안전운전불이행,포장 - 젖음/습기,비,단일로 - 기타,승용,남,29세,상해없음,보행자,남,11세,경상
12386,2019033000100388,2019년 3월 30일 13시,토요일,경기도 포천시 소흘읍,경상사고,0,0,1,0,차대사람 - 횡단중,보행자보호의무위반,포장 - 젖음/습기,비,단일로 - 기타,승합,남,62세,상해없음,보행자,여,24세,경상
12387,2019033000100400,2019년 3월 30일 14시,토요일,경기도 안산시 단원구 원곡동,경상사고,0,0,1,0,차대사람 - 기타,안전운전불이행,포장 - 건조,맑음,단일로 - 기타,승용,남,38세,상해없음,보행자,여,55세,경상
12388,2019033000100420,2019년 3월 30일 14시,토요일,경기도 의정부시 의정부동,경상사고,0,0,1,0,차대사람 - 차도통행중,안전운전불이행,포장 - 건조,맑음,단일로 - 기타,승용,남,31세,상해없음,보행자,여,48세,경상
12389,2019033000100421,2019년 3월 30일 14시,토요일,경기도 고양시 덕양구 관산동,부상신고사고,0,0,0,1,차대사람 - 길가장자리구역통행중,기타,포장 - 건조,맑음,단일로 - 기타,승용,남,57세,상해없음,보행자,여,59세,부상신고
12390,2019033000100432,2019년 3월 30일 15시,토요일,경기도 평택시 합정동,중상사고,0,1,0,0,차대사람 - 횡단중,중앙선침범,포장 - 건조,맑음,단일로 - 기타,승용,여,44세,상해없음,보행자,여,78세,중상
12391,2019033000100455,2019년 3월 30일 15시,토요일,경기도 고양시 일산동구 장항동,경상사고,0,0,1,0,차대사람 - 횡단중,보행자보호의무위반,포장 - 건조,맑음,교차로 - 교차로횡단보도내,승용,여,64세,상해없음,보행자,여,33세,경상
12392,2019033000100473,2019년 3월 30일 16시,토요일,경기도 부천시 소사본동,중상사고,0,1,0,0,차대사람 - 횡단중,안전운전불이행,포장 - 건조,맑음,단일로 - 기타,승용,남,67세,상해없음,보행자,여,66세,중상
12393,2019033000100474,2019년 3월 30일 16시,토요일,경기도 광명시 광명동,경상사고,0,0,1,0,차대사람 - 기타,안전운전불이행,포장 - 건조,흐림,단일로 - 기타,승용,남,55세,상해없음,보행자,여,69세,경상
12394,2019033000100507,2019년 3월 30일 17시,토요일,경기도 안산시 상록구 사동,중상사고,0,1,0,0,차대사람 - 기타,불법유턴,포장 - 건조,맑음,단일로 - 기타,승합,남,51세,상해없음,보행자,여,65세,중상
12395,2019033000100576,2019년 3월 30일 19시,토요일,경기도 수원시 장안구 영화동,중상사고,0,1,0,0,차대사람 - 횡단중,신호위반,포장 - 젖음/습기,비,교차로 - 교차로횡단보도내,승용,여,28세,상해없음,보행자,남,56세,중상
12396,2019033000100580,2019년 3월 30일 19시,토요일,경기도 성남시 중원구 은행동,중상사고,0,1,0,0,차대사람 - 횡단중,보행자보호의무위반,포장 - 젖음/습기,비,단일로 - 기타,승용,여,43세,상해없음,보행자,남,67세,중상
12397,2019033000100611,2019년 3월 30일 20시,토요일,경기도 이천시 창전동,경상사고,0,0,1,0,차대사람 - 횡단중,안전운전불이행,포장 - 젖음/습기,비,교차로 - 교차로안,승용,남,38세,상해없음,보행자,남,26세,경상
12398,2019033000100634,2019년 3월 30일 20시,토요일,경기도 고양시 일산동구 중산동,중상사고,0,1,0,0,차대사람 - 횡단중,안전운전불이행,포장 - 건조,맑음,교차로 - 교차로안,승용,남,61세,상해없음,보행자,여,57세,중상
12399,2019033000100635,2019년 3월 30일 20시,토요일,경기도 양주시 광사동,경상사고,0,0,2,0,차대사람 - 횡단중,보행자보호의무위반,포장 - 건조,맑음,단일로 - 기타,승용,남,39세,상해없음,보행자,여,17세,경상
12400,2019033000100646,2019년 3월 30일 21시,토요일,경기도 평택시 합정동,경상사고,0,0,1,0,차대사람 - 차도통행중,안전운전불이행,포장 - 건조,맑음,교차로 - 교차로부근,승용,여,24세,상해없음,보행자,남,20세,경상
12401,2019033000100649,2019년 3월 30일 21시,토요일,경기도 수원시 팔달구 인계동,경상사고,0,0,1,0,차대사람 - 기타,중앙선침범,포장 - 건조,맑음,단일로 - 기타,승용,남,43세,상해없음,보행자,남,45세,경상
12402,2019033000100666,2019년 3월 30일 21시,토요일,경기도 파주시 아동동,중상사고,0,1,0,0,차대사람 - 횡단중,안전운전불이행,포장 - 건조,맑음,교차로 - 교차로부근,승용,남,70세,상해없음,보행자,남,53세,중상
12403,2019033000100706,2019년 3월 30일 23시,토요일,경기도 남양주시 오남읍,경상사고,0,0,1,0,차대사람 - 횡단중,신호위반,포장 - 젖음/습기,비,교차로 - 교차로부근,이륜,남,17세,상해없음,보행자,남,18세,경상
12404,2019033100100024,2019년 3월 31일 00시,일요일,경기도 수원시 장안구 율전동,경상사고,0,0,1,0,차대사람 - 횡단중,안전운전불이행,포장 - 건조,맑음,교차로 - 교차로횡단보도내,승용,남,28세,상해없음,보행자,남,26세,경상
12405,2019033100100027,2019년 3월 31일 00시,일요일,경기도 안산시 상록구 본오동,중상사고,0,1,0,0,차대사람 - 보도통행중,안전운전불이행,포장 - 건조,흐림,교차로 - 교차로횡단보도내,기타불명,기타불명,미분류,기타불명,보행자,남,39세,중상
12406,2019033100100047,2019년 3월 31일 01시,일요일,경기도 이천시 중리동,경상사고,0,0,1,0,차대사람 - 기타,안전운전불이행,포장 - 건조,맑음,교차로 - 교차로안,승용,여,28세,상해없음,보행자,남,47세,경상
12407,2019033100100050,2019년 3월 31일 01시,일요일,경기도 수원시 팔달구 인계동,경상사고,0,0,1,0,차대사람 - 횡단중,신호위반,포장 - 젖음/습기,비,교차로 - 교차로횡단보도내,승용,남,41세,상해없음,보행자,여,49세,경상
12408,2019033100100086,2019년 3월 31일 05시,일요일,경기도 용인시 처인구 김량장동,사망사고,1,0,0,0,차대사람 - 차도통행중,안전운전불이행,포장 - 건조,맑음,단일로 - 고가도로위,승합,남,65세,상해없음,보행자,남,47세,사망
12409,2019033100100221,2019년 3월 31일 13시,일요일,경기도 파주시 금촌동,중상사고,0,1,0,0,차대사람 - 횡단중,안전운전불이행,포장 - 건조,맑음,단일로 - 기타,이륜,남,50세,상해없음,보행자,여,19세,중상
12410,2019033100100249,2019년 3월 31일 14시,일요일,경기도 남양주시 와부읍,경상사고,0,0,2,0,차대사람 - 기타,안전운전불이행,포장 - 건조,맑음,주차장 - 주차장,이륜,남,43세,상해없음,보행자,남,28세,경상
12411,2019033100100289,2019년 3월 31일 16시,일요일,경기도 평택시 평택동,경상사고,0,0,1,0,차대사람 - 보도통행중,보행자보호의무위반,포장 - 건조,맑음,교차로 - 교차로횡단보도내,기타불명,기타불명,미분류,기타불명,보행자,남,50세,경상
12412,2019033100100408,2019년 3월 31일 20시,일요일,경기도 광명시 일직동,경상사고,0,0,1,0,차대사람 - 횡단중,안전운전불이행,포장 - 건조,흐림,단일로 - 기타,승용,남,64세,상해없음,보행자,남,41세,경상
12413,2019033100100427,2019년 3월 31일 20시,일요일,경기도 의정부시 의정부동,중상사고,0,1,0,0,차대사람 - 횡단중,보행자보호의무위반,포장 - 건조,맑음,교차로 - 교차로횡단보도내,승합,남,46세,상해없음,보행자,남,56세,중상
12414,2019033100100436,2019년 3월 31일 21시,일요일,경기도 부천시 상동,부상신고사고,0,0,0,1,차대사람 - 횡단중,보행자보호의무위반,포장 - 건조,맑음,교차로 - 교차로횡단보도내,승용,남,48세,상해없음,보행자,남,51세,부상신고
12415,2019040100100039,2019년 4월 1일 01시,월요일,경기도 오산시 오산동,중상사고,0,1,0,0,차대사람 - 횡단중,과속,포장 - 건조,맑음,교차로 - 교차로횡단보도내,승용,남,23세,상해없음,보행자,여,86세,중상
12416,2019040100100049,2019년 4월 1일 03시,월요일,경기도 광명시 광명동,부상신고사고,0,0,0,1,차대사람 - 기타,안전운전불이행,포장 - 건조,맑음,단일로 - 기타,승용,남,23세,상해없음,보행자,남,21세,부상신고
12417,2019040100100080,2019년 4월 1일 06시,월요일,경기도 이천시 율현동,경상사고,0,0,1,0,차대사람 - 보도통행중,기타,포장 - 건조,맑음,기타 - 기타,화물,남,37세,상해없음,보행자,남,24세,경상
12418,2019040100100099,2019년 4월 1일 07시,월요일,경기도 김포시 풍무동,중상사고,0,1,0,0,차대사람 - 차도통행중,안전운전불이행,포장 - 건조,맑음,단일로 - 기타,승용,남,26세,상해없음,보행자,여,31세,중상
12419,2019040100100100,2019년 4월 1일 07시,월요일,경기도 성남시 분당구 구미동,경상사고,0,0,1,0,차대사람 - 횡단중,보행자보호의무위반,포장 - 건조,맑음,교차로 - 교차로부근,승용,남,43세,상해없음,보행자,여,31세,경상
12420,2019040100100190,2019년 4월 1일 09시,월요일,경기도 평택시 서정동,경상사고,0,0,2,0,차대사람 - 횡단중,보행자보호의무위반,포장 - 건조,맑음,교차로 - 교차로횡단보도내,승용,남,37세,상해없음,보행자,여,35세,경상
12421,2019040100100192,2019년 4월 1일 09시,월요일,경기도 용인시 처인구 역북동,중상사고,0,1,0,0,차대사람 - 보도통행중,안전운전불이행,포장 - 건조,맑음,단일로 - 기타,기타불명,기타불명,미분류,기타불명,보행자,여,17세,중상
12422,2019040100100232,2019년 4월 1일 10시,월요일,경기도 광주시 오포읍,중상사고,0,1,0,0,차대사람 - 횡단중,신호위반,포장 - 건조,맑음,교차로 - 교차로횡단보도내,승용,남,59세,상해없음,보행자,여,77세,중상
12423,2019040100100262,2019년 4월 1일 11시,월요일,경기도 김포시 사우동,경상사고,0,0,1,0,차대사람 - 기타,기타,포장 - 건조,맑음,단일로 - 기타,승합,남,61세,상해없음,보행자,여,70세,경상
12424,2019040100100300,2019년 4월 1일 12시,월요일,경기도 안산시 상록구 본오동,경상사고,0,0,1,0,차대사람 - 횡단중,안전운전불이행,포장 - 건조,맑음,교차로 - 교차로횡단보도내,승용,남,53세,상해없음,보행자,남,72세,경상
12425,2019040100100328,2019년 4월 1일 13시,월요일,경기도 이천시 증포동,사망사고,1,0,0,0,차대사람 - 횡단중,안전운전불이행,포장 - 건조,맑음,교차로 - 교차로횡단보도내,승용,여,64세,상해없음,보행자,여,74세,사망
12426,2019040100100362,2019년 4월 1일 14시,월요일,경기도 평택시 팽성읍,경상사고,0,0,1,0,차대사람 - 차도통행중,안전운전불이행,포장 - 건조,맑음,단일로 - 기타,승용,남,64세,상해없음,보행자,남,21세,경상
12427,2019040100100389,2019년 4월 1일 14시,월요일,경기도 고양시 덕양구 행신동,중상사고,0,1,0,0,차대사람 - 기타,안전운전불이행,포장 - 건조,맑음,단일로 - 기타,화물,남,54세,상해없음,보행자,여,28세,중상
12428,2019040100100427,2019년 4월 1일 15시,월요일,경기도 남양주시 화도읍,경상사고,0,0,1,0,차대사람 - 횡단중,보행자보호의무위반,포장 - 건조,맑음,교차로 - 교차로횡단보도내,승용,여,60세,상해없음,보행자,여,70세,경상
12429,2019040100100440,2019년 4월 1일 16시,월요일,경기도 안산시 단원구 선부동,중상사고,0,1,1,0,차대사람 - 기타,안전운전불이행,포장 - 건조,맑음,교차로 - 교차로안,자전거,남,58세,경상,보행자,남,51세,중상
12430,2019040100100444,2019년 4월 1일 16시,월요일,경기도 화성시 반송동,중상사고,0,1,0,0,차대사람 - 기타,안전운전불이행,포장 - 건조,맑음,교차로 - 교차로안,승합,남,52세,상해없음,보행자,여,67세,중상
12431,2019040100100489,2019년 4월 1일 17시,월요일,경기도 성남시 분당구 이매동,경상사고,0,0,2,0,차대사람 - 차도통행중,안전운전불이행,포장 - 건조,맑음,단일로 - 기타,승용,여,56세,상해없음,보행자,남,15세,경상
12432,2019040100100519,2019년 4월 1일 17시,월요일,경기도 남양주시 화도읍,중상사고,0,1,0,0,차대사람 - 횡단중,보행자보호의무위반,포장 - 건조,맑음,단일로 - 기타,화물,남,67세,상해없음,보행자,남,68세,중상
12433,2019040100100529,2019년 4월 1일 18시,월요일,경기도 평택시 비전동,부상신고사고,0,0,0,1,차대사람 - 기타,안전운전불이행,포장 - 건조,맑음,교차로 - 교차로안,승용,남,49세,상해없음,보행자,남,61세,부상신고
12434,2019040100100534,2019년 4월 1일 18시,월요일,경기도 안산시 상록구 본오동,경상사고,0,0,1,0,차대사람 - 기타,안전운전불이행,포장 - 건조,맑음,단일로 - 기타,이륜,남,38세,상해없음,보행자,남,65세,경상
12435,2019040100100535,2019년 4월 1일 18시,월요일,경기도 안산시 상록구 일동,경상사고,0,0,1,0,차대사람 - 차도통행중,안전운전불이행,포장 - 건조,맑음,단일로 - 기타,승용,남,60세,상해없음,보행자,남,57세,경상
12436,2019040100100537,2019년 4월 1일 18시,월요일,경기도 하남시 풍산동,중상사고,0,1,1,0,차대사람 - 기타,안전운전불이행,포장 - 건조,맑음,교차로 - 교차로부근,자전거,여,59세,중상,보행자,남,39세,경상
12437,2019040100100539,2019년 4월 1일 18시,월요일,경기도 화성시 병점동,중상사고,0,1,0,0,차대사람 - 기타,안전운전불이행,포장 - 건조,맑음,기타 - 기타,승합,남,49세,상해없음,보행자,남,18세,중상
12438,2019040100100576,2019년 4월 1일 18시,월요일,경기도 양주시 광적면,중상사고,0,1,0,0,차대사람 - 횡단중,안전운전불이행,포장 - 건조,맑음,단일로 - 기타,화물,남,81세,상해없음,보행자,여,56세,중상
12439,2019040100100585,2019년 4월 1일 19시,월요일,경기도 안성시 신소현동,중상사고,0,1,0,0,차대사람 - 횡단중,안전운전불이행,포장 - 건조,맑음,교차로 - 교차로부근,승용,남,38세,상해없음,보행자,여,50세,중상
12440,2019040100100623,2019년 4월 1일 20시,월요일,경기도 평택시 안중읍,경상사고,0,0,1,0,차대사람 - 차도통행중,안전운전불이행,포장 - 건조,맑음,단일로 - 기타,승용,여,36세,상해없음,보행자,남,64세,경상
12441,2019040100100626,2019년 4월 1일 20시,월요일,경기도 수원시 영통구 영통동,경상사고,0,0,1,0,차대사람 - 기타,안전운전불이행,포장 - 건조,맑음,기타 - 기타,자전거,남,13세,상해없음,보행자,여,65세,경상
12442,2019040100100648,2019년 4월 1일 21시,월요일,경기도 양평군 용문면,경상사고,0,0,1,0,차대사람 - 횡단중,보행자보호의무위반,포장 - 건조,맑음,교차로 - 교차로횡단보도내,화물,남,46세,상해없음,보행자,여,68세,경상
12443,2019040200100030,2019년 4월 2일 00시,화요일,경기도 광명시 철산동,부상신고사고,0,0,0,1,차대사람 - 차도통행중,안전운전불이행,포장 - 건조,맑음,단일로 - 기타,승용,남,67세,상해없음,보행자,남,20세,부상신고
12444,2019040200100046,2019년 4월 2일 01시,화요일,경기도 포천시 선단동,경상사고,0,0,1,0,차대사람 - 기타,기타,포장 - 건조,맑음,단일로 - 기타,승합,남,48세,상해없음,보행자,남,33세,경상
12445,2019040200100101,2019년 4월 2일 07시,화요일,경기도 군포시 당정동,중상사고,0,1,0,0,차대사람 - 보도통행중,보행자보호의무위반,포장 - 건조,맑음,교차로 - 교차로부근,승합,남,66세,상해없음,보행자,여,58세,중상
12446,2019040200100102,2019년 4월 2일 07시,화요일,경기도 화성시 남양읍,중상사고,0,1,0,0,차대사람 - 횡단중,신호위반,포장 - 건조,맑음,단일로 - 기타,승용,여,51세,상해없음,보행자,남,37세,중상
12447,2019040200100146,2019년 4월 2일 08시,화요일,경기도 김포시 사우동,경상사고,0,0,1,0,차대사람 - 기타,안전운전불이행,포장 - 건조,맑음,단일로 - 기타,승합,남,47세,상해없음,보행자,여,55세,경상
12448,2019040200100226,2019년 4월 2일 10시,화요일,경기도 수원시 장안구 율전동,경상사고,0,0,1,0,차대사람 - 횡단중,신호위반,포장 - 건조,맑음,교차로 - 교차로횡단보도내,승용,여,45세,상해없음,보행자,여,44세,경상
12449,2019040200100229,2019년 4월 2일 10시,화요일,경기도 안양시 동안구 관양동,경상사고,0,0,1,0,차대사람 - 기타,안전운전불이행,포장 - 건조,맑음,단일로 - 기타,승용,남,52세,상해없음,보행자,남,57세,경상
12450,2019040200100232,2019년 4월 2일 10시,화요일,경기도 의왕시 포일동,중상사고,0,1,0,1,차대사람 - 기타,신호위반,포장 - 건조,맑음,교차로 - 교차로안,승용,여,39세,상해없음,보행자,여,67세,중상
12451,2019040200100263,2019년 4월 2일 11시,화요일,경기도 안양시 동안구 호계동,경상사고,0,0,1,0,차대사람 - 기타,안전운전불이행,포장 - 건조,맑음,기타 - 기타,화물,남,57세,상해없음,보행자,남,67세,경상
12452,2019040200100266,2019년 4월 2일 11시,화요일,경기도 부천시 원종동,중상사고,0,1,0,0,차대사람 - 보도통행중,기타,포장 - 건조,맑음,기타 - 기타,화물,남,44세,상해없음,보행자,여,81세,중상
12453,2019040200100301,2019년 4월 2일 12시,화요일,경기도 화성시 봉담읍,중상사고,0,1,0,0,차대사람 - 기타,안전운전불이행,포장 - 건조,맑음,단일로 - 기타,건설기계,남,50세,상해없음,보행자,남,85세,중상
12454,2019040200100333,2019년 4월 2일 13시,화요일,경기도 안산시 단원구 선부동,중상사고,0,1,0,0,차대사람 - 보도통행중,기타,포장 - 건조,맑음,기타 - 기타,승용,여,53세,기타불명,보행자,여,64세,중상
12455,2019040200100362,2019년 4월 2일 14시,화요일,경기도 평택시 지산동,경상사고,0,0,1,0,차대사람 - 기타,안전운전불이행,포장 - 건조,맑음,기타 - 기타,승용,여,63세,상해없음,보행자,남,51세,경상
12456,2019040200100364,2019년 4월 2일 14시,화요일,경기도 김포시 북변동,중상사고,0,1,0,0,차대사람 - 횡단중,안전운전불이행,포장 - 건조,맑음,단일로 - 기타,화물,남,75세,상해없음,보행자,여,70세,중상
12457,2019040200100367,2019년 4월 2일 14시,화요일,경기도 안산시 상록구 성포동,중상사고,0,1,0,1,차대사람 - 기타,안전운전불이행,포장 - 건조,맑음,교차로 - 교차로횡단보도내,승합,남,53세,상해없음,보행자,여,50세,중상
12458,2019040200100393,2019년 4월 2일 14시,화요일,경기도 양주시 백석읍,경상사고,0,0,1,0,차대사람 - 길가장자리구역통행중,안전운전불이행,포장 - 건조,맑음,교차로 - 교차로부근,승용,여,57세,상해없음,보행자,여,90세 이상,경상
12459,2019040200100402,2019년 4월 2일 15시,화요일,경기도 광명시 광명동,경상사고,0,0,1,0,차대사람 - 길가장자리구역통행중,안전운전불이행,포장 - 건조,맑음,단일로 - 기타,승용,여,58세,상해없음,보행자,여,23세,경상
12460,2019040200100437,2019년 4월 2일 16시,화요일,경기도 이천시 중리동,경상사고,0,0,1,0,차대사람 - 차도통행중,안전운전불이행,포장 - 건조,맑음,기타 - 기타,승용,남,26세,상해없음,보행자,여,47세,경상