,사고번호,사고일시,요일,시군구,사고내용,사망자수,중상자수,경상자수,부상신고자수,사고유형,법규위반,노면상태,기상상태,도로형태,가해운전자 차종,가해운전자 성별,가해운전자 연령,가해운전자 상해정도,피해운전자 차종,피해운전자 성별,피해운전자 연령,피해운전자 상해정도
12461,2019040200100440,2019년 4월 2일 16시,화요일,경기도 안산시 단원구 신길동,경상사고,0,0,1,0,차대사람 - 기타,안전운전불이행,포장 - 건조,맑음,기타 - 기타,승용,여,46세,상해없음,보행자,남,65세,경상
12462,2019040200100475,2019년 4월 2일 17시,화요일,경기도 수원시 장안구 조원동,중상사고,0,1,0,0,차대사람 - 횡단중,안전운전불이행,포장 - 건조,맑음,교차로 - 교차로부근,자전거,남,13세,상해없음,보행자,여,73세,중상
12463,2019040200100476,2019년 4월 2일 17시,화요일,경기도 수원시 장안구 송죽동,경상사고,0,0,1,0,차대사람 - 길가장자리구역통행중,안전운전불이행,포장 - 건조,맑음,단일로 - 기타,승용,여,57세,상해없음,보행자,남,15세,경상
12464,2019040200100479,2019년 4월 2일 17시,화요일,경기도 성남시 중원구 상대원동,경상사고,0,0,1,0,차대사람 - 길가장자리구역통행중,안전운전불이행,포장 - 건조,맑음,교차로 - 교차로부근,승용,남,55세,상해없음,보행자,남,9세,경상
12465,2019040200100481,2019년 4월 2일 17시,화요일,경기도 안산시 상록구 월피동,경상사고,0,0,1,0,차대사람 - 기타,안전운전불이행,포장 - 건조,맑음,단일로 - 기타,승용,여,42세,상해없음,보행자,남,23세,경상
12466,2019040200100519,2019년 4월 2일 18시,화요일,경기도 안산시 단원구 선부동,중상사고,0,1,0,0,차대사람 - 횡단중,보행자보호의무위반,포장 - 건조,맑음,교차로 - 교차로횡단보도내,승용,남,24세,상해없음,보행자,남,6세,중상
12467,2019040200100523,2019년 4월 2일 18시,화요일,경기도 시흥시 대야동,중상사고,0,1,0,0,차대사람 - 횡단중,보행자보호의무위반,포장 - 건조,맑음,교차로 - 교차로안,승용,남,48세,상해없음,보행자,여,51세,중상
12468,2019040200100524,2019년 4월 2일 18시,화요일,경기도 수원시 권선구 세류동,경상사고,0,0,1,0,차대사람 - 횡단중,신호위반,포장 - 건조,맑음,교차로 - 교차로안,승용,남,57세,상해없음,보행자,남,6세,경상
12469,2019040200100549,2019년 4월 2일 18시,화요일,경기도 남양주시 진접읍,경상사고,0,0,1,0,차대사람 - 횡단중,보행자보호의무위반,포장 - 건조,맑음,단일로 - 기타,승용,남,31세,상해없음,보행자,남,8세,경상
12470,2019040200100559,2019년 4월 2일 19시,화요일,경기도 성남시 수정구 태평동,중상사고,0,1,0,0,차대사람 - 횡단중,안전운전불이행,포장 - 건조,맑음,교차로 - 교차로안,이륜,남,34세,상해없음,보행자,남,53세,중상
12471,2019040200100562,2019년 4월 2일 19시,화요일,경기도 광명시 소하동,경상사고,0,0,1,0,차대사람 - 기타,안전운전불이행,포장 - 건조,맑음,단일로 - 기타,승용,여,32세,상해없음,보행자,여,74세,경상
12472,2019040200100603,2019년 4월 2일 20시,화요일,경기도 수원시 팔달구 인계동,부상신고사고,0,0,0,1,차대사람 - 기타,안전운전불이행,포장 - 건조,맑음,단일로 - 기타,이륜,남,16세,상해없음,보행자,남,56세,부상신고
12473,2019040200100649,2019년 4월 2일 22시,화요일,경기도 안양시 동안구 호계동,경상사고,0,0,2,0,차대사람 - 차도통행중,안전운전불이행,포장 - 건조,맑음,단일로 - 기타,이륜,남,21세,경상,보행자,남,38세,경상
12474,2019040200100651,2019년 4월 2일 22시,화요일,경기도 성남시 중원구 성남동,경상사고,0,0,1,0,차대사람 - 횡단중,신호위반,포장 - 건조,맑음,교차로 - 교차로횡단보도내,승용,남,58세,상해없음,보행자,여,51세,경상
12475,2019040300100040,2019년 4월 3일 00시,수요일,경기도 구리시 수택동,중상사고,0,1,0,0,차대사람 - 차도통행중,안전운전불이행,포장 - 건조,맑음,단일로 - 기타,승용,남,70세,상해없음,보행자,남,27세,중상
12476,2019040300100051,2019년 4월 3일 03시,수요일,경기도 오산시 원동,중상사고,0,1,0,0,차대사람 - 기타,안전운전불이행,포장 - 건조,맑음,단일로 - 기타,승용,남,65세,상해없음,보행자,여,24세,중상
12477,2019040300100125,2019년 4월 3일 07시,수요일,경기도 남양주시 와부읍,경상사고,0,0,1,0,차대사람 - 횡단중,보행자보호의무위반,포장 - 건조,맑음,교차로 - 교차로횡단보도내,승용,남,37세,상해없음,보행자,남,51세,경상
12478,2019040300100141,2019년 4월 3일 08시,수요일,경기도 용인시 수지구 상현동,중상사고,0,1,0,0,차대사람 - 횡단중,신호위반,포장 - 건조,맑음,교차로 - 교차로안,승합,남,43세,상해없음,보행자,여,15세,중상
12479,2019040300100167,2019년 4월 3일 08시,수요일,경기도 포천시 가산면,경상사고,0,0,1,0,차대사람 - 기타,안전운전불이행,포장 - 건조,맑음,주차장 - 주차장,승합,남,64세,상해없음,보행자,여,20세,경상
12480,2019040300100207,2019년 4월 3일 10시,수요일,경기도 안산시 상록구 팔곡일동,경상사고,0,0,1,0,차대사람 - 기타,안전운전불이행,포장 - 건조,맑음,단일로 - 기타,승용,여,47세,상해없음,보행자,여,18세,경상
12481,2019040300100223,2019년 4월 3일 10시,수요일,경기도 포천시 군내면,중상사고,0,1,0,0,차대사람 - 기타,안전운전불이행,포장 - 건조,맑음,기타 - 기타,승용,남,65세,상해없음,보행자,남,30세,중상
12482,2019040300100246,2019년 4월 3일 11시,수요일,경기도 고양시 일산동구 장항동,중상사고,0,1,0,0,차대사람 - 기타,안전운전불이행,포장 - 건조,맑음,단일로 - 기타,화물,남,57세,상해없음,보행자,여,55세,중상
12483,2019040300100283,2019년 4월 3일 13시,수요일,경기도 화성시 서신면,중상사고,0,1,0,0,차대사람 - 기타,안전운전불이행,포장 - 건조,맑음,기타 - 기타,승용,여,54세,상해없음,보행자,남,55세,중상
12484,2019040300100315,2019년 4월 3일 14시,수요일,경기도 평택시 평택동,경상사고,0,0,1,0,차대사람 - 기타,안전운전불이행,포장 - 건조,맑음,주차장 - 주차장,승용,여,72세,상해없음,보행자,남,39세,경상
12485,2019040300100318,2019년 4월 3일 14시,수요일,경기도 부천시 상동,경상사고,0,0,1,0,차대사람 - 길가장자리구역통행중,안전운전불이행,포장 - 건조,맑음,단일로 - 기타,승용,여,42세,상해없음,보행자,여,39세,경상
12486,2019040300100377,2019년 4월 3일 15시,수요일,경기도 고양시 덕양구 화정동,중상사고,0,1,0,0,차대사람 - 기타,안전운전불이행,포장 - 건조,맑음,단일로 - 기타,승용,여,68세,상해없음,보행자,여,53세,중상
12487,2019040300100378,2019년 4월 3일 15시,수요일,경기도 남양주시 진접읍,중상사고,0,1,0,0,차대사람 - 횡단중,안전운전불이행,포장 - 건조,맑음,단일로 - 기타,승용,여,66세,상해없음,보행자,여,63세,중상
12488,2019040300100379,2019년 4월 3일 15시,수요일,경기도 남양주시 진접읍,경상사고,0,0,1,0,차대사람 - 횡단중,안전운전불이행,포장 - 건조,맑음,교차로 - 교차로횡단보도내,승용,여,32세,상해없음,보행자,남,11세,경상
12489,2019040300100394,2019년 4월 3일 16시,수요일,경기도 의왕시 오전동,중상사고,0,1,0,0,차대사람 - 기타,안전운전불이행,포장 - 건조,맑음,기타 - 기타,승용,남,60세,상해없음,보행자,남,62세,중상
12490,2019040300100434,2019년 4월 3일 17시,수요일,경기도 김포시 사우동,경상사고,0,0,1,0,차대사람 - 기타,안전운전불이행,포장 - 건조,맑음,기타 - 기타,승합,남,45세,기타불명,보행자,여,51세,경상
12491,2019040300100435,2019년 4월 3일 17시,수요일,경기도 부천시 송내동,경상사고,0,0,2,0,차대사람 - 기타,안전운전불이행,포장 - 건조,맑음,단일로 - 기타,승합,여,39세,상해없음,보행자,여,7세,경상
12492,2019040300100436,2019년 4월 3일 17시,수요일,경기도 수원시 영통구 매탄동,중상사고,0,1,0,0,차대사람 - 기타,안전운전불이행,포장 - 건조,맑음,교차로 - 교차로부근,승용,남,53세,상해없음,보행자,여,11세,중상
12493,2019040300100473,2019년 4월 3일 17시,수요일,경기도 남양주시 금곡동,중상사고,0,1,0,1,차대사람 - 횡단중,안전운전불이행,포장 - 건조,맑음,교차로 - 교차로안,승용,남,53세,상해없음,보행자,여,41세,중상
12494,2019040300100486,2019년 4월 3일 18시,수요일,경기도 부천시 상동,경상사고,0,0,1,0,차대사람 - 횡단중,보행자보호의무위반,포장 - 건조,맑음,교차로 - 교차로안,승용,남,49세,상해없음,보행자,남,60세,경상
12495,2019040300100505,2019년 4월 3일 18시,수요일,경기도 의정부시 낙양동,경상사고,0,0,1,0,차대사람 - 기타,보행자보호의무위반,포장 - 건조,맑음,교차로 - 교차로안,승합,남,60세,상해없음,보행자,남,12세,경상
12496,2019040300100541,2019년 4월 3일 19시,수요일,경기도 파주시 목동동,경상사고,0,0,1,0,차대사람 - 횡단중,안전운전불이행,포장 - 건조,맑음,교차로 - 교차로부근,승용,남,47세,상해없음,보행자,남,39세,경상
12497,2019040300100542,2019년 4월 3일 19시,수요일,경기도 파주시 야당동,중상사고,0,1,0,0,차대사람 - 기타,안전운전불이행,포장 - 건조,맑음,단일로 - 기타,승용,남,61세,상해없음,보행자,여,80세,중상
12498,2019040300100627,2019년 4월 3일 22시,수요일,경기도 구리시 수택동,경상사고,0,0,1,0,차대사람 - 차도통행중,안전운전불이행,포장 - 건조,맑음,교차로 - 교차로안,승용,남,46세,상해없음,보행자,여,39세,경상
12499,2019040300100633,2019년 4월 3일 23시,수요일,경기도 용인시 수지구 풍덕천동,중상사고,0,1,0,1,차대사람 - 기타,보행자보호의무위반,포장 - 건조,맑음,교차로 - 교차로안,이륜,남,35세,상해없음,보행자,여,33세,부상신고
12500,2019040400100039,2019년 4월 4일 01시,목요일,경기도 의정부시 의정부동,중상사고,0,2,0,0,차대사람 - 보도통행중,안전운전불이행,포장 - 건조,맑음,교차로 - 교차로안,승용,남,56세,상해없음,보행자,여,57세,중상
12501,2019040400100093,2019년 4월 4일 07시,목요일,경기도 안양시 동안구 비산동,중상사고,0,1,0,0,차대사람 - 보도통행중,안전운전불이행,포장 - 건조,맑음,단일로 - 기타,자전거,남,65세,상해없음,보행자,여,22세,중상
12502,2019040400100094,2019년 4월 4일 07시,목요일,경기도 용인시 처인구 역북동,중상사고,0,1,0,0,차대사람 - 횡단중,보행자보호의무위반,포장 - 건조,맑음,교차로 - 교차로횡단보도내,승용,남,52세,상해없음,보행자,남,26세,중상
12503,2019040400100136,2019년 4월 4일 08시,목요일,경기도 안양시 동안구 평촌동,경상사고,0,0,1,0,차대사람 - 차도통행중,안전운전불이행,포장 - 건조,맑음,교차로 - 교차로안,승용,여,47세,상해없음,보행자,남,27세,경상
12504,2019040400100138,2019년 4월 4일 08시,목요일,경기도 김포시 월곶면,중상사고,0,1,0,0,차대사람 - 횡단중,신호위반,포장 - 건조,맑음,교차로 - 교차로횡단보도내,승합,남,74세,기타불명,보행자,여,44세,중상
12505,2019040400100141,2019년 4월 4일 08시,목요일,경기도 용인시 수지구 상현동,중상사고,0,1,0,0,차대사람 - 횡단중,안전운전불이행,포장 - 건조,맑음,단일로 - 기타,승용,여,54세,상해없음,보행자,남,14세,중상
12506,2019040400100182,2019년 4월 4일 09시,목요일,경기도 수원시 장안구 조원동,경상사고,0,0,1,0,차대사람 - 기타,안전운전불이행,포장 - 건조,맑음,교차로 - 교차로안,승용,남,47세,상해없음,보행자,여,55세,경상
12507,2019040400100220,2019년 4월 4일 10시,목요일,경기도 광주시 목현동,중상사고,0,1,0,0,차대사람 - 횡단중,안전운전불이행,포장 - 건조,맑음,교차로 - 교차로부근,화물,남,37세,상해없음,보행자,여,54세,중상
12508,2019040400100223,2019년 4월 4일 10시,목요일,경기도 성남시 분당구 이매동,중상사고,0,1,0,0,차대사람 - 횡단중,보행자보호의무위반,포장 - 건조,맑음,단일로 - 기타,승용,여,54세,상해없음,보행자,여,21세,중상
12509,2019040400100224,2019년 4월 4일 10시,목요일,경기도 성남시 분당구 정자동,중상사고,0,1,0,0,차대사람 - 기타,안전운전불이행,포장 - 건조,맑음,교차로 - 교차로안,승용,여,49세,상해없음,보행자,여,77세,중상
12510,2019040400100225,2019년 4월 4일 10시,목요일,경기도 군포시 당정동,중상사고,0,1,0,0,차대사람 - 기타,안전운전불이행,포장 - 건조,맑음,단일로 - 기타,승용,남,59세,상해없음,보행자,여,33세,중상
12511,2019040400100250,2019년 4월 4일 11시,목요일,경기도 평택시 지산동,경상사고,0,0,1,0,차대사람 - 기타,보행자보호의무위반,포장 - 건조,맑음,교차로 - 교차로안,승용,남,40세,상해없음,보행자,남,38세,경상
12512,2019040400100252,2019년 4월 4일 11시,목요일,경기도 김포시 운양동,경상사고,0,0,1,0,차대사람 - 기타,안전운전불이행,포장 - 기타,맑음,단일로 - 기타,승용,남,42세,상해없음,보행자,남,45세,경상
12513,2019040400100312,2019년 4월 4일 13시,목요일,경기도 광명시 소하동,중상사고,0,1,0,0,차대사람 - 횡단중,보행자보호의무위반,포장 - 건조,맑음,교차로 - 교차로횡단보도내,승용,남,35세,상해없음,보행자,여,65세,중상
12514,2019040400100341,2019년 4월 4일 14시,목요일,경기도 용인시 기흥구 서천동,중상사고,0,1,1,0,차대사람 - 횡단중,안전운전불이행,포장 - 건조,맑음,단일로 - 기타,승합,남,60세,상해없음,보행자,여,14세,중상
12515,2019040400100344,2019년 4월 4일 14시,목요일,경기도 성남시 분당구 판교동,경상사고,0,0,1,0,차대사람 - 횡단중,신호위반,포장 - 건조,맑음,교차로 - 교차로안,승용,남,28세,상해없음,보행자,남,19세,경상
12516,2019040400100346,2019년 4월 4일 14시,목요일,경기도 화성시 우정읍,중상사고,0,1,0,0,차대사람 - 차도통행중,안전운전불이행,포장 - 건조,맑음,기타 - 기타,승합,남,51세,상해없음,보행자,남,56세,중상
12517,2019040400100390,2019년 4월 4일 15시,목요일,경기도 파주시 와동,중상사고,0,1,1,0,차대사람 - 보도통행중,보행자보호의무위반,포장 - 건조,맑음,교차로 - 교차로횡단보도내,승용,여,29세,상해없음,보행자,남,8세,중상
12518,2019040400100405,2019년 4월 4일 16시,목요일,경기도 군포시 금정동,중상사고,0,1,0,0,차대사람 - 횡단중,안전운전불이행,포장 - 건조,맑음,단일로 - 기타,승합,남,45세,상해없음,보행자,남,55세,중상
12519,2019040400100406,2019년 4월 4일 16시,목요일,경기도 시흥시 대야동,중상사고,0,1,0,0,차대사람 - 기타,보행자보호의무위반,포장 - 건조,맑음,교차로 - 교차로횡단보도내,승용,남,62세,상해없음,보행자,여,50세,중상
12520,2019040400100407,2019년 4월 4일 16시,목요일,경기도 시흥시 장곡동,경상사고,0,0,1,0,차대사람 - 기타,안전운전불이행,포장 - 건조,맑음,단일로 - 기타,승용,남,57세,상해없음,보행자,남,27세,경상
12521,2019040400100410,2019년 4월 4일 16시,목요일,경기도 하남시 초이동,경상사고,0,0,1,0,차대사람 - 기타,안전운전불이행,포장 - 건조,맑음,기타 - 기타,건설기계,남,62세,상해없음,보행자,여,53세,경상
12522,2019040400100446,2019년 4월 4일 17시,목요일,경기도 광주시 오포읍,경상사고,0,0,1,0,차대사람 - 기타,안전운전불이행,포장 - 건조,맑음,기타 - 기타,승용,남,76세,상해없음,보행자,여,13세,경상
12523,2019040400100447,2019년 4월 4일 17시,목요일,경기도 부천시 소사본동,경상사고,0,0,1,0,차대사람 - 길가장자리구역통행중,안전운전불이행,포장 - 건조,맑음,단일로 - 기타,화물,남,69세,기타불명,보행자,여,16세,경상
12524,2019040400100448,2019년 4월 4일 17시,목요일,경기도 오산시 오산동,경상사고,0,0,1,1,차대사람 - 횡단중,안전운전불이행,포장 - 건조,맑음,교차로 - 교차로횡단보도내,이륜,남,17세,부상신고,보행자,여,16세,경상
12525,2019040400100453,2019년 4월 4일 17시,목요일,경기도 용인시 기흥구 보정동,중상사고,0,1,0,0,차대사람 - 횡단중,보행자보호의무위반,포장 - 건조,맑음,교차로 - 교차로안,승용,남,69세,상해없음,보행자,남,7세,중상
12526,2019040400100536,2019년 4월 4일 19시,목요일,경기도 평택시 비전동,경상사고,0,0,1,0,차대사람 - 기타,안전운전불이행,포장 - 건조,맑음,주차장 - 주차장,승용,여,47세,상해없음,보행자,여,67세,경상
12527,2019040400100540,2019년 4월 4일 19시,목요일,경기도 시흥시 정왕동,사망사고,1,0,0,0,차대사람 - 횡단중,안전운전불이행,포장 - 건조,맑음,단일로 - 기타,이륜,남,53세,기타불명,보행자,여,62세,사망
12528,2019040400100544,2019년 4월 4일 19시,목요일,경기도 안양시 만안구 안양동,경상사고,0,0,1,0,차대사람 - 기타,기타,포장 - 건조,맑음,단일로 - 기타,승합,남,52세,상해없음,보행자,남,60세,경상
12529,2019040400100561,2019년 4월 4일 19시,목요일,경기도 파주시 목동동,경상사고,0,0,1,0,차대사람 - 횡단중,안전운전불이행,포장 - 건조,맑음,교차로 - 교차로부근,승용,남,56세,상해없음,보행자,여,15세,경상
12530,2019040400100571,2019년 4월 4일 20시,목요일,경기도 성남시 수정구 수진동,경상사고,0,0,1,0,차대사람 - 횡단중,안전운전불이행,포장 - 건조,맑음,교차로 - 교차로부근,승용,남,19세,상해없음,보행자,여,36세,경상
12531,2019040400100573,2019년 4월 4일 20시,목요일,경기도 평택시 평택동,경상사고,0,0,1,0,차대사람 - 기타,보행자보호의무위반,포장 - 건조,맑음,교차로 - 교차로횡단보도내,승용,남,20세,상해없음,보행자,여,55세,경상
12532,2019040400100574,2019년 4월 4일 20시,목요일,경기도 평택시 고덕면,경상사고,0,0,1,0,차대사람 - 횡단중,안전운전불이행,포장 - 건조,맑음,단일로 - 기타,승용,남,36세,상해없음,보행자,남,58세,경상
12533,2019040400100576,2019년 4월 4일 20시,목요일,경기도 김포시 구래동,경상사고,0,0,1,0,차대사람 - 기타,안전운전불이행,포장 - 건조,맑음,단일로 - 기타,승합,남,59세,상해없음,보행자,여,15세,경상
12534,2019040400100577,2019년 4월 4일 20시,목요일,경기도 안산시 단원구 고잔동,경상사고,0,0,1,0,차대사람 - 횡단중,신호위반,포장 - 건조,맑음,교차로 - 교차로안,승용,남,64세,상해없음,보행자,여,26세,경상
12535,2019040400100604,2019년 4월 4일 20시,목요일,경기도 파주시 월롱면,중상사고,0,1,0,0,차대사람 - 기타,안전운전불이행,포장 - 건조,맑음,교차로 - 교차로안,승용,남,41세,상해없음,보행자,남,46세,중상
12536,2019040400100643,2019년 4월 4일 22시,목요일,경기도 김포시 사우동,중상사고,0,1,0,0,차대사람 - 횡단중,보행자보호의무위반,포장 - 건조,흐림,교차로 - 교차로횡단보도내,승용,남,25세,상해없음,보행자,남,48세,중상
12537,2019040400100662,2019년 4월 4일 23시,목요일,경기도 안산시 단원구 초지동,중상사고,0,1,0,0,차대사람 - 차도통행중,안전운전불이행,포장 - 건조,맑음,단일로 - 기타,승용,여,42세,상해없음,보행자,남,58세,중상
12538,2019040400100664,2019년 4월 4일 23시,목요일,경기도 화성시 진안동,경상사고,0,0,1,0,차대사람 - 기타,안전운전불이행,포장 - 건조,맑음,교차로 - 교차로안,승용,남,57세,상해없음,보행자,남,29세,경상
12539,2019040400100677,2019년 4월 4일 23시,목요일,경기도 의정부시 민락동,중상사고,0,1,0,0,차대사람 - 차도통행중,안전운전불이행,포장 - 건조,맑음,교차로 - 교차로안,승용,여,47세,상해없음,보행자,남,46세,중상
12540,2019040500100060,2019년 4월 5일 02시,금요일,경기도 여주시 홍문동,경상사고,0,0,1,0,차대사람 - 차도통행중,안전운전불이행,포장 - 건조,맑음,교차로 - 교차로안,승용,남,53세,상해없음,보행자,남,64세,경상
12541,2019040500100102,2019년 4월 5일 07시,금요일,경기도 부천시 중동,경상사고,0,0,1,0,차대사람 - 기타,중앙선침범,포장 - 건조,맑음,단일로 - 기타,자전거,남,49세,상해없음,보행자,여,53세,경상
12542,2019040500100190,2019년 4월 5일 10시,금요일,경기도 김포시 사우동,중상사고,0,1,0,0,차대사람 - 기타,안전운전불이행,포장 - 건조,맑음,단일로 - 기타,승용,여,40세,상해없음,보행자,여,65세,중상
12543,2019040500100239,2019년 4월 5일 12시,금요일,경기도 안성시 미양면,경상사고,0,0,1,0,차대사람 - 기타,안전운전불이행,포장 - 건조,맑음,단일로 - 기타,화물,남,39세,상해없음,보행자,남,57세,경상
12544,2019040500100241,2019년 4월 5일 12시,금요일,경기도 성남시 분당구 정자동,경상사고,0,0,1,0,차대사람 - 기타,안전운전불이행,포장 - 건조,맑음,기타 - 기타,승용,남,76세,상해없음,보행자,여,17세,경상
12545,2019040500100242,2019년 4월 5일 12시,금요일,경기도 시흥시 정왕동,부상신고사고,0,0,0,1,차대사람 - 횡단중,안전운전불이행,포장 - 건조,맑음,단일로 - 기타,승용,남,45세,상해없음,보행자,남,7세,부상신고
12546,2019040500100261,2019년 4월 5일 12시,금요일,경기도 파주시 법원읍,사망사고,1,0,0,0,차대사람 - 횡단중,보행자보호의무위반,포장 - 건조,맑음,단일로 - 기타,승용,남,59세,상해없음,보행자,여,80세,사망
12547,2019040500100346,2019년 4월 5일 15시,금요일,경기도 양평군 양평읍,중상사고,0,1,0,0,차대사람 - 횡단중,보행자보호의무위반,포장 - 건조,맑음,단일로 - 기타,승용,여,66세,상해없음,보행자,남,12세,중상
12548,2019040500100349,2019년 4월 5일 15시,금요일,경기도 수원시 영통구 매탄동,경상사고,0,0,1,0,차대사람 - 기타,신호위반,포장 - 건조,맑음,교차로 - 교차로횡단보도내,승용,여,73세,상해없음,보행자,여,7세,경상
12549,2019040500100386,2019년 4월 5일 16시,금요일,경기도 수원시 장안구 조원동,경상사고,0,0,1,0,차대사람 - 기타,불법유턴,포장 - 건조,맑음,단일로 - 기타,화물,남,42세,상해없음,보행자,남,68세,경상
12550,2019040500100394,2019년 4월 5일 16시,금요일,경기도 하남시 덕풍동,중상사고,0,1,0,0,차대사람 - 기타,안전운전불이행,포장 - 건조,맑음,교차로 - 교차로부근,승용,여,51세,상해없음,보행자,여,29세,중상
12551,2019040500100413,2019년 4월 5일 16시,금요일,경기도 남양주시 오남읍,경상사고,0,0,1,0,차대사람 - 횡단중,안전운전불이행,포장 - 건조,맑음,교차로 - 교차로부근,승용,여,46세,상해없음,보행자,여,43세,경상
12552,2019040500100427,2019년 4월 5일 17시,금요일,경기도 수원시 장안구 정자동,경상사고,0,0,1,0,차대사람 - 기타,보행자보호의무위반,포장 - 건조,맑음,교차로 - 교차로안,승용,여,50세,상해없음,보행자,남,8세,경상
12553,2019040500100428,2019년 4월 5일 17시,금요일,경기도 성남시 수정구 신흥동,중상사고,0,1,0,0,차대사람 - 기타,안전운전불이행,포장 - 건조,맑음,단일로 - 기타,승합,남,56세,상해없음,보행자,남,82세,중상
12554,2019040500100429,2019년 4월 5일 17시,금요일,경기도 평택시 비전동,중상사고,0,1,0,0,차대사람 - 차도통행중,안전운전불이행,포장 - 건조,맑음,단일로 - 기타,승용,여,67세,상해없음,보행자,여,60세,중상
12555,2019040500100434,2019년 4월 5일 17시,금요일,경기도 광주시 역동,경상사고,0,0,1,0,차대사람 - 횡단중,안전운전불이행,포장 - 건조,맑음,기타 - 기타,승용,남,44세,상해없음,보행자,여,15세,경상
12556,2019040500100475,2019년 4월 5일 17시,금요일,경기도 고양시 덕양구 토당동,경상사고,0,0,1,0,차대사람 - 차도통행중,안전운전불이행,포장 - 건조,맑음,교차로 - 교차로부근,승용,남,59세,상해없음,보행자,여,25세,경상
12557,2019040500100544,2019년 4월 5일 19시,금요일,경기도 광명시 소하동,부상신고사고,0,0,0,1,차대사람 - 기타,보행자보호의무위반,포장 - 건조,맑음,단일로 - 기타,자전거,기타불명,미분류,기타불명,보행자,남,10세,부상신고
12558,2019040500100547,2019년 4월 5일 19시,금요일,경기도 화성시 봉담읍,부상신고사고,0,0,0,1,차대사람 - 기타,안전운전불이행,포장 - 건조,맑음,단일로 - 기타,기타불명,기타불명,미분류,기타불명,보행자,여,19세,부상신고
12559,2019040500100585,2019년 4월 5일 19시,금요일,경기도 고양시 덕양구 화정동,중상사고,0,1,0,0,차대사람 - 보도통행중,보행자보호의무위반,포장 - 건조,맑음,교차로 - 교차로횡단보도내,승합,남,48세,상해없음,보행자,남,66세,중상
12560,2019040500100602,2019년 4월 5일 20시,금요일,경기도 김포시 감정동,경상사고,0,0,1,0,차대사람 - 횡단중,안전운전불이행,포장 - 건조,맑음,교차로 - 교차로횡단보도내,승용,남,44세,상해없음,보행자,남,61세,경상
12561,2019040500100603,2019년 4월 5일 20시,금요일,경기도 안산시 단원구 원곡동,경상사고,0,0,1,0,차대사람 - 기타,안전운전불이행,포장 - 건조,맑음,단일로 - 기타,승용,여,37세,상해없음,보행자,남,55세,경상
12562,2019040500100677,2019년 4월 5일 22시,금요일,경기도 평택시 이충동,경상사고,0,0,1,0,차대사람 - 차도통행중,안전운전불이행,포장 - 건조,맑음,교차로 - 교차로안,승용,남,28세,상해없음,보행자,남,27세,경상
12563,2019040500100708,2019년 4월 5일 23시,금요일,경기도 수원시 권선구 세류동,사망사고,1,0,0,0,차대사람 - 횡단중,신호위반,포장 - 건조,맑음,교차로 - 교차로횡단보도내,특수,남,23세,상해없음,보행자,남,35세,사망
12564,2019040600100032,2019년 4월 6일 00시,토요일,경기도 평택시 서정동,중상사고,0,1,0,0,차대사람 - 기타,안전운전불이행,포장 - 건조,맑음,단일로 - 기타,승용,남,29세,상해없음,보행자,남,26세,중상
12565,2019040600100048,2019년 4월 6일 00시,토요일,경기도 고양시 일산동구 중산동,중상사고,0,1,0,0,차대사람 - 기타,안전운전불이행,포장 - 건조,맑음,교차로 - 교차로부근,승용,남,21세,상해없음,보행자,남,35세,중상
12566,2019040600100073,2019년 4월 6일 02시,토요일,경기도 화성시 진안동,경상사고,0,0,2,0,차대사람 - 보도통행중,안전운전불이행,포장 - 건조,맑음,기타 - 기타,승용,남,39세,상해없음,보행자,남,30세,경상
12567,2019040600100080,2019년 4월 6일 03시,토요일,경기도 성남시 분당구 정자동,부상신고사고,0,0,0,1,차대사람 - 기타,안전운전불이행,포장 - 건조,맑음,기타 - 기타,승용,남,52세,상해없음,보행자,남,26세,부상신고
12568,2019040600100182,2019년 4월 6일 09시,토요일,경기도 고양시 일산서구 덕이동,중상사고,0,1,0,0,차대사람 - 횡단중,안전운전불이행,포장 - 건조,흐림,교차로 - 교차로부근,화물,남,54세,상해없음,보행자,남,81세,중상
12569,2019040600100289,2019년 4월 6일 12시,토요일,경기도 가평군 설악면,경상사고,0,0,1,0,차대사람 - 횡단중,안전운전불이행,포장 - 건조,맑음,단일로 - 기타,승용,남,43세,상해없음,보행자,남,6세,경상
12570,2019040600100290,2019년 4월 6일 12시,토요일,경기도 가평군 설악면,경상사고,0,0,1,0,차대사람 - 기타,안전운전불이행,포장 - 건조,맑음,단일로 - 기타,승용,남,73세,기타불명,보행자,남,46세,경상
12571,2019040600100299,2019년 4월 6일 13시,토요일,경기도 평택시 이충동,중상사고,0,1,0,0,차대사람 - 기타,안전운전불이행,포장 - 건조,맑음,단일로 - 기타,승용,남,76세,상해없음,보행자,남,70세,중상
12572,2019040600100306,2019년 4월 6일 13시,토요일,경기도 시흥시 신천동,경상사고,0,0,1,0,차대사람 - 횡단중,안전운전불이행,포장 - 건조,맑음,단일로 - 기타,이륜,남,34세,상해없음,보행자,여,53세,경상
12573,2019040600100308,2019년 4월 6일 13시,토요일,경기도 화성시 향남읍,경상사고,0,0,1,0,차대사람 - 횡단중,보행자보호의무위반,포장 - 건조,흐림,교차로 - 교차로안,승용,여,57세,상해없음,보행자,여,61세,경상