,사고번호,사고일시,요일,시군구,사고내용,사망자수,중상자수,경상자수,부상신고자수,사고유형,법규위반,노면상태,기상상태,도로형태,가해운전자 차종,가해운전자 성별,가해운전자 연령,가해운전자 상해정도,피해운전자 차종,피해운전자 성별,피해운전자 연령,피해운전자 상해정도
12574,2019040600100417,2019년 4월 6일 16시,토요일,경기도 성남시 분당구 구미동,중상사고,0,1,0,0,차대사람 - 기타,안전운전불이행,포장 - 젖음/습기,흐림,교차로 - 교차로횡단보도내,이륜,남,53세,상해없음,보행자,남,77세,중상
12575,2019040600100420,2019년 4월 6일 16시,토요일,경기도 의왕시 포일동,경상사고,0,0,1,0,차대사람 - 횡단중,신호위반,포장 - 건조,맑음,교차로 - 교차로안,승용,여,56세,상해없음,보행자,남,46세,경상
12576,2019040600100564,2019년 4월 6일 20시,토요일,경기도 하남시 망월동,중상사고,0,1,0,0,차대사람 - 기타,안전운전불이행,포장 - 건조,맑음,단일로 - 기타,승합,남,58세,상해없음,보행자,여,66세,중상
12577,2019040600100580,2019년 4월 6일 20시,토요일,경기도 양주시 백석읍,사망사고,1,0,0,0,차대사람 - 횡단중,안전운전불이행,포장 - 건조,맑음,교차로 - 교차로안,승용,남,50세,상해없음,보행자,남,66세,사망
12578,2019040600100609,2019년 4월 6일 21시,토요일,경기도 남양주시 별내면,중상사고,0,1,0,0,차대사람 - 차도통행중,안전운전불이행,포장 - 건조,맑음,단일로 - 기타,승용,남,54세,상해없음,보행자,남,45세,중상
12579,2019040600100620,2019년 4월 6일 22시,토요일,경기도 화성시 병점동,중상사고,0,1,1,0,차대사람 - 횡단중,신호위반,포장 - 건조,맑음,교차로 - 교차로횡단보도내,승용,남,57세,상해없음,보행자,여,46세,경상
12580,2019040600100632,2019년 4월 6일 22시,토요일,경기도 의정부시 의정부동,경상사고,0,0,1,0,차대사람 - 기타,안전운전불이행,포장 - 건조,맑음,단일로 - 기타,승용,남,24세,기타불명,보행자,여,20세,경상
12581,2019040700100057,2019년 4월 7일 01시,일요일,경기도 의정부시 의정부동,중상사고,0,1,0,0,차대사람 - 기타,안전운전불이행,포장 - 건조,맑음,단일로 - 기타,승용,남,35세,상해없음,보행자,남,28세,중상
12582,2019040700100084,2019년 4월 7일 04시,일요일,경기도 안산시 상록구 성포동,경상사고,0,0,1,0,차대사람 - 기타,안전운전불이행,포장 - 건조,맑음,단일로 - 기타,승용,남,62세,상해없음,보행자,여,47세,경상
12583,2019040700100175,2019년 4월 7일 11시,일요일,경기도 평택시 비전동,중상사고,0,1,0,0,차대사람 - 기타,안전운전불이행,포장 - 건조,맑음,단일로 - 기타,승용,여,37세,상해없음,보행자,여,62세,중상
12584,2019040700100200,2019년 4월 7일 12시,일요일,경기도 이천시 대월면,중상사고,0,1,0,0,차대사람 - 횡단중,안전운전불이행,포장 - 건조,맑음,단일로 - 기타,이륜,남,19세,상해없음,보행자,여,58세,중상
12585,2019040700100201,2019년 4월 7일 12시,일요일,경기도 부천시 송내동,경상사고,0,0,1,0,차대사람 - 기타,안전운전불이행,포장 - 기타,맑음,단일로 - 기타,승용,남,61세,상해없음,보행자,여,20세,경상
12586,2019040700100218,2019년 4월 7일 12시,일요일,경기도 남양주시 퇴계원면,중상사고,0,2,0,0,차대사람 - 횡단중,보행자보호의무위반,포장 - 건조,맑음,단일로 - 기타,자전거,남,83세,중상,보행자,여,78세,중상
12587,2019040700100225,2019년 4월 7일 13시,일요일,경기도 수원시 장안구 정자동,경상사고,0,0,1,0,차대사람 - 기타,안전운전불이행,포장 - 건조,맑음,교차로 - 교차로안,기타불명,기타불명,미분류,기타불명,보행자,여,60세,경상
12588,2019040700100318,2019년 4월 7일 15시,일요일,경기도 고양시 일산동구 중산동,경상사고,0,0,1,0,차대사람 - 보도통행중,신호위반,포장 - 건조,맑음,단일로 - 기타,화물,남,36세,상해없음,보행자,여,15세,경상
12589,2019040700100319,2019년 4월 7일 15시,일요일,경기도 남양주시 조안면,경상사고,0,0,1,0,차대사람 - 횡단중,안전운전불이행,포장 - 건조,맑음,기타 - 기타,자전거,남,54세,상해없음,보행자,여,6세,경상
12590,2019040700100335,2019년 4월 7일 16시,일요일,경기도 평택시 서정동,경상사고,0,0,1,0,차대사람 - 차도통행중,기타,포장 - 건조,맑음,단일로 - 기타,승용,남,25세,상해없음,보행자,남,43세,경상
12591,2019040700100363,2019년 4월 7일 16시,일요일,경기도 남양주시 와부읍,중상사고,0,1,0,0,차대사람 - 횡단중,안전운전불이행,포장 - 건조,맑음,단일로 - 기타,자전거,남,52세,상해없음,보행자,여,72세,중상
12592,2019040700100376,2019년 4월 7일 17시,일요일,경기도 이천시 관고동,경상사고,0,0,1,0,차대사람 - 길가장자리구역통행중,안전운전불이행,포장 - 건조,맑음,단일로 - 기타,승용,남,56세,상해없음,보행자,남,54세,경상
12593,2019040700100392,2019년 4월 7일 18시,일요일,경기도 수원시 팔달구 신풍동,경상사고,0,0,1,0,차대사람 - 횡단중,안전운전불이행,포장 - 건조,맑음,단일로 - 기타,자전거,남,58세,상해없음,보행자,여,61세,경상
12594,2019040700100423,2019년 4월 7일 19시,일요일,경기도 오산시 원동,부상신고사고,0,0,0,1,차대사람 - 길가장자리구역통행중,안전운전불이행,포장 - 건조,맑음,단일로 - 기타,기타불명,기타불명,미분류,기타불명,보행자,여,24세,부상신고
12595,2019040700100424,2019년 4월 7일 19시,일요일,경기도 부천시 심곡동,경상사고,0,0,1,0,차대사람 - 횡단중,안전운전불이행,포장 - 건조,맑음,교차로 - 교차로부근,이륜,남,29세,상해없음,보행자,남,33세,경상
12596,2019040700100425,2019년 4월 7일 19시,일요일,경기도 부천시 중동,경상사고,0,0,1,0,차대사람 - 횡단중,보행자보호의무위반,포장 - 건조,맑음,교차로 - 교차로안,승용,남,33세,상해없음,보행자,여,26세,경상
12597,2019040700100451,2019년 4월 7일 20시,일요일,경기도 수원시 장안구 영화동,경상사고,0,0,1,0,차대사람 - 보도통행중,기타,포장 - 건조,맑음,단일로 - 기타,승용,여,61세,상해없음,보행자,남,55세,경상
12598,2019040700100453,2019년 4월 7일 20시,일요일,경기도 용인시 처인구 김량장동,경상사고,0,0,1,0,차대사람 - 기타,안전운전불이행,포장 - 건조,맑음,단일로 - 기타,승용,여,57세,상해없음,보행자,남,47세,경상
12599,2019040700100504,2019년 4월 7일 22시,일요일,경기도 김포시 통진읍,경상사고,0,0,1,0,차대사람 - 기타,안전운전불이행,포장 - 건조,맑음,단일로 - 기타,승용,남,35세,상해없음,보행자,남,49세,경상
12600,2019040700100522,2019년 4월 7일 23시,일요일,경기도 부천시 상동,경상사고,0,0,1,0,차대사람 - 기타,신호위반,포장 - 건조,맑음,기타 - 기타,승용,남,54세,상해없음,보행자,여,59세,경상
12601,2019040700100527,2019년 4월 7일 23시,일요일,경기도 고양시 일산서구 주엽동,중상사고,0,1,0,0,차대사람 - 횡단중,안전운전불이행,포장 - 건조,맑음,단일로 - 기타,승용,여,50세,상해없음,보행자,여,20세,중상
12602,2019040800100062,2019년 4월 8일 05시,월요일,경기도 화성시 진안동,사망사고,1,0,0,0,차대사람 - 횡단중,안전운전불이행,포장 - 건조,맑음,교차로 - 교차로안,승용,남,59세,상해없음,보행자,남,50세,사망
12603,2019040800100134,2019년 4월 8일 08시,월요일,경기도 오산시 궐동,경상사고,0,0,1,0,차대사람 - 횡단중,안전운전불이행,포장 - 건조,맑음,교차로 - 교차로부근,승합,여,62세,상해없음,보행자,여,22세,경상
12604,2019040800100136,2019년 4월 8일 08시,월요일,경기도 안산시 단원구 선부동,경상사고,0,0,1,0,차대사람 - 횡단중,신호위반,포장 - 건조,맑음,단일로 - 기타,승용,남,43세,상해없음,보행자,남,11세,경상
12605,2019040800100138,2019년 4월 8일 08시,월요일,경기도 성남시 분당구 서현동,중상사고,0,1,0,0,차대사람 - 기타,안전운전불이행,포장 - 건조,맑음,단일로 - 기타,승용,여,22세,상해없음,보행자,여,82세,중상
12606,2019040800100185,2019년 4월 8일 09시,월요일,경기도 안산시 단원구 고잔동,경상사고,0,0,1,0,차대사람 - 기타,안전운전불이행,포장 - 건조,맑음,교차로 - 교차로부근,승용,남,45세,상해없음,보행자,남,57세,경상
12607,2019040800100226,2019년 4월 8일 10시,월요일,경기도 용인시 기흥구 마북동,경상사고,0,0,1,0,차대사람 - 횡단중,보행자보호의무위반,포장 - 건조,맑음,교차로 - 교차로횡단보도내,승합,남,61세,상해없음,보행자,여,25세,경상
12608,2019040800100257,2019년 4월 8일 11시,월요일,경기도 하남시 망월동,경상사고,0,0,1,0,차대사람 - 기타,안전운전불이행,포장 - 건조,맑음,교차로 - 교차로안,건설기계,남,59세,기타불명,보행자,남,47세,경상
12609,2019040800100308,2019년 4월 8일 12시,월요일,경기도 양주시 덕계동,경상사고,0,0,1,0,차대사람 - 길가장자리구역통행중,안전운전불이행,포장 - 건조,맑음,단일로 - 기타,승용,여,28세,상해없음,보행자,여,71세,경상
12610,2019040800100336,2019년 4월 8일 13시,월요일,경기도 남양주시 별내동,경상사고,0,0,1,0,차대사람 - 기타,기타,포장 - 건조,맑음,단일로 - 기타,승합,남,69세,상해없음,보행자,여,67세,경상
12611,2019040800100337,2019년 4월 8일 13시,월요일,경기도 파주시 야당동,중상사고,0,1,0,0,차대사람 - 횡단중,안전운전불이행,포장 - 건조,맑음,교차로 - 교차로부근,화물,남,41세,상해없음,보행자,여,76세,중상
12612,2019040800100344,2019년 4월 8일 14시,월요일,경기도 광주시 남한산성면,경상사고,0,0,2,0,차대사람 - 기타,안전운전불이행,포장 - 건조,맑음,기타 - 기타,승용,남,72세,상해없음,보행자,여,68세,경상
12613,2019040800100348,2019년 4월 8일 14시,월요일,경기도 화성시 팔탄면,경상사고,0,0,1,0,차대사람 - 기타,안전운전불이행,포장 - 건조,맑음,단일로 - 기타,승합,남,48세,기타불명,보행자,여,64세,경상
12614,2019040800100369,2019년 4월 8일 14시,월요일,경기도 파주시 문발동,경상사고,0,0,1,0,차대사람 - 횡단중,보행자보호의무위반,포장 - 건조,맑음,교차로 - 교차로안,승용,남,58세,상해없음,보행자,여,8세,경상
12615,2019040800100371,2019년 4월 8일 14시,월요일,경기도 포천시 소흘읍,중상사고,0,1,0,0,차대사람 - 횡단중,보행자보호의무위반,포장 - 건조,맑음,교차로 - 교차로횡단보도내,승용,남,61세,상해없음,보행자,여,75세,중상
12616,2019040800100385,2019년 4월 8일 15시,월요일,경기도 안양시 만안구 안양동,중상사고,0,1,0,0,차대사람 - 횡단중,안전운전불이행,포장 - 건조,맑음,교차로 - 교차로안,화물,남,34세,상해없음,보행자,여,77세,중상
12617,2019040800100433,2019년 4월 8일 16시,월요일,경기도 고양시 일산서구 일산동,경상사고,0,0,1,0,차대사람 - 횡단중,안전운전불이행,포장 - 건조,맑음,교차로 - 교차로부근,화물,남,61세,상해없음,보행자,여,81세,경상
12618,2019040800100447,2019년 4월 8일 17시,월요일,경기도 안성시 대덕면,경상사고,0,0,1,0,차대사람 - 기타,안전운전불이행,포장 - 건조,맑음,교차로 - 교차로안,승용,남,34세,상해없음,보행자,남,20세,경상
12619,2019040800100449,2019년 4월 8일 17시,월요일,경기도 부천시 도당동,중상사고,0,1,0,0,차대사람 - 횡단중,안전운전불이행,포장 - 건조,맑음,단일로 - 기타,화물,남,52세,상해없음,보행자,남,48세,중상
12620,2019040800100452,2019년 4월 8일 17시,월요일,경기도 수원시 권선구 세류동,경상사고,0,0,1,0,차대사람 - 횡단중,신호위반,포장 - 건조,맑음,교차로 - 교차로횡단보도내,화물,남,69세,상해없음,보행자,여,8세,경상
12621,2019040800100539,2019년 4월 8일 19시,월요일,경기도 이천시 창전동,중상사고,0,1,0,0,차대사람 - 차도통행중,안전운전불이행,포장 - 건조,맑음,교차로 - 교차로안,승용,여,46세,상해없음,보행자,남,53세,중상
12622,2019040800100540,2019년 4월 8일 19시,월요일,경기도 광주시 회덕동,경상사고,0,0,1,0,차대사람 - 보도통행중,안전운전불이행,포장 - 건조,맑음,단일로 - 기타,승용,여,24세,상해없음,보행자,남,46세,경상
12623,2019040800100542,2019년 4월 8일 19시,월요일,경기도 군포시 산본동,부상신고사고,0,0,0,1,차대사람 - 보도통행중,기타,포장 - 건조,맑음,단일로 - 기타,개인형이동수단(PM),여,47세,부상신고,보행자,남,6세,상해없음
12624,2019040800100570,2019년 4월 8일 20시,월요일,경기도 부천시 괴안동,중상사고,0,1,0,0,차대사람 - 횡단중,안전운전불이행,포장 - 건조,맑음,교차로 - 교차로안,승용,남,33세,상해없음,보행자,여,57세,중상
12625,2019040800100574,2019년 4월 8일 20시,월요일,경기도 안양시 만안구 석수동,중상사고,0,1,0,0,차대사람 - 횡단중,안전운전불이행,포장 - 건조,맑음,교차로 - 교차로횡단보도내,승용,남,83세,상해없음,보행자,여,31세,중상
12626,2019040800100575,2019년 4월 8일 20시,월요일,경기도 화성시 반송동,부상신고사고,0,0,0,1,차대사람 - 기타,안전운전불이행,포장 - 건조,맑음,교차로 - 교차로안,기타불명,기타불명,미분류,기타불명,보행자,남,22세,부상신고
12627,2019040800100644,2019년 4월 8일 23시,월요일,경기도 여주시 능서면,중상사고,0,1,0,0,차대사람 - 횡단중,안전운전불이행,포장 - 건조,맑음,단일로 - 기타,승용,남,31세,상해없음,보행자,남,37세,중상
12628,2019040800100647,2019년 4월 8일 23시,월요일,경기도 시흥시 정왕동,경상사고,0,0,1,0,차대사람 - 차도통행중,안전운전불이행,포장 - 건조,맑음,단일로 - 기타,승용,남,42세,상해없음,보행자,여,23세,경상
12629,2019040900100095,2019년 4월 9일 07시,화요일,경기도 부천시 역곡동,중상사고,0,1,0,0,차대사람 - 기타,안전운전불이행,포장 - 건조,맑음,단일로 - 기타,승용,남,70세,상해없음,보행자,남,35세,중상
12630,2019040900100176,2019년 4월 9일 09시,화요일,경기도 파주시 금촌동,경상사고,0,0,1,0,차대사람 - 차도통행중,안전운전불이행,포장 - 건조,맑음,단일로 - 기타,승용,남,49세,상해없음,보행자,남,63세,경상
12631,2019040900100185,2019년 4월 9일 10시,화요일,경기도 부천시 송내동,중상사고,0,1,0,0,차대사람 - 횡단중,안전운전불이행,포장 - 건조,맑음,단일로 - 기타,승용,남,57세,상해없음,보행자,여,74세,중상
12632,2019040900100232,2019년 4월 9일 11시,화요일,경기도 파주시 금촌동,경상사고,0,0,1,0,차대사람 - 기타,안전운전불이행,포장 - 젖음/습기,비,단일로 - 기타,승용,남,51세,상해없음,보행자,남,48세,경상
12633,2019040900100241,2019년 4월 9일 12시,화요일,경기도 안양시 만안구 안양동,중상사고,0,1,0,0,차대사람 - 횡단중,보행자보호의무위반,포장 - 건조,맑음,교차로 - 교차로횡단보도내,승용,여,63세,상해없음,보행자,남,68세,중상
12634,2019040900100254,2019년 4월 9일 12시,화요일,경기도 의정부시 용현동,경상사고,0,0,1,0,차대사람 - 기타,보행자보호의무위반,포장 - 건조,맑음,교차로 - 교차로안,승용,남,63세,기타불명,보행자,여,61세,경상
12635,2019040900100261,2019년 4월 9일 13시,화요일,경기도 성남시 수정구 창곡동,경상사고,0,0,1,0,차대사람 - 횡단중,보행자보호의무위반,포장 - 건조,맑음,교차로 - 교차로횡단보도내,화물,남,46세,상해없음,보행자,남,37세,경상
12636,2019040900100262,2019년 4월 9일 13시,화요일,경기도 평택시 안중읍,중상사고,0,1,0,0,차대사람 - 기타,교차로운행방법위반,포장 - 건조,맑음,교차로 - 교차로안,화물,남,20세,상해없음,보행자,남,43세,중상
12637,2019040900100264,2019년 4월 9일 13시,화요일,경기도 부천시 중동,경상사고,0,0,1,0,차대사람 - 기타,안전운전불이행,포장 - 건조,맑음,단일로 - 기타,기타불명,기타불명,미분류,기타불명,보행자,여,37세,경상
12638,2019040900100311,2019년 4월 9일 14시,화요일,경기도 고양시 덕양구 행신동,부상신고사고,0,0,0,1,차대사람 - 기타,안전운전불이행,포장 - 건조,맑음,단일로 - 기타,승용,여,38세,상해없음,보행자,남,74세,부상신고
12639,2019040900100313,2019년 4월 9일 14시,화요일,경기도 양주시 덕계동,경상사고,0,0,1,0,차대사람 - 보도통행중,안전운전불이행,포장 - 건조,맑음,기타 - 기타,승용,남,55세,상해없음,보행자,여,32세,경상
12640,2019040900100314,2019년 4월 9일 14시,화요일,경기도 연천군 전곡읍,경상사고,0,0,1,0,차대사람 - 횡단중,보행자보호의무위반,포장 - 건조,맑음,교차로 - 교차로안,이륜,남,62세,상해없음,보행자,여,51세,경상
12641,2019040900100322,2019년 4월 9일 15시,화요일,경기도 평택시 비전동,부상신고사고,0,0,0,1,차대사람 - 기타,안전운전불이행,포장 - 건조,맑음,교차로 - 교차로부근,승용,남,54세,상해없음,보행자,여,36세,부상신고
12642,2019040900100354,2019년 4월 9일 16시,화요일,경기도 화성시 우정읍,경상사고,0,0,1,0,차대사람 - 기타,안전운전불이행,포장 - 건조,맑음,단일로 - 기타,기타불명,남,50세,상해없음,보행자,남,58세,경상
12643,2019040900100355,2019년 4월 9일 16시,화요일,경기도 화성시 청계동,경상사고,0,0,1,0,차대사람 - 횡단중,신호위반,포장 - 젖음/습기,비,교차로 - 교차로횡단보도내,승용,여,54세,상해없음,보행자,남,7세,경상
12644,2019040900100377,2019년 4월 9일 16시,화요일,경기도 양주시 덕계동,부상신고사고,0,0,0,1,차대사람 - 횡단중,안전운전불이행,포장 - 건조,맑음,교차로 - 교차로부근,승용,남,74세,상해없음,보행자,남,14세,부상신고
12645,2019040900100419,2019년 4월 9일 17시,화요일,경기도 남양주시 다산동,중상사고,0,1,0,0,차대사람 - 횡단중,안전운전불이행,포장 - 젖음/습기,비,교차로 - 교차로안,화물,남,58세,상해없음,보행자,여,68세,중상
12646,2019040900100421,2019년 4월 9일 17시,화요일,경기도 파주시 광탄면,중상사고,0,1,0,0,차대사람 - 횡단중,보행자보호의무위반,포장 - 젖음/습기,비,교차로 - 교차로안,승용,남,49세,상해없음,보행자,여,73세,중상
12647,2019040900100431,2019년 4월 9일 18시,화요일,경기도 김포시 하성면,중상사고,0,1,0,0,차대사람 - 횡단중,안전운전불이행,포장 - 젖음/습기,비,단일로 - 기타,화물,남,64세,상해없음,보행자,여,43세,중상
12648,2019040900100433,2019년 4월 9일 18시,화요일,경기도 부천시 원미동,경상사고,0,0,1,0,차대사람 - 기타,보행자보호의무위반,포장 - 젖음/습기,비,교차로 - 교차로횡단보도내,승용,남,62세,상해없음,보행자,남,11세,경상
12649,2019040900100436,2019년 4월 9일 18시,화요일,경기도 성남시 분당구 구미동,경상사고,0,0,1,0,차대사람 - 횡단중,중앙선침범,포장 - 젖음/습기,비,단일로 - 기타,승용,남,25세,상해없음,보행자,남,55세,경상
12650,2019040900100438,2019년 4월 9일 18시,화요일,경기도 화성시 산척동,경상사고,0,0,1,0,차대사람 - 기타,안전운전불이행,포장 - 젖음/습기,비,기타 - 기타,이륜,남,24세,상해없음,보행자,남,9세,경상
12651,2019040900100463,2019년 4월 9일 18시,화요일,경기도 의정부시 의정부동,부상신고사고,0,0,0,1,차대사람 - 보도통행중,기타,포장 - 젖음/습기,비,단일로 - 기타,화물,남,39세,상해없음,보행자,여,49세,부상신고
12652,2019040900100467,2019년 4월 9일 18시,화요일,경기도 구리시 인창동,경상사고,0,0,1,0,차대사람 - 횡단중,안전운전불이행,포장 - 젖음/습기,비,단일로 - 기타,승용,여,43세,상해없음,보행자,남,39세,경상
12653,2019040900100484,2019년 4월 9일 19시,화요일,경기도 광주시 탄벌동,경상사고,0,0,1,0,차대사람 - 기타,안전운전불이행,포장 - 젖음/습기,비,기타 - 기타,기타불명,기타불명,미분류,기타불명,보행자,남,82세,경상
12654,2019040900100488,2019년 4월 9일 19시,화요일,경기도 성남시 분당구 구미동,경상사고,0,0,1,0,차대사람 - 횡단중,안전운전불이행,포장 - 건조,맑음,교차로 - 교차로횡단보도내,승합,남,56세,상해없음,보행자,남,12세,경상
12655,2019040900100490,2019년 4월 9일 19시,화요일,경기도 안양시 만안구 안양동,경상사고,0,0,1,0,차대사람 - 횡단중,안전운전불이행,포장 - 젖음/습기,비,단일로 - 기타,승용,남,49세,상해없음,보행자,남,24세,경상
12656,2019040900100492,2019년 4월 9일 19시,화요일,경기도 화성시 석우동,중상사고,0,1,1,0,차대사람 - 횡단중,신호위반,포장 - 젖음/습기,비,교차로 - 교차로횡단보도내,이륜,남,47세,경상,보행자,남,50세,중상
12657,2019040900100539,2019년 4월 9일 20시,화요일,경기도 평택시 장당동,경상사고,0,0,1,0,차대사람 - 기타,안전운전불이행,포장 - 젖음/습기,비,교차로 - 교차로횡단보도내,기타불명,기타불명,미분류,기타불명,보행자,남,57세,경상
12658,2019040900100541,2019년 4월 9일 20시,화요일,경기도 평택시 오성면,경상사고,0,0,1,0,차대사람 - 기타,안전운전불이행,포장 - 젖음/습기,비,단일로 - 기타,자전거,남,14세,상해없음,보행자,여,60세,경상
12659,2019040900100546,2019년 4월 9일 20시,화요일,경기도 시흥시 조남동,중상사고,0,1,0,0,차대사람 - 횡단중,안전운전불이행,포장 - 젖음/습기,비,단일로 - 기타,이륜,남,36세,상해없음,보행자,여,58세,중상
12660,2019040900100547,2019년 4월 9일 20시,화요일,경기도 안산시 상록구 사동,중상사고,0,1,0,0,차대사람 - 길가장자리구역통행중,안전운전불이행,포장 - 젖음/습기,비,단일로 - 기타,승용,여,52세,상해없음,보행자,남,50세,중상
12661,2019040900100550,2019년 4월 9일 20시,화요일,경기도 용인시 수지구 죽전동,중상사고,0,1,0,0,차대사람 - 횡단중,보행자보호의무위반,포장 - 젖음/습기,비,교차로 - 교차로횡단보도내,승용,남,37세,상해없음,보행자,여,66세,중상
12662,2019040900100580,2019년 4월 9일 20시,화요일,경기도 의정부시 호원동,경상사고,0,0,1,0,차대사람 - 횡단중,안전운전불이행,포장 - 젖음/습기,비,교차로 - 교차로횡단보도내,승용,남,61세,상해없음,보행자,남,57세,경상
12663,2019040900100581,2019년 4월 9일 20시,화요일,경기도 남양주시 오남읍,경상사고,0,0,1,0,차대사람 - 횡단중,보행자보호의무위반,포장 - 젖음/습기,비,교차로 - 교차로안,화물,남,46세,상해없음,보행자,여,46세,경상
12664,2019040900100595,2019년 4월 9일 21시,화요일,경기도 평택시 서정동,중상사고,0,1,0,0,차대사람 - 횡단중,보행자보호의무위반,포장 - 젖음/습기,비,교차로 - 교차로안,승용,남,68세,상해없음,보행자,남,56세,중상
12665,2019040900100596,2019년 4월 9일 21시,화요일,경기도 평택시 칠원동,사망사고,1,0,0,0,차대사람 - 차도통행중,안전운전불이행,포장 - 젖음/습기,비,단일로 - 기타,승용,남,50세,상해없음,보행자,남,54세,사망
12666,2019040900100602,2019년 4월 9일 21시,화요일,경기도 광명시 노온사동,중상사고,0,1,0,0,차대사람 - 기타,안전운전불이행,포장 - 젖음/습기,비,교차로 - 교차로횡단보도내,승용,남,50세,상해없음,보행자,남,66세,중상
12667,2019040900100603,2019년 4월 9일 21시,화요일,경기도 수원시 팔달구 인계동,중상사고,0,1,0,0,차대사람 - 기타,안전운전불이행,포장 - 건조,맑음,교차로 - 교차로부근,승용,남,37세,상해없음,보행자,남,54세,중상
12668,2019040900100605,2019년 4월 9일 21시,화요일,경기도 수원시 팔달구 인계동,경상사고,0,0,1,0,차대사람 - 횡단중,보행자보호의무위반,포장 - 젖음/습기,비,교차로 - 교차로부근,기타불명,기타불명,미분류,기타불명,보행자,여,53세,경상
12669,2019040900100606,2019년 4월 9일 21시,화요일,경기도 시흥시 은행동,중상사고,0,1,0,0,차대사람 - 횡단중,신호위반,포장 - 젖음/습기,비,교차로 - 교차로횡단보도내,이륜,남,16세,상해없음,보행자,여,42세,중상
12670,2019040900100660,2019년 4월 9일 22시,화요일,경기도 용인시 기흥구 중동,중상사고,0,1,0,0,차대사람 - 횡단중,신호위반,포장 - 젖음/습기,비,교차로 - 교차로횡단보도내,이륜,남,62세,상해없음,보행자,남,52세,중상
12671,2019040900100662,2019년 4월 9일 22시,화요일,경기도 부천시 괴안동,경상사고,0,0,1,0,차대사람 - 횡단중,보행자보호의무위반,포장 - 젖음/습기,비,교차로 - 교차로횡단보도내,승용,남,60세,상해없음,보행자,여,59세,경상
12672,2019040900100665,2019년 4월 9일 22시,화요일,경기도 부천시 심곡동,경상사고,0,0,1,0,차대사람 - 차도통행중,기타,포장 - 건조,맑음,기타 - 기타,승용,남,18세,상해없음,보행자,남,29세,경상
12673,2019040900100670,2019년 4월 9일 22시,화요일,경기도 수원시 권선구 구운동,경상사고,0,0,1,0,차대사람 - 기타,기타,포장 - 젖음/습기,비,단일로 - 기타,승합,남,50세,상해없음,보행자,여,69세,경상
12674,2019040900100671,2019년 4월 9일 22시,화요일,경기도 수원시 권선구 금곡동,경상사고,0,0,1,0,차대사람 - 횡단중,보행자보호의무위반,포장 - 젖음/습기,비,교차로 - 교차로횡단보도내,승용,남,40세,상해없음,보행자,남,56세,경상
12675,2019040900100715,2019년 4월 9일 23시,화요일,경기도 이천시 증포동,경상사고,0,0,1,0,차대사람 - 횡단중,신호위반,포장 - 젖음/습기,비,교차로 - 교차로안,승용,남,35세,상해없음,보행자,남,50세,경상
12676,2019040900100717,2019년 4월 9일 23시,화요일,경기도 광명시 소하동,경상사고,0,0,1,0,차대사람 - 보도통행중,기타,포장 - 젖음/습기,비,기타 - 기타,이륜,남,21세,상해없음,보행자,남,54세,경상
12677,2019040900100719,2019년 4월 9일 23시,화요일,경기도 군포시 당동,경상사고,0,0,1,0,차대사람 - 기타,안전운전불이행,포장 - 젖음/습기,흐림,교차로 - 교차로안,승합,남,50세,상해없음,보행자,여,20세,경상
12678,2019040900100724,2019년 4월 9일 23시,화요일,경기도 용인시 기흥구 보정동,중상사고,0,1,0,0,차대사람 - 횡단중,보행자보호의무위반,포장 - 젖음/습기,비,교차로 - 교차로횡단보도내,승용,남,28세,상해없음,보행자,여,20세,중상
12679,2019040900100760,2019년 4월 9일 23시,화요일,경기도 남양주시 다산동,중상사고,0,1,0,0,차대사람 - 횡단중,안전운전불이행,포장 - 젖음/습기,비,교차로 - 교차로안,승용,남,54세,상해없음,보행자,남,42세,중상
12680,2019041000100053,2019년 4월 10일 00시,수요일,경기도 구리시 수택동,경상사고,0,0,2,0,차대사람 - 기타,안전운전불이행,포장 - 젖음/습기,비,교차로 - 교차로부근,승용,남,36세,상해없음,보행자,여,38세,경상
12681,2019041000100119,2019년 4월 10일 07시,수요일,경기도 성남시 분당구 정자동,경상사고,0,0,1,0,차대사람 - 횡단중,안전운전불이행,포장 - 젖음/습기,흐림,단일로 - 기타,승용,남,34세,상해없음,보행자,남,72세,경상
12682,2019041000100139,2019년 4월 10일 08시,수요일,경기도 평택시 용이동,경상사고,0,0,1,0,차대사람 - 횡단중,보행자보호의무위반,포장 - 건조,맑음,교차로 - 교차로횡단보도내,승용,여,57세,상해없음,보행자,남,8세,경상
12683,2019041000100178,2019년 4월 10일 09시,수요일,경기도 부천시 괴안동,중상사고,0,1,0,0,차대사람 - 기타,보행자보호의무위반,포장 - 건조,맑음,교차로 - 교차로안,승용,남,62세,상해없음,보행자,여,61세,중상
12684,2019041000100206,2019년 4월 10일 10시,수요일,경기도 광주시 경안동,중상사고,0,1,0,0,차대사람 - 횡단중,보행자보호의무위반,포장 - 건조,흐림,교차로 - 교차로안,화물,남,59세,상해없음,보행자,여,77세,중상
12685,2019041000100207,2019년 4월 10일 10시,수요일,경기도 광주시 탄벌동,경상사고,0,0,1,0,차대사람 - 차도통행중,안전운전불이행,포장 - 젖음/습기,흐림,교차로 - 교차로안,승용,남,58세,상해없음,보행자,여,72세,경상
12686,2019041000100208,2019년 4월 10일 10시,수요일,경기도 여주시 하동,중상사고,0,1,0,0,차대사람 - 횡단중,보행자보호의무위반,포장 - 건조,맑음,단일로 - 기타,승용,여,67세,상해없음,보행자,여,79세,중상