,사고번호,사고일시,요일,시군구,사고내용,사망자수,중상자수,경상자수,부상신고자수,사고유형,법규위반,노면상태,기상상태,도로형태,가해운전자 차종,가해운전자 성별,가해운전자 연령,가해운전자 상해정도,피해운전자 차종,피해운전자 성별,피해운전자 연령,피해운전자 상해정도
12687,2019041000100209,2019년 4월 10일 10시,수요일,경기도 광명시 소하동,중상사고,0,1,0,0,차대사람 - 횡단중,안전운전불이행,포장 - 젖음/습기,비,교차로 - 교차로횡단보도내,승용,여,49세,상해없음,보행자,여,69세,중상
12688,2019041000100278,2019년 4월 10일 12시,수요일,경기도 이천시 중리동,중상사고,0,1,0,0,차대사람 - 횡단중,보행자보호의무위반,포장 - 젖음/습기,흐림,교차로 - 교차로안,승용,남,47세,상해없음,보행자,여,77세,중상
12689,2019041000100336,2019년 4월 10일 14시,수요일,경기도 수원시 팔달구 인계동,경상사고,0,0,1,0,차대사람 - 기타,보행자보호의무위반,포장 - 건조,맑음,단일로 - 기타,승합,남,46세,상해없음,보행자,여,28세,경상
12690,2019041000100361,2019년 4월 10일 15시,수요일,경기도 성남시 중원구 성남동,경상사고,0,0,1,0,차대사람 - 기타,안전운전불이행,포장 - 건조,맑음,단일로 - 기타,화물,남,39세,상해없음,보행자,여,78세,경상
12691,2019041000100379,2019년 4월 10일 15시,수요일,경기도 남양주시 다산동,경상사고,0,0,1,0,차대사람 - 기타,안전운전불이행,포장 - 건조,맑음,단일로 - 기타,승용,여,37세,상해없음,보행자,남,56세,경상
12692,2019041000100389,2019년 4월 10일 16시,수요일,경기도 수원시 장안구 조원동,경상사고,0,0,1,0,차대사람 - 횡단중,안전운전불이행,포장 - 건조,맑음,교차로 - 교차로안,승용,여,33세,상해없음,보행자,여,72세,경상
12693,2019041000100393,2019년 4월 10일 16시,수요일,경기도 광명시 소하동,경상사고,0,0,1,0,차대사람 - 기타,안전운전불이행,포장 - 건조,맑음,단일로 - 기타,자전거,남,12세,상해없음,보행자,여,4세,경상
12694,2019041000100425,2019년 4월 10일 17시,수요일,경기도 용인시 처인구 김량장동,중상사고,0,1,0,0,차대사람 - 횡단중,안전운전불이행,포장 - 건조,맑음,단일로 - 기타,승용,남,28세,상해없음,보행자,여,82세,중상
12695,2019041000100458,2019년 4월 10일 17시,수요일,경기도 고양시 덕양구 고양동,중상사고,0,1,0,0,차대사람 - 보도통행중,보행자보호의무위반,포장 - 건조,맑음,단일로 - 기타,화물,남,41세,상해없음,보행자,여,4세,중상
12696,2019041000100471,2019년 4월 10일 18시,수요일,경기도 평택시 동삭동,경상사고,0,0,1,0,차대사람 - 기타,안전운전불이행,포장 - 건조,맑음,기타 - 기타,이륜,남,44세,상해없음,보행자,남,8세,경상
12697,2019041000100475,2019년 4월 10일 18시,수요일,경기도 성남시 분당구 구미동,중상사고,0,1,1,0,차대사람 - 횡단중,보행자보호의무위반,포장 - 건조,맑음,교차로 - 교차로횡단보도내,승용,여,48세,기타불명,보행자,여,24세,중상
12698,2019041000100547,2019년 4월 10일 20시,수요일,경기도 양평군 양동면,중상사고,0,1,0,0,차대사람 - 횡단중,안전운전불이행,포장 - 건조,맑음,단일로 - 기타,원동기,남,61세,상해없음,보행자,남,84세,중상
12699,2019041000100552,2019년 4월 10일 20시,수요일,경기도 용인시 수지구 죽전동,경상사고,0,0,1,0,차대사람 - 차도통행중,안전운전불이행,포장 - 건조,맑음,단일로 - 기타,승용,여,41세,상해없음,보행자,여,22세,경상
12700,2019041000100609,2019년 4월 10일 22시,수요일,경기도 성남시 중원구 성남동,부상신고사고,0,0,0,1,차대사람 - 기타,안전운전불이행,비포장 - 건조,맑음,단일로 - 기타,승용,남,21세,상해없음,보행자,남,25세,부상신고
12701,2019041000100625,2019년 4월 10일 22시,수요일,경기도 남양주시 와부읍,경상사고,0,0,1,0,차대사람 - 횡단중,안전운전불이행,포장 - 건조,흐림,단일로 - 기타,승용,남,56세,상해없음,보행자,남,58세,경상
12702,2019041100100026,2019년 4월 11일 00시,목요일,경기도 수원시 영통구 이의동,경상사고,0,0,1,0,차대사람 - 횡단중,신호위반,포장 - 건조,맑음,교차로 - 교차로안,승용,남,60세,상해없음,보행자,여,25세,경상
12703,2019041100100035,2019년 4월 11일 01시,목요일,경기도 수원시 팔달구 인계동,경상사고,0,0,1,0,차대사람 - 기타,안전운전불이행,포장 - 건조,맑음,교차로 - 교차로부근,승용,남,25세,상해없음,보행자,여,43세,경상
12704,2019041100100087,2019년 4월 11일 06시,목요일,경기도 화성시 진안동,경상사고,0,0,1,0,차대사람 - 기타,기타,포장 - 건조,맑음,단일로 - 기타,승용,남,64세,상해없음,보행자,남,50세,경상
12705,2019041100100104,2019년 4월 11일 07시,목요일,경기도 수원시 영통구 영통동,경상사고,0,0,1,0,차대사람 - 기타,안전운전불이행,포장 - 건조,맑음,기타 - 기타,자전거,남,26세,상해없음,보행자,여,63세,경상
12706,2019041100100140,2019년 4월 11일 08시,목요일,경기도 오산시 궐동,경상사고,0,0,1,0,차대사람 - 횡단중,보행자보호의무위반,포장 - 건조,맑음,단일로 - 기타,승용,남,62세,상해없음,보행자,여,43세,경상
12707,2019041100100191,2019년 4월 11일 09시,목요일,경기도 고양시 덕양구 토당동,부상신고사고,0,0,0,1,차대사람 - 길가장자리구역통행중,신호위반,포장 - 건조,맑음,단일로 - 기타,승용,여,53세,상해없음,보행자,남,42세,부상신고
12708,2019041100100193,2019년 4월 11일 09시,목요일,경기도 고양시 일산서구 일산동,경상사고,0,0,1,0,차대사람 - 기타,기타,포장 - 건조,맑음,단일로 - 기타,승합,남,33세,상해없음,보행자,남,6세,경상
12709,2019041100100201,2019년 4월 11일 10시,목요일,경기도 성남시 수정구 수진동,중상사고,0,1,0,0,차대사람 - 보도통행중,신호위반,포장 - 건조,맑음,교차로 - 교차로횡단보도내,승용,여,43세,상해없음,보행자,여,73세,중상
12710,2019041100100202,2019년 4월 11일 10시,목요일,경기도 평택시 서정동,중상사고,0,1,0,0,차대사람 - 횡단중,신호위반,포장 - 건조,맑음,교차로 - 교차로횡단보도내,승용,남,82세,상해없음,보행자,여,78세,중상
12711,2019041100100205,2019년 4월 11일 10시,목요일,경기도 광주시 태전동,경상사고,0,0,1,0,차대사람 - 기타,안전운전불이행,포장 - 기타,기타,기타 - 기타,승용,여,48세,기타불명,보행자,남,77세,경상
12712,2019041100100320,2019년 4월 11일 14시,목요일,경기도 용인시 처인구 포곡읍,중상사고,0,1,0,0,차대사람 - 기타,안전운전불이행,포장 - 건조,맑음,단일로 - 기타,화물,남,53세,상해없음,보행자,여,73세,중상
12713,2019041100100323,2019년 4월 11일 14시,목요일,경기도 성남시 분당구 서현동,경상사고,0,0,1,0,차대사람 - 횡단중,안전운전불이행,포장 - 건조,맑음,기타 - 기타,승용,여,40세,상해없음,보행자,여,6세,경상
12714,2019041100100344,2019년 4월 11일 15시,목요일,경기도 부천시 소사동,중상사고,0,1,0,0,차대사람 - 기타,중앙선침범,포장 - 건조,맑음,단일로 - 기타,이륜,남,33세,상해없음,보행자,여,67세,중상
12715,2019041100100357,2019년 4월 11일 15시,목요일,경기도 남양주시 진접읍,경상사고,0,0,1,0,차대사람 - 횡단중,보행자보호의무위반,포장 - 건조,맑음,교차로 - 교차로횡단보도내,승용,남,64세,상해없음,보행자,여,7세,경상
12716,2019041100100396,2019년 4월 11일 17시,목요일,경기도 여주시 창동,경상사고,0,0,1,0,차대사람 - 보도통행중,보행자보호의무위반,포장 - 건조,맑음,교차로 - 교차로횡단보도내,승용,여,50세,상해없음,보행자,남,15세,경상
12717,2019041100100397,2019년 4월 11일 17시,목요일,경기도 안산시 단원구 고잔동,중상사고,0,1,0,0,차대사람 - 횡단중,안전운전불이행,포장 - 건조,맑음,교차로 - 교차로안,승용,여,38세,상해없음,보행자,남,52세,중상
12718,2019041100100460,2019년 4월 11일 18시,목요일,경기도 파주시 금촌동,부상신고사고,0,0,0,1,차대사람 - 기타,안전운전불이행,포장 - 건조,맑음,단일로 - 기타,승합,남,59세,상해없음,보행자,남,66세,부상신고
12719,2019041100100461,2019년 4월 11일 18시,목요일,경기도 파주시 동패동,경상사고,0,0,1,0,차대사람 - 기타,안전운전불이행,포장 - 건조,맑음,기타 - 기타,승용,여,42세,상해없음,보행자,여,73세,경상
12720,2019041100100506,2019년 4월 11일 20시,목요일,경기도 안성시 당왕동,경상사고,0,0,1,0,차대사람 - 기타,보행자보호의무위반,포장 - 건조,기타,단일로 - 기타,승용,여,48세,상해없음,보행자,여,58세,경상
12721,2019041100100509,2019년 4월 11일 20시,목요일,경기도 시흥시 정왕동,경상사고,0,0,1,0,차대사람 - 횡단중,보행자보호의무위반,포장 - 건조,맑음,교차로 - 교차로안,기타불명,기타불명,미분류,기타불명,보행자,남,34세,경상
12722,2019041100100528,2019년 4월 11일 20시,목요일,경기도 포천시 일동면,경상사고,0,0,1,0,차대사람 - 차도통행중,안전운전불이행,포장 - 건조,맑음,단일로 - 기타,승용,여,20세,상해없음,보행자,남,4세,경상
12723,2019041100100539,2019년 4월 11일 21시,목요일,경기도 광주시 회덕동,경상사고,0,0,1,0,차대사람 - 기타,안전운전불이행,포장 - 건조,맑음,교차로 - 교차로안,승용,남,60세,상해없음,보행자,여,49세,경상
12724,2019041100100544,2019년 4월 11일 21시,목요일,경기도 부천시 오정동,중상사고,0,1,0,0,차대사람 - 횡단중,안전운전불이행,포장 - 건조,맑음,단일로 - 기타,승용,남,52세,상해없음,보행자,여,17세,중상
12725,2019041100100587,2019년 4월 11일 22시,목요일,경기도 고양시 일산동구 중산동,경상사고,0,0,1,0,차대사람 - 기타,안전운전불이행,포장 - 건조,맑음,교차로 - 교차로부근,승용,남,52세,상해없음,보행자,남,23세,경상
12726,2019041100100597,2019년 4월 11일 23시,목요일,경기도 성남시 분당구 야탑동,사망사고,1,0,0,0,차대사람 - 횡단중,보행자보호의무위반,포장 - 건조,맑음,교차로 - 교차로횡단보도내,승용,남,30세,상해없음,보행자,여,23세,사망
12727,2019041100100609,2019년 4월 11일 23시,목요일,경기도 의정부시 호원동,중상사고,0,1,0,0,차대사람 - 기타,안전운전불이행,포장 - 건조,맑음,교차로 - 교차로안,화물,남,31세,상해없음,보행자,여,60세,중상
12728,2019041200100035,2019년 4월 12일 01시,금요일,경기도 수원시 장안구 조원동,경상사고,0,0,1,0,차대사람 - 횡단중,안전운전불이행,포장 - 건조,맑음,단일로 - 기타,승용,남,19세,상해없음,보행자,여,17세,경상
12729,2019041200100042,2019년 4월 12일 01시,금요일,경기도 동두천시 동두천동,중상사고,0,1,0,0,차대사람 - 기타,안전운전불이행,포장 - 건조,맑음,단일로 - 기타,승용,남,65세,상해없음,보행자,남,37세,중상
12730,2019041200100052,2019년 4월 12일 03시,금요일,경기도 성남시 분당구 야탑동,중상사고,0,2,0,0,차대사람 - 기타,중앙선침범,포장 - 건조,기타,단일로 - 기타,승용,남,48세,상해없음,보행자,여,36세,중상
12731,2019041200100094,2019년 4월 12일 07시,금요일,경기도 부천시 심곡본동,중상사고,0,1,0,0,차대사람 - 기타,교차로운행방법위반,포장 - 건조,맑음,교차로 - 교차로안,승용,남,54세,상해없음,보행자,여,61세,중상
12732,2019041200100095,2019년 4월 12일 07시,금요일,경기도 수원시 영통구 하동,부상신고사고,0,0,0,1,차대사람 - 길가장자리구역통행중,기타,포장 - 건조,맑음,단일로 - 기타,승용,남,53세,상해없음,보행자,여,50세,부상신고
12733,2019041200100121,2019년 4월 12일 08시,금요일,경기도 부천시 중동,중상사고,0,1,0,0,차대사람 - 기타,보행자보호의무위반,포장 - 건조,맑음,단일로 - 기타,승용,여,40세,상해없음,보행자,여,63세,중상
12734,2019041200100156,2019년 4월 12일 08시,금요일,경기도 고양시 일산동구 백석동,중상사고,0,1,0,0,차대사람 - 보도통행중,신호위반,포장 - 건조,맑음,교차로 - 교차로횡단보도내,승합,남,54세,상해없음,보행자,여,59세,중상
12735,2019041200100158,2019년 4월 12일 08시,금요일,경기도 구리시 수택동,경상사고,0,0,1,0,차대사람 - 보도통행중,기타,포장 - 건조,맑음,단일로 - 기타,자전거,남,21세,상해없음,보행자,여,73세,경상
12736,2019041200100159,2019년 4월 12일 08시,금요일,경기도 가평군 청평면,중상사고,0,1,0,0,차대사람 - 횡단중,보행자보호의무위반,포장 - 건조,맑음,교차로 - 교차로횡단보도내,화물,남,58세,상해없음,보행자,남,70세,중상
12737,2019041200100172,2019년 4월 12일 09시,금요일,경기도 성남시 중원구 중앙동,경상사고,0,0,1,0,차대사람 - 기타,안전운전불이행,포장 - 건조,맑음,교차로 - 교차로횡단보도내,이륜,여,58세,상해없음,보행자,남,45세,경상
12738,2019041200100205,2019년 4월 12일 10시,금요일,경기도 평택시 지산동,경상사고,0,0,1,0,차대사람 - 기타,안전운전불이행,포장 - 건조,맑음,단일로 - 기타,승용,여,60세,상해없음,보행자,여,70세,경상
12739,2019041200100231,2019년 4월 12일 10시,금요일,경기도 포천시 소흘읍,부상신고사고,0,0,0,1,차대사람 - 기타,안전운전불이행,포장 - 건조,맑음,교차로 - 교차로부근,승용,남,78세,상해없음,보행자,남,82세,부상신고
12740,2019041200100255,2019년 4월 12일 11시,금요일,경기도 파주시 금촌동,중상사고,0,1,0,0,차대사람 - 횡단중,보행자보호의무위반,포장 - 건조,맑음,교차로 - 교차로횡단보도내,승용,여,52세,상해없음,보행자,남,63세,중상
12741,2019041200100291,2019년 4월 12일 13시,금요일,경기도 하남시 망월동,중상사고,0,1,0,0,차대사람 - 기타,안전운전불이행,포장 - 건조,맑음,교차로 - 교차로부근,자전거,여,25세,상해없음,보행자,여,77세,중상
12742,2019041200100318,2019년 4월 12일 14시,금요일,경기도 수원시 팔달구 팔달로3가,경상사고,0,0,1,0,차대사람 - 기타,안전운전불이행,포장 - 건조,맑음,단일로 - 기타,승합,남,76세,상해없음,보행자,남,26세,경상
12743,2019041200100319,2019년 4월 12일 14시,금요일,경기도 안산시 단원구 신길동,경상사고,0,0,1,0,차대사람 - 차도통행중,안전운전불이행,포장 - 건조,맑음,단일로 - 기타,승용,남,39세,상해없음,보행자,여,60세,경상
12744,2019041200100321,2019년 4월 12일 14시,금요일,경기도 화성시 우정읍,경상사고,0,0,1,0,차대사람 - 횡단중,신호위반,포장 - 건조,맑음,교차로 - 교차로횡단보도내,승합,남,44세,상해없음,보행자,여,21세,경상
12745,2019041200100337,2019년 4월 12일 14시,금요일,경기도 고양시 덕양구 화정동,중상사고,0,1,0,0,차대사람 - 보도통행중,보행자보호의무위반,포장 - 건조,맑음,단일로 - 기타,승용,남,54세,상해없음,보행자,여,45세,중상
12746,2019041200100353,2019년 4월 12일 15시,금요일,경기도 부천시 고강동,경상사고,0,0,1,0,차대사람 - 횡단중,안전운전불이행,포장 - 건조,맑음,교차로 - 교차로횡단보도내,승합,남,64세,상해없음,보행자,여,86세,경상
12747,2019041200100389,2019년 4월 12일 16시,금요일,경기도 김포시 사우동,경상사고,0,0,1,0,차대사람 - 기타,안전운전불이행,포장 - 건조,맑음,단일로 - 기타,승합,남,48세,기타불명,보행자,남,81세,경상
12748,2019041200100390,2019년 4월 12일 16시,금요일,경기도 부천시 소사본동,중상사고,0,1,0,0,차대사람 - 기타,안전운전불이행,포장 - 건조,맑음,단일로 - 기타,승합,여,56세,상해없음,보행자,남,62세,중상
12749,2019041200100391,2019년 4월 12일 16시,금요일,경기도 성남시 분당구 서현동,경상사고,0,0,1,0,차대사람 - 횡단중,보행자보호의무위반,포장 - 건조,맑음,단일로 - 기타,승용,남,31세,상해없음,보행자,남,73세,경상
12750,2019041200100432,2019년 4월 12일 17시,금요일,경기도 안양시 만안구 안양동,중상사고,0,1,0,0,차대사람 - 기타,안전운전불이행,포장 - 건조,맑음,단일로 - 기타,기타불명,기타불명,미분류,기타불명,보행자,남,70세,중상
12751,2019041200100480,2019년 4월 12일 18시,금요일,경기도 평택시 장안동,경상사고,0,0,1,0,차대사람 - 길가장자리구역통행중,안전운전불이행,포장 - 건조,맑음,단일로 - 기타,승용,남,57세,상해없음,보행자,남,22세,경상
12752,2019041200100481,2019년 4월 12일 18시,금요일,경기도 평택시 안중읍,중상사고,0,1,0,0,차대사람 - 횡단중,안전운전불이행,포장 - 건조,맑음,교차로 - 교차로안,승용,여,42세,상해없음,보행자,여,17세,중상
12753,2019041200100486,2019년 4월 12일 18시,금요일,경기도 여주시 상동,경상사고,0,0,1,0,차대사람 - 횡단중,안전운전불이행,포장 - 건조,맑음,단일로 - 기타,승용,여,55세,상해없음,보행자,여,8세,경상
12754,2019041200100515,2019년 4월 12일 18시,금요일,경기도 고양시 덕양구 행신동,경상사고,0,0,1,0,차대사람 - 횡단중,보행자보호의무위반,포장 - 건조,맑음,교차로 - 교차로횡단보도내,승용,남,54세,상해없음,보행자,남,11세,경상
12755,2019041200100528,2019년 4월 12일 19시,금요일,경기도 부천시 범박동,경상사고,0,0,1,0,차대사람 - 기타,교차로운행방법위반,포장 - 건조,맑음,교차로 - 교차로안,승용,여,25세,상해없음,보행자,여,61세,경상
12756,2019041200100564,2019년 4월 12일 19시,금요일,경기도 남양주시 별내동,경상사고,0,0,1,0,차대사람 - 횡단중,안전운전불이행,포장 - 건조,맑음,교차로 - 교차로안,승용,남,66세,상해없음,보행자,남,10세,경상
12757,2019041200100572,2019년 4월 12일 20시,금요일,경기도 오산시 오산동,부상신고사고,0,0,0,1,차대사람 - 횡단중,안전운전불이행,포장 - 건조,맑음,단일로 - 기타,이륜,남,22세,상해없음,보행자,남,54세,부상신고
12758,2019041200100621,2019년 4월 12일 21시,금요일,경기도 남양주시 와부읍,부상신고사고,0,0,0,1,차대사람 - 횡단중,안전운전불이행,포장 - 건조,맑음,교차로 - 교차로안,승용,남,27세,상해없음,보행자,남,25세,부상신고
12759,2019041200100622,2019년 4월 12일 21시,금요일,경기도 양주시 광사동,경상사고,0,0,1,0,차대사람 - 횡단중,보행자보호의무위반,포장 - 건조,맑음,교차로 - 교차로횡단보도내,승용,남,49세,상해없음,보행자,여,23세,경상
12760,2019041200100631,2019년 4월 12일 22시,금요일,경기도 시흥시 정왕동,중상사고,0,1,0,0,차대사람 - 기타,안전운전불이행,포장 - 건조,맑음,단일로 - 기타,승용,남,54세,상해없음,보행자,여,53세,중상
12761,2019041300100029,2019년 4월 13일 00시,토요일,경기도 하남시 덕풍동,경상사고,0,0,1,0,차대사람 - 횡단중,보행자보호의무위반,포장 - 건조,맑음,단일로 - 기타,승합,남,65세,상해없음,보행자,여,66세,경상
12762,2019041300100096,2019년 4월 13일 04시,토요일,경기도 안산시 단원구 고잔동,중상사고,0,1,0,0,차대사람 - 기타,안전운전불이행,포장 - 건조,맑음,단일로 - 기타,승용,남,50세,상해없음,보행자,여,19세,중상
12763,2019041300100104,2019년 4월 13일 05시,토요일,경기도 성남시 분당구 야탑동,중상사고,0,1,0,0,차대사람 - 기타,안전운전불이행,포장 - 건조,맑음,단일로 - 기타,승용,남,61세,상해없음,보행자,여,87세,중상
12764,2019041300100111,2019년 4월 13일 05시,토요일,경기도 고양시 일산서구 주엽동,경상사고,0,0,1,0,차대사람 - 횡단중,안전운전불이행,포장 - 건조,맑음,교차로 - 교차로안,화물,남,65세,상해없음,보행자,여,61세,경상
12765,2019041300100130,2019년 4월 13일 07시,토요일,경기도 수원시 팔달구 신풍동,경상사고,0,0,1,0,차대사람 - 기타,안전운전불이행,포장 - 건조,맑음,단일로 - 기타,승용,여,45세,상해없음,보행자,남,34세,경상
12766,2019041300100150,2019년 4월 13일 08시,토요일,경기도 평택시 팽성읍,경상사고,0,0,1,0,차대사람 - 횡단중,안전운전불이행,포장 - 건조,맑음,단일로 - 기타,화물,남,36세,상해없음,보행자,남,24세,경상
12767,2019041300100166,2019년 4월 13일 09시,토요일,경기도 광주시 경안동,경상사고,0,0,1,0,차대사람 - 횡단중,안전운전불이행,포장 - 기타,기타,기타 - 기타,기타불명,기타불명,미분류,기타불명,보행자,여,62세,경상
12768,2019041300100167,2019년 4월 13일 09시,토요일,경기도 용인시 처인구 마평동,경상사고,0,0,1,0,차대사람 - 횡단중,보행자보호의무위반,포장 - 건조,맑음,단일로 - 기타,승용,여,52세,상해없음,보행자,여,56세,경상
12769,2019041300100168,2019년 4월 13일 09시,토요일,경기도 김포시 양촌읍,경상사고,0,0,1,0,차대사람 - 차도통행중,안전운전불이행,포장 - 건조,맑음,교차로 - 교차로부근,화물,남,44세,상해없음,보행자,남,70세,경상
12770,2019041300100224,2019년 4월 13일 10시,토요일,경기도 고양시 일산서구 대화동,경상사고,0,0,1,0,차대사람 - 기타,기타,포장 - 건조,맑음,단일로 - 기타,승합,남,63세,상해없음,보행자,남,90세 이상,경상
12771,2019041300100232,2019년 4월 13일 11시,토요일,경기도 안성시 서인동,경상사고,0,0,1,0,차대사람 - 기타,안전운전불이행,포장 - 건조,맑음,단일로 - 기타,승용,남,44세,상해없음,보행자,남,53세,경상
12772,2019041300100239,2019년 4월 13일 11시,토요일,경기도 시흥시 정왕동,경상사고,0,0,1,0,차대사람 - 횡단중,안전운전불이행,포장 - 건조,맑음,단일로 - 기타,승용,남,59세,상해없음,보행자,여,44세,경상
12773,2019041300100276,2019년 4월 13일 12시,토요일,경기도 광주시 오포읍,경상사고,0,0,1,0,차대사람 - 기타,신호위반,포장 - 건조,맑음,교차로 - 교차로안,승용,여,75세,상해없음,보행자,여,36세,경상
12774,2019041300100306,2019년 4월 13일 12시,토요일,경기도 의정부시 호원동,경상사고,0,0,1,0,차대사람 - 횡단중,신호위반,포장 - 건조,맑음,교차로 - 교차로안,승합,남,58세,상해없음,보행자,남,18세,경상
12775,2019041300100427,2019년 4월 13일 15시,토요일,경기도 남양주시 다산동,부상신고사고,0,0,0,1,차대사람 - 횡단중,보행자보호의무위반,포장 - 건조,맑음,교차로 - 교차로횡단보도내,승용,남,61세,상해없음,보행자,남,8세,부상신고
12776,2019041300100478,2019년 4월 13일 17시,토요일,경기도 평택시 세교동,중상사고,0,1,0,0,차대사람 - 횡단중,안전운전불이행,포장 - 건조,맑음,단일로 - 기타,승용,남,47세,상해없음,보행자,남,11세,중상
12777,2019041300100482,2019년 4월 13일 17시,토요일,경기도 수원시 영통구 매탄동,중상사고,0,1,0,0,차대사람 - 기타,안전운전불이행,포장 - 건조,맑음,단일로 - 기타,승용,남,60세,상해없음,보행자,남,28세,중상
12778,2019041300100483,2019년 4월 13일 17시,토요일,경기도 부천시 원종동,경상사고,0,0,1,0,차대사람 - 차도통행중,안전운전불이행,포장 - 건조,맑음,단일로 - 기타,승용,여,47세,상해없음,보행자,남,25세,경상
12779,2019041300100520,2019년 4월 13일 18시,토요일,경기도 여주시 가남읍,경상사고,0,0,1,0,차대사람 - 기타,교차로운행방법위반,포장 - 건조,맑음,교차로 - 교차로안,승용,여,39세,상해없음,보행자,남,53세,경상
12780,2019041300100522,2019년 4월 13일 18시,토요일,경기도 양평군 양서면,경상사고,0,0,1,0,차대사람 - 기타,안전운전불이행,포장 - 건조,맑음,단일로 - 기타,특수,남,27세,상해없음,보행자,남,55세,경상
12781,2019041300100547,2019년 4월 13일 18시,토요일,경기도 의정부시 의정부동,중상사고,0,1,0,0,차대사람 - 길가장자리구역통행중,안전운전불이행,포장 - 건조,맑음,단일로 - 기타,승용,여,43세,상해없음,보행자,여,26세,중상
12782,2019041300100560,2019년 4월 13일 19시,토요일,경기도 광주시 경안동,중상사고,0,1,0,0,차대사람 - 기타,안전운전불이행,포장 - 기타,기타,기타 - 기타,승용,여,59세,상해없음,보행자,남,57세,중상
12783,2019041300100563,2019년 4월 13일 19시,토요일,경기도 성남시 중원구 성남동,경상사고,0,0,1,0,차대사람 - 횡단중,보행자보호의무위반,포장 - 건조,맑음,교차로 - 교차로횡단보도내,승용,남,30세,상해없음,보행자,남,34세,경상
12784,2019041300100640,2019년 4월 13일 21시,토요일,경기도 평택시 서정동,중상사고,0,1,0,0,차대사람 - 횡단중,중앙선침범,포장 - 건조,맑음,교차로 - 교차로부근,승용,남,58세,상해없음,보행자,여,69세,중상
12785,2019041400100020,2019년 4월 14일 00시,일요일,경기도 부천시 심곡동,중상사고,0,1,0,0,차대사람 - 길가장자리구역통행중,안전운전불이행,포장 - 건조,맑음,교차로 - 교차로안,승용,남,22세,상해없음,보행자,남,50세,중상
12786,2019041400100021,2019년 4월 14일 00시,일요일,경기도 성남시 분당구 정자동,중상사고,0,1,1,0,차대사람 - 기타,안전운전불이행,포장 - 건조,맑음,단일로 - 기타,승용,남,33세,상해없음,보행자,남,22세,중상
12787,2019041400100137,2019년 4월 14일 10시,일요일,경기도 수원시 영통구 매탄동,경상사고,0,0,1,0,차대사람 - 횡단중,안전운전불이행,포장 - 젖음/습기,비,단일로 - 기타,승합,남,55세,상해없음,보행자,여,74세,경상
12788,2019041400100179,2019년 4월 14일 12시,일요일,경기도 수원시 영통구 망포동,경상사고,0,0,1,0,차대사람 - 기타,안전운전불이행,포장 - 건조,맑음,단일로 - 기타,승용,여,48세,상해없음,보행자,남,53세,경상
12789,2019041400100226,2019년 4월 14일 13시,일요일,경기도 파주시 목동동,경상사고,0,0,1,0,차대사람 - 횡단중,안전운전불이행,포장 - 건조,맑음,교차로 - 교차로횡단보도내,승용,여,70세,상해없음,보행자,남,84세,경상
12790,2019041400100260,2019년 4월 14일 15시,일요일,경기도 오산시 오산동,중상사고,0,1,0,0,차대사람 - 기타,안전운전불이행,포장 - 건조,맑음,교차로 - 교차로부근,승합,남,52세,상해없음,보행자,여,22세,중상
12791,2019041400100290,2019년 4월 14일 16시,일요일,경기도 광명시 철산동,부상신고사고,0,0,0,1,차대사람 - 횡단중,신호위반,포장 - 건조,맑음,교차로 - 교차로안,기타불명,기타불명,미분류,기타불명,보행자,남,15세,부상신고
12792,2019041400100291,2019년 4월 14일 16시,일요일,경기도 시흥시 정왕동,중상사고,0,1,0,0,차대사람 - 기타,안전운전불이행,포장 - 건조,맑음,교차로 - 교차로안,승용,남,38세,상해없음,보행자,여,35세,중상
12793,2019041400100362,2019년 4월 14일 19시,일요일,경기도 수원시 장안구 율전동,경상사고,0,0,1,0,차대사람 - 횡단중,보행자보호의무위반,포장 - 건조,맑음,교차로 - 교차로부근,승용,남,69세,상해없음,보행자,남,17세,경상
12794,2019041400100365,2019년 4월 14일 19시,일요일,경기도 화성시 산척동,경상사고,0,0,1,0,차대사람 - 횡단중,신호위반,포장 - 건조,맑음,교차로 - 교차로안,승용,여,41세,상해없음,보행자,남,4세,경상
12795,2019041400100389,2019년 4월 14일 20시,일요일,경기도 안양시 동안구 호계동,경상사고,0,0,1,0,차대사람 - 보도통행중,안전운전불이행,포장 - 젖음/습기,흐림,교차로 - 교차로부근,기타불명,기타불명,미분류,기타불명,보행자,여,58세,경상
12796,2019041400100408,2019년 4월 14일 21시,일요일,경기도 시흥시 신천동,중상사고,0,1,0,0,차대사람 - 횡단중,보행자보호의무위반,포장 - 건조,맑음,단일로 - 기타,승용,남,57세,기타불명,보행자,남,53세,중상
12797,2019041400100426,2019년 4월 14일 21시,일요일,경기도 의정부시 신곡동,경상사고,0,0,1,0,차대사람 - 기타,안전운전불이행,포장 - 건조,맑음,교차로 - 교차로부근,승합,남,54세,상해없음,보행자,여,56세,경상
12798,2019041400100433,2019년 4월 14일 22시,일요일,경기도 안산시 단원구 선부동,경상사고,0,0,1,0,차대사람 - 횡단중,안전운전불이행,포장 - 건조,맑음,교차로 - 교차로안,승용,여,45세,상해없음,보행자,남,51세,경상
12799,2019041400100443,2019년 4월 14일 22시,일요일,경기도 고양시 일산동구 백석동,경상사고,0,0,1,0,차대사람 - 기타,보행자보호의무위반,포장 - 건조,맑음,교차로 - 교차로횡단보도내,승용,남,51세,상해없음,보행자,남,36세,경상