,사고번호,사고일시,요일,시군구,사고내용,사망자수,중상자수,경상자수,부상신고자수,사고유형,법규위반,노면상태,기상상태,도로형태,가해운전자 차종,가해운전자 성별,가해운전자 연령,가해운전자 상해정도,피해운전자 차종,피해운전자 성별,피해운전자 연령,피해운전자 상해정도
12800,2019041500100125,2019년 4월 15일 08시,월요일,경기도 화성시 남양읍,경상사고,0,0,1,0,차대사람 - 횡단중,보행자보호의무위반,포장 - 건조,맑음,교차로 - 교차로횡단보도내,승용,남,64세,상해없음,보행자,남,51세,경상
12801,2019041500100170,2019년 4월 15일 09시,월요일,경기도 안양시 동안구 관양동,중상사고,0,1,0,0,차대사람 - 횡단중,안전운전불이행,포장 - 건조,맑음,교차로 - 교차로안,승용,여,49세,상해없음,보행자,여,84세,중상
12802,2019041500100171,2019년 4월 15일 09시,월요일,경기도 용인시 처인구 김량장동,경상사고,0,0,1,0,차대사람 - 보도통행중,안전운전불이행,포장 - 건조,맑음,단일로 - 기타,승용,여,36세,상해없음,보행자,여,62세,경상
12803,2019041500100175,2019년 4월 15일 09시,월요일,경기도 부천시 원종동,중상사고,0,1,0,0,차대사람 - 횡단중,안전운전불이행,포장 - 건조,맑음,교차로 - 교차로횡단보도내,승용,여,50세,상해없음,보행자,여,81세,중상
12804,2019041500100199,2019년 4월 15일 09시,월요일,경기도 고양시 덕양구 화정동,중상사고,0,1,0,0,차대사람 - 횡단중,안전운전불이행,포장 - 건조,맑음,단일로 - 기타,승용,여,50세,상해없음,보행자,여,63세,중상
12805,2019041500100241,2019년 4월 15일 11시,월요일,경기도 수원시 장안구 영화동,경상사고,0,0,1,0,차대사람 - 기타,신호위반,포장 - 건조,맑음,교차로 - 교차로안,승용,남,62세,상해없음,보행자,여,65세,경상
12806,2019041500100270,2019년 4월 15일 12시,월요일,경기도 용인시 처인구 김량장동,경상사고,0,0,1,0,차대사람 - 횡단중,보행자보호의무위반,포장 - 건조,맑음,교차로 - 교차로안,승용,남,57세,상해없음,보행자,여,36세,경상
12807,2019041500100304,2019년 4월 15일 13시,월요일,경기도 김포시 고촌읍,경상사고,0,0,1,0,차대사람 - 기타,안전운전불이행,포장 - 건조,맑음,단일로 - 기타,승합,남,48세,상해없음,보행자,남,47세,경상
12808,2019041500100305,2019년 4월 15일 13시,월요일,경기도 부천시 역곡동,경상사고,0,0,1,0,차대사람 - 횡단중,신호위반,포장 - 건조,맑음,교차로 - 교차로안,승합,남,58세,상해없음,보행자,여,62세,경상
12809,2019041500100344,2019년 4월 15일 14시,월요일,경기도 평택시 신장동,경상사고,0,0,1,0,차대사람 - 횡단중,신호위반,포장 - 건조,맑음,교차로 - 교차로부근,화물,남,27세,상해없음,보행자,여,59세,경상
12810,2019041500100345,2019년 4월 15일 14시,월요일,경기도 김포시 대곶면,중상사고,0,1,0,0,차대사람 - 길가장자리구역통행중,안전운전불이행,포장 - 건조,맑음,기타 - 기타,화물,남,57세,상해없음,보행자,여,67세,중상
12811,2019041500100451,2019년 4월 15일 16시,월요일,경기도 안산시 단원구 원곡동,경상사고,0,0,1,0,차대사람 - 기타,안전운전불이행,포장 - 건조,맑음,단일로 - 기타,승용,여,44세,상해없음,보행자,남,59세,경상
12812,2019041500100455,2019년 4월 15일 16시,월요일,경기도 수원시 권선구 금곡동,중상사고,0,1,0,0,차대사람 - 기타,보행자보호의무위반,포장 - 건조,맑음,교차로 - 교차로횡단보도내,화물,남,38세,상해없음,보행자,남,8세,중상
12813,2019041500100456,2019년 4월 15일 16시,월요일,경기도 부천시 여월동,경상사고,0,0,1,0,차대사람 - 횡단중,중앙선침범,포장 - 건조,맑음,단일로 - 기타,승용,남,59세,상해없음,보행자,여,72세,경상
12814,2019041500100493,2019년 4월 15일 17시,월요일,경기도 성남시 수정구 신흥동,경상사고,0,0,1,0,차대사람 - 기타,안전운전불이행,포장 - 건조,맑음,교차로 - 교차로부근,승용,남,39세,상해없음,보행자,남,11세,경상
12815,2019041500100549,2019년 4월 15일 18시,월요일,경기도 평택시 서정동,경상사고,0,0,1,0,차대사람 - 기타,안전운전불이행,포장 - 건조,맑음,교차로 - 교차로안,승용,남,57세,상해없음,보행자,남,62세,경상
12816,2019041500100552,2019년 4월 15일 18시,월요일,경기도 광주시 경안동,중상사고,0,1,0,0,차대사람 - 차도통행중,안전운전불이행,포장 - 건조,맑음,단일로 - 기타,승용,여,46세,상해없음,보행자,남,16세,중상
12817,2019041500100553,2019년 4월 15일 18시,월요일,경기도 부천시 춘의동,경상사고,0,0,1,0,차대사람 - 기타,교차로운행방법위반,포장 - 건조,맑음,교차로 - 교차로안,이륜,남,55세,상해없음,보행자,남,3세,경상
12818,2019041500100556,2019년 4월 15일 18시,월요일,경기도 용인시 수지구 상현동,경상사고,0,0,1,0,차대사람 - 기타,신호위반,포장 - 건조,맑음,교차로 - 교차로부근,원동기,남,16세,상해없음,보행자,남,66세,경상
12819,2019041500100592,2019년 4월 15일 18시,월요일,경기도 고양시 일산동구 마두동,부상신고사고,0,0,0,1,차대사람 - 횡단중,기타,포장 - 건조,맑음,교차로 - 교차로안,기타불명,기타불명,미분류,기타불명,보행자,남,17세,부상신고
12820,2019041500100606,2019년 4월 15일 19시,월요일,경기도 평택시 청북읍,경상사고,0,0,1,0,차대사람 - 기타,안전운전불이행,포장 - 건조,맑음,단일로 - 기타,승용,남,78세,상해없음,보행자,남,64세,경상
12821,2019041500100647,2019년 4월 15일 20시,월요일,경기도 수원시 팔달구 인계동,경상사고,0,0,1,0,차대사람 - 길가장자리구역통행중,안전운전불이행,포장 - 건조,맑음,교차로 - 교차로안,승용,남,29세,상해없음,보행자,남,29세,경상
12822,2019041500100648,2019년 4월 15일 20시,월요일,경기도 성남시 중원구 금광동,경상사고,0,0,2,0,차대사람 - 횡단중,신호위반,포장 - 건조,맑음,교차로 - 교차로안,승용,남,74세,상해없음,보행자,여,21세,경상
12823,2019041500100650,2019년 4월 15일 20시,월요일,경기도 안산시 상록구 부곡동,경상사고,0,0,1,0,차대사람 - 기타,불법유턴,포장 - 건조,맑음,단일로 - 기타,승합,남,55세,상해없음,보행자,남,63세,경상
12824,2019041500100664,2019년 4월 15일 20시,월요일,경기도 고양시 일산동구 마두동,중상사고,0,1,0,0,차대사람 - 횡단중,안전운전불이행,포장 - 건조,맑음,단일로 - 기타,이륜,남,35세,상해없음,보행자,남,71세,중상
12825,2019041500100672,2019년 4월 15일 21시,월요일,경기도 시흥시 정왕동,중상사고,0,1,0,0,차대사람 - 횡단중,안전운전불이행,포장 - 건조,맑음,교차로 - 교차로부근,승용,남,52세,상해없음,보행자,여,37세,중상
12826,2019041500100684,2019년 4월 15일 21시,월요일,경기도 남양주시 호평동,중상사고,0,1,0,0,차대사람 - 횡단중,안전운전불이행,포장 - 건조,맑음,교차로 - 교차로안,승용,여,38세,상해없음,보행자,여,37세,중상
12827,2019041500100691,2019년 4월 15일 22시,월요일,경기도 안산시 상록구 이동,중상사고,0,1,1,0,차대사람 - 횡단중,안전운전불이행,포장 - 건조,맑음,교차로 - 교차로안,승용,남,53세,상해없음,보행자,여,45세,경상
12828,2019041500100693,2019년 4월 15일 22시,월요일,경기도 부천시 고강동,경상사고,0,0,1,0,차대사람 - 기타,신호위반,포장 - 건조,맑음,교차로 - 교차로횡단보도내,승용,남,69세,상해없음,보행자,여,24세,경상
12829,2019041600100034,2019년 4월 16일 00시,화요일,경기도 의정부시 의정부동,경상사고,0,0,1,0,차대사람 - 기타,안전운전불이행,포장 - 건조,맑음,단일로 - 기타,승용,여,49세,상해없음,보행자,여,19세,경상
12830,2019041600100042,2019년 4월 16일 01시,화요일,경기도 양주시 덕계동,부상신고사고,0,0,0,1,차대사람 - 횡단중,안전운전불이행,포장 - 건조,맑음,교차로 - 교차로안,화물,남,65세,상해없음,보행자,남,43세,부상신고
12831,2019041600100044,2019년 4월 16일 02시,화요일,경기도 부천시 상동,경상사고,0,0,1,0,차대사람 - 기타,안전운전불이행,포장 - 건조,맑음,단일로 - 기타,승용,남,25세,상해없음,보행자,남,27세,경상
12832,2019041600100064,2019년 4월 16일 05시,화요일,경기도 평택시 이충동,경상사고,0,0,1,0,차대사람 - 횡단중,안전운전불이행,포장 - 건조,맑음,단일로 - 기타,승용,여,38세,상해없음,보행자,여,67세,경상
12833,2019041600100099,2019년 4월 16일 07시,화요일,경기도 수원시 영통구 망포동,사망사고,1,0,0,0,차대사람 - 횡단중,보행자보호의무위반,포장 - 건조,맑음,교차로 - 교차로횡단보도내,승합,남,41세,상해없음,보행자,여,48세,사망
12834,2019041600100189,2019년 4월 16일 09시,화요일,경기도 수원시 팔달구 우만동,중상사고,0,1,0,0,차대사람 - 기타,보행자보호의무위반,포장 - 건조,맑음,교차로 - 교차로안,승합,남,74세,상해없음,보행자,여,57세,중상
12835,2019041600100195,2019년 4월 16일 09시,화요일,경기도 시흥시 은행동,경상사고,0,0,1,0,차대사람 - 횡단중,보행자보호의무위반,포장 - 건조,맑음,교차로 - 교차로부근,승용,여,28세,상해없음,보행자,남,40세,경상
12836,2019041600100247,2019년 4월 16일 10시,화요일,경기도 의정부시 장암동,경상사고,0,0,1,0,차대사람 - 횡단중,보행자보호의무위반,포장 - 건조,맑음,교차로 - 교차로횡단보도내,승용,여,56세,상해없음,보행자,여,55세,경상
12837,2019041600100259,2019년 4월 16일 11시,화요일,경기도 부천시 중동,경상사고,0,0,1,0,차대사람 - 기타,안전운전불이행,포장 - 건조,맑음,단일로 - 기타,승용,남,43세,상해없음,보행자,남,51세,경상
12838,2019041600100260,2019년 4월 16일 11시,화요일,경기도 광명시 소하동,부상신고사고,0,0,0,1,차대사람 - 기타,기타,포장 - 건조,맑음,교차로 - 교차로부근,승합,남,57세,상해없음,보행자,여,58세,부상신고
12839,2019041600100262,2019년 4월 16일 11시,화요일,경기도 성남시 중원구 성남동,경상사고,0,0,1,0,차대사람 - 길가장자리구역통행중,안전운전불이행,포장 - 건조,맑음,단일로 - 기타,승용,여,50세,상해없음,보행자,남,38세,경상
12840,2019041600100267,2019년 4월 16일 11시,화요일,경기도 화성시 장지동,중상사고,0,1,0,0,차대사람 - 횡단중,안전운전불이행,포장 - 건조,맑음,단일로 - 기타,승용,남,29세,상해없음,보행자,여,73세,중상
12841,2019041600100300,2019년 4월 16일 12시,화요일,경기도 광주시 퇴촌면,사망사고,1,0,0,0,차대사람 - 횡단중,보행자보호의무위반,포장 - 건조,맑음,단일로 - 기타,승용,남,67세,상해없음,보행자,여,71세,사망
12842,2019041600100306,2019년 4월 16일 12시,화요일,경기도 하남시 미사동,경상사고,0,0,1,1,차대사람 - 기타,신호위반,포장 - 건조,맑음,단일로 - 기타,자전거,남,58세,부상신고,보행자,남,28세,경상
12843,2019041600100356,2019년 4월 16일 14시,화요일,경기도 군포시 산본동,경상사고,0,0,1,0,차대사람 - 횡단중,보행자보호의무위반,포장 - 건조,맑음,단일로 - 기타,승용,여,40세,상해없음,보행자,여,23세,경상
12844,2019041600100388,2019년 4월 16일 15시,화요일,경기도 평택시 비전동,경상사고,0,0,1,0,차대사람 - 횡단중,보행자보호의무위반,포장 - 건조,맑음,교차로 - 교차로횡단보도내,승용,남,60세,상해없음,보행자,남,7세,경상
12845,2019041600100390,2019년 4월 16일 15시,화요일,경기도 안성시 공도읍,중상사고,0,1,0,0,차대사람 - 횡단중,보행자보호의무위반,포장 - 건조,맑음,단일로 - 기타,승합,여,43세,상해없음,보행자,여,11세,중상
12846,2019041600100400,2019년 4월 16일 15시,화요일,경기도 안산시 상록구 사동,경상사고,0,0,1,0,차대사람 - 기타,안전운전불이행,포장 - 건조,맑음,단일로 - 기타,승용,남,64세,상해없음,보행자,남,33세,경상
12847,2019041600100401,2019년 4월 16일 15시,화요일,경기도 하남시 풍산동,경상사고,0,0,1,1,차대사람 - 횡단중,신호위반,포장 - 건조,맑음,교차로 - 교차로부근,승용,남,37세,상해없음,보행자,여,30세,경상
12848,2019041600100436,2019년 4월 16일 16시,화요일,경기도 김포시 장기동,중상사고,0,1,0,0,차대사람 - 기타,기타,포장 - 건조,맑음,기타 - 기타,화물,남,52세,상해없음,보행자,남,35세,중상
12849,2019041600100464,2019년 4월 16일 16시,화요일,경기도 양주시 회정동,중상사고,0,1,0,0,차대사람 - 차도통행중,안전운전불이행,포장 - 건조,맑음,단일로 - 기타,승용,여,43세,상해없음,보행자,남,59세,중상
12850,2019041600100483,2019년 4월 16일 17시,화요일,경기도 안산시 단원구 고잔동,중상사고,0,1,0,0,차대사람 - 기타,안전운전불이행,포장 - 건조,맑음,단일로 - 기타,승용,여,47세,상해없음,보행자,남,37세,중상
12851,2019041600100486,2019년 4월 16일 17시,화요일,경기도 안양시 만안구 안양동,경상사고,0,0,1,0,차대사람 - 기타,불법유턴,포장 - 건조,맑음,단일로 - 기타,승용,남,41세,상해없음,보행자,남,70세,경상
12852,2019041600100487,2019년 4월 16일 17시,화요일,경기도 용인시 수지구 풍덕천동,중상사고,0,1,0,0,차대사람 - 기타,안전운전불이행,포장 - 건조,맑음,단일로 - 기타,승용,여,50세,상해없음,보행자,여,78세,중상
12853,2019041600100519,2019년 4월 16일 17시,화요일,경기도 의정부시 낙양동,경상사고,0,0,1,0,차대사람 - 기타,보행자보호의무위반,포장 - 건조,맑음,교차로 - 교차로안,승용,남,47세,기타불명,보행자,남,15세,경상
12854,2019041600100568,2019년 4월 16일 19시,화요일,경기도 부천시 중동,경상사고,0,0,1,0,차대사람 - 기타,안전운전불이행,포장 - 건조,맑음,교차로 - 교차로안,자전거,여,61세,상해없음,보행자,남,9세,경상
12855,2019041600100612,2019년 4월 16일 20시,화요일,경기도 시흥시 과림동,중상사고,0,1,0,0,차대사람 - 기타,안전운전불이행,포장 - 건조,맑음,단일로 - 기타,승용,남,56세,상해없음,보행자,남,53세,중상
12856,2019041600100668,2019년 4월 16일 22시,화요일,경기도 용인시 기흥구 하갈동,경상사고,0,0,1,0,차대사람 - 차도통행중,안전운전불이행,포장 - 건조,맑음,교차로 - 교차로안,화물,남,40세,상해없음,보행자,남,31세,경상
12857,2019041600100670,2019년 4월 16일 22시,화요일,경기도 안성시 공도읍,사망사고,1,0,0,0,차대사람 - 기타,안전운전불이행,포장 - 건조,맑음,단일로 - 기타,승용,남,36세,상해없음,보행자,남,68세,사망
12858,2019041700100032,2019년 4월 17일 01시,수요일,경기도 용인시 처인구 이동읍,경상사고,0,0,1,0,차대사람 - 기타,안전운전불이행,포장 - 건조,맑음,주차장 - 주차장,승용,여,31세,상해없음,보행자,남,57세,경상
12859,2019041700100053,2019년 4월 17일 04시,수요일,경기도 평택시 지산동,중상사고,0,1,0,0,차대사람 - 기타,안전운전불이행,포장 - 건조,맑음,단일로 - 기타,기타불명,기타불명,미분류,기타불명,보행자,남,59세,중상
12860,2019041700100061,2019년 4월 17일 05시,수요일,경기도 광주시 곤지암읍,중상사고,0,1,0,0,차대사람 - 차도통행중,안전운전불이행,포장 - 건조,맑음,단일로 - 기타,승용,여,59세,상해없음,보행자,남,49세,중상
12861,2019041700100072,2019년 4월 17일 06시,수요일,경기도 시흥시 정왕동,중상사고,0,1,0,0,차대사람 - 기타,안전운전불이행,포장 - 건조,맑음,단일로 - 기타,승용,여,65세,상해없음,보행자,남,65세,중상
12862,2019041700100092,2019년 4월 17일 07시,수요일,경기도 부천시 송내동,경상사고,0,0,1,0,차대사람 - 횡단중,보행자보호의무위반,포장 - 건조,맑음,교차로 - 교차로부근,승용,남,53세,상해없음,보행자,여,18세,경상
12863,2019041700100097,2019년 4월 17일 07시,수요일,경기도 부천시 내동,중상사고,0,1,0,0,차대사람 - 기타,기타,포장 - 건조,맑음,단일로 - 기타,승합,남,53세,상해없음,보행자,여,64세,중상
12864,2019041700100131,2019년 4월 17일 08시,수요일,경기도 수원시 권선구 고색동,경상사고,0,0,1,0,차대사람 - 횡단중,보행자보호의무위반,포장 - 건조,맑음,단일로 - 기타,기타불명,기타불명,미분류,기타불명,보행자,여,17세,경상
12865,2019041700100175,2019년 4월 17일 09시,수요일,경기도 성남시 수정구 수진동,경상사고,0,0,1,0,차대사람 - 기타,보행자보호의무위반,포장 - 건조,맑음,단일로 - 기타,화물,남,49세,상해없음,보행자,여,68세,경상
12866,2019041700100176,2019년 4월 17일 09시,수요일,경기도 평택시 비전동,중상사고,0,1,0,0,차대사람 - 횡단중,신호위반,포장 - 건조,맑음,교차로 - 교차로횡단보도내,승용,여,43세,상해없음,보행자,여,34세,중상
12867,2019041700100201,2019년 4월 17일 09시,수요일,경기도 고양시 일산서구 탄현동,중상사고,0,1,0,0,차대사람 - 횡단중,안전운전불이행,포장 - 건조,맑음,교차로 - 교차로횡단보도내,승용,여,61세,상해없음,보행자,여,83세,중상
12868,2019041700100208,2019년 4월 17일 10시,수요일,경기도 김포시 고촌읍,경상사고,0,0,1,0,차대사람 - 기타,안전운전불이행,포장 - 건조,맑음,교차로 - 교차로부근,화물,남,39세,상해없음,보행자,남,38세,경상
12869,2019041700100210,2019년 4월 17일 10시,수요일,경기도 부천시 심곡본동,부상신고사고,0,0,0,1,차대사람 - 횡단중,안전운전불이행,포장 - 건조,맑음,교차로 - 교차로안,승용,남,55세,상해없음,보행자,남,82세,부상신고
12870,2019041700100266,2019년 4월 17일 12시,수요일,경기도 오산시 금암동,경상사고,0,0,1,0,차대사람 - 횡단중,신호위반,포장 - 건조,맑음,교차로 - 교차로횡단보도내,승용,여,43세,상해없음,보행자,여,38세,경상
12871,2019041700100269,2019년 4월 17일 12시,수요일,경기도 하남시 신장동,중상사고,0,1,0,0,차대사람 - 기타,보행자보호의무위반,포장 - 건조,맑음,교차로 - 교차로횡단보도내,승용,여,61세,상해없음,보행자,여,78세,중상
12872,2019041700100329,2019년 4월 17일 14시,수요일,경기도 수원시 장안구 연무동,경상사고,0,0,1,0,차대사람 - 길가장자리구역통행중,안전운전불이행,포장 - 건조,맑음,교차로 - 교차로안,화물,남,56세,상해없음,보행자,여,58세,경상
12873,2019041700100356,2019년 4월 17일 14시,수요일,경기도 파주시 금촌동,중상사고,0,1,0,0,차대사람 - 횡단중,안전운전불이행,포장 - 건조,맑음,교차로 - 교차로횡단보도내,승용,남,69세,상해없음,보행자,여,32세,중상
12874,2019041700100373,2019년 4월 17일 15시,수요일,경기도 부천시 심곡본동,경상사고,0,0,1,0,차대사람 - 기타,보행자보호의무위반,포장 - 건조,맑음,교차로 - 교차로횡단보도내,승용,여,47세,상해없음,보행자,여,46세,경상
12875,2019041700100375,2019년 4월 17일 15시,수요일,경기도 화성시 송산면,경상사고,0,0,1,0,차대사람 - 기타,안전운전불이행,포장 - 기타,맑음,주차장 - 주차장,승용,여,36세,상해없음,보행자,여,39세,경상
12876,2019041700100396,2019년 4월 17일 15시,수요일,경기도 포천시 신읍동,중상사고,0,1,0,0,차대사람 - 차도통행중,안전운전불이행,포장 - 건조,맑음,단일로 - 기타,승용,남,57세,상해없음,보행자,여,57세,중상
12877,2019041700100430,2019년 4월 17일 16시,수요일,경기도 파주시 문산읍,경상사고,0,0,1,0,차대사람 - 보도통행중,보행자보호의무위반,포장 - 건조,맑음,교차로 - 교차로안,승용,남,45세,상해없음,보행자,남,12세,경상
12878,2019041700100533,2019년 4월 17일 19시,수요일,경기도 군포시 산본동,경상사고,0,0,1,0,차대사람 - 횡단중,보행자보호의무위반,포장 - 건조,맑음,교차로 - 교차로부근,이륜,남,18세,상해없음,보행자,여,44세,경상
12879,2019041700100563,2019년 4월 17일 19시,수요일,경기도 고양시 일산동구 백석동,경상사고,0,0,1,0,차대사람 - 횡단중,신호위반,포장 - 건조,맑음,교차로 - 교차로횡단보도내,승용,여,50세,상해없음,보행자,남,52세,경상
12880,2019041700100574,2019년 4월 17일 20시,수요일,경기도 광명시 하안동,중상사고,0,1,0,0,차대사람 - 기타,안전운전불이행,포장 - 건조,맑음,교차로 - 교차로부근,승합,남,56세,상해없음,보행자,남,52세,중상
12881,2019041700100575,2019년 4월 17일 20시,수요일,경기도 수원시 팔달구 인계동,중상사고,0,1,0,0,차대사람 - 기타,안전운전불이행,포장 - 건조,맑음,기타 - 기타,승용,남,35세,상해없음,보행자,여,51세,중상
12882,2019041700100603,2019년 4월 17일 21시,수요일,경기도 광명시 하안동,경상사고,0,0,1,0,차대사람 - 길가장자리구역통행중,안전운전불이행,포장 - 건조,맑음,단일로 - 기타,승용,남,41세,상해없음,보행자,남,46세,경상
12883,2019041700100604,2019년 4월 17일 21시,수요일,경기도 과천시 원문동,중상사고,0,1,0,0,차대사람 - 횡단중,신호위반,포장 - 건조,맑음,단일로 - 기타,승용,남,80세,상해없음,보행자,여,55세,중상
12884,2019041700100630,2019년 4월 17일 22시,수요일,경기도 여주시 천송동,중상사고,0,2,0,0,차대사람 - 차도통행중,안전운전불이행,포장 - 건조,맑음,단일로 - 기타,승용,여,41세,상해없음,보행자,남,60세,중상
12885,2019041800100059,2019년 4월 18일 05시,목요일,경기도 안산시 상록구 장상동,경상사고,0,0,1,0,차대사람 - 횡단중,안전운전불이행,포장 - 건조,맑음,단일로 - 기타,승용,남,61세,상해없음,보행자,남,58세,경상
12886,2019041800100152,2019년 4월 18일 08시,목요일,경기도 파주시 금촌동,중상사고,0,1,0,0,차대사람 - 기타,안전운전불이행,포장 - 건조,맑음,단일로 - 기타,승용,여,34세,상해없음,보행자,남,11세,중상
12887,2019041800100161,2019년 4월 18일 09시,목요일,경기도 용인시 처인구 김량장동,경상사고,0,0,1,0,차대사람 - 차도통행중,안전운전불이행,포장 - 건조,맑음,단일로 - 기타,승용,남,62세,상해없음,보행자,여,14세,경상
12888,2019041800100163,2019년 4월 18일 09시,목요일,경기도 광명시 광명동,경상사고,0,0,1,0,차대사람 - 차도통행중,안전운전불이행,포장 - 건조,맑음,단일로 - 기타,화물,남,39세,상해없음,보행자,남,57세,경상
12889,2019041800100223,2019년 4월 18일 10시,목요일,경기도 의정부시 장암동,중상사고,0,1,0,0,차대사람 - 횡단중,안전운전불이행,포장 - 건조,맑음,단일로 - 기타,자전거,남,41세,상해없음,보행자,여,71세,중상
12890,2019041800100252,2019년 4월 18일 11시,목요일,경기도 구리시 교문동,경상사고,0,0,1,0,차대사람 - 횡단중,보행자보호의무위반,포장 - 건조,맑음,교차로 - 교차로횡단보도내,승용,남,78세,상해없음,보행자,남,58세,경상
12891,2019041800100294,2019년 4월 18일 13시,목요일,경기도 양평군 양서면,중상사고,0,1,0,0,차대사람 - 기타,안전운전불이행,포장 - 건조,맑음,단일로 - 기타,승용,남,69세,상해없음,보행자,여,59세,중상
12892,2019041800100296,2019년 4월 18일 13시,목요일,경기도 부천시 상동,경상사고,0,0,1,0,차대사람 - 횡단중,신호위반,포장 - 건조,맑음,교차로 - 교차로안,승용,여,38세,상해없음,보행자,남,84세,경상
12893,2019041800100297,2019년 4월 18일 13시,목요일,경기도 광명시 광명동,경상사고,0,0,1,0,차대사람 - 차도통행중,안전운전불이행,포장 - 건조,맑음,단일로 - 기타,승용,남,45세,상해없음,보행자,여,82세,경상
12894,2019041800100319,2019년 4월 18일 13시,목요일,경기도 동두천시 보산동,중상사고,0,1,0,0,차대사람 - 차도통행중,안전운전불이행,포장 - 건조,흐림,교차로 - 교차로부근,건설기계,남,38세,상해없음,보행자,남,50세,중상
12895,2019041800100329,2019년 4월 18일 14시,목요일,경기도 화성시 청계동,경상사고,0,0,1,0,차대사람 - 횡단중,안전운전불이행,포장 - 건조,맑음,단일로 - 기타,승용,여,36세,상해없음,보행자,여,6세,경상
12896,2019041800100364,2019년 4월 18일 15시,목요일,경기도 광주시 송정동,경상사고,0,0,1,0,차대사람 - 기타,안전운전불이행,포장 - 기타,기타,기타 - 기타,기타불명,기타불명,미분류,기타불명,보행자,남,53세,경상
12897,2019041800100365,2019년 4월 18일 15시,목요일,경기도 광명시 광명동,중상사고,0,1,0,0,차대사람 - 기타,안전운전불이행,포장 - 건조,맑음,단일로 - 기타,자전거,여,13세,상해없음,보행자,여,53세,중상
12898,2019041800100366,2019년 4월 18일 15시,목요일,경기도 수원시 권선구 권선동,중상사고,0,1,1,0,차대사람 - 횡단중,신호위반,포장 - 건조,맑음,단일로 - 기타,이륜,남,17세,상해없음,보행자,여,61세,경상
12899,2019041800100390,2019년 4월 18일 15시,목요일,경기도 남양주시 와부읍,중상사고,0,1,0,0,차대사람 - 횡단중,안전운전불이행,포장 - 건조,맑음,교차로 - 교차로안,승용,여,59세,상해없음,보행자,남,83세,중상
12900,2019041800100393,2019년 4월 18일 15시,목요일,경기도 고양시 일산서구 일산동,경상사고,0,0,1,0,차대사람 - 기타,안전운전불이행,포장 - 건조,맑음,단일로 - 기타,승용,남,63세,상해없음,보행자,여,44세,경상
12901,2019041800100438,2019년 4월 18일 17시,목요일,경기도 평택시 비전동,경상사고,0,0,1,0,차대사람 - 기타,안전운전불이행,포장 - 건조,맑음,교차로 - 교차로부근,승합,남,60세,상해없음,보행자,여,56세,경상
12902,2019041800100475,2019년 4월 18일 18시,목요일,경기도 성남시 중원구 중앙동,중상사고,0,1,0,0,차대사람 - 횡단중,안전운전불이행,포장 - 건조,맑음,단일로 - 기타,승용,여,56세,상해없음,보행자,여,76세,중상
12903,2019041800100512,2019년 4월 18일 19시,목요일,경기도 시흥시 정왕동,중상사고,0,1,0,0,차대사람 - 기타,기타,포장 - 건조,맑음,단일로 - 기타,승합,남,53세,상해없음,보행자,남,21세,중상
12904,2019041800100516,2019년 4월 18일 19시,목요일,경기도 의왕시 오전동,중상사고,0,1,0,0,차대사람 - 횡단중,안전운전불이행,포장 - 건조,맑음,교차로 - 교차로안,화물,남,60세,상해없음,보행자,여,27세,중상
12905,2019041800100535,2019년 4월 18일 19시,목요일,경기도 파주시 금촌동,중상사고,0,3,1,0,차대사람 - 기타,안전운전불이행,포장 - 건조,맑음,단일로 - 기타,승용,남,81세,상해없음,보행자,여,51세,중상
12906,2019041800100570,2019년 4월 18일 21시,목요일,경기도 용인시 처인구 포곡읍,중상사고,0,1,0,0,차대사람 - 횡단중,신호위반,포장 - 젖음/습기,비,교차로 - 교차로횡단보도내,승용,여,52세,상해없음,보행자,여,43세,중상
12907,2019041800100599,2019년 4월 18일 22시,목요일,경기도 화성시 송산면,경상사고,0,0,1,0,차대사람 - 기타,안전운전불이행,포장 - 건조,맑음,단일로 - 기타,승용,여,61세,기타불명,보행자,여,57세,경상
12908,2019041800100620,2019년 4월 18일 23시,목요일,경기도 용인시 처인구 삼가동,경상사고,0,0,1,0,차대사람 - 횡단중,보행자보호의무위반,포장 - 건조,맑음,교차로 - 교차로횡단보도내,승용,여,44세,상해없음,보행자,남,43세,경상
12909,2019041900100043,2019년 4월 19일 02시,금요일,경기도 고양시 덕양구 용두동,중상사고,0,1,1,0,차대사람 - 기타,안전운전불이행,포장 - 건조,맑음,단일로 - 기타,승용,남,38세,상해없음,보행자,남,65세,중상
12910,2019041900100048,2019년 4월 19일 03시,금요일,경기도 수원시 장안구 정자동,중상사고,0,1,0,0,차대사람 - 횡단중,신호위반,포장 - 건조,맑음,교차로 - 교차로안,이륜,남,17세,상해없음,보행자,여,71세,중상
12911,2019041900100049,2019년 4월 19일 03시,금요일,경기도 수원시 권선구 세류동,중상사고,0,1,0,0,차대사람 - 차도통행중,안전운전불이행,포장 - 건조,맑음,단일로 - 기타,승용,남,59세,상해없음,보행자,남,20세,중상
12912,2019041900100060,2019년 4월 19일 05시,금요일,경기도 평택시 서탄면,중상사고,0,1,0,0,차대사람 - 횡단중,안전운전불이행,포장 - 건조,맑음,기타 - 기타,승용,남,49세,상해없음,보행자,여,59세,중상