,사고번호,사고일시,요일,시군구,사고내용,사망자수,중상자수,경상자수,부상신고자수,사고유형,법규위반,노면상태,기상상태,도로형태,가해운전자 차종,가해운전자 성별,가해운전자 연령,가해운전자 상해정도,피해운전자 차종,피해운전자 성별,피해운전자 연령,피해운전자 상해정도
13026,2019042200100542,2019년 4월 22일 18시,월요일,경기도 평택시 서정동,경상사고,0,0,1,0,차대사람 - 기타,안전운전불이행,포장 - 건조,맑음,기타 - 기타,승합,남,50세,상해없음,보행자,여,43세,경상
13027,2019042200100544,2019년 4월 22일 18시,월요일,경기도 용인시 처인구 마평동,경상사고,0,0,1,0,차대사람 - 횡단중,보행자보호의무위반,포장 - 건조,맑음,교차로 - 교차로횡단보도내,승용,여,49세,상해없음,보행자,남,64세,경상
13028,2019042200100545,2019년 4월 22일 18시,월요일,경기도 부천시 괴안동,경상사고,0,0,1,0,차대사람 - 기타,안전운전불이행,포장 - 기타,맑음,단일로 - 기타,승합,남,51세,상해없음,보행자,여,58세,경상
13029,2019042200100599,2019년 4월 22일 19시,월요일,경기도 안양시 동안구 비산동,중상사고,0,1,0,0,차대사람 - 횡단중,안전운전불이행,포장 - 건조,맑음,단일로 - 기타,자전거,남,47세,상해없음,보행자,남,50세,중상
13030,2019042200100616,2019년 4월 22일 19시,월요일,경기도 파주시 문산읍,경상사고,0,0,1,0,차대사람 - 횡단중,안전운전불이행,포장 - 건조,맑음,교차로 - 교차로안,이륜,남,18세,상해없음,보행자,여,17세,경상
13031,2019042200100624,2019년 4월 22일 20시,월요일,경기도 성남시 중원구 성남동,중상사고,0,1,0,0,차대사람 - 기타,안전운전불이행,포장 - 건조,맑음,교차로 - 교차로안,승용,남,50세,상해없음,보행자,남,54세,중상
13032,2019042200100673,2019년 4월 22일 22시,월요일,경기도 수원시 팔달구 인계동,경상사고,0,0,1,0,차대사람 - 기타,안전운전불이행,포장 - 건조,맑음,교차로 - 교차로부근,승합,남,38세,상해없음,보행자,남,48세,경상
13033,2019042200100677,2019년 4월 22일 22시,월요일,경기도 용인시 수지구 상현동,중상사고,0,1,0,0,차대사람 - 횡단중,신호위반,포장 - 건조,맑음,교차로 - 교차로안,승용,남,36세,상해없음,보행자,여,63세,중상
13034,2019042200100691,2019년 4월 22일 22시,월요일,경기도 의정부시 민락동,사망사고,1,0,0,0,차대사람 - 기타,과속,포장 - 건조,맑음,단일로 - 기타,승용,남,49세,상해없음,보행자,남,68세,사망
13035,2019042200100692,2019년 4월 22일 22시,월요일,경기도 남양주시 별내동,경상사고,0,0,1,0,차대사람 - 기타,안전운전불이행,포장 - 건조,흐림,단일로 - 기타,승용,남,41세,상해없음,보행자,남,33세,경상
13036,2019042300100069,2019년 4월 23일 07시,화요일,경기도 김포시 양촌읍,중상사고,0,1,0,0,차대사람 - 기타,안전운전불이행,포장 - 건조,맑음,단일로 - 기타,화물,남,60세,상해없음,보행자,여,74세,중상
13037,2019042300100096,2019년 4월 23일 08시,화요일,경기도 용인시 처인구 고림동,경상사고,0,0,1,0,차대사람 - 기타,안전운전불이행,포장 - 건조,맑음,단일로 - 기타,승용,남,29세,상해없음,보행자,여,18세,경상
13038,2019042300100146,2019년 4월 23일 09시,화요일,경기도 수원시 장안구 파장동,경상사고,0,0,1,0,차대사람 - 횡단중,보행자보호의무위반,포장 - 건조,맑음,교차로 - 교차로횡단보도내,승용,여,47세,상해없음,보행자,여,43세,경상
13039,2019042300100283,2019년 4월 23일 13시,화요일,경기도 고양시 덕양구 화정동,경상사고,0,0,1,0,차대사람 - 기타,안전운전불이행,포장 - 건조,맑음,단일로 - 기타,승용,여,52세,상해없음,보행자,여,76세,경상
13040,2019042300100286,2019년 4월 23일 13시,화요일,경기도 포천시 소흘읍,중상사고,0,1,0,0,차대사람 - 횡단중,신호위반,포장 - 건조,맑음,단일로 - 기타,승합,남,63세,상해없음,보행자,여,66세,중상
13041,2019042300100298,2019년 4월 23일 14시,화요일,경기도 부천시 중동,경상사고,0,0,1,0,차대사람 - 기타,안전운전불이행,포장 - 건조,맑음,단일로 - 기타,승용,남,44세,상해없음,보행자,남,67세,경상
13042,2019042300100301,2019년 4월 23일 14시,화요일,경기도 부천시 오정동,부상신고사고,0,0,0,1,차대사람 - 기타,안전운전불이행,포장 - 건조,맑음,교차로 - 교차로부근,승용,남,50세,상해없음,보행자,남,7세,부상신고
13043,2019042300100324,2019년 4월 23일 14시,화요일,경기도 고양시 일산동구 장항동,경상사고,0,0,1,0,차대사람 - 기타,안전운전불이행,포장 - 건조,맑음,단일로 - 기타,화물,남,46세,상해없음,보행자,남,64세,경상
13044,2019042300100335,2019년 4월 23일 15시,화요일,경기도 안성시 원곡면,중상사고,0,1,0,0,차대사람 - 기타,안전운전불이행,포장 - 건조,맑음,단일로 - 기타,화물,남,39세,상해없음,보행자,여,59세,중상
13045,2019042300100336,2019년 4월 23일 15시,화요일,경기도 광주시 목현동,경상사고,0,0,1,0,차대사람 - 기타,신호위반,포장 - 기타,기타,기타 - 기타,화물,남,68세,기타불명,보행자,여,40세,경상
13046,2019042300100337,2019년 4월 23일 15시,화요일,경기도 오산시 갈곶동,중상사고,0,1,0,0,차대사람 - 횡단중,신호위반,포장 - 건조,맑음,교차로 - 교차로횡단보도내,승용,남,25세,기타불명,보행자,남,36세,중상
13047,2019042300100372,2019년 4월 23일 16시,화요일,경기도 화성시 봉담읍,경상사고,0,0,1,0,차대사람 - 기타,안전운전불이행,포장 - 건조,맑음,기타 - 기타,승용,남,55세,상해없음,보행자,여,33세,경상
13048,2019042300100404,2019년 4월 23일 16시,화요일,경기도 파주시 장단면,중상사고,0,1,0,0,차대사람 - 기타,안전운전불이행,포장 - 건조,맑음,단일로 - 기타,화물,남,66세,상해없음,보행자,여,76세,중상
13049,2019042300100405,2019년 4월 23일 16시,화요일,경기도 고양시 일산서구 일산동,부상신고사고,0,0,0,1,차대사람 - 횡단중,안전운전불이행,포장 - 건조,맑음,교차로 - 교차로부근,승용,여,48세,상해없음,보행자,여,7세,부상신고
13050,2019042300100415,2019년 4월 23일 17시,화요일,경기도 시흥시 정왕동,경상사고,0,0,1,0,차대사람 - 기타,안전운전불이행,포장 - 건조,맑음,단일로 - 기타,화물,남,47세,상해없음,보행자,여,52세,경상
13051,2019042300100448,2019년 4월 23일 17시,화요일,경기도 고양시 일산서구 일산동,경상사고,0,0,1,0,차대사람 - 차도통행중,안전운전불이행,포장 - 건조,맑음,단일로 - 기타,승용,여,52세,상해없음,보행자,여,42세,경상
13052,2019042300100459,2019년 4월 23일 18시,화요일,경기도 시흥시 정왕동,경상사고,0,0,1,0,차대사람 - 횡단중,신호위반,포장 - 건조,맑음,단일로 - 기타,이륜,기타불명,미분류,기타불명,보행자,여,18세,경상
13053,2019042300100493,2019년 4월 23일 18시,화요일,경기도 고양시 덕양구 토당동,경상사고,0,0,1,0,차대사람 - 길가장자리구역통행중,안전운전불이행,포장 - 건조,맑음,단일로 - 기타,승용,남,23세,상해없음,보행자,여,46세,경상
13054,2019042300100501,2019년 4월 23일 19시,화요일,경기도 안성시 대덕면,경상사고,0,0,1,0,차대사람 - 기타,안전운전불이행,포장 - 건조,기타,단일로 - 기타,이륜,남,53세,상해없음,보행자,여,31세,경상
13055,2019042300100502,2019년 4월 23일 19시,화요일,경기도 이천시 창전동,중상사고,0,1,1,0,차대사람 - 기타,안전운전불이행,포장 - 건조,흐림,교차로 - 교차로안,승용,여,48세,상해없음,보행자,남,59세,경상
13056,2019042300100503,2019년 4월 23일 19시,화요일,경기도 오산시 원동,경상사고,0,0,1,0,차대사람 - 기타,안전운전불이행,포장 - 건조,맑음,단일로 - 기타,승용,남,42세,상해없음,보행자,여,8세,경상
13057,2019042300100583,2019년 4월 23일 21시,화요일,경기도 성남시 분당구 백현동,경상사고,0,0,1,0,차대사람 - 기타,기타,포장 - 건조,맑음,기타 - 기타,승합,남,63세,상해없음,보행자,남,64세,경상
13058,2019042300100584,2019년 4월 23일 21시,화요일,경기도 부천시 원종동,경상사고,0,0,1,0,차대사람 - 기타,안전운전불이행,포장 - 건조,맑음,단일로 - 지하차도(도로)내,승용,남,36세,상해없음,보행자,남,16세,경상
13059,2019042300100585,2019년 4월 23일 21시,화요일,경기도 화성시 정남면,중상사고,0,2,0,0,차대사람 - 기타,안전운전불이행,포장 - 젖음/습기,흐림,교차로 - 교차로부근,승용,남,46세,상해없음,보행자,남,69세,중상
13060,2019042300100612,2019년 4월 23일 22시,화요일,경기도 이천시 부발읍,중상사고,0,1,0,0,차대사람 - 횡단중,안전운전불이행,포장 - 건조,맑음,교차로 - 교차로횡단보도내,승용,남,29세,상해없음,보행자,남,46세,중상
13061,2019042300100637,2019년 4월 23일 22시,화요일,경기도 고양시 덕양구 성사동,부상신고사고,0,0,0,1,차대사람 - 보도통행중,안전운전불이행,포장 - 건조,맑음,교차로 - 교차로부근,기타불명,기타불명,미분류,기타불명,보행자,남,27세,부상신고
13062,2019042400100030,2019년 4월 24일 00시,수요일,경기도 안산시 상록구 본오동,중상사고,0,2,0,0,차대사람 - 기타,안전운전불이행,포장 - 젖음/습기,비,단일로 - 기타,승용,남,48세,상해없음,보행자,여,23세,중상
13063,2019042400100059,2019년 4월 24일 01시,수요일,경기도 수원시 팔달구 인계동,경상사고,0,0,1,0,차대사람 - 길가장자리구역통행중,안전운전불이행,포장 - 젖음/습기,비,단일로 - 기타,승용,남,30세,상해없음,보행자,남,40세,경상
13064,2019042400100066,2019년 4월 24일 01시,수요일,경기도 파주시 다율동,경상사고,0,0,2,0,차대사람 - 횡단중,신호위반,포장 - 건조,맑음,교차로 - 교차로안,승합,남,66세,상해없음,보행자,여,47세,경상
13065,2019042400100070,2019년 4월 24일 02시,수요일,경기도 부천시 여월동,경상사고,0,0,1,0,차대사람 - 횡단중,안전운전불이행,포장 - 젖음/습기,비,교차로 - 교차로안,승용,여,64세,상해없음,보행자,남,55세,경상
13066,2019042400100106,2019년 4월 24일 05시,수요일,경기도 안산시 상록구 이동,경상사고,0,0,1,0,차대사람 - 기타,안전운전불이행,포장 - 젖음/습기,흐림,교차로 - 교차로안,승용,남,38세,상해없음,보행자,남,70세,경상
13067,2019042400100136,2019년 4월 24일 07시,수요일,경기도 화성시 목동,경상사고,0,0,1,0,차대사람 - 기타,신호위반,포장 - 건조,맑음,교차로 - 교차로안,승용,남,44세,상해없음,보행자,여,42세,경상
13068,2019042400100166,2019년 4월 24일 08시,수요일,경기도 수원시 장안구 율전동,부상신고사고,0,0,0,1,차대사람 - 기타,안전운전불이행,포장 - 젖음/습기,맑음,단일로 - 기타,승용,여,46세,상해없음,보행자,남,59세,부상신고
13069,2019042400100169,2019년 4월 24일 08시,수요일,경기도 안산시 단원구 원시동,경상사고,0,0,1,0,차대사람 - 차도통행중,안전운전불이행,포장 - 건조,맑음,단일로 - 기타,승용,남,26세,상해없음,보행자,여,54세,경상
13070,2019042400100171,2019년 4월 24일 08시,수요일,경기도 화성시 남양읍,중상사고,0,1,0,0,차대사람 - 횡단중,교차로운행방법위반,포장 - 젖음/습기,흐림,교차로 - 교차로안,승용,여,40세,상해없음,보행자,여,62세,중상
13071,2019042400100204,2019년 4월 24일 08시,수요일,경기도 의정부시 의정부동,경상사고,0,0,1,0,차대사람 - 기타,안전운전불이행,포장 - 건조,맑음,단일로 - 기타,승합,남,60세,상해없음,보행자,여,34세,경상
13072,2019042400100213,2019년 4월 24일 09시,수요일,경기도 평택시 세교동,중상사고,0,1,0,0,차대사람 - 횡단중,신호위반,포장 - 건조,맑음,교차로 - 교차로안,승용,여,51세,상해없음,보행자,남,60세,중상
13073,2019042400100214,2019년 4월 24일 09시,수요일,경기도 광주시 오포읍,중상사고,0,1,0,0,차대사람 - 길가장자리구역통행중,안전운전불이행,포장 - 건조,맑음,단일로 - 기타,승용,여,38세,상해없음,보행자,여,47세,중상
13074,2019042400100216,2019년 4월 24일 09시,수요일,경기도 김포시 북변동,중상사고,0,1,0,0,차대사람 - 횡단중,안전운전불이행,포장 - 건조,맑음,기타 - 기타,승합,남,56세,기타불명,보행자,여,67세,중상
13075,2019042400100217,2019년 4월 24일 09시,수요일,경기도 부천시 심곡본동,경상사고,0,0,1,0,차대사람 - 기타,안전운전불이행,포장 - 건조,맑음,교차로 - 교차로부근,승용,여,35세,상해없음,보행자,남,68세,경상
13076,2019042400100238,2019년 4월 24일 09시,수요일,경기도 고양시 덕양구 고양동,경상사고,0,0,1,0,차대사람 - 차도통행중,안전운전불이행,포장 - 건조,맑음,교차로 - 교차로안,특수,남,33세,상해없음,보행자,여,60세,경상
13077,2019042400100290,2019년 4월 24일 11시,수요일,경기도 남양주시 오남읍,중상사고,0,1,0,0,차대사람 - 기타,안전운전불이행,포장 - 건조,맑음,기타 - 기타,승합,여,59세,상해없음,보행자,남,72세,중상
13078,2019042400100325,2019년 4월 24일 13시,수요일,경기도 안산시 단원구 고잔동,경상사고,0,0,1,0,차대사람 - 차도통행중,안전운전불이행,포장 - 건조,맑음,교차로 - 교차로부근,화물,남,33세,상해없음,보행자,남,64세,경상
13079,2019042400100352,2019년 4월 24일 14시,수요일,경기도 과천시 별양동,경상사고,0,0,2,0,차대사람 - 기타,안전운전불이행,포장 - 건조,맑음,단일로 - 기타,승용,여,39세,상해없음,보행자,여,37세,경상
13080,2019042400100354,2019년 4월 24일 14시,수요일,경기도 안산시 상록구 부곡동,중상사고,0,1,0,0,차대사람 - 횡단중,안전운전불이행,포장 - 건조,맑음,교차로 - 교차로횡단보도내,승용,여,45세,상해없음,보행자,남,69세,중상
13081,2019042400100377,2019년 4월 24일 14시,수요일,경기도 남양주시 와부읍,경상사고,0,0,1,0,차대사람 - 기타,안전운전불이행,포장 - 건조,맑음,주차장 - 주차장,승용,남,59세,상해없음,보행자,여,60세,경상
13082,2019042400100391,2019년 4월 24일 15시,수요일,경기도 안산시 단원구 고잔동,경상사고,0,0,1,0,차대사람 - 기타,중앙선침범,포장 - 건조,맑음,단일로 - 기타,승용,여,59세,상해없음,보행자,여,42세,경상
13083,2019042400100393,2019년 4월 24일 15시,수요일,경기도 안산시 상록구 월피동,중상사고,0,1,0,0,차대사람 - 보도통행중,보행자보호의무위반,포장 - 건조,맑음,교차로 - 교차로횡단보도내,승합,남,31세,상해없음,보행자,여,23세,중상
13084,2019042400100394,2019년 4월 24일 15시,수요일,경기도 화성시 반송동,경상사고,0,0,1,0,차대사람 - 횡단중,신호위반,포장 - 건조,맑음,교차로 - 교차로횡단보도내,승용,여,38세,상해없음,보행자,여,32세,경상
13085,2019042400100416,2019년 4월 24일 15시,수요일,경기도 고양시 덕양구 주교동,경상사고,0,0,1,0,차대사람 - 차도통행중,안전운전불이행,포장 - 젖음/습기,흐림,단일로 - 기타,승용,남,39세,상해없음,보행자,남,10세,경상
13086,2019042400100424,2019년 4월 24일 16시,수요일,경기도 수원시 팔달구 우만동,경상사고,0,0,1,1,차대사람 - 기타,교차로운행방법위반,포장 - 건조,맑음,단일로 - 기타,승용,남,53세,상해없음,보행자,여,31세,경상
13087,2019042400100432,2019년 4월 24일 16시,수요일,경기도 안양시 만안구 안양동,중상사고,0,1,0,0,차대사람 - 횡단중,안전운전불이행,포장 - 건조,맑음,단일로 - 기타,승용,여,63세,상해없음,보행자,여,35세,중상
13088,2019042400100467,2019년 4월 24일 17시,수요일,경기도 부천시 원종동,중상사고,0,1,1,0,차대사람 - 기타,안전운전불이행,포장 - 건조,맑음,교차로 - 교차로안,승용,여,38세,상해없음,보행자,남,8세,경상
13089,2019042400100513,2019년 4월 24일 18시,수요일,경기도 수원시 장안구 송죽동,경상사고,0,0,1,0,차대사람 - 기타,안전운전불이행,포장 - 건조,맑음,교차로 - 교차로부근,승용,남,26세,상해없음,보행자,여,26세,경상
13090,2019042400100514,2019년 4월 24일 18시,수요일,경기도 평택시 포승읍,중상사고,0,1,0,0,차대사람 - 기타,신호위반,포장 - 건조,맑음,교차로 - 교차로안,승용,여,53세,상해없음,보행자,남,43세,중상
13091,2019042400100516,2019년 4월 24일 18시,수요일,경기도 부천시 중동,경상사고,0,0,1,0,차대사람 - 차도통행중,안전운전불이행,포장 - 건조,맑음,교차로 - 교차로안,승용,남,54세,상해없음,보행자,남,39세,경상
13092,2019042400100517,2019년 4월 24일 18시,수요일,경기도 하남시 창우동,중상사고,0,1,0,0,차대사람 - 횡단중,보행자보호의무위반,포장 - 건조,맑음,단일로 - 기타,승용,여,42세,상해없음,보행자,여,17세,중상
13093,2019042400100518,2019년 4월 24일 18시,수요일,경기도 하남시 망월동,경상사고,0,0,1,0,차대사람 - 기타,안전운전불이행,포장 - 건조,맑음,단일로 - 기타,승용,남,34세,상해없음,보행자,남,8세,경상
13094,2019042400100562,2019년 4월 24일 19시,수요일,경기도 안양시 동안구 호계동,경상사고,0,0,1,0,차대사람 - 기타,안전운전불이행,포장 - 건조,맑음,단일로 - 기타,개인형이동수단(PM),남,21세,상해없음,보행자,여,28세,경상
13095,2019042400100564,2019년 4월 24일 19시,수요일,경기도 김포시 고촌읍,경상사고,0,0,1,0,차대사람 - 기타,기타,포장 - 건조,맑음,기타 - 기타,승용,여,52세,상해없음,보행자,남,38세,경상
13096,2019042400100586,2019년 4월 24일 19시,수요일,경기도 의정부시 민락동,경상사고,0,0,1,0,차대사람 - 기타,안전운전불이행,포장 - 건조,맑음,교차로 - 교차로안,승용,남,38세,상해없음,보행자,남,62세,경상
13097,2019042400100595,2019년 4월 24일 20시,수요일,경기도 용인시 처인구 포곡읍,부상신고사고,0,0,0,1,차대사람 - 길가장자리구역통행중,안전운전불이행,포장 - 건조,맑음,단일로 - 기타,승용,여,24세,상해없음,보행자,남,49세,부상신고
13098,2019042400100598,2019년 4월 24일 20시,수요일,경기도 수원시 권선구 권선동,중상사고,0,1,0,0,차대사람 - 횡단중,안전운전불이행,포장 - 건조,맑음,기타 - 기타,승용,여,51세,상해없음,보행자,여,77세,중상
13099,2019042400100602,2019년 4월 24일 20시,수요일,경기도 화성시 목동,경상사고,0,0,1,0,차대사람 - 기타,교차로운행방법위반,포장 - 건조,맑음,교차로 - 교차로안,승용,남,41세,상해없음,보행자,남,34세,경상
13100,2019042400100619,2019년 4월 24일 20시,수요일,경기도 구리시 갈매동,중상사고,0,1,1,0,차대사람 - 횡단중,신호위반,포장 - 건조,맑음,단일로 - 기타,자전거,남,37세,경상,보행자,남,41세,중상
13101,2019042400100625,2019년 4월 24일 21시,수요일,경기도 오산시 원동,부상신고사고,0,0,0,1,차대사람 - 차도통행중,안전운전불이행,포장 - 건조,맑음,단일로 - 기타,승용,남,31세,상해없음,보행자,남,46세,부상신고
13102,2019042400100646,2019년 4월 24일 22시,수요일,경기도 수원시 팔달구 인계동,경상사고,0,0,1,0,차대사람 - 횡단중,보행자보호의무위반,포장 - 건조,맑음,교차로 - 교차로횡단보도내,승합,남,49세,상해없음,보행자,남,53세,경상
13103,2019042500100023,2019년 4월 25일 00시,목요일,경기도 화성시 능동,경상사고,0,0,1,0,차대사람 - 횡단중,안전운전불이행,포장 - 건조,맑음,교차로 - 교차로안,승용,여,30세,상해없음,보행자,남,36세,경상
13104,2019042500100073,2019년 4월 25일 06시,목요일,경기도 부천시 송내동,경상사고,0,0,1,0,차대사람 - 기타,보행자보호의무위반,포장 - 기타,맑음,교차로 - 교차로부근,승용,남,54세,상해없음,보행자,남,55세,경상
13105,2019042500100091,2019년 4월 25일 07시,목요일,경기도 수원시 팔달구 매산로1가,중상사고,0,1,0,0,차대사람 - 기타,기타,포장 - 건조,맑음,단일로 - 기타,승합,남,49세,상해없음,보행자,여,23세,중상
13106,2019042500100158,2019년 4월 25일 09시,목요일,경기도 시흥시 대야동,중상사고,0,1,0,0,차대사람 - 횡단중,안전운전불이행,포장 - 건조,맑음,교차로 - 교차로부근,승용,남,49세,상해없음,보행자,여,80세,중상
13107,2019042500100161,2019년 4월 25일 09시,목요일,경기도 부천시 고강동,부상신고사고,0,0,0,1,차대사람 - 횡단중,안전운전불이행,포장 - 건조,맑음,단일로 - 기타,기타불명,기타불명,미분류,기타불명,보행자,여,73세,부상신고
13108,2019042500100180,2019년 4월 25일 09시,목요일,경기도 의정부시 가능동,경상사고,0,0,1,0,차대사람 - 차도통행중,안전운전불이행,포장 - 건조,맑음,교차로 - 교차로안,승용,남,45세,상해없음,보행자,여,68세,경상
13109,2019042500100181,2019년 4월 25일 09시,목요일,경기도 고양시 일산동구 마두동,경상사고,0,0,1,0,차대사람 - 기타,안전운전불이행,포장 - 건조,맑음,단일로 - 기타,승용,남,52세,상해없음,보행자,남,41세,경상
13110,2019042500100186,2019년 4월 25일 10시,목요일,경기도 광주시 송정동,중상사고,0,1,0,0,차대사람 - 횡단중,보행자보호의무위반,포장 - 건조,맑음,교차로 - 교차로횡단보도내,승용,여,44세,상해없음,보행자,남,84세,중상
13111,2019042500100189,2019년 4월 25일 10시,목요일,경기도 성남시 분당구 수내동,중상사고,0,1,0,0,차대사람 - 횡단중,보행자보호의무위반,포장 - 건조,맑음,단일로 - 기타,승용,여,35세,상해없음,보행자,여,44세,중상
13112,2019042500100262,2019년 4월 25일 12시,목요일,경기도 부천시 원종동,중상사고,0,1,0,0,차대사람 - 차도통행중,안전운전불이행,포장 - 건조,맑음,교차로 - 교차로안,화물,남,51세,상해없음,보행자,여,44세,중상
13113,2019042500100284,2019년 4월 25일 13시,목요일,경기도 수원시 팔달구 화서동,경상사고,0,0,1,0,차대사람 - 기타,기타,포장 - 건조,맑음,기타 - 기타,승합,남,57세,상해없음,보행자,남,80세,경상
13114,2019042500100289,2019년 4월 25일 13시,목요일,경기도 용인시 수지구 동천동,경상사고,0,0,1,0,차대사람 - 기타,안전운전불이행,포장 - 건조,맑음,주차장 - 주차장,승용,남,50세,상해없음,보행자,여,89세,경상
13115,2019042500100305,2019년 4월 25일 13시,목요일,경기도 의정부시 가능동,중상사고,0,1,0,0,차대사람 - 기타,중앙선침범,포장 - 건조,맑음,단일로 - 기타,승용,남,34세,상해없음,보행자,여,54세,중상
13116,2019042500100316,2019년 4월 25일 14시,목요일,경기도 수원시 장안구 파장동,중상사고,0,1,0,0,차대사람 - 기타,안전운전불이행,포장 - 건조,맑음,단일로 - 기타,이륜,남,17세,상해없음,보행자,여,80세,중상
13117,2019042500100319,2019년 4월 25일 14시,목요일,경기도 김포시 장기동,경상사고,0,0,1,0,차대사람 - 횡단중,안전운전불이행,포장 - 건조,맑음,기타 - 기타,승합,여,37세,상해없음,보행자,남,90세 이상,경상
13118,2019042500100340,2019년 4월 25일 14시,목요일,경기도 남양주시 진접읍,경상사고,0,0,1,0,차대사람 - 기타,안전운전불이행,포장 - 건조,맑음,기타 - 기타,승용,남,75세,상해없음,보행자,여,54세,경상
13119,2019042500100353,2019년 4월 25일 15시,목요일,경기도 수원시 권선구 세류동,중상사고,0,1,0,0,차대사람 - 기타,안전운전불이행,포장 - 젖음/습기,비,교차로 - 교차로안,화물,남,57세,상해없음,보행자,남,66세,중상
13120,2019042500100373,2019년 4월 25일 15시,목요일,경기도 고양시 일산동구 장항동,중상사고,0,1,0,0,차대사람 - 횡단중,보행자보호의무위반,포장 - 젖음/습기,비,교차로 - 교차로횡단보도내,승용,남,56세,상해없음,보행자,여,87세,중상
13121,2019042500100374,2019년 4월 25일 15시,목요일,경기도 파주시 문발동,중상사고,0,1,0,0,차대사람 - 횡단중,안전운전불이행,포장 - 젖음/습기,비,교차로 - 교차로횡단보도내,승용,남,54세,상해없음,보행자,남,80세,중상
13122,2019042500100375,2019년 4월 25일 15시,목요일,경기도 파주시 금촌동,중상사고,0,1,0,0,차대사람 - 횡단중,안전운전불이행,포장 - 젖음/습기,비,교차로 - 교차로부근,화물,남,49세,상해없음,보행자,남,79세,중상
13123,2019042500100383,2019년 4월 25일 16시,목요일,경기도 부천시 심곡동,중상사고,0,1,0,0,차대사람 - 횡단중,안전운전불이행,포장 - 건조,맑음,단일로 - 기타,이륜,남,20세,상해없음,보행자,여,68세,중상
13124,2019042500100412,2019년 4월 25일 16시,목요일,경기도 고양시 일산서구 일산동,경상사고,0,0,1,0,차대사람 - 횡단중,기타,포장 - 젖음/습기,비,교차로 - 교차로횡단보도내,이륜,남,63세,상해없음,보행자,여,9세,경상
13125,2019042500100476,2019년 4월 25일 18시,목요일,경기도 부천시 송내동,경상사고,0,0,1,0,차대사람 - 횡단중,보행자보호의무위반,포장 - 젖음/습기,비,교차로 - 교차로횡단보도내,승용,남,44세,상해없음,보행자,여,22세,경상
13126,2019042500100522,2019년 4월 25일 19시,목요일,경기도 김포시 북변동,중상사고,0,1,0,0,차대사람 - 횡단중,안전운전불이행,포장 - 젖음/습기,비,단일로 - 기타,승합,남,67세,상해없음,보행자,남,58세,중상
13127,2019042500100525,2019년 4월 25일 19시,목요일,경기도 수원시 영통구 망포동,경상사고,0,0,1,0,차대사람 - 횡단중,보행자보호의무위반,포장 - 젖음/습기,비,교차로 - 교차로횡단보도내,승용,여,71세,상해없음,보행자,남,36세,경상
13128,2019042500100532,2019년 4월 25일 19시,목요일,경기도 시흥시 정왕동,중상사고,0,1,0,0,차대사람 - 기타,안전운전불이행,포장 - 젖음/습기,비,단일로 - 기타,승용,남,47세,상해없음,보행자,여,79세,중상
13129,2019042500100552,2019년 4월 25일 19시,목요일,경기도 고양시 덕양구 고양동,경상사고,0,0,1,0,차대사람 - 기타,보행자보호의무위반,포장 - 건조,맑음,단일로 - 기타,승용,여,61세,상해없음,보행자,여,45세,경상
13130,2019042500100572,2019년 4월 25일 20시,목요일,경기도 광명시 하안동,중상사고,0,1,0,0,차대사람 - 횡단중,신호위반,포장 - 젖음/습기,비,교차로 - 교차로안,이륜,남,65세,상해없음,보행자,여,57세,중상
13131,2019042500100573,2019년 4월 25일 20시,목요일,경기도 성남시 분당구 야탑동,중상사고,0,1,0,0,차대사람 - 기타,안전운전불이행,포장 - 기타,맑음,교차로 - 교차로안,승합,남,53세,상해없음,보행자,여,60세,중상
13132,2019042500100574,2019년 4월 25일 20시,목요일,경기도 안산시 상록구 사동,중상사고,0,2,0,0,차대사람 - 보도통행중,안전운전불이행,포장 - 건조,맑음,교차로 - 교차로안,승용,남,30세,상해없음,보행자,남,36세,중상
13133,2019042500100576,2019년 4월 25일 20시,목요일,경기도 의왕시 내손동,경상사고,0,0,1,0,차대사람 - 횡단중,안전운전불이행,포장 - 젖음/습기,비,단일로 - 기타,승용,여,62세,상해없음,보행자,여,19세,경상
13134,2019042500100579,2019년 4월 25일 20시,목요일,경기도 화성시 방교동,경상사고,0,0,1,0,차대사람 - 횡단중,보행자보호의무위반,포장 - 젖음/습기,비,교차로 - 교차로횡단보도내,승용,남,65세,상해없음,보행자,남,37세,경상
13135,2019042500100620,2019년 4월 25일 21시,목요일,경기도 평택시 비전동,부상신고사고,0,0,0,1,차대사람 - 횡단중,안전운전불이행,포장 - 건조,맑음,교차로 - 교차로안,기타불명,기타불명,미분류,기타불명,보행자,남,13세,부상신고
13136,2019042500100622,2019년 4월 25일 21시,목요일,경기도 이천시 마장면,중상사고,0,1,0,0,차대사람 - 길가장자리구역통행중,안전운전불이행,포장 - 젖음/습기,비,단일로 - 기타,승용,남,24세,상해없음,보행자,남,59세,중상
13137,2019042500100624,2019년 4월 25일 21시,목요일,경기도 오산시 부산동,중상사고,0,1,0,0,차대사람 - 횡단중,안전운전불이행,포장 - 젖음/습기,비,단일로 - 기타,승용,여,62세,상해없음,보행자,남,27세,중상
13138,2019042500100626,2019년 4월 25일 21시,목요일,경기도 수원시 팔달구 인계동,중상사고,0,1,0,0,차대사람 - 보도통행중,기타,포장 - 젖음/습기,비,기타 - 기타,이륜,남,24세,상해없음,보행자,여,23세,중상