,사고번호,사고일시,요일,시군구,사고내용,사망자수,중상자수,경상자수,부상신고자수,사고유형,법규위반,노면상태,기상상태,도로형태,가해운전자 차종,가해운전자 성별,가해운전자 연령,가해운전자 상해정도,피해운전자 차종,피해운전자 성별,피해운전자 연령,피해운전자 상해정도
13478,2019050800100123,2019년 5월 8일 08시,수요일,경기도 부천시 심곡동,중상사고,0,1,0,0,차대사람 - 횡단중,과속,포장 - 건조,맑음,단일로 - 기타,승용,남,64세,상해없음,보행자,여,81세,중상
13479,2019050800100196,2019년 5월 8일 09시,수요일,경기도 고양시 일산동구 장항동,경상사고,0,0,1,0,차대사람 - 횡단중,안전운전불이행,포장 - 건조,맑음,교차로 - 교차로부근,승용,남,59세,상해없음,보행자,여,44세,경상
13480,2019050800100197,2019년 5월 8일 09시,수요일,경기도 남양주시 화도읍,중상사고,0,1,0,0,차대사람 - 횡단중,보행자보호의무위반,포장 - 건조,맑음,교차로 - 교차로횡단보도내,승용,여,36세,상해없음,보행자,여,32세,중상
13481,2019050800100211,2019년 5월 8일 10시,수요일,경기도 이천시 장호원읍,중상사고,0,1,0,0,차대사람 - 횡단중,보행자보호의무위반,포장 - 건조,맑음,교차로 - 교차로횡단보도내,화물,남,59세,상해없음,보행자,여,64세,중상
13482,2019050800100216,2019년 5월 8일 10시,수요일,경기도 오산시 원동,부상신고사고,0,0,0,1,차대사람 - 횡단중,안전운전불이행,포장 - 건조,맑음,단일로 - 기타,승용,남,37세,상해없음,보행자,여,82세,부상신고
13483,2019050800100219,2019년 5월 8일 10시,수요일,경기도 시흥시 정왕동,중상사고,0,1,0,0,차대사람 - 기타,안전운전불이행,포장 - 건조,맑음,단일로 - 기타,승합,남,47세,상해없음,보행자,남,88세,중상
13484,2019050800100244,2019년 5월 8일 10시,수요일,경기도 고양시 일산서구 일산동,경상사고,0,0,1,0,차대사람 - 횡단중,보행자보호의무위반,포장 - 건조,맑음,교차로 - 교차로횡단보도내,승용,남,24세,상해없음,보행자,여,45세,경상
13485,2019050800100256,2019년 5월 8일 11시,수요일,경기도 부천시 원종동,경상사고,0,0,1,0,차대사람 - 차도통행중,안전운전불이행,포장 - 건조,맑음,단일로 - 기타,승용,여,64세,상해없음,보행자,여,58세,경상
13486,2019050800100290,2019년 5월 8일 12시,수요일,경기도 수원시 권선구 고색동,중상사고,0,1,0,0,차대사람 - 기타,안전운전불이행,포장 - 건조,맑음,단일로 - 기타,기타불명,기타불명,미분류,기타불명,보행자,여,75세,중상
13487,2019050800100317,2019년 5월 8일 13시,수요일,경기도 평택시 비전동,중상사고,0,1,0,0,차대사람 - 횡단중,보행자보호의무위반,포장 - 건조,맑음,교차로 - 교차로안,승용,남,50세,상해없음,보행자,남,51세,중상
13488,2019050800100346,2019년 5월 8일 13시,수요일,경기도 연천군 군남면,중상사고,0,1,0,0,차대사람 - 횡단중,과속,포장 - 건조,맑음,기타 - 기타,승용,여,21세,상해없음,보행자,남,53세,중상
13489,2019050800100352,2019년 5월 8일 14시,수요일,경기도 부천시 소사본동,경상사고,0,0,1,0,차대사람 - 기타,안전운전불이행,포장 - 건조,맑음,단일로 - 기타,승합,남,62세,상해없음,보행자,여,61세,경상
13490,2019050800100356,2019년 5월 8일 14시,수요일,경기도 용인시 수지구 죽전동,중상사고,0,1,0,0,차대사람 - 횡단중,보행자보호의무위반,포장 - 건조,맑음,교차로 - 교차로횡단보도내,승용,여,52세,상해없음,보행자,여,8세,중상
13491,2019050800100374,2019년 5월 8일 14시,수요일,경기도 고양시 일산서구 가좌동,경상사고,0,0,1,0,차대사람 - 기타,안전운전불이행,포장 - 건조,맑음,주차장 - 주차장,승용,남,41세,상해없음,보행자,남,35세,경상
13492,2019050800100384,2019년 5월 8일 15시,수요일,경기도 수원시 장안구 정자동,경상사고,0,0,1,0,차대사람 - 횡단중,보행자보호의무위반,포장 - 건조,맑음,교차로 - 교차로횡단보도내,승용,여,65세,상해없음,보행자,남,7세,경상
13493,2019050800100464,2019년 5월 8일 16시,수요일,경기도 남양주시 진접읍,중상사고,0,1,0,0,차대사람 - 기타,안전운전불이행,포장 - 건조,맑음,교차로 - 교차로부근,승용,여,42세,상해없음,보행자,여,74세,중상
13494,2019050800100465,2019년 5월 8일 16시,수요일,경기도 동두천시 생연동,중상사고,0,1,0,0,차대사람 - 횡단중,안전운전불이행,포장 - 건조,맑음,단일로 - 기타,승용,여,48세,상해없음,보행자,남,77세,중상
13495,2019050800100483,2019년 5월 8일 17시,수요일,경기도 부천시 소사본동,경상사고,0,0,1,0,차대사람 - 기타,안전운전불이행,포장 - 건조,맑음,단일로 - 기타,승용,남,77세,상해없음,보행자,남,63세,경상
13496,2019050800100513,2019년 5월 8일 17시,수요일,경기도 양주시 은현면,중상사고,0,1,0,0,차대사람 - 기타,안전운전불이행,포장 - 건조,맑음,기타 - 기타,승합,여,43세,상해없음,보행자,여,18세,중상
13497,2019050800100530,2019년 5월 8일 18시,수요일,경기도 광명시 철산동,중상사고,0,1,0,0,차대사람 - 기타,신호위반,포장 - 건조,맑음,교차로 - 교차로횡단보도내,승합,남,68세,상해없음,보행자,남,31세,중상
13498,2019050800100614,2019년 5월 8일 20시,수요일,경기도 이천시 증포동,중상사고,0,1,0,0,차대사람 - 차도통행중,안전운전불이행,포장 - 건조,맑음,교차로 - 교차로부근,승용,남,25세,상해없음,보행자,남,52세,중상
13499,2019050800100616,2019년 5월 8일 20시,수요일,경기도 오산시 누읍동,중상사고,0,1,1,0,차대사람 - 기타,안전운전불이행,포장 - 건조,맑음,단일로 - 기타,이륜,남,17세,경상,보행자,남,47세,중상
13500,2019050800100618,2019년 5월 8일 20시,수요일,경기도 성남시 중원구 성남동,경상사고,0,0,1,0,차대사람 - 기타,안전운전불이행,포장 - 건조,맑음,기타 - 기타,승용,남,53세,상해없음,보행자,여,64세,경상
13501,2019050800100637,2019년 5월 8일 20시,수요일,경기도 의정부시 장암동,경상사고,0,0,1,0,차대사람 - 기타,안전운전불이행,포장 - 건조,맑음,기타 - 기타,승용,남,30세,상해없음,보행자,남,53세,경상
13502,2019050800100650,2019년 5월 8일 21시,수요일,경기도 평택시 평택동,경상사고,0,0,1,0,차대사람 - 횡단중,안전운전불이행,포장 - 건조,맑음,기타 - 기타,승용,여,24세,상해없음,보행자,여,24세,경상
13503,2019050800100653,2019년 5월 8일 21시,수요일,경기도 부천시 원미동,중상사고,0,1,0,0,차대사람 - 기타,안전운전불이행,포장 - 건조,맑음,단일로 - 기타,승용,남,46세,상해없음,보행자,남,62세,중상
13504,2019050800100678,2019년 5월 8일 22시,수요일,경기도 평택시 고덕면,부상신고사고,0,0,0,4,차대사람 - 기타,안전운전불이행,포장 - 건조,맑음,단일로 - 기타,승용,남,63세,상해없음,보행자,남,28세,부상신고
13505,2019050800100702,2019년 5월 8일 23시,수요일,경기도 고양시 덕양구 대자동,중상사고,0,1,0,0,차대사람 - 기타,안전운전불이행,포장 - 기타,맑음,주차장 - 주차장,승용,남,57세,상해없음,보행자,남,57세,중상
13506,2019050900100029,2019년 5월 9일 00시,목요일,경기도 수원시 팔달구 우만동,경상사고,0,0,1,0,차대사람 - 횡단중,신호위반,포장 - 건조,맑음,교차로 - 교차로안,승용,남,57세,상해없음,보행자,여,41세,경상
13507,2019050900100089,2019년 5월 9일 07시,목요일,경기도 광주시 송정동,경상사고,0,0,1,0,차대사람 - 횡단중,보행자보호의무위반,포장 - 건조,맑음,교차로 - 교차로안,승용,여,44세,상해없음,보행자,남,36세,경상
13508,2019050900100091,2019년 5월 9일 07시,목요일,경기도 광주시 남한산성면,중상사고,0,1,0,0,차대사람 - 기타,안전운전불이행,포장 - 건조,맑음,교차로 - 교차로부근,승합,남,59세,상해없음,보행자,여,29세,중상
13509,2019050900100173,2019년 5월 9일 09시,목요일,경기도 부천시 중동,경상사고,0,0,1,0,차대사람 - 기타,안전운전불이행,포장 - 건조,맑음,기타 - 기타,자전거,여,65세,상해없음,보행자,남,36세,경상
13510,2019050900100174,2019년 5월 9일 09시,목요일,경기도 안산시 단원구 선부동,경상사고,0,0,1,0,차대사람 - 기타,안전운전불이행,포장 - 건조,맑음,단일로 - 기타,승합,남,55세,상해없음,보행자,여,58세,경상
13511,2019050900100175,2019년 5월 9일 09시,목요일,경기도 안산시 단원구 초지동,중상사고,0,1,0,0,차대사람 - 기타,신호위반,포장 - 건조,맑음,단일로 - 기타,승용,남,64세,상해없음,보행자,여,20세,중상
13512,2019050900100199,2019년 5월 9일 09시,목요일,경기도 의정부시 민락동,경상사고,0,0,1,0,차대사람 - 횡단중,신호위반,포장 - 건조,맑음,교차로 - 교차로횡단보도내,화물,남,46세,상해없음,보행자,여,5세,경상
13513,2019050900100213,2019년 5월 9일 10시,목요일,경기도 김포시 북변동,부상신고사고,0,0,0,1,차대사람 - 횡단중,안전운전불이행,포장 - 건조,맑음,교차로 - 교차로안,승용,여,57세,상해없음,보행자,남,48세,부상신고
13514,2019050900100272,2019년 5월 9일 12시,목요일,경기도 부천시 삼정동,중상사고,0,1,0,0,차대사람 - 기타,안전운전불이행,포장 - 건조,맑음,단일로 - 기타,화물,남,45세,상해없음,보행자,남,59세,중상
13515,2019050900100292,2019년 5월 9일 12시,목요일,경기도 동두천시 송내동,중상사고,0,1,1,0,차대사람 - 기타,안전운전불이행,포장 - 건조,맑음,기타 - 기타,승용,남,76세,상해없음,보행자,남,48세,중상
13516,2019050900100295,2019년 5월 9일 12시,목요일,경기도 고양시 일산서구 대화동,중상사고,0,1,0,0,차대사람 - 횡단중,안전운전불이행,포장 - 건조,맑음,교차로 - 교차로부근,승용,여,58세,상해없음,보행자,여,56세,중상
13517,2019050900100308,2019년 5월 9일 13시,목요일,경기도 오산시 원동,사망사고,1,0,0,0,차대사람 - 횡단중,보행자보호의무위반,포장 - 건조,맑음,교차로 - 교차로횡단보도내,화물,남,64세,상해없음,보행자,여,77세,사망
13518,2019050900100351,2019년 5월 9일 14시,목요일,경기도 평택시 청북읍,중상사고,0,1,0,0,차대사람 - 횡단중,안전운전불이행,포장 - 건조,맑음,단일로 - 기타,승용,여,56세,상해없음,보행자,여,8세,중상
13519,2019050900100356,2019년 5월 9일 14시,목요일,경기도 화성시 능동,경상사고,0,0,1,0,차대사람 - 기타,기타,포장 - 건조,맑음,단일로 - 기타,자전거,남,12세,상해없음,보행자,여,45세,경상
13520,2019050900100381,2019년 5월 9일 15시,목요일,경기도 하남시 신장동,중상사고,0,1,0,0,차대사람 - 차도통행중,안전운전불이행,포장 - 건조,맑음,단일로 - 기타,승용,여,38세,상해없음,보행자,여,46세,중상
13521,2019050900100382,2019년 5월 9일 15시,목요일,경기도 부천시 오정동,경상사고,0,0,1,0,차대사람 - 차도통행중,안전운전불이행,포장 - 건조,맑음,단일로 - 기타,승용,여,37세,상해없음,보행자,남,9세,경상
13522,2019050900100414,2019년 5월 9일 16시,목요일,경기도 이천시 부발읍,중상사고,0,1,0,0,차대사람 - 기타,안전운전불이행,포장 - 건조,맑음,단일로 - 기타,승용,남,25세,상해없음,보행자,여,69세,중상
13523,2019050900100416,2019년 5월 9일 16시,목요일,경기도 부천시 상동,경상사고,0,0,1,0,차대사람 - 기타,불법유턴,포장 - 건조,맑음,단일로 - 기타,승용,남,41세,상해없음,보행자,여,67세,경상
13524,2019050900100447,2019년 5월 9일 16시,목요일,경기도 구리시 토평동,중상사고,0,1,0,0,차대사람 - 기타,안전운전불이행,포장 - 건조,맑음,단일로 - 기타,원동기,남,33세,상해없음,보행자,남,89세,중상
13525,2019050900100497,2019년 5월 9일 17시,목요일,경기도 구리시 인창동,부상신고사고,0,0,0,1,차대사람 - 차도통행중,안전운전불이행,포장 - 건조,맑음,교차로 - 교차로안,승용,남,73세,상해없음,보행자,남,13세,부상신고
13526,2019050900100514,2019년 5월 9일 18시,목요일,경기도 평택시 청북읍,중상사고,0,1,0,0,차대사람 - 기타,안전운전불이행,포장 - 건조,맑음,단일로 - 기타,화물,남,63세,상해없음,보행자,여,62세,중상
13527,2019050900100517,2019년 5월 9일 18시,목요일,경기도 부천시 송내동,경상사고,0,0,1,0,차대사람 - 횡단중,신호위반,포장 - 건조,맑음,단일로 - 기타,이륜,남,17세,상해없음,보행자,남,46세,경상
13528,2019050900100576,2019년 5월 9일 20시,목요일,경기도 성남시 수정구 신흥동,경상사고,0,0,1,0,차대사람 - 기타,안전운전불이행,포장 - 건조,맑음,단일로 - 기타,승용,남,25세,상해없음,보행자,남,31세,경상
13529,2019050900100581,2019년 5월 9일 20시,목요일,경기도 성남시 분당구 서현동,경상사고,0,0,1,0,차대사람 - 횡단중,안전운전불이행,포장 - 건조,맑음,단일로 - 기타,이륜,남,37세,상해없음,보행자,여,30세,경상
13530,2019050900100582,2019년 5월 9일 20시,목요일,경기도 성남시 분당구 판교동,경상사고,0,0,1,0,차대사람 - 횡단중,안전운전불이행,포장 - 건조,맑음,단일로 - 기타,승용,여,27세,상해없음,보행자,여,46세,경상
13531,2019050900100586,2019년 5월 9일 20시,목요일,경기도 수원시 팔달구 매산로3가,경상사고,0,0,1,0,차대사람 - 기타,안전운전불이행,포장 - 건조,맑음,단일로 - 기타,승용,남,60세,상해없음,보행자,남,50세,경상
13532,2019050900100604,2019년 5월 9일 20시,목요일,경기도 남양주시 다산동,경상사고,0,0,1,0,차대사람 - 횡단중,안전운전불이행,포장 - 건조,맑음,단일로 - 기타,자전거,여,68세,기타불명,보행자,여,78세,경상
13533,2019050900100616,2019년 5월 9일 21시,목요일,경기도 이천시 창전동,중상사고,0,1,0,0,차대사람 - 차도통행중,안전운전불이행,포장 - 건조,맑음,교차로 - 교차로부근,기타불명,기타불명,미분류,기타불명,보행자,남,27세,중상
13534,2019050900100617,2019년 5월 9일 21시,목요일,경기도 광주시 남한산성면,사망사고,1,0,1,0,차대사람 - 횡단중,안전운전불이행,포장 - 건조,맑음,단일로 - 기타,승용,남,53세,경상,보행자,남,44세,사망
13535,2019050900100619,2019년 5월 9일 21시,목요일,경기도 성남시 분당구 삼평동,중상사고,0,1,0,0,차대사람 - 횡단중,보행자보호의무위반,포장 - 건조,맑음,교차로 - 교차로횡단보도내,화물,남,64세,상해없음,보행자,남,55세,중상
13536,2019050900100643,2019년 5월 9일 22시,목요일,경기도 여주시 점봉동,중상사고,0,1,0,0,차대사람 - 횡단중,안전운전불이행,포장 - 건조,맑음,단일로 - 기타,승용,남,27세,상해없음,보행자,남,56세,중상
13537,2019050900100646,2019년 5월 9일 22시,목요일,경기도 성남시 분당구 구미동,중상사고,0,1,0,0,차대사람 - 차도통행중,안전운전불이행,포장 - 건조,기타,교차로 - 교차로부근,승용,남,60세,상해없음,보행자,여,41세,중상
13538,2019050900100661,2019년 5월 9일 23시,목요일,경기도 안성시 공도읍,경상사고,0,0,1,0,차대사람 - 기타,안전운전불이행,포장 - 건조,맑음,교차로 - 교차로부근,기타불명,기타불명,미분류,기타불명,보행자,남,51세,경상
13539,2019051000100031,2019년 5월 10일 00시,금요일,경기도 용인시 기흥구 신갈동,부상신고사고,0,0,0,1,차대사람 - 기타,안전운전불이행,포장 - 건조,맑음,단일로 - 기타,승용,남,53세,상해없음,보행자,남,39세,부상신고
13540,2019051000100040,2019년 5월 10일 00시,금요일,경기도 파주시 문산읍,중상사고,0,1,0,0,차대사람 - 기타,안전운전불이행,포장 - 건조,맑음,교차로 - 교차로부근,화물,남,30세,상해없음,보행자,남,21세,중상
13541,2019051000100098,2019년 5월 10일 06시,금요일,경기도 평택시 칠괴동,중상사고,0,1,0,0,차대사람 - 횡단중,안전운전불이행,포장 - 건조,맑음,교차로 - 교차로부근,승용,남,29세,상해없음,보행자,여,78세,중상
13542,2019051000100112,2019년 5월 10일 07시,금요일,경기도 광주시 장지동,경상사고,0,0,1,0,차대사람 - 기타,안전운전불이행,포장 - 건조,맑음,기타 - 기타,승용,여,42세,상해없음,보행자,남,22세,경상
13543,2019051000100141,2019년 5월 10일 08시,금요일,경기도 용인시 기흥구 구갈동,경상사고,0,0,1,0,차대사람 - 길가장자리구역통행중,안전운전불이행,포장 - 건조,맑음,단일로 - 기타,승용,여,60세,상해없음,보행자,남,28세,경상
13544,2019051000100142,2019년 5월 10일 08시,금요일,경기도 부천시 중동,경상사고,0,0,1,0,차대사람 - 횡단중,보행자보호의무위반,포장 - 건조,맑음,교차로 - 교차로안,이륜,남,61세,상해없음,보행자,남,29세,경상
13545,2019051000100148,2019년 5월 10일 08시,금요일,경기도 용인시 수지구 죽전동,경상사고,0,0,1,0,차대사람 - 보도통행중,기타,포장 - 건조,맑음,단일로 - 기타,자전거,남,47세,상해없음,보행자,여,55세,경상
13546,2019051000100184,2019년 5월 10일 08시,금요일,경기도 파주시 금촌동,경상사고,0,0,1,0,차대사람 - 차도통행중,안전운전불이행,포장 - 건조,맑음,교차로 - 교차로안,승용,남,19세,상해없음,보행자,남,37세,경상
13547,2019051000100211,2019년 5월 10일 09시,금요일,경기도 연천군 전곡읍,중상사고,0,1,0,0,차대사람 - 기타,안전운전불이행,포장 - 건조,맑음,기타 - 기타,승용,남,41세,상해없음,보행자,남,56세,중상
13548,2019051000100221,2019년 5월 10일 10시,금요일,경기도 부천시 심곡본동,중상사고,0,1,0,0,차대사람 - 기타,안전운전불이행,포장 - 기타,맑음,교차로 - 교차로부근,승용,남,78세,상해없음,보행자,여,66세,중상
13549,2019051000100222,2019년 5월 10일 10시,금요일,경기도 부천시 심곡동,경상사고,0,0,1,0,차대사람 - 기타,보행자보호의무위반,포장 - 건조,맑음,단일로 - 기타,승용,여,49세,상해없음,보행자,여,56세,경상
13550,2019051000100255,2019년 5월 10일 11시,금요일,경기도 부천시 여월동,경상사고,0,0,1,0,차대사람 - 기타,안전운전불이행,포장 - 건조,맑음,단일로 - 기타,승용,여,24세,상해없음,보행자,남,42세,경상
13551,2019051000100275,2019년 5월 10일 11시,금요일,경기도 포천시 신읍동,경상사고,0,0,1,0,차대사람 - 기타,안전운전불이행,포장 - 건조,맑음,단일로 - 기타,화물,남,66세,상해없음,보행자,남,63세,경상
13552,2019051000100309,2019년 5월 10일 12시,금요일,경기도 고양시 일산동구 마두동,경상사고,0,0,1,0,차대사람 - 기타,안전운전불이행,포장 - 건조,맑음,단일로 - 기타,승용,남,60세,상해없음,보행자,남,54세,경상
13553,2019051000100327,2019년 5월 10일 13시,금요일,경기도 부천시 춘의동,경상사고,0,0,1,0,차대사람 - 기타,신호위반,포장 - 건조,맑음,단일로 - 기타,자전거,남,54세,상해없음,보행자,여,48세,경상
13554,2019051000100348,2019년 5월 10일 13시,금요일,경기도 동두천시 생연동,경상사고,0,0,1,0,차대사람 - 기타,안전운전불이행,포장 - 건조,맑음,단일로 - 기타,승용,남,71세,상해없음,보행자,남,8세,경상
13555,2019051000100412,2019년 5월 10일 15시,금요일,경기도 성남시 중원구 성남동,중상사고,0,1,0,0,차대사람 - 길가장자리구역통행중,안전운전불이행,포장 - 건조,맑음,단일로 - 기타,자전거,남,23세,상해없음,보행자,남,71세,중상
13556,2019051000100447,2019년 5월 10일 15시,금요일,경기도 남양주시 다산동,경상사고,0,0,1,0,차대사람 - 횡단중,보행자보호의무위반,포장 - 건조,맑음,단일로 - 기타,화물,남,35세,상해없음,보행자,남,9세,경상
13557,2019051000100495,2019년 5월 10일 17시,금요일,경기도 안성시 금산동,경상사고,0,0,1,0,차대사람 - 횡단중,보행자보호의무위반,포장 - 건조,맑음,단일로 - 기타,승용,여,28세,상해없음,보행자,여,16세,경상
13558,2019051000100497,2019년 5월 10일 17시,금요일,경기도 부천시 중동,부상신고사고,0,0,0,1,차대사람 - 기타,안전운전불이행,포장 - 건조,맑음,단일로 - 기타,이륜,남,21세,상해없음,보행자,남,9세,부상신고
13559,2019051000100499,2019년 5월 10일 17시,금요일,경기도 안산시 단원구 선부동,경상사고,0,0,1,0,차대사람 - 기타,안전운전불이행,포장 - 건조,맑음,단일로 - 기타,화물,남,54세,상해없음,보행자,여,7세,경상
13560,2019051000100552,2019년 5월 10일 18시,금요일,경기도 안산시 단원구 고잔동,중상사고,0,1,0,0,차대사람 - 횡단중,안전운전불이행,포장 - 건조,맑음,교차로 - 교차로안,승용,남,42세,상해없음,보행자,여,26세,중상
13561,2019051000100554,2019년 5월 10일 18시,금요일,경기도 안산시 상록구 사사동,경상사고,0,0,1,0,차대사람 - 길가장자리구역통행중,중앙선침범,포장 - 건조,맑음,교차로 - 교차로안,승합,여,57세,상해없음,보행자,남,6세,경상
13562,2019051000100582,2019년 5월 10일 18시,금요일,경기도 남양주시 화도읍,중상사고,0,1,0,0,차대사람 - 횡단중,안전운전불이행,포장 - 건조,맑음,단일로 - 기타,승용,여,52세,상해없음,보행자,여,11세,중상
13563,2019051000100589,2019년 5월 10일 19시,금요일,경기도 수원시 장안구 율전동,중상사고,0,1,0,0,차대사람 - 기타,안전운전불이행,포장 - 건조,맑음,단일로 - 기타,승용,남,26세,상해없음,보행자,남,9세,중상
13564,2019051000100591,2019년 5월 10일 19시,금요일,경기도 광주시 회덕동,중상사고,0,1,0,0,차대사람 - 횡단중,보행자보호의무위반,포장 - 건조,맑음,기타 - 기타,이륜,남,30세,상해없음,보행자,여,63세,중상
13565,2019051000100593,2019년 5월 10일 19시,금요일,경기도 화성시 송산면,경상사고,0,0,1,0,차대사람 - 횡단중,안전운전불이행,포장 - 건조,맑음,단일로 - 기타,승용,남,63세,기타불명,보행자,남,12세,경상
13566,2019051000100594,2019년 5월 10일 19시,금요일,경기도 용인시 기흥구 언남동,중상사고,0,1,0,0,차대사람 - 기타,안전운전불이행,포장 - 건조,맑음,단일로 - 기타,이륜,남,18세,상해없음,보행자,여,71세,중상
13567,2019051000100643,2019년 5월 10일 20시,금요일,경기도 화성시 봉담읍,중상사고,0,1,0,0,차대사람 - 횡단중,안전운전불이행,포장 - 건조,맑음,교차로 - 교차로부근,화물,남,52세,기타불명,보행자,남,59세,중상
13568,2019051000100646,2019년 5월 10일 20시,금요일,경기도 화성시 진안동,중상사고,0,1,0,0,차대사람 - 횡단중,보행자보호의무위반,포장 - 건조,맑음,교차로 - 교차로횡단보도내,승용,남,64세,상해없음,보행자,남,10세,중상
13569,2019051000100662,2019년 5월 10일 20시,금요일,경기도 구리시 인창동,중상사고,0,1,0,0,차대사람 - 횡단중,보행자보호의무위반,포장 - 건조,맑음,교차로 - 교차로안,승용,여,40세,상해없음,보행자,여,65세,중상
13570,2019051000100721,2019년 5월 10일 22시,금요일,경기도 의정부시 신곡동,경상사고,0,0,1,0,차대사람 - 차도통행중,안전운전불이행,포장 - 건조,맑음,교차로 - 교차로부근,승용,남,41세,상해없음,보행자,남,67세,경상
13571,2019051000100748,2019년 5월 10일 23시,금요일,경기도 의정부시 의정부동,경상사고,0,0,1,0,차대사람 - 길가장자리구역통행중,안전운전불이행,포장 - 건조,맑음,단일로 - 기타,승용,남,62세,상해없음,보행자,남,56세,경상
13572,2019051100100029,2019년 5월 11일 00시,토요일,경기도 안산시 상록구 본오동,경상사고,0,0,1,0,차대사람 - 기타,안전운전불이행,포장 - 건조,맑음,기타 - 기타,승용,여,46세,상해없음,보행자,여,22세,경상
13573,2019051100100071,2019년 5월 11일 02시,토요일,경기도 부천시 심곡본동,중상사고,0,1,0,0,차대사람 - 기타,안전운전불이행,포장 - 건조,맑음,단일로 - 기타,승용,남,61세,상해없음,보행자,남,36세,중상
13574,2019051100100076,2019년 5월 11일 02시,토요일,경기도 구리시 교문동,경상사고,0,0,1,0,차대사람 - 기타,안전운전불이행,포장 - 건조,맑음,단일로 - 기타,승용,남,40세,상해없음,보행자,남,51세,경상
13575,2019051100100080,2019년 5월 11일 03시,토요일,경기도 김포시 사우동,경상사고,0,0,2,0,차대사람 - 기타,안전운전불이행,포장 - 건조,맑음,교차로 - 교차로부근,승용,남,19세,상해없음,보행자,남,23세,경상
13576,2019051100100081,2019년 5월 11일 03시,토요일,경기도 안산시 단원구 초지동,중상사고,0,1,0,0,차대사람 - 차도통행중,안전운전불이행,포장 - 건조,맑음,단일로 - 기타,승용,여,20세,상해없음,보행자,여,19세,중상
13577,2019051100100082,2019년 5월 11일 03시,토요일,경기도 안산시 상록구 일동,경상사고,0,0,1,0,차대사람 - 기타,보행자보호의무위반,포장 - 건조,맑음,교차로 - 교차로횡단보도내,승용,남,71세,상해없음,보행자,남,24세,경상
13578,2019051100100091,2019년 5월 11일 04시,토요일,경기도 용인시 처인구 모현읍,중상사고,0,1,0,0,차대사람 - 기타,보행자보호의무위반,포장 - 건조,맑음,교차로 - 교차로횡단보도내,화물,남,31세,상해없음,보행자,여,70세,중상
13579,2019051100100113,2019년 5월 11일 06시,토요일,경기도 오산시 원동,경상사고,0,0,1,0,차대사람 - 횡단중,안전운전불이행,포장 - 건조,맑음,단일로 - 기타,승용,여,56세,상해없음,보행자,여,23세,경상
13580,2019051100100130,2019년 5월 11일 07시,토요일,경기도 양평군 양서면,경상사고,0,0,1,0,차대사람 - 보도통행중,보행자보호의무위반,포장 - 건조,맑음,교차로 - 교차로안,화물,남,67세,상해없음,보행자,여,70세,경상
13581,2019051100100148,2019년 5월 11일 08시,토요일,경기도 평택시 신장동,경상사고,0,0,1,0,차대사람 - 기타,안전운전불이행,포장 - 건조,맑음,단일로 - 기타,화물,남,69세,상해없음,보행자,여,10세,경상
13582,2019051100100149,2019년 5월 11일 08시,토요일,경기도 군포시 산본동,부상신고사고,0,0,0,2,차대사람 - 횡단중,안전운전불이행,포장 - 건조,맑음,교차로 - 교차로부근,이륜,남,87세,부상신고,보행자,여,50세,부상신고
13583,2019051100100254,2019년 5월 11일 11시,토요일,경기도 여주시 대신면,부상신고사고,0,0,0,1,차대사람 - 차도통행중,안전운전불이행,포장 - 건조,맑음,단일로 - 기타,승용,여,52세,상해없음,보행자,남,70세,부상신고
13584,2019051100100306,2019년 5월 11일 12시,토요일,경기도 시흥시 대야동,경상사고,0,0,1,0,차대사람 - 기타,안전운전불이행,포장 - 건조,맑음,단일로 - 기타,승합,남,60세,상해없음,보행자,남,27세,경상
13585,2019051100100337,2019년 5월 11일 12시,토요일,경기도 의정부시 의정부동,경상사고,0,0,1,0,차대사람 - 기타,안전운전불이행,포장 - 건조,맑음,교차로 - 교차로안,승용,남,21세,기타불명,보행자,남,52세,경상
13586,2019051100100341,2019년 5월 11일 12시,토요일,경기도 남양주시 화도읍,경상사고,0,0,1,0,차대사람 - 횡단중,안전운전불이행,포장 - 건조,맑음,교차로 - 교차로횡단보도내,승용,남,56세,상해없음,보행자,여,15세,경상
13587,2019051100100384,2019년 5월 11일 13시,토요일,경기도 의정부시 가능동,경상사고,0,0,1,0,차대사람 - 기타,안전운전불이행,포장 - 건조,맑음,단일로 - 기타,승용,남,47세,상해없음,보행자,여,76세,경상
13588,2019051100100399,2019년 5월 11일 14시,토요일,경기도 수원시 팔달구 북수동,중상사고,0,1,0,0,차대사람 - 횡단중,안전운전불이행,포장 - 건조,맑음,기타 - 기타,승용,여,39세,상해없음,보행자,남,80세,중상
13589,2019051100100401,2019년 5월 11일 14시,토요일,경기도 광주시 탄벌동,경상사고,0,0,1,0,차대사람 - 횡단중,기타,포장 - 건조,맑음,교차로 - 교차로부근,이륜,남,41세,상해없음,보행자,남,7세,경상
13590,2019051100100431,2019년 5월 11일 14시,토요일,경기도 시흥시 조남동,부상신고사고,0,0,0,2,차대사람 - 기타,안전운전불이행,포장 - 건조,맑음,단일로 - 교량,승용,남,30세,상해없음,보행자,남,23세,부상신고
13591,2019051100100436,2019년 5월 11일 14시,토요일,경기도 남양주시 조안면,중상사고,0,1,0,0,차대사람 - 기타,안전운전불이행,포장 - 건조,맑음,단일로 - 기타,자전거,남,51세,상해없음,보행자,여,58세,중상