,사고번호,사고일시,요일,시군구,사고내용,사망자수,중상자수,경상자수,부상신고자수,사고유형,법규위반,노면상태,기상상태,도로형태,가해운전자 차종,가해운전자 성별,가해운전자 연령,가해운전자 상해정도,피해운전자 차종,피해운전자 성별,피해운전자 연령,피해운전자 상해정도
13592,2019051100100474,2019년 5월 11일 15시,토요일,경기도 남양주시 진접읍,경상사고,0,0,1,0,차대사람 - 기타,안전운전불이행,포장 - 건조,맑음,단일로 - 기타,화물,남,75세,상해없음,보행자,남,43세,경상
13593,2019051100100475,2019년 5월 11일 15시,토요일,경기도 연천군 전곡읍,중상사고,0,1,0,0,차대사람 - 횡단중,안전운전불이행,포장 - 건조,맑음,교차로 - 교차로부근,승용,남,21세,상해없음,보행자,남,60세,중상
13594,2019051100100477,2019년 5월 11일 15시,토요일,경기도 고양시 일산서구 대화동,경상사고,0,0,1,0,차대사람 - 횡단중,안전운전불이행,포장 - 건조,맑음,단일로 - 기타,승용,남,48세,상해없음,보행자,남,2세,경상
13595,2019051100100532,2019년 5월 11일 17시,토요일,경기도 이천시 증포동,중상사고,0,1,0,0,차대사람 - 횡단중,안전운전불이행,포장 - 건조,맑음,교차로 - 교차로안,승용,남,26세,상해없음,보행자,남,60세,중상
13596,2019051100100536,2019년 5월 11일 17시,토요일,경기도 의왕시 삼동,중상사고,0,1,0,0,차대사람 - 횡단중,보행자보호의무위반,포장 - 건조,맑음,교차로 - 교차로안,승용,남,61세,상해없음,보행자,여,74세,중상
13597,2019051100100617,2019년 5월 11일 19시,토요일,경기도 시흥시 대야동,경상사고,0,0,1,0,차대사람 - 기타,안전운전불이행,포장 - 건조,맑음,단일로 - 기타,승용,남,33세,상해없음,보행자,남,5세,경상
13598,2019051100100618,2019년 5월 11일 19시,토요일,경기도 안산시 상록구 사동,중상사고,0,1,0,0,차대사람 - 기타,기타,포장 - 건조,맑음,단일로 - 기타,승용,여,53세,상해없음,보행자,남,61세,중상
13599,2019051100100644,2019년 5월 11일 20시,토요일,경기도 안산시 단원구 초지동,경상사고,0,0,1,0,차대사람 - 기타,기타,포장 - 건조,맑음,단일로 - 기타,승합,남,52세,상해없음,보행자,여,24세,경상
13600,2019051100100648,2019년 5월 11일 20시,토요일,경기도 시흥시 조남동,경상사고,0,0,1,0,차대사람 - 기타,기타,포장 - 건조,맑음,단일로 - 기타,승용,남,62세,상해없음,보행자,여,22세,경상
13601,2019051100100736,2019년 5월 11일 23시,토요일,경기도 안산시 단원구 고잔동,경상사고,0,0,1,0,차대사람 - 기타,안전운전불이행,포장 - 건조,맑음,단일로 - 기타,승용,남,32세,상해없음,보행자,남,38세,경상
13602,2019051100100738,2019년 5월 11일 23시,토요일,경기도 수원시 팔달구 인계동,경상사고,0,0,1,0,차대사람 - 기타,안전운전불이행,포장 - 건조,맑음,교차로 - 교차로부근,승용,남,19세,상해없음,보행자,남,21세,경상
13603,2019051200100028,2019년 5월 12일 00시,일요일,경기도 김포시 풍무동,중상사고,0,1,0,0,차대사람 - 횡단중,안전운전불이행,포장 - 건조,맑음,교차로 - 교차로부근,승용,남,55세,상해없음,보행자,여,18세,중상
13604,2019051200100051,2019년 5월 12일 01시,일요일,경기도 남양주시 진건읍,중상사고,0,2,0,0,차대사람 - 기타,중앙선침범,포장 - 건조,맑음,기타 - 기타,승용,여,28세,상해없음,보행자,남,17세,중상
13605,2019051200100058,2019년 5월 12일 02시,일요일,경기도 이천시 송정동,중상사고,0,1,0,0,차대사람 - 기타,안전운전불이행,포장 - 건조,맑음,교차로 - 교차로부근,승용,남,24세,상해없음,보행자,남,26세,중상
13606,2019051200100063,2019년 5월 12일 02시,일요일,경기도 포천시 소흘읍,경상사고,0,0,1,0,차대사람 - 기타,안전운전불이행,포장 - 건조,맑음,기타 - 기타,승용,여,44세,상해없음,보행자,남,44세,경상
13607,2019051200100066,2019년 5월 12일 03시,일요일,경기도 수원시 장안구 율전동,경상사고,0,0,1,0,차대사람 - 기타,안전운전불이행,포장 - 건조,맑음,단일로 - 기타,승용,남,25세,기타불명,보행자,남,31세,경상
13608,2019051200100067,2019년 5월 12일 03시,일요일,경기도 안산시 단원구 고잔동,경상사고,0,0,1,0,차대사람 - 기타,안전운전불이행,포장 - 건조,맑음,단일로 - 기타,승용,남,60세,상해없음,보행자,남,25세,경상
13609,2019051200100127,2019년 5월 12일 08시,일요일,경기도 과천시 과천동,중상사고,0,1,0,0,차대사람 - 횡단중,신호위반,포장 - 건조,맑음,교차로 - 교차로부근,승용,남,56세,상해없음,보행자,남,63세,중상
13610,2019051200100141,2019년 5월 12일 09시,일요일,경기도 성남시 분당구 정자동,경상사고,0,0,1,0,차대사람 - 기타,안전운전불이행,포장 - 건조,맑음,단일로 - 기타,자전거,남,39세,상해없음,보행자,남,68세,경상
13611,2019051200100222,2019년 5월 12일 11시,일요일,경기도 가평군 가평읍,경상사고,0,0,1,0,차대사람 - 기타,안전운전불이행,포장 - 건조,맑음,주차장 - 주차장,승용,여,37세,기타불명,보행자,남,30세,경상
13612,2019051200100290,2019년 5월 12일 14시,일요일,경기도 안산시 단원구 선부동,중상사고,0,1,0,0,차대사람 - 차도통행중,안전운전불이행,포장 - 건조,맑음,교차로 - 교차로부근,승용,남,73세,상해없음,보행자,여,71세,중상
13613,2019051200100359,2019년 5월 12일 16시,일요일,경기도 부천시 고강동,경상사고,0,0,1,0,차대사람 - 길가장자리구역통행중,기타,포장 - 건조,맑음,단일로 - 기타,승용,남,48세,상해없음,보행자,여,11세,경상
13614,2019051200100431,2019년 5월 12일 18시,일요일,경기도 안양시 동안구 비산동,경상사고,0,0,1,0,차대사람 - 횡단중,안전운전불이행,포장 - 건조,맑음,교차로 - 교차로횡단보도내,화물,남,60세,상해없음,보행자,여,51세,경상
13615,2019051200100432,2019년 5월 12일 18시,일요일,경기도 이천시 창전동,부상신고사고,0,0,0,1,차대사람 - 기타,안전운전불이행,포장 - 건조,맑음,교차로 - 교차로안,특수,남,45세,상해없음,보행자,남,57세,부상신고
13616,2019051200100436,2019년 5월 12일 18시,일요일,경기도 하남시 덕풍동,경상사고,0,0,1,0,차대사람 - 차도통행중,신호위반,포장 - 건조,맑음,교차로 - 교차로부근,승용,남,33세,상해없음,보행자,여,51세,경상
13617,2019051200100451,2019년 5월 12일 18시,일요일,경기도 고양시 덕양구 성사동,부상신고사고,0,0,0,1,차대사람 - 길가장자리구역통행중,안전운전불이행,포장 - 기타,맑음,교차로 - 교차로안,승합,남,51세,상해없음,보행자,남,85세,부상신고
13618,2019051200100458,2019년 5월 12일 19시,일요일,경기도 부천시 심곡본동,경상사고,0,0,1,0,차대사람 - 기타,안전운전불이행,포장 - 기타,맑음,단일로 - 기타,승용,여,57세,상해없음,보행자,남,29세,경상
13619,2019051200100462,2019년 5월 12일 19시,일요일,경기도 안산시 상록구 본오동,경상사고,0,0,1,0,차대사람 - 기타,안전운전불이행,포장 - 건조,맑음,단일로 - 기타,승용,남,54세,상해없음,보행자,여,63세,경상
13620,2019051200100505,2019년 5월 12일 20시,일요일,경기도 포천시 내촌면,중상사고,0,1,0,0,차대사람 - 횡단중,신호위반,포장 - 건조,맑음,단일로 - 기타,승용,남,44세,상해없음,보행자,남,57세,중상
13621,2019051200100506,2019년 5월 12일 20시,일요일,경기도 가평군 가평읍,중상사고,0,2,0,0,차대사람 - 보도통행중,기타,포장 - 건조,맑음,단일로 - 교량,이륜,남,35세,상해없음,보행자,여,60세,중상
13622,2019051200100514,2019년 5월 12일 21시,일요일,경기도 부천시 괴안동,경상사고,0,0,1,0,차대사람 - 차도통행중,안전운전불이행,포장 - 건조,맑음,교차로 - 교차로부근,승합,남,62세,상해없음,보행자,여,63세,경상
13623,2019051300100032,2019년 5월 13일 00시,월요일,경기도 성남시 중원구 하대원동,부상신고사고,0,0,0,1,차대사람 - 기타,안전운전불이행,비포장 - 건조,맑음,단일로 - 기타,승용,남,57세,상해없음,보행자,여,43세,부상신고
13624,2019051300100060,2019년 5월 13일 05시,월요일,경기도 성남시 분당구 정자동,중상사고,0,1,0,0,차대사람 - 기타,안전운전불이행,포장 - 건조,맑음,교차로 - 교차로부근,승용,여,22세,상해없음,보행자,남,27세,중상
13625,2019051300100120,2019년 5월 13일 08시,월요일,경기도 화성시 병점동,경상사고,0,0,1,0,차대사람 - 기타,안전운전불이행,포장 - 건조,맑음,기타 - 기타,건설기계,남,32세,상해없음,보행자,남,48세,경상
13626,2019051300100149,2019년 5월 13일 08시,월요일,경기도 포천시 신읍동,중상사고,0,1,0,0,차대사람 - 횡단중,신호위반,포장 - 건조,맑음,교차로 - 교차로횡단보도내,승용,여,53세,상해없음,보행자,여,6세,중상
13627,2019051300100196,2019년 5월 13일 10시,월요일,경기도 수원시 장안구 조원동,중상사고,0,1,0,0,차대사람 - 기타,안전운전불이행,포장 - 건조,맑음,단일로 - 기타,승용,여,59세,상해없음,보행자,여,79세,중상
13628,2019051300100197,2019년 5월 13일 10시,월요일,경기도 평택시 팽성읍,사망사고,1,0,0,0,차대사람 - 횡단중,안전운전불이행,포장 - 건조,맑음,단일로 - 기타,건설기계,남,59세,상해없음,보행자,남,90세 이상,사망
13629,2019051300100227,2019년 5월 13일 10시,월요일,경기도 남양주시 화도읍,경상사고,0,0,1,0,차대사람 - 횡단중,안전운전불이행,포장 - 건조,맑음,교차로 - 교차로부근,승용,여,47세,상해없음,보행자,남,46세,경상
13630,2019051300100229,2019년 5월 13일 10시,월요일,경기도 파주시 조리읍,경상사고,0,0,1,0,차대사람 - 기타,안전운전불이행,포장 - 건조,맑음,단일로 - 기타,승합,남,57세,상해없음,보행자,여,78세,경상
13631,2019051300100237,2019년 5월 13일 11시,월요일,경기도 평택시 비전동,부상신고사고,0,0,0,1,차대사람 - 기타,기타,포장 - 기타,기타,기타 - 기타,기타불명,기타불명,미분류,기타불명,보행자,여,58세,부상신고
13632,2019051300100239,2019년 5월 13일 11시,월요일,경기도 김포시 하성면,부상신고사고,0,0,0,1,차대사람 - 기타,안전운전불이행,포장 - 건조,맑음,교차로 - 교차로안,화물,남,46세,상해없음,보행자,남,41세,부상신고
13633,2019051300100255,2019년 5월 13일 11시,월요일,경기도 포천시 신읍동,경상사고,0,0,1,0,차대사람 - 기타,안전운전불이행,포장 - 건조,맑음,교차로 - 교차로안,승용,남,20세,상해없음,보행자,여,45세,경상
13634,2019051300100264,2019년 5월 13일 12시,월요일,경기도 수원시 장안구 영화동,중상사고,0,1,0,0,차대사람 - 횡단중,안전운전불이행,포장 - 건조,맑음,단일로 - 기타,승용,남,52세,상해없음,보행자,여,62세,중상
13635,2019051300100265,2019년 5월 13일 12시,월요일,경기도 광주시 탄벌동,중상사고,0,1,0,0,차대사람 - 기타,안전운전불이행,포장 - 건조,맑음,주차장 - 주차장,승용,남,54세,상해없음,보행자,남,81세,중상
13636,2019051300100266,2019년 5월 13일 12시,월요일,경기도 김포시 대곶면,경상사고,0,0,1,1,차대사람 - 기타,안전운전불이행,포장 - 건조,맑음,단일로 - 기타,승용,여,61세,상해없음,보행자,남,53세,경상
13637,2019051300100324,2019년 5월 13일 13시,월요일,경기도 고양시 덕양구 삼송동,사망사고,1,0,0,0,차대사람 - 횡단중,안전운전불이행,포장 - 건조,맑음,단일로 - 기타,화물,남,45세,상해없음,보행자,남,64세,사망
13638,2019051300100336,2019년 5월 13일 14시,월요일,경기도 성남시 중원구 은행동,중상사고,0,1,0,0,차대사람 - 기타,안전운전불이행,포장 - 건조,맑음,단일로 - 기타,승용,여,48세,상해없음,보행자,여,74세,중상
13639,2019051300100405,2019년 5월 13일 16시,월요일,경기도 성남시 분당구 판교동,경상사고,0,0,2,0,차대사람 - 기타,보행자보호의무위반,포장 - 건조,맑음,교차로 - 교차로부근,승용,여,37세,상해없음,보행자,남,7세,경상
13640,2019051300100439,2019년 5월 13일 17시,월요일,경기도 평택시 동삭동,경상사고,0,0,1,0,차대사람 - 기타,안전운전불이행,포장 - 건조,맑음,단일로 - 기타,승용,남,32세,상해없음,보행자,남,8세,경상
13641,2019051300100445,2019년 5월 13일 17시,월요일,경기도 안양시 만안구 석수동,경상사고,0,0,1,0,차대사람 - 기타,안전운전불이행,포장 - 건조,흐림,교차로 - 교차로안,승용,남,18세,상해없음,보행자,남,54세,상해없음
13642,2019051300100465,2019년 5월 13일 17시,월요일,경기도 파주시 금촌동,경상사고,0,0,1,0,차대사람 - 기타,안전운전불이행,포장 - 건조,맑음,단일로 - 기타,승합,남,60세,상해없음,보행자,여,71세,경상
13643,2019051300100511,2019년 5월 13일 18시,월요일,경기도 고양시 일산서구 덕이동,경상사고,0,0,1,0,차대사람 - 기타,불법유턴,포장 - 건조,흐림,기타 - 기타,승용,남,24세,상해없음,보행자,여,18세,경상
13644,2019051300100521,2019년 5월 13일 19시,월요일,경기도 광주시 오포읍,부상신고사고,0,0,0,1,차대사람 - 보도통행중,안전운전불이행,포장 - 건조,맑음,단일로 - 기타,이륜,남,50세,상해없음,보행자,남,41세,부상신고
13645,2019051300100557,2019년 5월 13일 20시,월요일,경기도 김포시 장기동,경상사고,0,0,2,0,차대사람 - 횡단중,신호위반,포장 - 건조,맑음,교차로 - 교차로횡단보도내,이륜,남,40세,경상,보행자,남,59세,경상
13646,2019051300100619,2019년 5월 13일 22시,월요일,경기도 시흥시 신천동,부상신고사고,0,0,0,1,차대사람 - 기타,안전운전불이행,포장 - 건조,맑음,단일로 - 기타,기타불명,기타불명,미분류,기타불명,보행자,남,59세,부상신고
13647,2019051400100057,2019년 5월 14일 02시,화요일,경기도 양주시 고읍동,경상사고,0,0,1,0,차대사람 - 횡단중,안전운전불이행,포장 - 건조,맑음,단일로 - 기타,승용,여,37세,상해없음,보행자,여,7세,경상
13648,2019051400100064,2019년 5월 14일 04시,화요일,경기도 의정부시 가능동,중상사고,0,1,0,0,차대사람 - 횡단중,보행자보호의무위반,포장 - 건조,맑음,교차로 - 교차로횡단보도내,승용,남,27세,상해없음,보행자,여,67세,중상
13649,2019051400100150,2019년 5월 14일 08시,화요일,경기도 고양시 일산서구 탄현동,중상사고,0,1,0,0,차대사람 - 횡단중,안전운전불이행,포장 - 건조,맑음,교차로 - 교차로안,승용,남,31세,상해없음,보행자,여,80세,중상
13650,2019051400100151,2019년 5월 14일 08시,화요일,경기도 고양시 일산서구 일산동,경상사고,0,0,1,0,차대사람 - 횡단중,안전운전불이행,포장 - 건조,맑음,단일로 - 기타,승용,남,61세,상해없음,보행자,여,24세,경상
13651,2019051400100165,2019년 5월 14일 09시,화요일,경기도 광명시 광명동,경상사고,0,0,1,0,차대사람 - 기타,안전운전불이행,포장 - 건조,맑음,교차로 - 교차로안,승용,남,62세,상해없음,보행자,여,23세,경상
13652,2019051400100167,2019년 5월 14일 09시,화요일,경기도 수원시 팔달구 매산로1가,중상사고,0,1,0,0,차대사람 - 기타,안전운전불이행,포장 - 건조,맑음,단일로 - 기타,승용,남,26세,상해없음,보행자,여,76세,중상
13653,2019051400100168,2019년 5월 14일 09시,화요일,경기도 화성시 팔탄면,경상사고,0,0,1,0,차대사람 - 기타,안전운전불이행,포장 - 건조,맑음,단일로 - 기타,승용,남,65세,상해없음,보행자,여,74세,경상
13654,2019051400100224,2019년 5월 14일 11시,화요일,경기도 용인시 기흥구 고매동,중상사고,0,1,0,0,차대사람 - 기타,안전운전불이행,포장 - 건조,맑음,기타 - 기타,승합,남,37세,상해없음,보행자,여,68세,중상
13655,2019051400100256,2019년 5월 14일 12시,화요일,경기도 오산시 세교동,경상사고,0,0,1,0,차대사람 - 기타,안전운전불이행,포장 - 건조,맑음,기타 - 기타,화물,남,58세,상해없음,보행자,남,12세,경상
13656,2019051400100331,2019년 5월 14일 14시,화요일,경기도 성남시 중원구 상대원동,사망사고,1,0,0,0,차대사람 - 횡단중,안전운전불이행,포장 - 건조,맑음,교차로 - 교차로횡단보도내,승합,남,53세,상해없음,보행자,여,88세,사망
13657,2019051400100354,2019년 5월 14일 14시,화요일,경기도 의정부시 의정부동,경상사고,0,0,1,0,차대사람 - 기타,안전운전불이행,포장 - 건조,맑음,단일로 - 기타,자전거,남,61세,상해없음,보행자,남,40세,경상
13658,2019051400100369,2019년 5월 14일 15시,화요일,경기도 안양시 동안구 비산동,경상사고,0,0,1,0,차대사람 - 보도통행중,기타,포장 - 건조,맑음,기타 - 기타,화물,남,38세,상해없음,보행자,남,7세,경상
13659,2019051400100412,2019년 5월 14일 16시,화요일,경기도 여주시 대신면,사망사고,1,0,0,0,차대사람 - 기타,안전운전불이행,포장 - 건조,맑음,단일로 - 기타,화물,남,60세,상해없음,보행자,남,81세,사망
13660,2019051400100413,2019년 5월 14일 16시,화요일,경기도 시흥시 과림동,경상사고,0,0,1,0,차대사람 - 기타,안전운전불이행,포장 - 건조,맑음,단일로 - 기타,승합,남,43세,상해없음,보행자,남,37세,경상
13661,2019051400100449,2019년 5월 14일 17시,화요일,경기도 수원시 장안구 영화동,경상사고,0,0,1,0,차대사람 - 기타,안전운전불이행,포장 - 건조,맑음,단일로 - 기타,승용,남,49세,기타불명,보행자,남,16세,경상
13662,2019051400100451,2019년 5월 14일 17시,화요일,경기도 수원시 팔달구 지동,중상사고,0,1,0,0,차대사람 - 기타,불법유턴,포장 - 건조,맑음,교차로 - 교차로부근,승용,남,36세,상해없음,보행자,여,74세,중상
13663,2019051400100454,2019년 5월 14일 17시,화요일,경기도 부천시 심곡본동,중상사고,0,1,0,0,차대사람 - 횡단중,안전운전불이행,포장 - 건조,맑음,교차로 - 교차로부근,승용,여,43세,상해없음,보행자,여,71세,중상
13664,2019051400100458,2019년 5월 14일 17시,화요일,경기도 수원시 권선구 탑동,경상사고,0,0,2,0,차대사람 - 횡단중,안전운전불이행,포장 - 건조,맑음,교차로 - 교차로안,승용,여,35세,상해없음,보행자,여,17세,경상
13665,2019051400100505,2019년 5월 14일 18시,화요일,경기도 평택시 안중읍,경상사고,0,0,1,0,차대사람 - 기타,안전운전불이행,포장 - 건조,맑음,단일로 - 기타,승용,여,55세,상해없음,보행자,여,16세,경상
13666,2019051400100512,2019년 5월 14일 18시,화요일,경기도 군포시 당동,경상사고,0,0,1,0,차대사람 - 기타,안전운전불이행,포장 - 건조,맑음,단일로 - 기타,승합,남,68세,상해없음,보행자,여,23세,경상
13667,2019051400100515,2019년 5월 14일 18시,화요일,경기도 안산시 상록구 팔곡이동,중상사고,0,1,0,0,차대사람 - 기타,안전운전불이행,포장 - 건조,맑음,기타 - 기타,승용,남,56세,상해없음,보행자,남,65세,중상
13668,2019051400100554,2019년 5월 14일 19시,화요일,경기도 안양시 동안구 평촌동,경상사고,0,0,1,0,차대사람 - 횡단중,안전운전불이행,포장 - 건조,맑음,교차로 - 교차로횡단보도내,승용,남,50세,상해없음,보행자,남,57세,경상
13669,2019051400100556,2019년 5월 14일 19시,화요일,경기도 안산시 상록구 사동,경상사고,0,0,1,0,차대사람 - 횡단중,신호위반,포장 - 건조,맑음,단일로 - 기타,이륜,남,19세,상해없음,보행자,여,65세,경상
13670,2019051400100578,2019년 5월 14일 19시,화요일,경기도 고양시 덕양구 성사동,중상사고,0,1,0,0,차대사람 - 횡단중,안전운전불이행,포장 - 건조,맑음,단일로 - 기타,자전거,남,25세,상해없음,보행자,남,71세,중상
13671,2019051400100590,2019년 5월 14일 20시,화요일,경기도 수원시 장안구 정자동,중상사고,0,1,0,0,차대사람 - 횡단중,신호위반,포장 - 건조,맑음,교차로 - 교차로횡단보도내,승합,남,63세,상해없음,보행자,여,50세,중상
13672,2019051400100591,2019년 5월 14일 20시,화요일,경기도 부천시 괴안동,경상사고,0,0,1,0,차대사람 - 기타,안전운전불이행,포장 - 건조,맑음,단일로 - 기타,승용,남,55세,상해없음,보행자,남,61세,경상
13673,2019051400100617,2019년 5월 14일 20시,화요일,경기도 의정부시 금오동,경상사고,0,0,1,0,차대사람 - 기타,기타,포장 - 건조,맑음,단일로 - 기타,승합,남,40세,상해없음,보행자,여,62세,경상
13674,2019051400100629,2019년 5월 14일 21시,화요일,경기도 오산시 오산동,경상사고,0,0,1,0,차대사람 - 횡단중,안전운전불이행,포장 - 건조,맑음,단일로 - 기타,승용,남,45세,상해없음,보행자,남,57세,경상
13675,2019051400100632,2019년 5월 14일 21시,화요일,경기도 수원시 권선구 고색동,중상사고,0,1,0,0,차대사람 - 횡단중,신호위반,포장 - 건조,맑음,교차로 - 교차로횡단보도내,개인형이동수단(PM),남,40세,상해없음,보행자,여,10세,중상
13676,2019051400100659,2019년 5월 14일 22시,화요일,경기도 이천시 신둔면,경상사고,0,0,2,0,차대사람 - 기타,안전운전불이행,포장 - 건조,맑음,주차장 - 주차장,승합,남,56세,상해없음,보행자,남,51세,경상
13677,2019051400100676,2019년 5월 14일 22시,화요일,경기도 의정부시 가능동,부상신고사고,0,0,0,1,차대사람 - 횡단중,안전운전불이행,포장 - 건조,맑음,교차로 - 교차로횡단보도내,승용,남,65세,상해없음,보행자,남,52세,부상신고
13678,2019051500100088,2019년 5월 15일 06시,수요일,경기도 평택시 고덕면,경상사고,0,0,1,0,차대사람 - 기타,안전운전불이행,포장 - 건조,맑음,단일로 - 기타,승합,남,48세,상해없음,보행자,남,50세,경상
13679,2019051500100108,2019년 5월 15일 07시,수요일,경기도 시흥시 은행동,경상사고,0,0,1,0,차대사람 - 기타,안전운전불이행,포장 - 건조,맑음,단일로 - 기타,승용,남,40세,상해없음,보행자,남,60세,경상
13680,2019051500100146,2019년 5월 15일 08시,수요일,경기도 의왕시 내손동,경상사고,0,0,1,0,차대사람 - 횡단중,안전운전불이행,포장 - 건조,맑음,단일로 - 기타,화물,남,58세,상해없음,보행자,여,78세,경상
13681,2019051500100204,2019년 5월 15일 09시,수요일,경기도 남양주시 와부읍,부상신고사고,0,0,0,1,차대사람 - 차도통행중,안전운전불이행,포장 - 건조,맑음,단일로 - 기타,승용,남,70세,상해없음,보행자,여,80세,부상신고
13682,2019051500100215,2019년 5월 15일 10시,수요일,경기도 수원시 팔달구 지동,경상사고,0,0,1,0,차대사람 - 횡단중,중앙선침범,포장 - 건조,맑음,단일로 - 기타,화물,남,54세,상해없음,보행자,남,70세,경상
13683,2019051500100216,2019년 5월 15일 10시,수요일,경기도 이천시 호법면,사망사고,1,0,0,0,차대사람 - 기타,불법유턴,포장 - 건조,맑음,단일로 - 기타,화물,여,64세,상해없음,보행자,남,84세,사망
13684,2019051500100217,2019년 5월 15일 10시,수요일,경기도 안산시 단원구 고잔동,경상사고,0,0,1,0,차대사람 - 기타,보행자보호의무위반,포장 - 건조,맑음,기타 - 기타,기타불명,기타불명,미분류,기타불명,보행자,여,78세,경상
13685,2019051500100222,2019년 5월 15일 10시,수요일,경기도 용인시 수지구 상현동,경상사고,0,0,1,0,차대사람 - 횡단중,보행자보호의무위반,포장 - 건조,맑음,교차로 - 교차로안,승용,남,72세,상해없음,보행자,여,79세,경상
13686,2019051500100254,2019년 5월 15일 11시,수요일,경기도 의왕시 오전동,경상사고,0,0,1,0,차대사람 - 차도통행중,안전운전불이행,포장 - 건조,맑음,교차로 - 교차로안,승합,남,49세,상해없음,보행자,여,66세,경상
13687,2019051500100287,2019년 5월 15일 12시,수요일,경기도 수원시 장안구 정자동,경상사고,0,0,1,0,차대사람 - 횡단중,보행자보호의무위반,포장 - 건조,맑음,교차로 - 교차로횡단보도내,승용,남,44세,상해없음,보행자,남,6세,경상
13688,2019051500100362,2019년 5월 15일 14시,수요일,경기도 성남시 수정구 수진동,경상사고,0,0,1,0,차대사람 - 기타,안전운전불이행,포장 - 건조,맑음,단일로 - 기타,화물,남,73세,상해없음,보행자,남,68세,경상
13689,2019051500100369,2019년 5월 15일 14시,수요일,경기도 부천시 고강동,경상사고,0,0,1,0,차대사람 - 보도통행중,안전운전불이행,포장 - 건조,맑음,교차로 - 교차로부근,승합,남,58세,상해없음,보행자,여,66세,경상
13690,2019051500100395,2019년 5월 15일 14시,수요일,경기도 고양시 덕양구 토당동,경상사고,0,0,1,0,차대사람 - 횡단중,안전운전불이행,포장 - 기타,맑음,단일로 - 기타,이륜,남,19세,상해없음,보행자,남,9세,경상
13691,2019051500100475,2019년 5월 15일 16시,수요일,경기도 고양시 덕양구 화정동,경상사고,0,0,1,0,차대사람 - 기타,안전운전불이행,포장 - 건조,맑음,단일로 - 기타,승용,남,56세,상해없음,보행자,남,34세,경상
13692,2019051500100476,2019년 5월 15일 16시,수요일,경기도 고양시 일산동구 중산동,중상사고,0,1,0,0,차대사람 - 기타,신호위반,포장 - 건조,맑음,교차로 - 교차로횡단보도내,승용,여,41세,상해없음,보행자,남,5세,중상
13693,2019051500100478,2019년 5월 15일 16시,수요일,경기도 파주시 동패동,부상신고사고,0,0,0,1,차대사람 - 보도통행중,안전운전불이행,포장 - 건조,맑음,단일로 - 기타,자전거,남,14세,부상신고,보행자,남,63세,상해없음
13694,2019051500100487,2019년 5월 15일 17시,수요일,경기도 안성시 당왕동,중상사고,0,1,0,0,차대사람 - 횡단중,보행자보호의무위반,포장 - 건조,맑음,교차로 - 교차로부근,승용,남,60세,상해없음,보행자,남,13세,중상
13695,2019051500100488,2019년 5월 15일 17시,수요일,경기도 안양시 동안구 호계동,경상사고,0,0,1,0,차대사람 - 횡단중,보행자보호의무위반,포장 - 건조,맑음,교차로 - 교차로횡단보도내,승용,남,48세,상해없음,보행자,여,16세,경상
13696,2019051500100493,2019년 5월 15일 17시,수요일,경기도 성남시 분당구 백현동,부상신고사고,0,0,0,1,차대사람 - 기타,안전운전불이행,포장 - 건조,맑음,기타 - 기타,승용,남,50세,상해없음,보행자,남,58세,부상신고
13697,2019051500100540,2019년 5월 15일 18시,수요일,경기도 수원시 권선구 권선동,경상사고,0,0,1,0,차대사람 - 기타,안전운전불이행,포장 - 건조,맑음,단일로 - 기타,승용,여,58세,상해없음,보행자,남,8세,경상
13698,2019051500100542,2019년 5월 15일 18시,수요일,경기도 안산시 상록구 본오동,경상사고,0,0,1,0,차대사람 - 횡단중,안전운전불이행,포장 - 건조,맑음,단일로 - 기타,승용,남,44세,상해없음,보행자,남,11세,경상
13699,2019051500100573,2019년 5월 15일 18시,수요일,경기도 구리시 교문동,경상사고,0,0,1,0,차대사람 - 기타,안전운전불이행,포장 - 건조,맑음,단일로 - 기타,승용,남,67세,상해없음,보행자,여,72세,경상
13700,2019051500100574,2019년 5월 15일 18시,수요일,경기도 가평군 청평면,경상사고,0,0,1,0,차대사람 - 기타,안전운전불이행,포장 - 건조,맑음,단일로 - 기타,승용,남,58세,상해없음,보행자,여,35세,경상
13701,2019051500100614,2019년 5월 15일 19시,수요일,경기도 가평군 청평면,중상사고,0,1,0,0,차대사람 - 기타,안전운전불이행,포장 - 건조,맑음,주차장 - 주차장,화물,여,53세,상해없음,보행자,여,57세,중상
13702,2019051500100622,2019년 5월 15일 20시,수요일,경기도 광주시 오포읍,경상사고,0,0,1,0,차대사람 - 기타,안전운전불이행,포장 - 건조,맑음,교차로 - 교차로안,승용,남,32세,상해없음,보행자,남,78세,경상
13703,2019051500100659,2019년 5월 15일 21시,수요일,경기도 하남시 덕풍동,경상사고,0,0,1,0,차대사람 - 기타,안전운전불이행,포장 - 건조,맑음,교차로 - 교차로부근,승용,여,32세,상해없음,보행자,남,35세,경상
13704,2019051500100678,2019년 5월 15일 22시,수요일,경기도 평택시 서정동,중상사고,0,1,0,0,차대사람 - 보도통행중,안전운전불이행,포장 - 건조,맑음,단일로 - 기타,승용,여,45세,상해없음,보행자,남,18세,중상
13705,2019051500100679,2019년 5월 15일 22시,수요일,경기도 용인시 기흥구 영덕동,중상사고,0,1,0,0,차대사람 - 횡단중,안전운전불이행,포장 - 건조,맑음,교차로 - 교차로안,승용,남,27세,상해없음,보행자,남,53세,중상