,사고번호,사고일시,요일,시군구,사고내용,사망자수,중상자수,경상자수,부상신고자수,사고유형,법규위반,노면상태,기상상태,도로형태,가해운전자 차종,가해운전자 성별,가해운전자 연령,가해운전자 상해정도,피해운전자 차종,피해운전자 성별,피해운전자 연령,피해운전자 상해정도
13706,2019051500100692,2019년 5월 15일 22시,수요일,경기도 고양시 덕양구 화정동,중상사고,0,1,0,0,차대사람 - 횡단중,보행자보호의무위반,포장 - 건조,맑음,교차로 - 교차로횡단보도내,승용,남,30세,상해없음,보행자,여,60세,중상
13707,2019051600100042,2019년 5월 16일 00시,목요일,경기도 광주시 곤지암읍,중상사고,0,1,0,0,차대사람 - 차도통행중,안전운전불이행,포장 - 건조,맑음,단일로 - 기타,승용,남,38세,상해없음,보행자,남,48세,중상
13708,2019051600100043,2019년 5월 16일 00시,목요일,경기도 수원시 영통구 영통동,경상사고,0,0,1,0,차대사람 - 기타,안전운전불이행,포장 - 건조,맑음,교차로 - 교차로횡단보도내,승합,남,41세,상해없음,보행자,남,51세,경상
13709,2019051600100093,2019년 5월 16일 05시,목요일,경기도 성남시 중원구 금광동,중상사고,0,1,0,0,차대사람 - 기타,안전운전불이행,포장 - 건조,맑음,기타 - 기타,승합,남,53세,상해없음,보행자,여,65세,중상
13710,2019051600100119,2019년 5월 16일 07시,목요일,경기도 광주시 경안동,경상사고,0,0,1,0,차대사람 - 기타,보행자보호의무위반,포장 - 건조,맑음,기타 - 기타,화물,남,41세,상해없음,보행자,여,62세,경상
13711,2019051600100120,2019년 5월 16일 07시,목요일,경기도 성남시 분당구 수내동,경상사고,0,0,1,0,차대사람 - 기타,보행자보호의무위반,포장 - 건조,맑음,교차로 - 교차로횡단보도내,승용,여,47세,상해없음,보행자,남,47세,경상
13712,2019051600100137,2019년 5월 16일 07시,목요일,경기도 남양주시 진접읍,경상사고,0,0,1,0,차대사람 - 기타,안전운전불이행,포장 - 건조,맑음,교차로 - 교차로횡단보도내,승용,여,47세,상해없음,보행자,남,37세,경상
13713,2019051600100159,2019년 5월 16일 08시,목요일,경기도 안양시 동안구 호계동,경상사고,0,0,1,0,차대사람 - 기타,안전운전불이행,포장 - 건조,맑음,단일로 - 기타,승합,여,53세,상해없음,보행자,여,28세,경상
13714,2019051600100243,2019년 5월 16일 09시,목요일,경기도 고양시 일산서구 대화동,부상신고사고,0,0,0,1,차대사람 - 횡단중,신호위반,포장 - 건조,맑음,단일로 - 기타,기타불명,기타불명,미분류,기타불명,보행자,여,25세,부상신고
13715,2019051600100293,2019년 5월 16일 11시,목요일,경기도 김포시 북변동,경상사고,0,0,1,0,차대사람 - 기타,안전운전불이행,포장 - 건조,맑음,단일로 - 기타,화물,남,50세,상해없음,보행자,남,28세,경상
13716,2019051600100361,2019년 5월 16일 13시,목요일,경기도 화성시 정남면,경상사고,0,0,1,0,차대사람 - 차도통행중,안전운전불이행,포장 - 건조,맑음,단일로 - 기타,승용,여,45세,상해없음,보행자,여,18세,경상
13717,2019051600100386,2019년 5월 16일 14시,목요일,경기도 군포시 산본동,경상사고,0,0,1,0,차대사람 - 보도통행중,보행자보호의무위반,포장 - 건조,맑음,기타 - 기타,승용,남,48세,상해없음,보행자,남,42세,경상
13718,2019051600100388,2019년 5월 16일 14시,목요일,경기도 하남시 망월동,경상사고,0,0,1,0,차대사람 - 횡단중,신호위반,포장 - 건조,맑음,교차로 - 교차로안,승용,남,51세,상해없음,보행자,여,68세,경상
13719,2019051600100422,2019년 5월 16일 15시,목요일,경기도 성남시 분당구 수내동,중상사고,0,1,0,0,차대사람 - 기타,안전운전불이행,포장 - 건조,맑음,단일로 - 기타,승용,남,62세,상해없음,보행자,남,40세,중상
13720,2019051600100424,2019년 5월 16일 15시,목요일,경기도 부천시 삼정동,중상사고,0,1,0,0,차대사람 - 기타,안전운전불이행,포장 - 건조,맑음,교차로 - 교차로부근,승용,남,52세,상해없음,보행자,여,75세,중상
13721,2019051600100439,2019년 5월 16일 15시,목요일,경기도 고양시 일산서구 덕이동,경상사고,0,0,1,0,차대사람 - 기타,안전운전불이행,포장 - 건조,맑음,단일로 - 기타,승용,여,32세,상해없음,보행자,남,42세,경상
13722,2019051600100456,2019년 5월 16일 16시,목요일,경기도 김포시 풍무동,중상사고,0,1,0,0,차대사람 - 횡단중,안전운전불이행,포장 - 건조,맑음,교차로 - 교차로횡단보도내,승용,여,45세,기타불명,보행자,여,70세,중상
13723,2019051600100458,2019년 5월 16일 16시,목요일,경기도 화성시 봉담읍,중상사고,0,1,0,0,차대사람 - 횡단중,안전운전불이행,포장 - 건조,맑음,단일로 - 기타,승용,남,51세,상해없음,보행자,여,80세,중상
13724,2019051600100501,2019년 5월 16일 17시,목요일,경기도 수원시 장안구 영화동,경상사고,0,0,1,0,차대사람 - 보도통행중,기타,포장 - 건조,맑음,기타 - 기타,개인형이동수단(PM),남,38세,상해없음,보행자,남,61세,경상
13725,2019051600100505,2019년 5월 16일 17시,목요일,경기도 김포시 감정동,경상사고,0,0,1,0,차대사람 - 기타,기타,포장 - 건조,맑음,단일로 - 기타,승합,남,57세,기타불명,보행자,여,83세,경상
13726,2019051600100507,2019년 5월 16일 17시,목요일,경기도 오산시 청학동,경상사고,0,0,1,0,차대사람 - 횡단중,안전운전불이행,포장 - 건조,맑음,교차로 - 교차로부근,승용,여,31세,상해없음,보행자,남,16세,경상
13727,2019051600100512,2019년 5월 16일 17시,목요일,경기도 수원시 권선구 고색동,경상사고,0,0,1,0,차대사람 - 기타,기타,포장 - 건조,맑음,단일로 - 기타,승합,남,47세,상해없음,보행자,남,31세,경상
13728,2019051600100554,2019년 5월 16일 18시,목요일,경기도 안양시 동안구 호계동,중상사고,0,1,0,0,차대사람 - 횡단중,보행자보호의무위반,포장 - 건조,맑음,기타 - 기타,승용,여,47세,상해없음,보행자,남,55세,중상
13729,2019051600100556,2019년 5월 16일 18시,목요일,경기도 오산시 궐동,경상사고,0,0,1,0,차대사람 - 길가장자리구역통행중,안전운전불이행,포장 - 건조,맑음,단일로 - 기타,승용,남,31세,상해없음,보행자,남,39세,경상
13730,2019051600100560,2019년 5월 16일 18시,목요일,경기도 수원시 영통구 이의동,경상사고,0,0,1,0,차대사람 - 기타,안전운전불이행,포장 - 건조,맑음,기타 - 기타,자전거,남,52세,상해없음,보행자,남,39세,경상
13731,2019051600100593,2019년 5월 16일 18시,목요일,경기도 고양시 덕양구 성사동,중상사고,0,1,0,0,차대사람 - 횡단중,안전운전불이행,포장 - 기타,맑음,교차로 - 교차로안,화물,남,65세,상해없음,보행자,여,65세,중상
13732,2019051600100605,2019년 5월 16일 19시,목요일,경기도 수원시 팔달구 인계동,경상사고,0,0,1,0,차대사람 - 차도통행중,안전운전불이행,포장 - 건조,맑음,교차로 - 교차로부근,승용,남,38세,상해없음,보행자,남,46세,경상
13733,2019051600100658,2019년 5월 16일 20시,목요일,경기도 남양주시 평내동,경상사고,0,0,1,0,차대사람 - 차도통행중,안전운전불이행,포장 - 건조,맑음,단일로 - 기타,승용,남,23세,상해없음,보행자,여,67세,경상
13734,2019051600100713,2019년 5월 16일 22시,목요일,경기도 의정부시 민락동,경상사고,0,0,1,0,차대사람 - 기타,안전운전불이행,포장 - 건조,맑음,단일로 - 기타,승용,남,54세,상해없음,보행자,남,36세,경상
13735,2019051700100089,2019년 5월 17일 06시,금요일,경기도 고양시 일산서구 주엽동,중상사고,0,1,0,0,차대사람 - 횡단중,안전운전불이행,포장 - 건조,맑음,교차로 - 교차로횡단보도내,승용,남,55세,상해없음,보행자,남,44세,중상
13736,2019051700100101,2019년 5월 17일 07시,금요일,경기도 화성시 우정읍,경상사고,0,0,2,0,차대사람 - 기타,기타,포장 - 건조,맑음,단일로 - 기타,승용,남,60세,상해없음,보행자,여,13세,경상
13737,2019051700100136,2019년 5월 17일 08시,금요일,경기도 안산시 단원구 원곡동,중상사고,0,1,0,0,차대사람 - 차도통행중,안전운전불이행,포장 - 건조,맑음,단일로 - 기타,승용,남,57세,상해없음,보행자,여,26세,중상
13738,2019051700100167,2019년 5월 17일 08시,금요일,경기도 포천시 동교동,경상사고,0,0,1,0,차대사람 - 기타,안전운전불이행,포장 - 건조,맑음,단일로 - 기타,승용,남,73세,상해없음,보행자,남,49세,경상
13739,2019051700100193,2019년 5월 17일 09시,금요일,경기도 파주시 금촌동,중상사고,0,1,0,0,차대사람 - 횡단중,보행자보호의무위반,포장 - 건조,맑음,교차로 - 교차로안,승용,남,25세,상해없음,보행자,여,45세,중상
13740,2019051700100208,2019년 5월 17일 10시,금요일,경기도 안산시 상록구 사사동,경상사고,0,0,1,0,차대사람 - 기타,안전운전불이행,포장 - 건조,맑음,단일로 - 기타,승용,여,46세,상해없음,보행자,남,60세,경상
13741,2019051700100209,2019년 5월 17일 10시,금요일,경기도 화성시 봉담읍,중상사고,0,1,0,0,차대사람 - 차도통행중,안전운전불이행,포장 - 건조,맑음,단일로 - 기타,승용,여,33세,상해없음,보행자,여,65세,중상
13742,2019051700100254,2019년 5월 17일 11시,금요일,경기도 남양주시 진건읍,경상사고,0,0,1,0,차대사람 - 기타,안전운전불이행,포장 - 건조,맑음,단일로 - 기타,화물,남,72세,상해없음,보행자,남,33세,경상
13743,2019051700100297,2019년 5월 17일 13시,금요일,경기도 광주시 태전동,경상사고,0,0,1,0,차대사람 - 기타,안전운전불이행,포장 - 기타,기타,기타 - 기타,승용,여,46세,기타불명,보행자,남,53세,경상
13744,2019051700100298,2019년 5월 17일 13시,금요일,경기도 용인시 기흥구 신갈동,경상사고,0,0,1,0,차대사람 - 횡단중,안전운전불이행,포장 - 건조,맑음,교차로 - 교차로안,기타불명,기타불명,미분류,기타불명,보행자,남,47세,경상
13745,2019051700100299,2019년 5월 17일 13시,금요일,경기도 부천시 소사본동,중상사고,0,1,0,0,차대사람 - 횡단중,보행자보호의무위반,포장 - 건조,맑음,교차로 - 교차로안,화물,남,61세,상해없음,보행자,여,12세,중상
13746,2019051700100301,2019년 5월 17일 13시,금요일,경기도 안산시 상록구 사동,경상사고,0,0,1,0,차대사람 - 차도통행중,안전운전불이행,포장 - 건조,맑음,단일로 - 기타,승합,남,62세,상해없음,보행자,여,21세,경상
13747,2019051700100330,2019년 5월 17일 13시,금요일,경기도 구리시 갈매동,중상사고,0,1,0,0,차대사람 - 차도통행중,보행자보호의무위반,포장 - 건조,맑음,단일로 - 기타,화물,남,34세,상해없음,보행자,여,71세,중상
13748,2019051700100364,2019년 5월 17일 14시,금요일,경기도 양주시 남방동,중상사고,0,1,0,0,차대사람 - 기타,안전운전불이행,포장 - 건조,맑음,단일로 - 기타,기타불명,기타불명,미분류,기타불명,보행자,여,28세,중상
13749,2019051700100376,2019년 5월 17일 15시,금요일,경기도 수원시 팔달구 지동,중상사고,0,1,0,0,차대사람 - 기타,기타,포장 - 건조,맑음,단일로 - 기타,승합,남,49세,상해없음,보행자,여,81세,중상
13750,2019051700100410,2019년 5월 17일 16시,금요일,경기도 김포시 구래동,경상사고,0,0,1,0,차대사람 - 보도통행중,기타,포장 - 건조,맑음,기타 - 기타,화물,남,65세,상해없음,보행자,여,45세,경상
13751,2019051700100411,2019년 5월 17일 16시,금요일,경기도 광명시 광명동,경상사고,0,0,1,0,차대사람 - 보도통행중,기타,포장 - 건조,맑음,단일로 - 기타,승합,남,70세,상해없음,보행자,남,70세,경상
13752,2019051700100415,2019년 5월 17일 16시,금요일,경기도 부천시 내동,중상사고,0,1,0,0,차대사람 - 횡단중,안전운전불이행,포장 - 건조,맑음,단일로 - 기타,화물,남,25세,상해없음,보행자,여,69세,중상
13753,2019051700100416,2019년 5월 17일 16시,금요일,경기도 화성시 반송동,경상사고,0,0,1,0,차대사람 - 횡단중,안전운전불이행,포장 - 건조,맑음,단일로 - 기타,기타불명,기타불명,미분류,기타불명,보행자,남,12세,경상
13754,2019051700100459,2019년 5월 17일 17시,금요일,경기도 수원시 권선구 세류동,중상사고,0,1,0,0,차대사람 - 횡단중,안전운전불이행,포장 - 건조,맑음,단일로 - 기타,승용,여,54세,상해없음,보행자,여,7세,중상
13755,2019051700100460,2019년 5월 17일 17시,금요일,경기도 수원시 영통구 영통동,경상사고,0,0,1,0,차대사람 - 보도통행중,보행자보호의무위반,포장 - 건조,맑음,교차로 - 교차로횡단보도내,승용,여,72세,상해없음,보행자,남,16세,경상
13756,2019051700100463,2019년 5월 17일 17시,금요일,경기도 하남시 신장동,경상사고,0,0,1,0,차대사람 - 기타,안전운전불이행,포장 - 건조,맑음,단일로 - 기타,자전거,남,49세,상해없음,보행자,남,3세,경상
13757,2019051700100491,2019년 5월 17일 17시,금요일,경기도 고양시 덕양구 주교동,경상사고,0,0,1,0,차대사람 - 차도통행중,안전운전불이행,포장 - 건조,맑음,교차로 - 교차로안,승용,여,53세,상해없음,보행자,남,73세,경상
13758,2019051700100493,2019년 5월 17일 17시,금요일,경기도 고양시 일산서구 일산동,부상신고사고,0,0,0,1,차대사람 - 횡단중,안전운전불이행,포장 - 건조,맑음,교차로 - 교차로부근,기타불명,기타불명,미분류,기타불명,보행자,남,12세,부상신고
13759,2019051700100494,2019년 5월 17일 17시,금요일,경기도 고양시 일산서구 대화동,경상사고,0,0,1,0,차대사람 - 기타,안전운전불이행,포장 - 건조,맑음,단일로 - 기타,화물,남,50세,상해없음,보행자,남,39세,경상
13760,2019051700100506,2019년 5월 17일 18시,금요일,경기도 평택시 비전동,경상사고,0,0,1,0,차대사람 - 기타,안전운전불이행,포장 - 건조,맑음,교차로 - 교차로부근,승용,남,48세,상해없음,보행자,여,11세,경상
13761,2019051700100512,2019년 5월 17일 18시,금요일,경기도 안양시 만안구 안양동,경상사고,0,0,1,0,차대사람 - 기타,안전운전불이행,포장 - 건조,맑음,단일로 - 기타,승용,남,69세,상해없음,보행자,여,17세,경상
13762,2019051700100545,2019년 5월 17일 18시,금요일,경기도 고양시 일산동구 마두동,부상신고사고,0,0,0,1,차대사람 - 기타,안전운전불이행,포장 - 건조,맑음,교차로 - 교차로안,승용,남,71세,상해없음,보행자,남,40세,부상신고
13763,2019051700100547,2019년 5월 17일 18시,금요일,경기도 구리시 인창동,중상사고,0,1,0,0,차대사람 - 횡단중,보행자보호의무위반,포장 - 건조,맑음,단일로 - 기타,승용,여,43세,상해없음,보행자,여,8세,중상
13764,2019051700100561,2019년 5월 17일 19시,금요일,경기도 하남시 신장동,경상사고,0,0,1,0,차대사람 - 기타,안전운전불이행,포장 - 건조,맑음,단일로 - 기타,승용,남,52세,상해없음,보행자,남,33세,경상
13765,2019051700100590,2019년 5월 17일 19시,금요일,경기도 의정부시 가능동,중상사고,0,1,0,0,차대사람 - 보도통행중,보행자보호의무위반,포장 - 건조,맑음,교차로 - 교차로부근,승용,여,58세,상해없음,보행자,남,50세,중상
13766,2019051700100592,2019년 5월 17일 19시,금요일,경기도 고양시 일산동구 마두동,부상신고사고,0,0,0,1,차대사람 - 기타,안전운전불이행,포장 - 건조,맑음,교차로 - 교차로안,승용,남,39세,상해없음,보행자,남,54세,부상신고
13767,2019051700100642,2019년 5월 17일 21시,금요일,경기도 광명시 소하동,경상사고,0,0,1,0,차대사람 - 기타,안전운전불이행,포장 - 건조,맑음,단일로 - 기타,승용,남,29세,상해없음,보행자,남,47세,경상
13768,2019051700100645,2019년 5월 17일 21시,금요일,경기도 수원시 팔달구 매산로2가,경상사고,0,0,1,0,차대사람 - 기타,기타,포장 - 건조,맑음,단일로 - 기타,승합,남,57세,상해없음,보행자,남,72세,경상
13769,2019051700100696,2019년 5월 17일 22시,금요일,경기도 남양주시 진접읍,중상사고,0,1,1,0,차대사람 - 횡단중,안전운전불이행,포장 - 건조,맑음,단일로 - 기타,자전거,남,21세,경상,보행자,남,15세,중상
13770,2019051700100697,2019년 5월 17일 22시,금요일,경기도 양주시 광사동,중상사고,0,1,0,0,차대사람 - 횡단중,안전운전불이행,포장 - 건조,맑음,기타 - 기타,승용,남,68세,상해없음,보행자,여,26세,중상
13771,2019051800100121,2019년 5월 18일 04시,토요일,경기도 시흥시 대야동,중상사고,0,1,0,0,차대사람 - 횡단중,신호위반,포장 - 건조,맑음,교차로 - 교차로안,승용,남,48세,상해없음,보행자,여,21세,중상
13772,2019051800100191,2019년 5월 18일 09시,토요일,경기도 용인시 수지구 죽전동,중상사고,0,1,0,0,차대사람 - 차도통행중,안전운전불이행,포장 - 건조,맑음,교차로 - 교차로안,승용,남,69세,상해없음,보행자,여,74세,중상
13773,2019051800100251,2019년 5월 18일 10시,토요일,경기도 구리시 수택동,경상사고,0,0,1,0,차대사람 - 횡단중,보행자보호의무위반,포장 - 건조,맑음,교차로 - 교차로횡단보도내,승용,남,48세,상해없음,보행자,남,57세,경상
13774,2019051800100301,2019년 5월 18일 12시,토요일,경기도 수원시 팔달구 우만동,중상사고,0,1,0,0,차대사람 - 기타,보행자보호의무위반,포장 - 건조,맑음,교차로 - 교차로안,승용,남,73세,상해없음,보행자,남,62세,중상
13775,2019051800100303,2019년 5월 18일 12시,토요일,경기도 오산시 원동,중상사고,0,1,0,0,차대사람 - 기타,안전운전불이행,포장 - 건조,맑음,단일로 - 기타,승용,여,65세,상해없음,보행자,여,66세,중상
13776,2019051800100349,2019년 5월 18일 13시,토요일,경기도 안성시 공도읍,경상사고,0,0,1,0,차대사람 - 기타,안전운전불이행,포장 - 건조,맑음,단일로 - 기타,승용,여,63세,상해없음,보행자,여,6세,경상
13777,2019051800100394,2019년 5월 18일 14시,토요일,경기도 광명시 광명동,경상사고,0,0,1,0,차대사람 - 기타,안전운전불이행,포장 - 건조,맑음,단일로 - 기타,화물,남,76세,상해없음,보행자,남,9세,경상
13778,2019051800100424,2019년 5월 18일 15시,토요일,경기도 수원시 팔달구 화서동,경상사고,0,0,1,0,차대사람 - 기타,안전운전불이행,포장 - 건조,맑음,단일로 - 기타,화물,남,61세,상해없음,보행자,남,75세,경상
13779,2019051800100460,2019년 5월 18일 16시,토요일,경기도 광주시 오포읍,경상사고,0,0,1,0,차대사람 - 횡단중,보행자보호의무위반,포장 - 건조,맑음,단일로 - 기타,이륜,남,44세,상해없음,보행자,여,13세,경상
13780,2019051800100464,2019년 5월 18일 16시,토요일,경기도 시흥시 장현동,경상사고,0,0,1,0,차대사람 - 기타,안전운전불이행,포장 - 건조,맑음,단일로 - 기타,승합,남,46세,상해없음,보행자,여,46세,경상
13781,2019051800100497,2019년 5월 18일 17시,토요일,경기도 김포시 장기동,중상사고,0,1,0,0,차대사람 - 횡단중,신호위반,포장 - 건조,맑음,교차로 - 교차로부근,승용,여,54세,상해없음,보행자,여,6세,중상
13782,2019051800100498,2019년 5월 18일 17시,토요일,경기도 성남시 분당구 야탑동,경상사고,0,0,1,0,차대사람 - 기타,보행자보호의무위반,포장 - 건조,맑음,교차로 - 교차로부근,승용,여,41세,상해없음,보행자,남,57세,경상
13783,2019051800100525,2019년 5월 18일 17시,토요일,경기도 고양시 일산서구 대화동,경상사고,0,0,1,0,차대사람 - 횡단중,신호위반,포장 - 건조,맑음,교차로 - 교차로안,화물,남,63세,상해없음,보행자,여,11세,경상
13784,2019051800100569,2019년 5월 18일 19시,토요일,경기도 안양시 동안구 비산동,경상사고,0,0,1,0,차대사람 - 기타,안전운전불이행,포장 - 건조,맑음,단일로 - 기타,자전거,남,15세,상해없음,보행자,남,4세,경상
13785,2019051800100572,2019년 5월 18일 19시,토요일,경기도 성남시 중원구 성남동,중상사고,0,1,0,0,차대사람 - 기타,안전운전불이행,포장 - 건조,맑음,단일로 - 기타,승용,여,45세,상해없음,보행자,여,64세,중상
13786,2019051800100601,2019년 5월 18일 20시,토요일,경기도 오산시 오산동,경상사고,0,0,1,0,차대사람 - 횡단중,안전운전불이행,포장 - 젖음/습기,흐림,교차로 - 교차로안,승합,남,62세,상해없음,보행자,남,53세,경상
13787,2019051800100622,2019년 5월 18일 20시,토요일,경기도 파주시 탄현면,경상사고,0,0,1,0,차대사람 - 기타,안전운전불이행,포장 - 건조,맑음,단일로 - 기타,승용,여,37세,상해없음,보행자,남,88세,경상
13788,2019051800100627,2019년 5월 18일 21시,토요일,경기도 여주시 능서면,중상사고,0,1,0,0,차대사람 - 횡단중,안전운전불이행,포장 - 건조,맑음,단일로 - 기타,승용,남,28세,상해없음,보행자,남,56세,중상
13789,2019051800100628,2019년 5월 18일 21시,토요일,경기도 부천시 소사본동,중상사고,0,1,0,0,차대사람 - 보도통행중,보행자보호의무위반,포장 - 건조,맑음,교차로 - 교차로횡단보도내,승용,여,49세,상해없음,보행자,남,72세,중상
13790,2019051800100629,2019년 5월 18일 21시,토요일,경기도 광명시 철산동,경상사고,0,0,1,0,차대사람 - 차도통행중,안전운전불이행,포장 - 건조,맑음,단일로 - 기타,이륜,남,38세,상해없음,보행자,남,21세,경상
13791,2019051800100654,2019년 5월 18일 22시,토요일,경기도 부천시 심곡동,중상사고,0,1,1,0,차대사람 - 기타,안전운전불이행,포장 - 건조,맑음,단일로 - 기타,승용,남,43세,상해없음,보행자,남,46세,중상
13792,2019051800100655,2019년 5월 18일 22시,토요일,경기도 안산시 단원구 신길동,중상사고,0,1,1,0,차대사람 - 횡단중,안전운전불이행,포장 - 건조,맑음,교차로 - 교차로안,승용,남,46세,상해없음,보행자,여,18세,중상
13793,2019051800100657,2019년 5월 18일 22시,토요일,경기도 시흥시 거모동,경상사고,0,0,1,0,차대사람 - 횡단중,보행자보호의무위반,포장 - 건조,맑음,교차로 - 교차로부근,승용,남,63세,상해없음,보행자,남,57세,경상
13794,2019051900100028,2019년 5월 19일 00시,일요일,경기도 광주시 곤지암읍,사망사고,1,0,0,0,차대사람 - 횡단중,안전운전불이행,포장 - 건조,맑음,단일로 - 기타,승용,남,55세,상해없음,보행자,남,55세,사망
13795,2019051900100031,2019년 5월 19일 00시,일요일,경기도 성남시 분당구 구미동,경상사고,0,0,1,0,차대사람 - 기타,과속,포장 - 건조,맑음,교차로 - 교차로횡단보도내,이륜,남,27세,상해없음,보행자,남,52세,경상
13796,2019051900100094,2019년 5월 19일 05시,일요일,경기도 부천시 심곡동,경상사고,0,0,1,0,차대사람 - 기타,기타,포장 - 젖음/습기,흐림,교차로 - 교차로부근,승용,남,58세,상해없음,보행자,남,61세,경상
13797,2019051900100150,2019년 5월 19일 09시,일요일,경기도 양평군 양동면,경상사고,0,0,1,0,차대사람 - 기타,안전운전불이행,포장 - 건조,맑음,주차장 - 주차장,승용,남,57세,상해없음,보행자,남,39세,경상
13798,2019051900100163,2019년 5월 19일 10시,일요일,경기도 평택시 군문동,경상사고,0,0,1,0,차대사람 - 기타,안전운전불이행,포장 - 젖음/습기,비,단일로 - 기타,승합,남,71세,상해없음,보행자,남,41세,경상
13799,2019051900100165,2019년 5월 19일 10시,일요일,경기도 화성시 병점동,경상사고,0,0,1,0,차대사람 - 횡단중,안전운전불이행,포장 - 젖음/습기,비,단일로 - 터널,승용,남,32세,상해없음,보행자,남,68세,경상
13800,2019051900100188,2019년 5월 19일 11시,일요일,경기도 평택시 지산동,중상사고,0,1,0,0,차대사람 - 차도통행중,안전운전불이행,포장 - 건조,맑음,단일로 - 기타,화물,남,58세,상해없음,보행자,여,88세,중상
13801,2019051900100189,2019년 5월 19일 11시,일요일,경기도 부천시 춘의동,중상사고,0,1,0,0,차대사람 - 기타,안전운전불이행,포장 - 젖음/습기,흐림,교차로 - 교차로부근,화물,남,30세,상해없음,보행자,여,52세,중상
13802,2019051900100242,2019년 5월 19일 13시,일요일,경기도 의왕시 청계동,중상사고,0,1,0,0,차대사람 - 차도통행중,교차로운행방법위반,포장 - 젖음/습기,흐림,교차로 - 교차로안,승용,여,46세,상해없음,보행자,여,77세,중상
13803,2019051900100260,2019년 5월 19일 14시,일요일,경기도 오산시 원동,경상사고,0,0,1,0,차대사람 - 차도통행중,안전운전불이행,포장 - 젖음/습기,비,단일로 - 기타,승용,여,47세,상해없음,보행자,여,44세,경상
13804,2019051900100261,2019년 5월 19일 14시,일요일,경기도 부천시 원미동,경상사고,0,0,1,0,차대사람 - 횡단중,안전운전불이행,포장 - 젖음/습기,비,교차로 - 교차로안,승용,남,46세,상해없음,보행자,여,49세,경상
13805,2019051900100303,2019년 5월 19일 15시,일요일,경기도 이천시 장호원읍,중상사고,0,1,0,0,차대사람 - 횡단중,안전운전불이행,포장 - 젖음/습기,비,교차로 - 교차로횡단보도내,화물,남,49세,상해없음,보행자,여,45세,중상
13806,2019051900100336,2019년 5월 19일 16시,일요일,경기도 부천시 송내동,중상사고,0,1,0,0,차대사람 - 기타,교차로운행방법위반,포장 - 젖음/습기,비,교차로 - 교차로안,승용,남,64세,상해없음,보행자,여,58세,중상
13807,2019051900100452,2019년 5월 19일 19시,일요일,경기도 안산시 상록구 월피동,중상사고,0,1,0,1,차대사람 - 차도통행중,안전운전불이행,포장 - 젖음/습기,비,교차로 - 교차로안,이륜,남,16세,부상신고,보행자,여,66세,중상
13808,2019051900100489,2019년 5월 19일 20시,일요일,경기도 안양시 동안구 호계동,경상사고,0,0,1,0,차대사람 - 기타,안전운전불이행,포장 - 젖음/습기,비,단일로 - 기타,기타불명,기타불명,미분류,기타불명,보행자,남,56세,경상
13809,2019051900100515,2019년 5월 19일 20시,일요일,경기도 남양주시 진접읍,경상사고,0,0,1,0,차대사람 - 기타,안전운전불이행,포장 - 젖음/습기,비,단일로 - 기타,승용,남,37세,상해없음,보행자,여,62세,경상
13810,2019051900100526,2019년 5월 19일 21시,일요일,경기도 수원시 장안구 율전동,경상사고,0,0,2,0,차대사람 - 기타,안전운전불이행,포장 - 건조,맑음,단일로 - 기타,화물,남,40세,상해없음,보행자,남,55세,경상
13811,2019051900100529,2019년 5월 19일 21시,일요일,경기도 안산시 상록구 이동,중상사고,0,1,0,0,차대사람 - 횡단중,안전운전불이행,포장 - 건조,맑음,단일로 - 기타,승용,남,43세,기타불명,보행자,남,50세,중상
13812,2019051900100553,2019년 5월 19일 21시,일요일,경기도 남양주시 진접읍,사망사고,1,0,0,0,차대사람 - 기타,안전운전불이행,포장 - 젖음/습기,흐림,단일로 - 기타,화물,남,44세,상해없음,보행자,남,55세,사망
13813,2019051900100582,2019년 5월 19일 23시,일요일,경기도 성남시 수정구 신흥동,중상사고,0,1,0,0,차대사람 - 기타,안전운전불이행,포장 - 기타,맑음,단일로 - 기타,승용,여,21세,상해없음,보행자,남,50세,중상
13814,2019052000100034,2019년 5월 20일 00시,월요일,경기도 고양시 일산동구 백석동,중상사고,0,1,0,0,차대사람 - 기타,안전운전불이행,포장 - 건조,맑음,교차로 - 교차로횡단보도내,승용,남,26세,상해없음,보행자,여,71세,중상
13815,2019052000100050,2019년 5월 20일 03시,월요일,경기도 수원시 팔달구 인계동,경상사고,0,0,1,0,차대사람 - 기타,안전운전불이행,포장 - 젖음/습기,비,교차로 - 교차로부근,승용,남,28세,상해없음,보행자,남,45세,경상
13816,2019052000100104,2019년 5월 20일 07시,월요일,경기도 포천시 소흘읍,경상사고,0,0,1,0,차대사람 - 횡단중,안전운전불이행,포장 - 건조,흐림,단일로 - 기타,승용,남,52세,상해없음,보행자,남,7세,경상
13817,2019052000100115,2019년 5월 20일 08시,월요일,경기도 수원시 장안구 조원동,경상사고,0,0,1,0,차대사람 - 기타,기타,포장 - 건조,맑음,단일로 - 기타,자전거,남,14세,상해없음,보행자,남,8세,경상
13818,2019052000100120,2019년 5월 20일 08시,월요일,경기도 부천시 송내동,경상사고,0,0,1,0,차대사람 - 기타,보행자보호의무위반,포장 - 건조,맑음,교차로 - 교차로부근,승용,여,38세,상해없음,보행자,남,11세,경상