,사고번호,사고일시,요일,시군구,사고내용,사망자수,중상자수,경상자수,부상신고자수,사고유형,법규위반,노면상태,기상상태,도로형태,가해운전자 차종,가해운전자 성별,가해운전자 연령,가해운전자 상해정도,피해운전자 차종,피해운전자 성별,피해운전자 연령,피해운전자 상해정도
13819,2019052000100124,2019년 5월 20일 08시,월요일,경기도 안산시 단원구 초지동,중상사고,0,1,0,0,차대사람 - 기타,안전운전불이행,포장 - 건조,맑음,기타 - 기타,건설기계,남,45세,상해없음,보행자,남,63세,중상
13820,2019052000100125,2019년 5월 20일 08시,월요일,경기도 안산시 단원구 고잔동,경상사고,0,0,1,0,차대사람 - 기타,안전운전불이행,포장 - 건조,맑음,교차로 - 교차로안,승용,여,38세,상해없음,보행자,남,17세,경상
13821,2019052000100126,2019년 5월 20일 08시,월요일,경기도 성남시 분당구 정자동,중상사고,0,1,0,0,차대사람 - 기타,기타,포장 - 건조,맑음,단일로 - 기타,승합,남,56세,상해없음,보행자,여,61세,중상
13822,2019052000100129,2019년 5월 20일 08시,월요일,경기도 화성시 청계동,경상사고,0,0,1,0,차대사람 - 횡단중,보행자보호의무위반,포장 - 건조,맑음,교차로 - 교차로안,승용,남,33세,상해없음,보행자,여,16세,경상
13823,2019052000100151,2019년 5월 20일 08시,월요일,경기도 구리시 인창동,경상사고,0,0,1,0,차대사람 - 차도통행중,보행자보호의무위반,포장 - 건조,맑음,단일로 - 기타,승용,여,56세,상해없음,보행자,여,10세,경상
13824,2019052000100152,2019년 5월 20일 08시,월요일,경기도 구리시 수택동,경상사고,0,0,1,0,차대사람 - 차도통행중,안전운전불이행,포장 - 건조,맑음,단일로 - 기타,승용,남,25세,상해없음,보행자,남,7세,경상
13825,2019052000100159,2019년 5월 20일 09시,월요일,경기도 용인시 처인구 원삼면,부상신고사고,0,0,0,1,차대사람 - 기타,안전운전불이행,포장 - 건조,맑음,단일로 - 기타,승용,남,53세,상해없음,보행자,여,80세,부상신고
13826,2019052000100161,2019년 5월 20일 09시,월요일,경기도 시흥시 정왕동,중상사고,0,1,0,0,차대사람 - 기타,안전운전불이행,포장 - 건조,맑음,단일로 - 기타,화물,남,52세,상해없음,보행자,여,86세,중상
13827,2019052000100191,2019년 5월 20일 09시,월요일,경기도 의정부시 호원동,중상사고,0,1,0,0,차대사람 - 횡단중,안전운전불이행,포장 - 건조,맑음,단일로 - 기타,승용,여,30세,상해없음,보행자,여,82세,중상
13828,2019052000100193,2019년 5월 20일 09시,월요일,경기도 구리시 인창동,중상사고,0,1,0,0,차대사람 - 차도통행중,안전운전불이행,포장 - 건조,맑음,교차로 - 교차로안,승용,여,33세,상해없음,보행자,남,5세,중상
13829,2019052000100203,2019년 5월 20일 10시,월요일,경기도 시흥시 계수동,중상사고,0,1,0,0,차대사람 - 기타,안전운전불이행,포장 - 건조,맑음,교차로 - 교차로부근,화물,남,48세,상해없음,보행자,여,60세,중상
13830,2019052000100240,2019년 5월 20일 11시,월요일,경기도 의왕시 내손동,사망사고,1,0,0,0,차대사람 - 횡단중,안전운전불이행,포장 - 건조,맑음,교차로 - 교차로횡단보도내,화물,남,29세,상해없음,보행자,남,90세 이상,사망
13831,2019052000100298,2019년 5월 20일 13시,월요일,경기도 평택시 평택동,경상사고,0,0,1,0,차대사람 - 기타,안전운전불이행,포장 - 건조,맑음,기타 - 기타,승용,여,53세,상해없음,보행자,여,77세,경상
13832,2019052000100301,2019년 5월 20일 13시,월요일,경기도 오산시 원동,경상사고,0,0,1,0,차대사람 - 기타,안전운전불이행,포장 - 건조,맑음,기타 - 기타,승용,남,64세,상해없음,보행자,여,50세,경상
13833,2019052000100374,2019년 5월 20일 15시,월요일,경기도 성남시 수정구 수진동,경상사고,0,0,1,0,차대사람 - 보도통행중,보행자보호의무위반,포장 - 건조,맑음,교차로 - 교차로횡단보도내,화물,남,45세,상해없음,보행자,여,8세,경상
13834,2019052000100414,2019년 5월 20일 16시,월요일,경기도 평택시 지산동,중상사고,0,1,0,0,차대사람 - 기타,안전운전불이행,포장 - 건조,맑음,단일로 - 기타,승용,남,28세,상해없음,보행자,남,66세,중상
13835,2019052000100418,2019년 5월 20일 16시,월요일,경기도 부천시 괴안동,중상사고,0,1,0,0,차대사람 - 횡단중,신호위반,포장 - 건조,맑음,교차로 - 교차로횡단보도내,승용,남,69세,상해없음,보행자,남,57세,중상
13836,2019052000100428,2019년 5월 20일 16시,월요일,경기도 화성시 산척동,경상사고,0,0,1,0,차대사람 - 차도통행중,안전운전불이행,포장 - 건조,맑음,교차로 - 교차로안,승용,여,38세,상해없음,보행자,남,12세,경상
13837,2019052000100468,2019년 5월 20일 16시,월요일,경기도 동두천시 보산동,중상사고,0,1,0,0,차대사람 - 횡단중,안전운전불이행,포장 - 건조,맑음,단일로 - 기타,승용,남,78세,상해없음,보행자,여,78세,중상
13838,2019052000100469,2019년 5월 20일 16시,월요일,경기도 구리시 수택동,부상신고사고,0,0,0,1,차대사람 - 차도통행중,안전운전불이행,포장 - 건조,맑음,단일로 - 기타,승용,남,35세,기타불명,보행자,여,17세,부상신고
13839,2019052000100483,2019년 5월 20일 17시,월요일,경기도 평택시 세교동,부상신고사고,0,0,0,1,차대사람 - 기타,안전운전불이행,포장 - 건조,맑음,교차로 - 교차로횡단보도내,기타불명,기타불명,미분류,기타불명,보행자,여,9세,부상신고
13840,2019052000100487,2019년 5월 20일 17시,월요일,경기도 여주시 점봉동,중상사고,0,1,0,0,차대사람 - 기타,안전운전불이행,포장 - 건조,맑음,주차장 - 주차장,승용,남,64세,상해없음,보행자,남,51세,중상
13841,2019052000100494,2019년 5월 20일 17시,월요일,경기도 시흥시 거모동,중상사고,0,1,0,0,차대사람 - 횡단중,중앙선침범,포장 - 건조,맑음,단일로 - 기타,이륜,남,51세,상해없음,보행자,여,69세,중상
13842,2019052000100540,2019년 5월 20일 18시,월요일,경기도 안산시 단원구 목내동,중상사고,0,1,0,0,차대사람 - 횡단중,안전운전불이행,포장 - 건조,맑음,교차로 - 교차로횡단보도내,화물,남,59세,상해없음,보행자,남,64세,중상
13843,2019052000100584,2019년 5월 20일 19시,월요일,경기도 부천시 소사본동,경상사고,0,0,1,0,차대사람 - 횡단중,보행자보호의무위반,포장 - 건조,맑음,교차로 - 교차로부근,승용,남,49세,기타불명,보행자,여,25세,경상
13844,2019052000100618,2019년 5월 20일 20시,월요일,경기도 수원시 영통구 매탄동,경상사고,0,0,1,0,차대사람 - 차도통행중,안전운전불이행,포장 - 건조,맑음,주차장 - 주차장,승용,남,27세,기타불명,보행자,남,16세,경상
13845,2019052000100638,2019년 5월 20일 20시,월요일,경기도 남양주시 화도읍,경상사고,0,0,1,0,차대사람 - 횡단중,안전운전불이행,포장 - 건조,맑음,교차로 - 교차로부근,화물,남,53세,상해없음,보행자,여,77세,경상
13846,2019052000100644,2019년 5월 20일 21시,월요일,경기도 안양시 동안구 관양동,경상사고,0,0,1,0,차대사람 - 차도통행중,안전운전불이행,포장 - 건조,맑음,교차로 - 교차로부근,승합,남,69세,상해없음,보행자,남,33세,경상
13847,2019052000100667,2019년 5월 20일 22시,월요일,경기도 부천시 중동,경상사고,0,0,1,0,차대사람 - 보도통행중,기타,포장 - 건조,맑음,단일로 - 기타,자전거,남,25세,상해없음,보행자,여,39세,경상
13848,2019052000100668,2019년 5월 20일 22시,월요일,경기도 광명시 철산동,경상사고,0,0,1,0,차대사람 - 기타,안전운전불이행,포장 - 건조,맑음,단일로 - 기타,승용,남,22세,상해없음,보행자,남,51세,경상
13849,2019052000100670,2019년 5월 20일 22시,월요일,경기도 성남시 분당구 정자동,경상사고,0,0,1,0,차대사람 - 기타,안전운전불이행,포장 - 건조,맑음,기타 - 기타,자전거,여,23세,상해없음,보행자,여,64세,경상
13850,2019052000100671,2019년 5월 20일 22시,월요일,경기도 시흥시 정왕동,경상사고,0,0,1,0,차대사람 - 차도통행중,안전운전불이행,포장 - 건조,맑음,교차로 - 교차로안,승합,남,25세,상해없음,보행자,남,17세,경상
13851,2019052000100695,2019년 5월 20일 23시,월요일,경기도 광주시 중대동,경상사고,0,0,1,0,차대사람 - 기타,안전운전불이행,포장 - 건조,맑음,교차로 - 교차로부근,승용,남,54세,상해없음,보행자,여,27세,경상
13852,2019052100100080,2019년 5월 21일 04시,화요일,경기도 의정부시 의정부동,경상사고,0,0,1,0,차대사람 - 횡단중,안전운전불이행,포장 - 건조,맑음,단일로 - 기타,화물,남,60세,상해없음,보행자,남,24세,경상
13853,2019052100100113,2019년 5월 21일 07시,화요일,경기도 안산시 상록구 이동,경상사고,0,0,1,0,차대사람 - 기타,안전운전불이행,포장 - 건조,맑음,주차장 - 주차장,화물,남,58세,상해없음,보행자,남,57세,경상
13854,2019052100100115,2019년 5월 21일 07시,화요일,경기도 화성시 청계동,중상사고,0,1,0,0,차대사람 - 기타,보행자보호의무위반,포장 - 건조,맑음,교차로 - 교차로횡단보도내,승용,남,55세,상해없음,보행자,여,61세,중상
13855,2019052100100148,2019년 5월 21일 08시,화요일,경기도 안양시 만안구 석수동,경상사고,0,0,1,0,차대사람 - 횡단중,안전운전불이행,포장 - 건조,맑음,단일로 - 기타,승합,남,57세,상해없음,보행자,여,15세,경상
13856,2019052100100192,2019년 5월 21일 08시,화요일,경기도 고양시 덕양구 성사동,경상사고,0,0,1,0,차대사람 - 길가장자리구역통행중,안전운전불이행,포장 - 건조,맑음,단일로 - 기타,승용,남,41세,상해없음,보행자,여,68세,경상
13857,2019052100100232,2019년 5월 21일 09시,화요일,경기도 의정부시 민락동,중상사고,0,1,0,0,차대사람 - 차도통행중,안전운전불이행,포장 - 건조,맑음,교차로 - 교차로안,승용,남,62세,상해없음,보행자,여,32세,중상
13858,2019052100100233,2019년 5월 21일 09시,화요일,경기도 남양주시 퇴계원면,경상사고,0,0,1,0,차대사람 - 횡단중,안전운전불이행,포장 - 건조,맑음,단일로 - 기타,승용,여,45세,상해없음,보행자,남,33세,경상
13859,2019052100100237,2019년 5월 21일 09시,화요일,경기도 포천시 소흘읍,중상사고,0,1,0,0,차대사람 - 기타,안전운전불이행,포장 - 건조,맑음,교차로 - 교차로안,화물,남,57세,상해없음,보행자,여,44세,중상
13860,2019052100100246,2019년 5월 21일 10시,화요일,경기도 안양시 동안구 호계동,중상사고,0,1,0,0,차대사람 - 횡단중,신호위반,포장 - 건조,맑음,기타 - 기타,승용,여,42세,상해없음,보행자,여,73세,중상
13861,2019052100100373,2019년 5월 21일 14시,화요일,경기도 부천시 심곡동,경상사고,0,0,1,0,차대사람 - 기타,안전운전불이행,포장 - 건조,맑음,기타 - 기타,화물,남,38세,상해없음,보행자,남,7세,경상
13862,2019052100100393,2019년 5월 21일 14시,화요일,경기도 화성시 우정읍,중상사고,0,1,0,0,차대사람 - 기타,안전운전불이행,포장 - 건조,맑음,단일로 - 기타,화물,남,42세,상해없음,보행자,남,46세,중상
13863,2019052100100399,2019년 5월 21일 14시,화요일,경기도 파주시 광탄면,중상사고,0,1,0,0,차대사람 - 기타,안전운전불이행,포장 - 건조,맑음,단일로 - 기타,화물,남,66세,상해없음,보행자,남,61세,중상
13864,2019052100100470,2019년 5월 21일 16시,화요일,경기도 파주시 조리읍,경상사고,0,0,1,0,차대사람 - 기타,안전운전불이행,포장 - 건조,맑음,기타 - 기타,자전거,여,18세,상해없음,보행자,여,43세,경상
13865,2019052100100486,2019년 5월 21일 17시,화요일,경기도 수원시 팔달구 우만동,중상사고,0,1,0,0,차대사람 - 횡단중,신호위반,포장 - 건조,맑음,단일로 - 기타,승용,여,59세,상해없음,보행자,남,14세,중상
13866,2019052100100493,2019년 5월 21일 17시,화요일,경기도 광명시 철산동,중상사고,0,1,0,0,차대사람 - 횡단중,안전운전불이행,포장 - 건조,맑음,교차로 - 교차로횡단보도내,승용,남,49세,상해없음,보행자,여,47세,중상
13867,2019052100100625,2019년 5월 21일 19시,화요일,경기도 고양시 덕양구 토당동,중상사고,0,1,0,0,차대사람 - 횡단중,안전운전불이행,포장 - 건조,맑음,교차로 - 교차로안,이륜,남,22세,상해없음,보행자,여,35세,중상
13868,2019052100100634,2019년 5월 21일 20시,화요일,경기도 용인시 기흥구 중동,경상사고,0,0,1,0,차대사람 - 기타,안전운전불이행,포장 - 건조,맑음,단일로 - 기타,이륜,남,16세,상해없음,보행자,여,26세,경상
13869,2019052100100638,2019년 5월 21일 20시,화요일,경기도 시흥시 신천동,중상사고,0,1,0,0,차대사람 - 기타,안전운전불이행,포장 - 건조,맑음,단일로 - 기타,승용,남,60세,상해없음,보행자,남,19세,중상
13870,2019052100100640,2019년 5월 21일 20시,화요일,경기도 안산시 상록구 이동,경상사고,0,0,1,0,차대사람 - 기타,안전운전불이행,포장 - 건조,맑음,단일로 - 기타,화물,남,56세,상해없음,보행자,남,59세,경상
13871,2019052100100693,2019년 5월 21일 21시,화요일,경기도 구리시 수택동,경상사고,0,0,1,0,차대사람 - 기타,안전운전불이행,포장 - 건조,맑음,단일로 - 기타,승용,남,59세,상해없음,보행자,남,25세,경상
13872,2019052100100702,2019년 5월 21일 22시,화요일,경기도 용인시 기흥구 신갈동,중상사고,0,1,0,0,차대사람 - 횡단중,안전운전불이행,포장 - 건조,맑음,교차로 - 교차로횡단보도내,화물,남,40세,상해없음,보행자,남,20세,중상
13873,2019052100100706,2019년 5월 21일 22시,화요일,경기도 수원시 팔달구 매산로1가,중상사고,0,1,0,0,차대사람 - 기타,안전운전불이행,포장 - 건조,맑음,교차로 - 교차로부근,승합,남,41세,상해없음,보행자,여,18세,중상
13874,2019052100100734,2019년 5월 21일 23시,화요일,경기도 김포시 구래동,경상사고,0,0,1,0,차대사람 - 횡단중,보행자보호의무위반,포장 - 건조,맑음,교차로 - 교차로안,승합,남,62세,상해없음,보행자,남,29세,경상
13875,2019052100100736,2019년 5월 21일 23시,화요일,경기도 부천시 상동,중상사고,0,1,0,0,차대사람 - 횡단중,안전운전불이행,포장 - 건조,맑음,기타 - 기타,이륜,남,32세,상해없음,보행자,남,31세,중상
13876,2019052200100027,2019년 5월 22일 00시,수요일,경기도 부천시 소사동,경상사고,0,0,1,0,차대사람 - 횡단중,안전운전불이행,포장 - 건조,맑음,교차로 - 교차로안,승용,남,22세,상해없음,보행자,남,55세,경상
13877,2019052200100028,2019년 5월 22일 00시,수요일,경기도 수원시 권선구 세류동,경상사고,0,0,2,0,차대사람 - 횡단중,신호위반,포장 - 건조,맑음,교차로 - 교차로횡단보도내,승용,남,22세,상해없음,보행자,남,54세,경상
13878,2019052200100052,2019년 5월 22일 02시,수요일,경기도 의정부시 의정부동,중상사고,0,1,0,0,차대사람 - 횡단중,보행자보호의무위반,포장 - 건조,맑음,교차로 - 교차로안,승용,남,34세,상해없음,보행자,남,45세,중상
13879,2019052200100079,2019년 5월 22일 06시,수요일,경기도 성남시 분당구 서현동,경상사고,0,0,1,0,차대사람 - 기타,안전운전불이행,포장 - 건조,맑음,단일로 - 기타,승용,여,23세,상해없음,보행자,남,78세,경상
13880,2019052200100100,2019년 5월 22일 07시,수요일,경기도 광명시 하안동,중상사고,0,1,0,0,차대사람 - 횡단중,안전운전불이행,포장 - 건조,맑음,단일로 - 기타,승용,여,33세,상해없음,보행자,여,62세,중상
13881,2019052200100145,2019년 5월 22일 08시,수요일,경기도 수원시 팔달구 팔달로2가,중상사고,0,1,0,0,차대사람 - 보도통행중,안전운전불이행,포장 - 건조,맑음,기타 - 기타,승용,여,43세,상해없음,보행자,남,47세,중상
13882,2019052200100146,2019년 5월 22일 08시,수요일,경기도 안성시 공도읍,경상사고,0,0,1,0,차대사람 - 횡단중,보행자보호의무위반,포장 - 건조,맑음,교차로 - 교차로횡단보도내,승합,여,51세,상해없음,보행자,여,19세,경상
13883,2019052200100152,2019년 5월 22일 08시,수요일,경기도 광주시 오포읍,경상사고,0,0,1,0,차대사람 - 기타,안전운전불이행,포장 - 기타,기타,기타 - 기타,승용,여,34세,상해없음,보행자,여,12세,경상
13884,2019052200100154,2019년 5월 22일 08시,수요일,경기도 오산시 궐동,중상사고,0,1,0,0,차대사람 - 기타,안전운전불이행,포장 - 건조,맑음,교차로 - 교차로안,승용,남,50세,상해없음,보행자,여,59세,중상
13885,2019052200100195,2019년 5월 22일 08시,수요일,경기도 양주시 고암동,중상사고,0,1,0,0,차대사람 - 횡단중,안전운전불이행,포장 - 건조,맑음,단일로 - 기타,자전거,남,17세,기타불명,보행자,남,7세,중상
13886,2019052200100204,2019년 5월 22일 09시,수요일,경기도 수원시 장안구 정자동,경상사고,0,0,1,0,차대사람 - 횡단중,보행자보호의무위반,포장 - 건조,맑음,교차로 - 교차로횡단보도내,승용,남,62세,상해없음,보행자,여,47세,경상
13887,2019052200100234,2019년 5월 22일 09시,수요일,경기도 남양주시 호평동,중상사고,0,1,0,0,차대사람 - 횡단중,보행자보호의무위반,포장 - 건조,맑음,교차로 - 교차로횡단보도내,승용,여,41세,상해없음,보행자,여,37세,중상
13888,2019052200100243,2019년 5월 22일 10시,수요일,경기도 안양시 동안구 비산동,중상사고,0,1,0,0,차대사람 - 횡단중,보행자보호의무위반,포장 - 건조,맑음,교차로 - 교차로횡단보도내,승용,남,40세,상해없음,보행자,여,70세,중상
13889,2019052200100324,2019년 5월 22일 12시,수요일,경기도 고양시 일산서구 일산동,경상사고,0,0,1,0,차대사람 - 기타,안전운전불이행,포장 - 건조,맑음,단일로 - 기타,화물,남,56세,상해없음,보행자,여,54세,경상
13890,2019052200100338,2019년 5월 22일 13시,수요일,경기도 부천시 중동,중상사고,0,1,0,0,차대사람 - 횡단중,안전운전불이행,포장 - 건조,맑음,교차로 - 교차로안,승용,여,37세,상해없음,보행자,여,66세,중상
13891,2019052200100375,2019년 5월 22일 14시,수요일,경기도 여주시 오학동,경상사고,0,0,1,0,차대사람 - 기타,안전운전불이행,포장 - 건조,맑음,단일로 - 기타,화물,남,51세,상해없음,보행자,여,66세,경상
13892,2019052200100378,2019년 5월 22일 14시,수요일,경기도 수원시 영통구 영통동,경상사고,0,0,1,0,차대사람 - 기타,기타,포장 - 건조,맑음,기타 - 기타,승용,남,47세,상해없음,보행자,남,27세,경상
13893,2019052200100380,2019년 5월 22일 14시,수요일,경기도 안산시 상록구 사동,경상사고,0,0,1,0,차대사람 - 기타,안전운전불이행,포장 - 건조,맑음,단일로 - 기타,승용,남,57세,상해없음,보행자,남,37세,경상
13894,2019052200100400,2019년 5월 22일 14시,수요일,경기도 남양주시 금곡동,중상사고,0,1,0,0,차대사람 - 기타,안전운전불이행,포장 - 건조,맑음,단일로 - 기타,승용,여,55세,상해없음,보행자,여,63세,중상
13895,2019052200100407,2019년 5월 22일 15시,수요일,경기도 성남시 수정구 신흥동,중상사고,0,1,0,0,차대사람 - 기타,안전운전불이행,포장 - 건조,맑음,교차로 - 교차로안,화물,남,51세,상해없음,보행자,여,56세,중상
13896,2019052200100451,2019년 5월 22일 16시,수요일,경기도 화성시 석우동,중상사고,0,1,0,0,차대사람 - 횡단중,신호위반,포장 - 건조,맑음,교차로 - 교차로안,승용,여,65세,상해없음,보행자,남,16세,중상
13897,2019052200100486,2019년 5월 22일 16시,수요일,경기도 고양시 덕양구 주교동,경상사고,0,0,1,0,차대사람 - 횡단중,안전운전불이행,포장 - 건조,맑음,교차로 - 교차로부근,화물,남,55세,상해없음,보행자,남,7세,경상
13898,2019052200100499,2019년 5월 22일 17시,수요일,경기도 용인시 처인구 이동읍,중상사고,0,1,0,0,차대사람 - 횡단중,보행자보호의무위반,포장 - 건조,맑음,단일로 - 기타,승용,남,38세,상해없음,보행자,여,9세,중상
13899,2019052200100500,2019년 5월 22일 17시,수요일,경기도 오산시 원동,중상사고,0,1,0,0,차대사람 - 횡단중,안전운전불이행,포장 - 건조,맑음,교차로 - 교차로안,승용,남,55세,상해없음,보행자,여,70세,중상
13900,2019052200100539,2019년 5월 22일 17시,수요일,경기도 고양시 일산서구 주엽동,경상사고,0,0,1,0,차대사람 - 횡단중,보행자보호의무위반,포장 - 건조,맑음,교차로 - 교차로횡단보도내,자전거,남,12세,상해없음,보행자,남,7세,경상
13901,2019052200100547,2019년 5월 22일 18시,수요일,경기도 안성시 고삼면,중상사고,0,1,0,0,차대사람 - 기타,안전운전불이행,포장 - 건조,맑음,교차로 - 교차로안,화물,여,28세,상해없음,보행자,여,86세,중상
13902,2019052200100588,2019년 5월 22일 19시,수요일,경기도 평택시 안중읍,경상사고,0,0,1,0,차대사람 - 기타,신호위반,포장 - 건조,맑음,교차로 - 교차로횡단보도내,승용,남,53세,상해없음,보행자,남,24세,경상
13903,2019052200100589,2019년 5월 22일 19시,수요일,경기도 부천시 심곡동,부상신고사고,0,0,0,1,차대사람 - 기타,안전운전불이행,포장 - 건조,맑음,교차로 - 교차로안,승용,남,32세,상해없음,보행자,남,49세,부상신고
13904,2019052200100596,2019년 5월 22일 19시,수요일,경기도 화성시 진안동,경상사고,0,0,1,0,차대사람 - 횡단중,신호위반,포장 - 건조,맑음,교차로 - 교차로횡단보도내,승합,남,50세,상해없음,보행자,여,43세,경상
13905,2019052200100628,2019년 5월 22일 20시,수요일,경기도 군포시 산본동,중상사고,0,1,0,0,차대사람 - 횡단중,신호위반,포장 - 건조,맑음,교차로 - 교차로안,승용,여,60세,상해없음,보행자,남,59세,중상
13906,2019052200100629,2019년 5월 22일 20시,수요일,경기도 성남시 분당구 서현동,경상사고,0,0,1,0,차대사람 - 기타,안전운전불이행,포장 - 건조,맑음,교차로 - 교차로부근,승용,남,60세,상해없음,보행자,남,55세,경상
13907,2019052200100632,2019년 5월 22일 20시,수요일,경기도 화성시 매송면,중상사고,0,1,0,0,차대사람 - 기타,안전운전불이행,포장 - 건조,맑음,단일로 - 기타,승용,남,24세,상해없음,보행자,남,52세,중상
13908,2019052200100633,2019년 5월 22일 20시,수요일,경기도 화성시 석우동,중상사고,0,1,0,0,차대사람 - 횡단중,보행자보호의무위반,포장 - 건조,맑음,교차로 - 교차로횡단보도내,승용,여,28세,상해없음,보행자,남,81세,중상
13909,2019052200100681,2019년 5월 22일 22시,수요일,경기도 시흥시 대야동,경상사고,0,0,1,0,차대사람 - 횡단중,신호위반,포장 - 건조,맑음,교차로 - 교차로안,화물,남,45세,상해없음,보행자,남,19세,경상
13910,2019052200100700,2019년 5월 22일 22시,수요일,경기도 의정부시 신곡동,경상사고,0,0,1,0,차대사람 - 차도통행중,안전운전불이행,포장 - 건조,맑음,교차로 - 교차로안,승용,남,54세,상해없음,보행자,남,80세,경상
13911,2019052200100702,2019년 5월 22일 22시,수요일,경기도 동두천시 생연동,경상사고,0,0,1,0,차대사람 - 기타,안전운전불이행,포장 - 건조,맑음,교차로 - 교차로부근,승용,여,44세,상해없음,보행자,여,18세,경상
13912,2019052200100710,2019년 5월 22일 23시,수요일,경기도 부천시 심곡동,경상사고,0,0,1,0,차대사람 - 기타,안전운전불이행,포장 - 건조,맑음,단일로 - 기타,화물,남,46세,상해없음,보행자,남,40세,경상
13913,2019052300100068,2019년 5월 23일 03시,목요일,경기도 부천시 중동,경상사고,0,0,1,0,차대사람 - 차도통행중,안전운전불이행,포장 - 건조,맑음,단일로 - 기타,승용,남,68세,상해없음,보행자,남,29세,경상
13914,2019052300100087,2019년 5월 23일 05시,목요일,경기도 고양시 덕양구 주교동,경상사고,0,0,1,0,차대사람 - 길가장자리구역통행중,안전운전불이행,포장 - 건조,맑음,단일로 - 기타,화물,남,57세,상해없음,보행자,여,68세,경상
13915,2019052300100107,2019년 5월 23일 07시,목요일,경기도 안성시 석정동,부상신고사고,0,0,0,1,차대사람 - 기타,기타,포장 - 건조,맑음,단일로 - 기타,승합,남,49세,상해없음,보행자,남,41세,부상신고
13916,2019052300100214,2019년 5월 23일 09시,목요일,경기도 남양주시 진접읍,중상사고,0,1,0,0,차대사람 - 횡단중,신호위반,포장 - 건조,맑음,교차로 - 교차로횡단보도내,자전거,여,62세,상해없음,보행자,여,71세,중상
13917,2019052300100222,2019년 5월 23일 10시,목요일,경기도 화성시 병점동,중상사고,0,1,0,0,차대사람 - 기타,안전운전불이행,포장 - 건조,맑음,단일로 - 기타,승합,남,64세,기타불명,보행자,여,83세,중상
13918,2019052300100249,2019년 5월 23일 10시,목요일,경기도 의정부시 신곡동,경상사고,0,0,1,0,차대사람 - 길가장자리구역통행중,불법유턴,포장 - 건조,맑음,단일로 - 기타,승용,남,24세,상해없음,보행자,여,70세,경상
13919,2019052300100251,2019년 5월 23일 10시,목요일,경기도 포천시 선단동,사망사고,1,0,0,0,차대사람 - 횡단중,보행자보호의무위반,포장 - 건조,맑음,교차로 - 교차로안,건설기계,남,52세,상해없음,보행자,여,51세,사망
13920,2019052300100265,2019년 5월 23일 11시,목요일,경기도 성남시 중원구 상대원동,경상사고,0,0,1,0,차대사람 - 횡단중,보행자보호의무위반,포장 - 건조,맑음,단일로 - 기타,이륜,남,33세,기타불명,보행자,여,71세,경상
13921,2019052300100300,2019년 5월 23일 12시,목요일,경기도 수원시 장안구 율전동,경상사고,0,0,1,0,차대사람 - 기타,직진우회전진행방해,포장 - 건조,맑음,교차로 - 교차로안,화물,남,39세,상해없음,보행자,남,25세,경상
13922,2019052300100369,2019년 5월 23일 14시,목요일,경기도 성남시 분당구 정자동,경상사고,0,0,1,0,차대사람 - 차도통행중,안전운전불이행,포장 - 건조,맑음,단일로 - 기타,승용,여,40세,상해없음,보행자,남,20세,경상
13923,2019052300100401,2019년 5월 23일 15시,목요일,경기도 광명시 철산동,경상사고,0,0,1,0,차대사람 - 기타,기타,포장 - 건조,맑음,단일로 - 기타,자전거,남,68세,상해없음,보행자,남,8세,경상
13924,2019052300100427,2019년 5월 23일 15시,목요일,경기도 의정부시 호원동,부상신고사고,0,0,0,1,차대사람 - 횡단중,안전운전불이행,포장 - 건조,맑음,교차로 - 교차로부근,승용,여,53세,상해없음,보행자,여,21세,부상신고
13925,2019052300100447,2019년 5월 23일 16시,목요일,경기도 부천시 고강동,경상사고,0,0,1,0,차대사람 - 횡단중,안전운전불이행,포장 - 건조,맑음,단일로 - 기타,승용,남,34세,상해없음,보행자,여,49세,경상
13926,2019052300100463,2019년 5월 23일 16시,목요일,경기도 가평군 청평면,경상사고,0,0,1,0,차대사람 - 기타,안전운전불이행,포장 - 건조,맑음,단일로 - 기타,자전거,남,39세,상해없음,보행자,남,86세,경상
13927,2019052300100473,2019년 5월 23일 17시,목요일,경기도 평택시 세교동,경상사고,0,0,1,0,차대사람 - 횡단중,보행자보호의무위반,포장 - 건조,맑음,교차로 - 교차로횡단보도내,승합,남,25세,상해없음,보행자,남,55세,경상
13928,2019052300100475,2019년 5월 23일 17시,목요일,경기도 부천시 상동,경상사고,0,0,1,0,차대사람 - 기타,안전운전불이행,포장 - 건조,맑음,단일로 - 기타,승용,남,64세,상해없음,보행자,여,20세,경상
13929,2019052300100476,2019년 5월 23일 17시,목요일,경기도 수원시 권선구 세류동,경상사고,0,0,1,0,차대사람 - 기타,안전운전불이행,포장 - 건조,맑음,기타 - 기타,승용,남,50세,상해없음,보행자,남,56세,경상
13930,2019052300100506,2019년 5월 23일 17시,목요일,경기도 고양시 덕양구 주교동,경상사고,0,0,1,0,차대사람 - 기타,안전운전불이행,포장 - 건조,맑음,단일로 - 기타,이륜,남,60세,상해없음,보행자,남,8세,경상
13931,2019052300100523,2019년 5월 23일 18시,목요일,경기도 부천시 중동,경상사고,0,0,1,0,차대사람 - 기타,안전운전불이행,포장 - 건조,맑음,교차로 - 교차로안,승용,남,38세,상해없음,보행자,여,18세,경상