,사고번호,사고일시,요일,시군구,사고내용,사망자수,중상자수,경상자수,부상신고자수,사고유형,법규위반,노면상태,기상상태,도로형태,가해운전자 차종,가해운전자 성별,가해운전자 연령,가해운전자 상해정도,피해운전자 차종,피해운전자 성별,피해운전자 연령,피해운전자 상해정도
13932,2019052300100529,2019년 5월 23일 18시,목요일,경기도 시흥시 정왕동,경상사고,0,0,1,0,차대사람 - 보도통행중,기타,포장 - 건조,맑음,단일로 - 기타,이륜,남,42세,상해없음,보행자,여,33세,경상
13933,2019052300100572,2019년 5월 23일 19시,목요일,경기도 수원시 장안구 조원동,중상사고,0,1,0,0,차대사람 - 기타,안전운전불이행,포장 - 건조,맑음,단일로 - 기타,승용,남,39세,상해없음,보행자,여,77세,중상
13934,2019052300100574,2019년 5월 23일 19시,목요일,경기도 평택시 평택동,경상사고,0,0,1,0,차대사람 - 기타,안전운전불이행,포장 - 건조,맑음,단일로 - 기타,승용,남,22세,상해없음,보행자,여,36세,경상
13935,2019052300100576,2019년 5월 23일 19시,목요일,경기도 여주시 가남읍,사망사고,1,0,0,0,차대사람 - 기타,안전운전불이행,포장 - 건조,맑음,단일로 - 기타,승용,여,62세,상해없음,보행자,여,82세,사망
13936,2019052300100577,2019년 5월 23일 19시,목요일,경기도 오산시 궐동,경상사고,0,0,1,0,차대사람 - 횡단중,안전운전불이행,포장 - 건조,맑음,기타 - 기타,승용,남,62세,상해없음,보행자,남,6세,경상
13937,2019052300100581,2019년 5월 23일 19시,목요일,경기도 성남시 분당구 서현동,경상사고,0,0,1,0,차대사람 - 기타,보행자보호의무위반,포장 - 건조,맑음,기타 - 기타,승용,여,63세,상해없음,보행자,남,64세,경상
13938,2019052300100582,2019년 5월 23일 19시,목요일,경기도 하남시 망월동,경상사고,0,0,1,0,차대사람 - 기타,안전운전불이행,포장 - 건조,맑음,기타 - 기타,자전거,여,32세,상해없음,보행자,남,53세,경상
13939,2019052300100601,2019년 5월 23일 19시,목요일,경기도 고양시 덕양구 화정동,경상사고,0,0,1,0,차대사람 - 횡단중,안전운전불이행,포장 - 건조,맑음,단일로 - 기타,승용,여,42세,기타불명,보행자,남,8세,경상
13940,2019052300100616,2019년 5월 23일 20시,목요일,경기도 안양시 동안구 호계동,경상사고,0,0,1,0,차대사람 - 기타,안전운전불이행,포장 - 건조,맑음,교차로 - 교차로안,승용,남,29세,상해없음,보행자,남,56세,경상
13941,2019052300100617,2019년 5월 23일 20시,목요일,경기도 오산시 오산동,부상신고사고,0,0,0,1,차대사람 - 횡단중,안전운전불이행,포장 - 건조,맑음,교차로 - 교차로안,승용,여,45세,상해없음,보행자,남,52세,부상신고
13942,2019052300100679,2019년 5월 23일 22시,목요일,경기도 안성시 석정동,중상사고,0,1,0,0,차대사람 - 횡단중,신호위반,포장 - 건조,흐림,교차로 - 교차로안,승용,남,50세,상해없음,보행자,남,38세,중상
13943,2019052300100681,2019년 5월 23일 22시,목요일,경기도 안산시 단원구 원곡동,중상사고,0,1,0,0,차대사람 - 횡단중,안전운전불이행,포장 - 건조,맑음,단일로 - 기타,승용,남,28세,상해없음,보행자,남,45세,중상
13944,2019052300100706,2019년 5월 23일 23시,목요일,경기도 평택시 오성면,경상사고,0,0,1,0,차대사람 - 기타,안전운전불이행,포장 - 건조,맑음,단일로 - 기타,승용,남,44세,상해없음,보행자,남,42세,경상
13945,2019052400100062,2019년 5월 24일 02시,금요일,경기도 수원시 팔달구 매산로1가,중상사고,0,1,0,0,차대사람 - 횡단중,안전운전불이행,포장 - 건조,맑음,단일로 - 기타,승용,남,28세,상해없음,보행자,남,45세,중상
13946,2019052400100106,2019년 5월 24일 07시,금요일,경기도 부천시 중동,중상사고,0,1,0,0,차대사람 - 기타,안전운전불이행,포장 - 건조,맑음,교차로 - 교차로부근,승용,남,62세,상해없음,보행자,여,76세,중상
13947,2019052400100109,2019년 5월 24일 07시,금요일,경기도 성남시 분당구 이매동,경상사고,0,0,1,0,차대사람 - 기타,보행자보호의무위반,포장 - 건조,맑음,기타 - 기타,승용,남,32세,상해없음,보행자,여,17세,경상
13948,2019052400100143,2019년 5월 24일 08시,금요일,경기도 수원시 팔달구 매산로1가,부상신고사고,0,0,0,1,차대사람 - 횡단중,안전운전불이행,포장 - 건조,맑음,단일로 - 기타,승용,남,31세,상해없음,보행자,남,43세,부상신고
13949,2019052400100186,2019년 5월 24일 09시,금요일,경기도 수원시 영통구 하동,중상사고,0,1,0,0,차대사람 - 횡단중,신호위반,포장 - 건조,맑음,단일로 - 기타,승합,남,67세,상해없음,보행자,여,71세,중상
13950,2019052400100187,2019년 5월 24일 09시,금요일,경기도 성남시 분당구 야탑동,중상사고,0,1,0,0,차대사람 - 횡단중,보행자보호의무위반,포장 - 건조,기타,교차로 - 교차로안,화물,남,39세,상해없음,보행자,여,56세,중상
13951,2019052400100334,2019년 5월 24일 13시,금요일,경기도 수원시 팔달구 팔달로2가,부상신고사고,0,0,0,1,차대사람 - 기타,안전운전불이행,포장 - 건조,맑음,단일로 - 기타,승용,남,81세,상해없음,보행자,여,20세,부상신고
13952,2019052400100338,2019년 5월 24일 13시,금요일,경기도 수원시 영통구 영통동,중상사고,0,1,0,0,차대사람 - 횡단중,신호위반,포장 - 건조,맑음,단일로 - 기타,승용,여,41세,상해없음,보행자,여,54세,중상
13953,2019052400100372,2019년 5월 24일 14시,금요일,경기도 이천시 관고동,경상사고,0,0,1,0,차대사람 - 횡단중,신호위반,포장 - 건조,맑음,단일로 - 기타,승용,여,55세,상해없음,보행자,여,33세,경상
13954,2019052400100376,2019년 5월 24일 14시,금요일,경기도 김포시 마산동,경상사고,0,0,1,0,차대사람 - 횡단중,신호위반,포장 - 건조,맑음,단일로 - 기타,승용,여,46세,상해없음,보행자,여,9세,경상
13955,2019052400100377,2019년 5월 24일 14시,금요일,경기도 수원시 영통구 매탄동,경상사고,0,0,1,0,차대사람 - 기타,안전운전불이행,포장 - 건조,맑음,단일로 - 기타,승용,남,64세,상해없음,보행자,여,26세,경상
13956,2019052400100414,2019년 5월 24일 15시,금요일,경기도 성남시 수정구 신흥동,경상사고,0,0,1,0,차대사람 - 횡단중,보행자보호의무위반,포장 - 건조,맑음,단일로 - 기타,승용,남,56세,상해없음,보행자,남,20세,경상
13957,2019052400100449,2019년 5월 24일 15시,금요일,경기도 고양시 일산동구 백석동,경상사고,0,0,1,0,차대사람 - 횡단중,신호위반,포장 - 건조,맑음,교차로 - 교차로횡단보도내,이륜,여,47세,상해없음,보행자,여,77세,경상
13958,2019052400100451,2019년 5월 24일 15시,금요일,경기도 남양주시 진접읍,경상사고,0,0,1,0,차대사람 - 기타,안전운전불이행,포장 - 건조,맑음,단일로 - 기타,승용,여,58세,상해없음,보행자,여,85세,경상
13959,2019052400100463,2019년 5월 24일 16시,금요일,경기도 수원시 팔달구 화서동,경상사고,0,0,1,0,차대사람 - 기타,안전운전불이행,포장 - 서리/결빙,맑음,단일로 - 기타,승합,남,41세,상해없음,보행자,남,60세,경상
13960,2019052400100512,2019년 5월 24일 16시,금요일,경기도 구리시 교문동,경상사고,0,0,1,0,차대사람 - 횡단중,보행자보호의무위반,포장 - 건조,맑음,교차로 - 교차로횡단보도내,승합,남,67세,상해없음,보행자,여,15세,경상
13961,2019052400100528,2019년 5월 24일 17시,금요일,경기도 광주시 경안동,경상사고,0,0,1,0,차대사람 - 기타,안전운전불이행,포장 - 건조,맑음,단일로 - 기타,승용,여,60세,상해없음,보행자,여,6세,경상
13962,2019052400100533,2019년 5월 24일 17시,금요일,경기도 안산시 상록구 건건동,사망사고,1,0,0,0,차대사람 - 기타,안전운전불이행,포장 - 건조,맑음,교차로 - 교차로안,화물,남,53세,상해없음,보행자,여,85세,사망
13963,2019052400100534,2019년 5월 24일 17시,금요일,경기도 화성시 반송동,부상신고사고,0,0,0,1,차대사람 - 보도통행중,안전운전불이행,포장 - 건조,맑음,기타 - 기타,기타불명,기타불명,미분류,기타불명,보행자,남,미분류,부상신고
13964,2019052400100576,2019년 5월 24일 18시,금요일,경기도 김포시 풍무동,경상사고,0,0,1,0,차대사람 - 기타,교차로운행방법위반,포장 - 건조,맑음,교차로 - 교차로안,승합,여,28세,상해없음,보행자,남,55세,경상
13965,2019052400100631,2019년 5월 24일 19시,금요일,경기도 평택시 팽성읍,부상신고사고,0,0,0,1,차대사람 - 기타,안전운전불이행,포장 - 건조,맑음,교차로 - 교차로부근,승합,남,52세,상해없음,보행자,남,6세,부상신고
13966,2019052400100633,2019년 5월 24일 19시,금요일,경기도 이천시 갈산동,경상사고,0,0,1,0,차대사람 - 기타,신호위반,포장 - 건조,맑음,교차로 - 교차로안,승용,남,42세,상해없음,보행자,여,14세,경상
13967,2019052400100664,2019년 5월 24일 20시,금요일,경기도 평택시 팽성읍,중상사고,0,1,0,0,차대사람 - 차도통행중,안전운전불이행,포장 - 건조,맑음,단일로 - 기타,화물,남,65세,상해없음,보행자,여,69세,중상
13968,2019052400100667,2019년 5월 24일 20시,금요일,경기도 부천시 역곡동,경상사고,0,0,2,0,차대사람 - 보도통행중,안전운전불이행,포장 - 건조,맑음,단일로 - 기타,승용,남,47세,상해없음,보행자,남,38세,경상
13969,2019052400100692,2019년 5월 24일 20시,금요일,경기도 남양주시 호평동,중상사고,0,1,0,0,차대사람 - 횡단중,신호위반,포장 - 건조,맑음,교차로 - 교차로횡단보도내,승용,남,36세,상해없음,보행자,여,48세,중상
13970,2019052400100704,2019년 5월 24일 21시,금요일,경기도 평택시 평택동,부상신고사고,0,0,0,1,차대사람 - 기타,안전운전불이행,포장 - 기타,맑음,단일로 - 기타,승용,여,30세,상해없음,보행자,여,17세,부상신고
13971,2019052400100730,2019년 5월 24일 22시,금요일,경기도 평택시 서정동,경상사고,0,0,1,0,차대사람 - 기타,보행자보호의무위반,포장 - 건조,맑음,교차로 - 교차로안,승용,남,23세,상해없음,보행자,여,23세,경상
13972,2019052400100731,2019년 5월 24일 22시,금요일,경기도 평택시 합정동,경상사고,0,0,1,0,차대사람 - 기타,안전운전불이행,포장 - 건조,맑음,교차로 - 교차로안,기타불명,기타불명,미분류,기타불명,보행자,여,22세,경상
13973,2019052400100735,2019년 5월 24일 22시,금요일,경기도 부천시 중동,중상사고,0,1,0,0,차대사람 - 기타,안전운전불이행,포장 - 건조,맑음,교차로 - 교차로안,승용,남,31세,상해없음,보행자,남,45세,중상
13974,2019052400100760,2019년 5월 24일 23시,금요일,경기도 평택시 진위면,중상사고,0,1,0,0,차대사람 - 기타,안전운전불이행,포장 - 건조,맑음,교차로 - 교차로안,승용,남,35세,상해없음,보행자,남,26세,중상
13975,2019052400100764,2019년 5월 24일 23시,금요일,경기도 의왕시 오전동,부상신고사고,0,0,0,1,차대사람 - 보도통행중,보행자보호의무위반,포장 - 건조,맑음,교차로 - 교차로부근,기타불명,기타불명,미분류,기타불명,보행자,남,59세,부상신고
13976,2019052400100788,2019년 5월 24일 23시,금요일,경기도 의정부시 장암동,경상사고,0,0,1,0,차대사람 - 기타,안전운전불이행,포장 - 건조,맑음,단일로 - 기타,승용,남,34세,상해없음,보행자,여,52세,경상
13977,2019052500100020,2019년 5월 25일 00시,토요일,경기도 의왕시 청계동,사망사고,1,0,0,0,차대사람 - 차도통행중,안전운전불이행,포장 - 건조,맑음,단일로 - 터널,화물,남,64세,상해없음,보행자,여,20세,사망
13978,2019052500100035,2019년 5월 25일 00시,토요일,경기도 의정부시 의정부동,부상신고사고,0,0,0,1,차대사람 - 횡단중,보행자보호의무위반,포장 - 건조,맑음,단일로 - 기타,승용,남,63세,상해없음,보행자,여,19세,부상신고
13979,2019052500100037,2019년 5월 25일 00시,토요일,경기도 포천시 일동면,경상사고,0,0,2,0,차대사람 - 횡단중,안전운전불이행,포장 - 건조,맑음,기타 - 기타,승용,남,44세,상해없음,보행자,남,48세,경상
13980,2019052500100050,2019년 5월 25일 01시,토요일,경기도 의정부시 의정부동,경상사고,0,0,1,0,차대사람 - 기타,안전운전불이행,포장 - 건조,맑음,단일로 - 기타,승용,여,22세,기타불명,보행자,남,23세,경상
13981,2019052500100051,2019년 5월 25일 01시,토요일,경기도 고양시 일산동구 장항동,중상사고,0,1,0,0,차대사람 - 보도통행중,보행자보호의무위반,포장 - 건조,맑음,단일로 - 기타,승용,남,60세,상해없음,보행자,남,25세,중상
13982,2019052500100052,2019년 5월 25일 01시,토요일,경기도 파주시 야당동,경상사고,0,0,1,0,차대사람 - 횡단중,안전운전불이행,포장 - 건조,맑음,단일로 - 기타,승용,남,39세,상해없음,보행자,남,25세,경상
13983,2019052500100057,2019년 5월 25일 02시,토요일,경기도 화성시 병점동,경상사고,0,0,1,0,차대사람 - 횡단중,안전운전불이행,포장 - 건조,맑음,단일로 - 기타,이륜,남,27세,기타불명,보행자,남,20세,경상
13984,2019052500100080,2019년 5월 25일 04시,토요일,경기도 부천시 심곡동,경상사고,0,0,1,0,차대사람 - 기타,신호위반,포장 - 건조,맑음,교차로 - 교차로부근,승합,남,31세,상해없음,보행자,남,23세,경상
13985,2019052500100212,2019년 5월 25일 10시,토요일,경기도 김포시 구래동,경상사고,0,0,1,0,차대사람 - 기타,기타,포장 - 건조,맑음,기타 - 기타,화물,남,38세,상해없음,보행자,남,59세,경상
13986,2019052500100244,2019년 5월 25일 11시,토요일,경기도 부천시 원종동,경상사고,0,0,1,0,차대사람 - 기타,안전운전불이행,포장 - 건조,맑음,단일로 - 기타,승용,남,61세,상해없음,보행자,여,75세,경상
13987,2019052500100288,2019년 5월 25일 12시,토요일,경기도 수원시 영통구 매탄동,중상사고,0,1,0,0,차대사람 - 횡단중,보행자보호의무위반,포장 - 건조,맑음,교차로 - 교차로횡단보도내,승용,남,29세,상해없음,보행자,남,81세,중상
13988,2019052500100312,2019년 5월 25일 12시,토요일,경기도 남양주시 오남읍,부상신고사고,0,0,0,1,차대사람 - 기타,안전운전불이행,포장 - 건조,맑음,단일로 - 기타,승용,여,26세,상해없음,보행자,남,12세,부상신고
13989,2019052500100330,2019년 5월 25일 13시,토요일,경기도 이천시 사음동,중상사고,0,1,0,0,차대사람 - 기타,안전운전불이행,포장 - 건조,맑음,기타 - 기타,건설기계,남,41세,상해없음,보행자,남,58세,중상
13990,2019052500100363,2019년 5월 25일 14시,토요일,경기도 시흥시 신천동,경상사고,0,0,1,0,차대사람 - 기타,안전운전불이행,포장 - 건조,맑음,단일로 - 기타,승용,남,26세,상해없음,보행자,남,63세,경상
13991,2019052500100364,2019년 5월 25일 14시,토요일,경기도 시흥시 신천동,부상신고사고,0,0,0,1,차대사람 - 기타,기타,포장 - 건조,맑음,단일로 - 기타,승용,남,68세,상해없음,보행자,남,8세,부상신고
13992,2019052500100442,2019년 5월 25일 16시,토요일,경기도 용인시 처인구 이동읍,경상사고,0,0,1,0,차대사람 - 기타,안전운전불이행,포장 - 건조,맑음,기타 - 기타,승용,남,58세,상해없음,보행자,여,51세,경상
13993,2019052500100484,2019년 5월 25일 17시,토요일,경기도 수원시 장안구 정자동,부상신고사고,0,0,0,1,차대사람 - 차도통행중,안전운전불이행,포장 - 건조,맑음,교차로 - 교차로안,승용,남,34세,상해없음,보행자,남,9세,부상신고
13994,2019052500100507,2019년 5월 25일 17시,토요일,경기도 남양주시 금곡동,중상사고,0,1,0,0,차대사람 - 횡단중,안전운전불이행,포장 - 건조,맑음,단일로 - 기타,승용,남,69세,상해없음,보행자,여,8세,중상
13995,2019052500100508,2019년 5월 25일 17시,토요일,경기도 가평군 가평읍,중상사고,0,1,0,0,차대사람 - 횡단중,보행자보호의무위반,포장 - 건조,맑음,단일로 - 기타,승용,남,24세,상해없음,보행자,여,56세,중상
13996,2019052500100517,2019년 5월 25일 18시,토요일,경기도 평택시 통복동,경상사고,0,0,1,0,차대사람 - 차도통행중,안전운전불이행,포장 - 건조,맑음,교차로 - 교차로부근,승용,남,52세,상해없음,보행자,남,41세,경상
13997,2019052500100578,2019년 5월 25일 19시,토요일,경기도 고양시 일산서구 일산동,부상신고사고,0,0,0,1,차대사람 - 횡단중,안전운전불이행,포장 - 건조,맑음,단일로 - 기타,승용,남,50세,상해없음,보행자,남,11세,부상신고
13998,2019052500100613,2019년 5월 25일 20시,토요일,경기도 고양시 일산동구 마두동,중상사고,0,1,0,0,차대사람 - 횡단중,보행자보호의무위반,포장 - 건조,맑음,교차로 - 교차로횡단보도내,승용,남,68세,상해없음,보행자,여,29세,중상
13999,2019052500100646,2019년 5월 25일 21시,토요일,경기도 고양시 일산동구 성석동,중상사고,0,1,0,0,차대사람 - 횡단중,안전운전불이행,포장 - 건조,맑음,교차로 - 교차로안,승용,남,57세,상해없음,보행자,여,79세,중상
14000,2019052500100653,2019년 5월 25일 22시,토요일,경기도 오산시 원동,중상사고,0,1,0,0,차대사람 - 횡단중,안전운전불이행,포장 - 건조,맑음,단일로 - 기타,승용,남,54세,상해없음,보행자,여,63세,중상
14001,2019052500100654,2019년 5월 25일 22시,토요일,경기도 부천시 심곡동,부상신고사고,0,0,0,1,차대사람 - 기타,안전운전불이행,포장 - 건조,맑음,단일로 - 기타,기타불명,기타불명,미분류,기타불명,보행자,여,47세,부상신고
14002,2019052500100655,2019년 5월 25일 22시,토요일,경기도 광명시 일직동,경상사고,0,0,1,0,차대사람 - 기타,안전운전불이행,포장 - 건조,맑음,단일로 - 기타,승용,남,57세,상해없음,보행자,남,42세,경상
14003,2019052500100685,2019년 5월 25일 23시,토요일,경기도 부천시 상동,사망사고,1,0,0,0,차대사람 - 횡단중,과속,포장 - 건조,맑음,단일로 - 기타,승용,남,18세,상해없음,보행자,남,71세,사망
14004,2019052500100686,2019년 5월 25일 23시,토요일,경기도 부천시 상동,경상사고,0,0,1,0,차대사람 - 기타,보행자보호의무위반,포장 - 건조,맑음,교차로 - 교차로횡단보도내,승용,남,41세,상해없음,보행자,여,20세,경상
14005,2019052500100700,2019년 5월 25일 23시,토요일,경기도 남양주시 일패동,경상사고,0,0,1,0,차대사람 - 횡단중,안전운전불이행,포장 - 건조,맑음,단일로 - 기타,승용,여,52세,상해없음,보행자,남,58세,경상
14006,2019052600100037,2019년 5월 26일 01시,일요일,경기도 평택시 서정동,사망사고,1,0,0,0,차대사람 - 횡단중,안전운전불이행,포장 - 건조,맑음,교차로 - 교차로안,승용,남,23세,상해없음,보행자,남,50세,사망
14007,2019052600100039,2019년 5월 26일 01시,일요일,경기도 안산시 단원구 고잔동,중상사고,0,1,0,0,차대사람 - 기타,안전운전불이행,포장 - 건조,맑음,기타 - 기타,승용,남,26세,상해없음,보행자,남,26세,중상
14008,2019052600100050,2019년 5월 26일 02시,일요일,경기도 부천시 소사본동,경상사고,0,0,1,0,차대사람 - 보도통행중,안전운전불이행,포장 - 건조,맑음,교차로 - 교차로부근,승용,남,45세,상해없음,보행자,남,46세,경상
14009,2019052600100052,2019년 5월 26일 02시,일요일,경기도 화성시 향남읍,사망사고,1,0,0,0,차대사람 - 횡단중,과속,포장 - 건조,맑음,교차로 - 교차로횡단보도내,승용,남,25세,상해없음,보행자,여,18세,사망
14010,2019052600100060,2019년 5월 26일 02시,일요일,경기도 의정부시 의정부동,경상사고,0,0,1,0,차대사람 - 길가장자리구역통행중,안전운전불이행,포장 - 건조,맑음,교차로 - 교차로부근,승용,남,27세,상해없음,보행자,남,30세,경상
14011,2019052600100064,2019년 5월 26일 03시,일요일,경기도 안산시 단원구 와동,부상신고사고,0,0,0,1,차대사람 - 기타,안전운전불이행,포장 - 건조,맑음,교차로 - 교차로안,승용,남,66세,상해없음,보행자,남,19세,부상신고
14012,2019052600100176,2019년 5월 26일 11시,일요일,경기도 수원시 장안구 송죽동,중상사고,0,1,0,0,차대사람 - 기타,기타,포장 - 건조,맑음,교차로 - 교차로안,이륜,남,57세,상해없음,보행자,남,66세,중상
14013,2019052600100217,2019년 5월 26일 12시,일요일,경기도 성남시 중원구 성남동,경상사고,0,0,1,0,차대사람 - 기타,안전운전불이행,포장 - 건조,맑음,단일로 - 기타,승용,여,24세,상해없음,보행자,남,20세,경상
14014,2019052600100249,2019년 5월 26일 13시,일요일,경기도 수원시 권선구 세류동,부상신고사고,0,0,0,1,차대사람 - 기타,안전운전불이행,포장 - 건조,맑음,단일로 - 지하차도(도로)내,승용,남,41세,상해없음,보행자,남,41세,부상신고
14015,2019052600100250,2019년 5월 26일 13시,일요일,경기도 광주시 곤지암읍,부상신고사고,0,0,0,1,차대사람 - 횡단중,안전운전불이행,포장 - 건조,맑음,단일로 - 기타,승용,남,49세,상해없음,보행자,남,33세,부상신고
14016,2019052600100268,2019년 5월 26일 13시,일요일,경기도 가평군 청평면,경상사고,0,0,1,0,차대사람 - 기타,안전운전불이행,포장 - 건조,맑음,교차로 - 교차로안,승용,남,76세,상해없음,보행자,여,83세,경상
14017,2019052600100278,2019년 5월 26일 14시,일요일,경기도 광주시 오포읍,부상신고사고,0,0,0,1,차대사람 - 기타,안전운전불이행,포장 - 건조,맑음,단일로 - 기타,승용,여,65세,상해없음,보행자,여,7세,부상신고
14018,2019052600100282,2019년 5월 26일 14시,일요일,경기도 안양시 만안구 석수동,중상사고,0,1,0,0,차대사람 - 기타,안전운전불이행,포장 - 건조,맑음,기타 - 기타,자전거,남,14세,상해없음,보행자,여,65세,중상
14019,2019052600100304,2019년 5월 26일 14시,일요일,경기도 고양시 덕양구 화정동,중상사고,0,1,0,0,차대사람 - 기타,안전운전불이행,포장 - 건조,맑음,교차로 - 교차로부근,승용,남,28세,상해없음,보행자,남,9세,중상
14020,2019052600100363,2019년 5월 26일 16시,일요일,경기도 안산시 상록구 본오동,중상사고,0,1,0,0,차대사람 - 보도통행중,보행자보호의무위반,포장 - 건조,맑음,교차로 - 교차로안,승합,남,59세,상해없음,보행자,여,72세,중상
14021,2019052600100365,2019년 5월 26일 16시,일요일,경기도 화성시 향남읍,중상사고,0,1,0,0,차대사람 - 기타,안전운전불이행,포장 - 건조,맑음,기타 - 기타,승용,여,54세,상해없음,보행자,남,48세,중상
14022,2019052600100397,2019년 5월 26일 17시,일요일,경기도 의왕시 삼동,부상신고사고,0,0,0,1,차대사람 - 기타,안전운전불이행,포장 - 건조,맑음,기타 - 기타,기타불명,기타불명,미분류,기타불명,보행자,남,57세,부상신고
14023,2019052600100424,2019년 5월 26일 18시,일요일,경기도 수원시 권선구 탑동,경상사고,0,0,1,0,차대사람 - 횡단중,안전운전불이행,포장 - 건조,맑음,교차로 - 교차로안,승용,여,49세,상해없음,보행자,남,77세,경상
14024,2019052600100444,2019년 5월 26일 19시,일요일,경기도 광명시 광명동,경상사고,0,0,1,0,차대사람 - 길가장자리구역통행중,안전운전불이행,포장 - 건조,맑음,단일로 - 기타,이륜,남,49세,상해없음,보행자,여,50세,경상
14025,2019052600100468,2019년 5월 26일 20시,일요일,경기도 안양시 동안구 관양동,중상사고,0,1,0,0,차대사람 - 차도통행중,안전운전불이행,포장 - 건조,맑음,교차로 - 교차로부근,승용,남,38세,상해없음,보행자,여,18세,중상
14026,2019052600100499,2019년 5월 26일 21시,일요일,경기도 화성시 진안동,중상사고,0,1,0,0,차대사람 - 횡단중,안전운전불이행,포장 - 건조,맑음,교차로 - 교차로안,승용,남,51세,상해없음,보행자,남,48세,중상
14027,2019052600100554,2019년 5월 26일 23시,일요일,경기도 파주시 와동,중상사고,0,1,0,0,차대사람 - 기타,안전운전불이행,포장 - 건조,맑음,교차로 - 교차로안,승용,남,50세,상해없음,보행자,남,33세,중상
14028,2019052700100026,2019년 5월 27일 00시,월요일,경기도 화성시 반송동,부상신고사고,0,0,0,1,차대사람 - 횡단중,안전운전불이행,포장 - 건조,맑음,단일로 - 기타,승용,남,27세,상해없음,보행자,여,18세,부상신고
14029,2019052700100059,2019년 5월 27일 04시,월요일,경기도 시흥시 정왕동,경상사고,0,0,1,0,차대사람 - 횡단중,안전운전불이행,포장 - 젖음/습기,흐림,교차로 - 교차로안,승용,남,46세,상해없음,보행자,남,46세,경상
14030,2019052700100139,2019년 5월 27일 08시,월요일,경기도 평택시 진위면,경상사고,0,0,1,0,차대사람 - 기타,안전운전불이행,포장 - 건조,맑음,교차로 - 교차로안,화물,남,75세,상해없음,보행자,여,74세,경상
14031,2019052700100176,2019년 5월 27일 08시,월요일,경기도 고양시 일산서구 대화동,부상신고사고,0,0,0,1,차대사람 - 기타,안전운전불이행,포장 - 젖음/습기,비,교차로 - 교차로안,승용,남,29세,상해없음,보행자,여,33세,부상신고
14032,2019052700100232,2019년 5월 27일 10시,월요일,경기도 용인시 기흥구 하갈동,경상사고,0,0,1,0,차대사람 - 기타,안전운전불이행,포장 - 건조,맑음,단일로 - 기타,승합,남,51세,상해없음,보행자,여,22세,경상
14033,2019052700100234,2019년 5월 27일 10시,월요일,경기도 수원시 팔달구 고등동,중상사고,0,1,0,0,차대사람 - 기타,안전운전불이행,포장 - 젖음/습기,흐림,교차로 - 교차로안,화물,남,35세,상해없음,보행자,남,40세,중상
14034,2019052700100235,2019년 5월 27일 10시,월요일,경기도 하남시 초이동,경상사고,0,0,1,0,차대사람 - 횡단중,보행자보호의무위반,포장 - 건조,맑음,교차로 - 교차로횡단보도내,화물,남,27세,상해없음,보행자,남,59세,경상
14035,2019052700100236,2019년 5월 27일 10시,월요일,경기도 부천시 고강동,중상사고,0,1,0,0,차대사람 - 기타,안전운전불이행,포장 - 젖음/습기,비,단일로 - 기타,승용,남,46세,상해없음,보행자,여,80세,중상
14036,2019052700100269,2019년 5월 27일 11시,월요일,경기도 평택시 독곡동,중상사고,0,1,0,0,차대사람 - 기타,안전운전불이행,포장 - 건조,맑음,교차로 - 교차로안,화물,남,30세,상해없음,보행자,여,60세,중상
14037,2019052700100271,2019년 5월 27일 11시,월요일,경기도 광명시 광명동,경상사고,0,0,1,0,차대사람 - 기타,안전운전불이행,포장 - 건조,맑음,단일로 - 기타,화물,남,25세,상해없음,보행자,남,90세 이상,경상
14038,2019052700100369,2019년 5월 27일 14시,월요일,경기도 수원시 팔달구 화서동,경상사고,0,0,1,0,차대사람 - 기타,안전운전불이행,포장 - 젖음/습기,비,기타 - 기타,화물,남,37세,상해없음,보행자,남,57세,경상
14039,2019052700100371,2019년 5월 27일 14시,월요일,경기도 수원시 권선구 권선동,경상사고,0,0,1,0,차대사람 - 횡단중,신호위반,포장 - 건조,맑음,교차로 - 교차로횡단보도내,승용,남,34세,상해없음,보행자,여,58세,경상
14040,2019052700100375,2019년 5월 27일 14시,월요일,경기도 화성시 정남면,경상사고,0,0,1,0,차대사람 - 기타,안전운전불이행,포장 - 젖음/습기,비,교차로 - 교차로부근,승용,남,22세,상해없음,보행자,여,69세,경상
14041,2019052700100398,2019년 5월 27일 14시,월요일,경기도 고양시 덕양구 성사동,중상사고,0,1,0,0,차대사람 - 횡단중,안전운전불이행,포장 - 젖음/습기,비,교차로 - 교차로안,승용,남,37세,상해없음,보행자,여,78세,중상
14042,2019052700100426,2019년 5월 27일 15시,월요일,경기도 의정부시 의정부동,경상사고,0,0,1,0,차대사람 - 길가장자리구역통행중,기타,포장 - 젖음/습기,맑음,단일로 - 기타,승용,여,35세,상해없음,보행자,남,44세,경상
14043,2019052700100551,2019년 5월 27일 19시,월요일,경기도 수원시 권선구 권선동,중상사고,0,1,0,0,차대사람 - 기타,안전운전불이행,포장 - 건조,맑음,교차로 - 교차로부근,승용,여,33세,상해없음,보행자,여,25세,중상
14044,2019052700100569,2019년 5월 27일 20시,월요일,경기도 이천시 중리동,중상사고,0,1,0,0,차대사람 - 횡단중,보행자보호의무위반,포장 - 건조,맑음,교차로 - 교차로안,승합,남,52세,상해없음,보행자,여,49세,중상