,사고번호,사고일시,요일,시군구,사고내용,사망자수,중상자수,경상자수,부상신고자수,사고유형,법규위반,노면상태,기상상태,도로형태,가해운전자 차종,가해운전자 성별,가해운전자 연령,가해운전자 상해정도,피해운전자 차종,피해운전자 성별,피해운전자 연령,피해운전자 상해정도
14158,2019053100100504,2019년 5월 31일 16시,금요일,경기도 가평군 청평면,경상사고,0,0,1,0,차대사람 - 기타,보행자보호의무위반,포장 - 건조,맑음,교차로 - 교차로안,승용,여,57세,상해없음,보행자,여,44세,경상
14159,2019053100100519,2019년 5월 31일 17시,금요일,경기도 부천시 원종동,경상사고,0,0,1,0,차대사람 - 기타,안전운전불이행,포장 - 건조,맑음,단일로 - 기타,승용,남,64세,상해없음,보행자,여,15세,경상
14160,2019053100100563,2019년 5월 31일 18시,금요일,경기도 용인시 기흥구 신갈동,경상사고,0,0,1,0,차대사람 - 횡단중,안전운전불이행,포장 - 건조,맑음,교차로 - 교차로부근,승용,여,63세,상해없음,보행자,남,6세,경상
14161,2019053100100566,2019년 5월 31일 18시,금요일,경기도 양평군 용문면,경상사고,0,0,1,0,차대사람 - 기타,안전운전불이행,포장 - 건조,맑음,교차로 - 교차로부근,화물,남,60세,상해없음,보행자,여,18세,경상
14162,2019053100100567,2019년 5월 31일 18시,금요일,경기도 부천시 심곡동,경상사고,0,0,1,0,차대사람 - 기타,신호위반,포장 - 건조,맑음,단일로 - 기타,승용,남,26세,상해없음,보행자,남,46세,경상
14163,2019053100100570,2019년 5월 31일 18시,금요일,경기도 수원시 영통구 이의동,경상사고,0,0,1,0,차대사람 - 보도통행중,기타,포장 - 건조,맑음,단일로 - 기타,자전거,기타불명,미분류,기타불명,보행자,여,38세,경상
14164,2019053100100571,2019년 5월 31일 18시,금요일,경기도 군포시 당동,중상사고,0,1,0,0,차대사람 - 횡단중,안전운전불이행,포장 - 건조,맑음,단일로 - 기타,승용,남,30세,상해없음,보행자,여,8세,중상
14165,2019053100100572,2019년 5월 31일 18시,금요일,경기도 시흥시 정왕동,중상사고,0,1,0,0,차대사람 - 기타,안전운전불이행,포장 - 건조,맑음,단일로 - 기타,승용,남,35세,상해없음,보행자,여,36세,중상
14166,2019053100100696,2019년 5월 31일 21시,금요일,경기도 성남시 수정구 수진동,경상사고,0,0,1,0,차대사람 - 기타,신호위반,포장 - 건조,맑음,교차로 - 교차로횡단보도내,자전거,남,25세,기타불명,보행자,여,60세,경상
14167,2019053100100737,2019년 5월 31일 21시,금요일,경기도 고양시 일산동구 중산동,중상사고,0,1,0,0,차대사람 - 횡단중,보행자보호의무위반,포장 - 건조,맑음,단일로 - 기타,승용,남,52세,상해없음,보행자,여,44세,중상
14168,2019053100100740,2019년 5월 31일 21시,금요일,경기도 포천시 소흘읍,경상사고,0,0,2,0,차대사람 - 횡단중,보행자보호의무위반,포장 - 건조,맑음,단일로 - 기타,승용,남,48세,상해없음,보행자,여,17세,경상
14169,2019053100100746,2019년 5월 31일 22시,금요일,경기도 평택시 포승읍,경상사고,0,0,1,0,차대사람 - 기타,안전운전불이행,포장 - 건조,맑음,교차로 - 교차로부근,승용,남,26세,상해없음,보행자,남,60세,경상
14170,2019053100100747,2019년 5월 31일 22시,금요일,경기도 용인시 처인구 김량장동,부상신고사고,0,0,0,1,차대사람 - 횡단중,안전운전불이행,포장 - 건조,맑음,단일로 - 기타,승합,남,51세,상해없음,보행자,여,69세,부상신고
14171,2019053100100779,2019년 5월 31일 23시,금요일,경기도 평택시 고덕면,경상사고,0,0,1,0,차대사람 - 기타,안전운전불이행,포장 - 건조,맑음,교차로 - 교차로안,승용,남,46세,상해없음,보행자,남,52세,경상
14172,2019053100100780,2019년 5월 31일 23시,금요일,경기도 이천시 중리동,경상사고,0,0,1,0,차대사람 - 차도통행중,안전운전불이행,포장 - 건조,맑음,단일로 - 기타,승용,여,54세,상해없음,보행자,여,59세,경상
14173,2019053100100784,2019년 5월 31일 23시,금요일,경기도 부천시 고강동,경상사고,0,0,1,0,차대사람 - 횡단중,안전운전불이행,포장 - 건조,맑음,단일로 - 기타,승용,여,22세,기타불명,보행자,여,71세,경상
14174,2019060100100029,2019년 6월 1일 00시,토요일,경기도 수원시 팔달구 인계동,경상사고,0,0,1,0,차대사람 - 기타,안전운전불이행,포장 - 건조,맑음,단일로 - 기타,승용,남,25세,상해없음,보행자,남,25세,경상
14175,2019060100100063,2019년 6월 1일 02시,토요일,경기도 광주시 중대동,중상사고,0,1,0,0,차대사람 - 횡단중,과속,포장 - 건조,맑음,단일로 - 기타,승용,남,57세,상해없음,보행자,남,40세,중상
14176,2019060100100087,2019년 6월 1일 04시,토요일,경기도 광주시 목현동,경상사고,0,0,1,0,차대사람 - 기타,안전운전불이행,포장 - 건조,맑음,기타 - 기타,화물,남,25세,상해없음,보행자,남,25세,경상
14177,2019060100100162,2019년 6월 1일 09시,토요일,경기도 화성시 진안동,경상사고,0,0,1,0,차대사람 - 보도통행중,기타,포장 - 건조,맑음,단일로 - 기타,승용,남,41세,기타불명,보행자,여,61세,경상
14178,2019060100100217,2019년 6월 1일 11시,토요일,경기도 수원시 장안구 영화동,경상사고,0,0,1,0,차대사람 - 횡단중,보행자보호의무위반,포장 - 건조,맑음,교차로 - 교차로안,이륜,남,21세,상해없음,보행자,여,5세,경상
14179,2019060100100295,2019년 6월 1일 13시,토요일,경기도 오산시 오산동,경상사고,0,0,1,0,차대사람 - 기타,안전운전불이행,포장 - 건조,맑음,기타 - 기타,특수,남,22세,상해없음,보행자,남,82세,경상
14180,2019060100100296,2019년 6월 1일 13시,토요일,경기도 수원시 권선구 세류동,경상사고,0,0,1,0,차대사람 - 차도통행중,안전운전불이행,포장 - 건조,맑음,교차로 - 교차로안,화물,남,56세,상해없음,보행자,남,39세,경상
14181,2019060100100335,2019년 6월 1일 14시,토요일,경기도 광주시 쌍령동,경상사고,0,0,1,0,차대사람 - 횡단중,안전운전불이행,포장 - 건조,맑음,교차로 - 교차로횡단보도내,화물,남,33세,상해없음,보행자,여,10세,경상
14182,2019060100100336,2019년 6월 1일 14시,토요일,경기도 수원시 권선구 세류동,경상사고,0,0,1,0,차대사람 - 길가장자리구역통행중,안전운전불이행,포장 - 건조,맑음,단일로 - 기타,화물,남,54세,상해없음,보행자,여,82세,경상
14183,2019060100100367,2019년 6월 1일 14시,토요일,경기도 양주시 덕정동,경상사고,0,0,1,0,차대사람 - 기타,안전운전불이행,포장 - 건조,맑음,단일로 - 기타,승용,남,69세,기타불명,보행자,남,7세,경상
14184,2019060100100378,2019년 6월 1일 15시,토요일,경기도 부천시 심곡본동,경상사고,0,0,1,0,차대사람 - 길가장자리구역통행중,안전운전불이행,포장 - 건조,맑음,단일로 - 기타,승용,남,61세,상해없음,보행자,남,42세,경상
14185,2019060100100411,2019년 6월 1일 16시,토요일,경기도 부천시 심곡본동,경상사고,0,0,1,0,차대사람 - 기타,안전운전불이행,포장 - 건조,맑음,단일로 - 기타,승용,남,60세,상해없음,보행자,남,35세,경상
14186,2019060100100412,2019년 6월 1일 16시,토요일,경기도 부천시 상동,경상사고,0,0,1,0,차대사람 - 차도통행중,안전운전불이행,포장 - 건조,맑음,단일로 - 기타,승용,남,60세,상해없음,보행자,남,62세,경상
14187,2019060100100442,2019년 6월 1일 16시,토요일,경기도 동두천시 지행동,부상신고사고,0,0,0,1,차대사람 - 횡단중,신호위반,포장 - 건조,맑음,단일로 - 기타,승용,남,21세,상해없음,보행자,남,7세,부상신고
14188,2019060100100459,2019년 6월 1일 17시,토요일,경기도 성남시 중원구 중앙동,부상신고사고,0,0,0,1,차대사람 - 기타,기타,포장 - 건조,맑음,단일로 - 기타,기타불명,기타불명,미분류,기타불명,보행자,남,47세,부상신고
14189,2019060100100477,2019년 6월 1일 17시,토요일,경기도 파주시 조리읍,중상사고,0,1,2,0,차대사람 - 길가장자리구역통행중,안전운전불이행,포장 - 건조,맑음,단일로 - 기타,자전거,남,57세,경상,보행자,여,59세,중상
14190,2019060100100485,2019년 6월 1일 18시,토요일,경기도 김포시 풍무동,중상사고,0,1,0,0,차대사람 - 기타,안전운전불이행,포장 - 건조,맑음,주차장 - 주차장,승용,여,44세,상해없음,보행자,여,9세,중상
14191,2019060100100505,2019년 6월 1일 19시,토요일,경기도 수원시 팔달구 구천동,중상사고,0,1,0,0,차대사람 - 기타,안전운전불이행,포장 - 건조,맑음,단일로 - 기타,승합,남,50세,상해없음,보행자,남,31세,중상
14192,2019060100100527,2019년 6월 1일 20시,토요일,경기도 오산시 궐동,경상사고,0,0,1,0,차대사람 - 횡단중,보행자보호의무위반,포장 - 건조,맑음,교차로 - 교차로안,승용,남,32세,상해없음,보행자,남,24세,경상
14193,2019060100100529,2019년 6월 1일 20시,토요일,경기도 수원시 팔달구 인계동,중상사고,0,1,0,0,차대사람 - 횡단중,안전운전불이행,포장 - 건조,맑음,단일로 - 기타,승용,남,47세,상해없음,보행자,여,60세,중상
14194,2019060100100531,2019년 6월 1일 20시,토요일,경기도 시흥시 정왕동,경상사고,0,0,1,0,차대사람 - 횡단중,안전운전불이행,포장 - 건조,맑음,단일로 - 기타,승용,남,62세,상해없음,보행자,남,45세,경상
14195,2019060100100562,2019년 6월 1일 21시,토요일,경기도 광주시 경안동,경상사고,0,0,1,0,차대사람 - 차도통행중,안전운전불이행,포장 - 건조,맑음,단일로 - 기타,승용,남,49세,상해없음,보행자,남,56세,경상
14196,2019060100100564,2019년 6월 1일 21시,토요일,경기도 부천시 심곡동,중상사고,0,1,1,0,차대사람 - 기타,안전운전불이행,포장 - 건조,맑음,단일로 - 기타,승용,여,47세,상해없음,보행자,남,51세,중상
14197,2019060100100575,2019년 6월 1일 21시,토요일,경기도 양주시 백석읍,중상사고,0,1,0,0,차대사람 - 기타,안전운전불이행,포장 - 건조,맑음,단일로 - 기타,승용,여,59세,상해없음,보행자,여,35세,중상
14198,2019060100100616,2019년 6월 1일 23시,토요일,경기도 이천시 창전동,경상사고,0,0,1,0,차대사람 - 횡단중,중앙선침범,포장 - 건조,맑음,교차로 - 교차로부근,이륜,남,19세,상해없음,보행자,남,22세,경상
14199,2019060100100620,2019년 6월 1일 23시,토요일,경기도 수원시 권선구 당수동,경상사고,0,0,1,0,차대사람 - 기타,안전운전불이행,포장 - 건조,맑음,단일로 - 기타,승용,남,58세,상해없음,보행자,여,22세,경상
14200,2019060100100631,2019년 6월 1일 23시,토요일,경기도 의정부시 호원동,경상사고,0,0,1,0,차대사람 - 횡단중,신호위반,포장 - 건조,맑음,단일로 - 기타,기타불명,기타불명,미분류,기타불명,보행자,남,60세,경상
14201,2019060100100633,2019년 6월 1일 23시,토요일,경기도 구리시 수택동,중상사고,0,1,0,0,차대사람 - 기타,안전운전불이행,포장 - 건조,맑음,기타 - 기타,승용,남,18세,상해없음,보행자,남,19세,중상
14202,2019060200100057,2019년 6월 2일 03시,일요일,경기도 광주시 태전동,경상사고,0,0,1,0,차대사람 - 기타,중앙선침범,포장 - 건조,맑음,단일로 - 기타,승용,남,23세,상해없음,보행자,남,36세,경상
14203,2019060200100081,2019년 6월 2일 06시,일요일,경기도 화성시 비봉면,중상사고,0,1,0,0,차대사람 - 기타,안전운전불이행,포장 - 건조,맑음,단일로 - 기타,승용,남,60세,상해없음,보행자,남,75세,중상
14204,2019060200100102,2019년 6월 2일 08시,일요일,경기도 광명시 소하동,중상사고,0,1,0,0,차대사람 - 기타,안전운전불이행,포장 - 건조,맑음,단일로 - 기타,화물,남,51세,상해없음,보행자,여,80세,중상
14205,2019060200100118,2019년 6월 2일 09시,일요일,경기도 안성시 금광면,경상사고,0,0,1,0,차대사람 - 기타,안전운전불이행,포장 - 건조,맑음,교차로 - 교차로안,농기계,남,60세,상해없음,보행자,남,64세,경상
14206,2019060200100226,2019년 6월 2일 14시,일요일,경기도 오산시 은계동,경상사고,0,0,1,0,차대사람 - 기타,안전운전불이행,포장 - 건조,맑음,교차로 - 교차로안,승용,남,34세,상해없음,보행자,여,77세,경상
14207,2019060200100260,2019년 6월 2일 14시,일요일,경기도 양주시 덕정동,경상사고,0,0,1,0,차대사람 - 횡단중,안전운전불이행,포장 - 건조,맑음,단일로 - 기타,승용,남,72세,상해없음,보행자,남,12세,경상
14208,2019060200100338,2019년 6월 2일 17시,일요일,경기도 수원시 팔달구 인계동,중상사고,0,1,0,0,차대사람 - 기타,안전운전불이행,포장 - 건조,맑음,단일로 - 기타,승용,여,27세,상해없음,보행자,여,27세,중상
14209,2019060200100363,2019년 6월 2일 18시,일요일,경기도 안성시 당왕동,경상사고,0,0,2,0,차대사람 - 기타,안전운전불이행,포장 - 건조,맑음,단일로 - 기타,이륜,남,51세,경상,보행자,여,75세,경상
14210,2019060200100386,2019년 6월 2일 18시,일요일,경기도 고양시 일산서구 대화동,부상신고사고,0,0,0,1,차대사람 - 보도통행중,안전운전불이행,포장 - 건조,맑음,기타 - 기타,승용,남,33세,상해없음,보행자,여,3세,부상신고
14211,2019060200100453,2019년 6월 2일 21시,일요일,경기도 부천시 심곡동,경상사고,0,0,1,0,차대사람 - 보도통행중,안전운전불이행,포장 - 건조,맑음,단일로 - 기타,승용,남,18세,상해없음,보행자,남,16세,경상
14212,2019060200100480,2019년 6월 2일 22시,일요일,경기도 시흥시 월곶동,경상사고,0,0,1,0,차대사람 - 기타,안전운전불이행,포장 - 건조,맑음,단일로 - 기타,승용,남,51세,상해없음,보행자,남,37세,경상
14213,2019060200100499,2019년 6월 2일 23시,일요일,경기도 성남시 분당구 서현동,경상사고,0,0,2,0,차대사람 - 횡단중,안전운전불이행,포장 - 건조,맑음,교차로 - 교차로부근,승용,남,49세,상해없음,보행자,남,19세,경상
14214,2019060300100087,2019년 6월 3일 06시,월요일,경기도 화성시 병점동,경상사고,0,0,1,0,차대사람 - 기타,기타,포장 - 건조,맑음,단일로 - 기타,개인형이동수단(PM),여,21세,상해없음,보행자,여,45세,경상
14215,2019060300100102,2019년 6월 3일 07시,월요일,경기도 하남시 덕풍동,부상신고사고,0,0,0,1,차대사람 - 기타,안전운전불이행,포장 - 건조,맑음,기타 - 기타,기타불명,기타불명,미분류,기타불명,보행자,남,44세,부상신고
14216,2019060300100136,2019년 6월 3일 08시,월요일,경기도 여주시 흥천면,중상사고,0,1,0,0,차대사람 - 횡단중,안전운전불이행,포장 - 건조,맑음,교차로 - 교차로부근,승합,남,63세,상해없음,보행자,여,77세,중상
14217,2019060300100139,2019년 6월 3일 08시,월요일,경기도 군포시 당동,경상사고,0,0,1,0,차대사람 - 횡단중,보행자보호의무위반,포장 - 건조,맑음,단일로 - 기타,승용,여,61세,상해없음,보행자,여,11세,경상
14218,2019060300100175,2019년 6월 3일 09시,월요일,경기도 용인시 처인구 양지면,경상사고,0,0,1,0,차대사람 - 기타,안전운전불이행,포장 - 건조,맑음,교차로 - 교차로안,화물,여,49세,상해없음,보행자,여,41세,경상
14219,2019060300100177,2019년 6월 3일 09시,월요일,경기도 성남시 중원구 중앙동,경상사고,0,0,1,0,차대사람 - 기타,안전운전불이행,포장 - 건조,맑음,단일로 - 기타,승용,여,56세,상해없음,보행자,남,51세,경상
14220,2019060300100251,2019년 6월 3일 11시,월요일,경기도 화성시 영천동,중상사고,0,1,0,0,차대사람 - 횡단중,안전운전불이행,포장 - 건조,맑음,단일로 - 기타,승용,남,45세,상해없음,보행자,여,47세,중상
14221,2019060300100278,2019년 6월 3일 12시,월요일,경기도 화성시 송산면,경상사고,0,0,1,0,차대사람 - 기타,안전운전불이행,포장 - 건조,맑음,기타 - 기타,승용,여,53세,상해없음,보행자,남,42세,경상
14222,2019060300100300,2019년 6월 3일 12시,월요일,경기도 동두천시 생연동,중상사고,0,1,0,0,차대사람 - 기타,안전운전불이행,포장 - 건조,맑음,단일로 - 기타,승합,남,52세,기타불명,보행자,여,67세,중상
14223,2019060300100329,2019년 6월 3일 13시,월요일,경기도 의정부시 장암동,경상사고,0,0,1,0,차대사람 - 기타,안전운전불이행,포장 - 건조,맑음,단일로 - 기타,승용,여,64세,상해없음,보행자,남,63세,경상
14224,2019060300100330,2019년 6월 3일 13시,월요일,경기도 고양시 일산서구 일산동,부상신고사고,0,0,0,1,차대사람 - 횡단중,안전운전불이행,포장 - 건조,맑음,단일로 - 기타,승용,여,50세,상해없음,보행자,남,49세,부상신고
14225,2019060300100344,2019년 6월 3일 14시,월요일,경기도 군포시 산본동,경상사고,0,0,1,0,차대사람 - 기타,안전운전불이행,포장 - 건조,맑음,단일로 - 기타,승용,남,44세,상해없음,보행자,여,57세,경상
14226,2019060300100346,2019년 6월 3일 14시,월요일,경기도 수원시 권선구 호매실동,경상사고,0,0,1,0,차대사람 - 기타,안전운전불이행,포장 - 건조,맑음,기타 - 기타,개인형이동수단(PM),남,10세,상해없음,보행자,남,10세,경상
14227,2019060300100389,2019년 6월 3일 15시,월요일,경기도 화성시 산척동,부상신고사고,0,0,0,1,차대사람 - 기타,기타,포장 - 건조,맑음,기타 - 기타,기타불명,기타불명,미분류,기타불명,보행자,여,41세,부상신고
14228,2019060300100489,2019년 6월 3일 18시,월요일,경기도 광주시 쌍령동,경상사고,0,0,1,0,차대사람 - 횡단중,보행자보호의무위반,포장 - 건조,맑음,단일로 - 기타,승용,남,70세,상해없음,보행자,남,64세,경상
14229,2019060300100490,2019년 6월 3일 18시,월요일,경기도 용인시 처인구 유방동,경상사고,0,0,1,0,차대사람 - 기타,안전운전불이행,포장 - 건조,맑음,기타 - 기타,승용,남,76세,상해없음,보행자,남,2세,경상
14230,2019060300100491,2019년 6월 3일 18시,월요일,경기도 수원시 영통구 원천동,경상사고,0,0,1,0,차대사람 - 차도통행중,안전운전불이행,포장 - 건조,맑음,단일로 - 기타,승용,여,34세,상해없음,보행자,남,43세,경상
14231,2019060300100492,2019년 6월 3일 18시,월요일,경기도 성남시 분당구 삼평동,경상사고,0,0,1,0,차대사람 - 기타,안전운전불이행,포장 - 건조,맑음,기타 - 기타,자전거,여,38세,상해없음,보행자,여,39세,경상
14232,2019060300100528,2019년 6월 3일 19시,월요일,경기도 시흥시 정왕동,경상사고,0,0,1,0,차대사람 - 횡단중,기타,포장 - 건조,맑음,교차로 - 교차로부근,승용,남,24세,상해없음,보행자,남,3세,경상
14233,2019060300100541,2019년 6월 3일 19시,월요일,경기도 남양주시 금곡동,중상사고,0,1,0,0,차대사람 - 기타,안전운전불이행,포장 - 건조,맑음,단일로 - 기타,승용,남,62세,기타불명,보행자,남,55세,중상
14234,2019060300100597,2019년 6월 3일 22시,월요일,경기도 수원시 장안구 연무동,경상사고,0,0,1,0,차대사람 - 기타,안전운전불이행,포장 - 건조,맑음,단일로 - 기타,승용,남,25세,상해없음,보행자,남,28세,경상
14235,2019060300100600,2019년 6월 3일 22시,월요일,경기도 광주시 곤지암읍,중상사고,0,1,0,0,차대사람 - 길가장자리구역통행중,안전운전불이행,포장 - 건조,맑음,기타 - 기타,화물,남,72세,상해없음,보행자,남,24세,중상
14236,2019060300100621,2019년 6월 3일 23시,월요일,경기도 안산시 단원구 선감동,경상사고,0,0,1,0,차대사람 - 길가장자리구역통행중,안전운전불이행,포장 - 건조,맑음,단일로 - 기타,승합,남,54세,상해없음,보행자,남,66세,경상
14237,2019060400100057,2019년 6월 4일 04시,화요일,경기도 고양시 덕양구 행주외동,부상신고사고,0,0,0,1,차대사람 - 차도통행중,안전운전불이행,포장 - 건조,맑음,단일로 - 기타,기타불명,기타불명,미분류,기타불명,보행자,남,55세,부상신고
14238,2019060400100093,2019년 6월 4일 07시,화요일,경기도 화성시 양감면,중상사고,0,1,1,0,차대사람 - 기타,안전운전불이행,포장 - 건조,맑음,단일로 - 기타,승용,남,31세,상해없음,보행자,남,54세,중상
14239,2019060400100123,2019년 6월 4일 08시,화요일,경기도 시흥시 정왕동,중상사고,0,1,0,0,차대사람 - 횡단중,안전운전불이행,포장 - 건조,맑음,단일로 - 기타,승용,남,39세,상해없음,보행자,여,75세,중상
14240,2019060400100174,2019년 6월 4일 09시,화요일,경기도 성남시 중원구 성남동,중상사고,0,1,0,0,차대사람 - 차도통행중,안전운전불이행,포장 - 건조,맑음,단일로 - 기타,승용,여,58세,상해없음,보행자,여,30세,중상
14241,2019060400100202,2019년 6월 4일 09시,화요일,경기도 구리시 수택동,중상사고,0,1,0,0,차대사람 - 보도통행중,보행자보호의무위반,포장 - 건조,맑음,교차로 - 교차로안,화물,남,47세,상해없음,보행자,남,67세,중상
14242,2019060400100207,2019년 6월 4일 10시,화요일,경기도 평택시 서정동,중상사고,0,1,0,0,차대사람 - 기타,기타,포장 - 건조,맑음,기타 - 기타,승용,남,85세,상해없음,보행자,여,76세,중상
14243,2019060400100212,2019년 6월 4일 10시,화요일,경기도 용인시 처인구 김량장동,중상사고,0,1,0,0,차대사람 - 길가장자리구역통행중,안전운전불이행,포장 - 건조,맑음,기타 - 기타,화물,남,32세,상해없음,보행자,남,48세,중상
14244,2019060400100248,2019년 6월 4일 11시,화요일,경기도 부천시 원종동,경상사고,0,0,1,0,차대사람 - 횡단중,안전운전불이행,포장 - 건조,맑음,단일로 - 기타,화물,남,39세,상해없음,보행자,남,66세,경상
14245,2019060400100280,2019년 6월 4일 12시,화요일,경기도 안성시 삼죽면,경상사고,0,0,1,0,차대사람 - 횡단중,안전운전불이행,포장 - 건조,맑음,교차로 - 교차로안,승용,남,31세,상해없음,보행자,남,55세,경상
14246,2019060400100283,2019년 6월 4일 12시,화요일,경기도 부천시 고강동,중상사고,0,1,0,0,차대사람 - 기타,안전운전불이행,포장 - 건조,맑음,교차로 - 교차로부근,승합,남,35세,상해없음,보행자,여,72세,중상
14247,2019060400100311,2019년 6월 4일 13시,화요일,경기도 시흥시 은행동,경상사고,0,0,1,0,차대사람 - 횡단중,신호위반,포장 - 건조,맑음,교차로 - 교차로안,승합,남,21세,상해없음,보행자,여,7세,경상
14248,2019060400100333,2019년 6월 4일 13시,화요일,경기도 고양시 일산동구 장항동,경상사고,0,0,1,0,차대사람 - 기타,안전운전불이행,포장 - 건조,맑음,단일로 - 기타,화물,남,42세,상해없음,보행자,여,47세,경상
14249,2019060400100344,2019년 6월 4일 14시,화요일,경기도 하남시 덕풍동,중상사고,0,1,0,0,차대사람 - 횡단중,보행자보호의무위반,포장 - 건조,맑음,교차로 - 교차로횡단보도내,승용,남,30세,상해없음,보행자,여,64세,중상
14250,2019060400100413,2019년 6월 4일 16시,화요일,경기도 하남시 덕풍동,경상사고,0,0,1,0,차대사람 - 기타,안전운전불이행,포장 - 건조,맑음,단일로 - 기타,화물,남,42세,상해없음,보행자,여,57세,경상
14251,2019060400100557,2019년 6월 4일 18시,화요일,경기도 의정부시 의정부동,경상사고,0,0,1,0,차대사람 - 횡단중,보행자보호의무위반,포장 - 건조,맑음,교차로 - 교차로횡단보도내,화물,남,56세,상해없음,보행자,남,21세,경상
14252,2019060400100565,2019년 6월 4일 19시,화요일,경기도 성남시 수정구 태평동,중상사고,0,1,0,0,차대사람 - 기타,안전운전불이행,포장 - 건조,맑음,단일로 - 기타,자전거,남,15세,상해없음,보행자,여,48세,중상
14253,2019060400100567,2019년 6월 4일 19시,화요일,경기도 광주시 경안동,중상사고,0,1,0,0,차대사람 - 기타,안전운전불이행,포장 - 건조,맑음,단일로 - 기타,승용,여,64세,상해없음,보행자,남,50세,중상
14254,2019060400100599,2019년 6월 4일 20시,화요일,경기도 시흥시 신천동,경상사고,0,0,1,0,차대사람 - 기타,안전운전불이행,포장 - 건조,맑음,단일로 - 기타,화물,남,70세,상해없음,보행자,남,64세,경상
14255,2019060400100635,2019년 6월 4일 21시,화요일,경기도 안산시 상록구 본오동,부상신고사고,0,0,0,1,차대사람 - 기타,안전운전불이행,포장 - 건조,맑음,교차로 - 교차로부근,승용,남,27세,상해없음,보행자,여,74세,부상신고
14256,2019060400100636,2019년 6월 4일 21시,화요일,경기도 하남시 덕풍동,중상사고,0,1,0,0,차대사람 - 기타,안전운전불이행,포장 - 건조,맑음,기타 - 기타,승용,여,45세,상해없음,보행자,남,49세,중상
14257,2019060400100652,2019년 6월 4일 21시,화요일,경기도 고양시 덕양구 대자동,중상사고,0,1,0,0,차대사람 - 횡단중,안전운전불이행,포장 - 건조,맑음,교차로 - 교차로부근,승용,남,46세,상해없음,보행자,남,61세,중상
14258,2019060400100658,2019년 6월 4일 22시,화요일,경기도 안성시 고삼면,중상사고,0,1,0,0,차대사람 - 차도통행중,안전운전불이행,포장 - 건조,흐림,교차로 - 교차로안,승용,남,45세,상해없음,보행자,남,17세,중상
14259,2019060400100661,2019년 6월 4일 22시,화요일,경기도 성남시 분당구 정자동,중상사고,0,1,0,0,차대사람 - 기타,보행자보호의무위반,포장 - 건조,맑음,교차로 - 교차로안,승합,남,57세,상해없음,보행자,남,12세,중상
14260,2019060400100663,2019년 6월 4일 22시,화요일,경기도 안산시 상록구 건건동,경상사고,0,0,1,0,차대사람 - 횡단중,신호위반,포장 - 건조,맑음,교차로 - 교차로횡단보도내,승용,남,47세,상해없음,보행자,여,34세,경상
14261,2019060400100676,2019년 6월 4일 22시,화요일,경기도 파주시 금촌동,중상사고,0,1,0,1,차대사람 - 횡단중,보행자보호의무위반,포장 - 건조,맑음,교차로 - 교차로횡단보도내,승용,남,27세,상해없음,보행자,남,28세,중상
14262,2019060400100687,2019년 6월 4일 23시,화요일,경기도 의정부시 의정부동,경상사고,0,0,1,0,차대사람 - 길가장자리구역통행중,안전운전불이행,포장 - 건조,맑음,단일로 - 기타,승용,남,27세,기타불명,보행자,남,26세,경상
14263,2019060500100032,2019년 6월 5일 00시,수요일,경기도 성남시 수정구 태평동,경상사고,0,0,1,0,차대사람 - 길가장자리구역통행중,안전운전불이행,포장 - 건조,맑음,기타 - 기타,승용,남,48세,상해없음,보행자,남,58세,경상
14264,2019060500100042,2019년 6월 5일 01시,수요일,경기도 김포시 장기동,경상사고,0,0,1,0,차대사람 - 횡단중,안전운전불이행,포장 - 건조,맑음,교차로 - 교차로횡단보도내,화물,남,53세,상해없음,보행자,남,44세,경상
14265,2019060500100045,2019년 6월 5일 01시,수요일,경기도 용인시 수지구 죽전동,부상신고사고,0,0,0,1,차대사람 - 기타,안전운전불이행,포장 - 건조,맑음,단일로 - 기타,승용,남,63세,상해없음,보행자,남,31세,부상신고
14266,2019060500100091,2019년 6월 5일 07시,수요일,경기도 평택시 고덕면,사망사고,1,0,0,0,차대사람 - 기타,안전운전불이행,포장 - 건조,맑음,기타 - 기타,승용,남,65세,상해없음,보행자,남,43세,사망
14267,2019060500100092,2019년 6월 5일 07시,수요일,경기도 안성시 봉산동,경상사고,0,0,1,0,차대사람 - 횡단중,보행자보호의무위반,포장 - 건조,맑음,단일로 - 기타,승용,남,56세,상해없음,보행자,여,57세,경상
14268,2019060500100108,2019년 6월 5일 07시,수요일,경기도 고양시 일산서구 일산동,경상사고,0,0,1,0,차대사람 - 횡단중,보행자보호의무위반,포장 - 건조,맑음,기타 - 기타,자전거,남,9세,상해없음,보행자,여,23세,경상
14269,2019060500100123,2019년 6월 5일 08시,수요일,경기도 안양시 동안구 비산동,중상사고,0,1,0,0,차대사람 - 기타,기타,포장 - 건조,맑음,단일로 - 기타,승합,남,63세,상해없음,보행자,남,83세,중상
14270,2019060500100125,2019년 6월 5일 08시,수요일,경기도 광주시 역동,중상사고,0,1,0,0,차대사람 - 횡단중,신호위반,포장 - 건조,맑음,교차로 - 교차로안,승용,남,46세,상해없음,보행자,남,45세,중상
14271,2019060500100131,2019년 6월 5일 08시,수요일,경기도 군포시 산본동,경상사고,0,0,1,0,차대사람 - 횡단중,안전운전불이행,포장 - 건조,맑음,단일로 - 기타,자전거,남,39세,상해없음,보행자,남,56세,경상
14272,2019060500100163,2019년 6월 5일 08시,수요일,경기도 구리시 교문동,중상사고,0,1,0,0,차대사람 - 기타,안전운전불이행,포장 - 건조,맑음,교차로 - 교차로안,화물,남,66세,상해없음,보행자,여,11세,중상