,사고번호,사고일시,요일,시군구,사고내용,사망자수,중상자수,경상자수,부상신고자수,사고유형,법규위반,노면상태,기상상태,도로형태,가해운전자 차종,가해운전자 성별,가해운전자 연령,가해운전자 상해정도,피해운전자 차종,피해운전자 성별,피해운전자 연령,피해운전자 상해정도
14273,2019060500100180,2019년 6월 5일 09시,수요일,경기도 부천시 소사동,중상사고,0,1,0,0,차대사람 - 횡단중,안전운전불이행,포장 - 건조,맑음,단일로 - 기타,승용,남,62세,상해없음,보행자,여,73세,중상
14274,2019060500100181,2019년 6월 5일 09시,수요일,경기도 광명시 철산동,경상사고,0,0,1,0,차대사람 - 횡단중,보행자보호의무위반,포장 - 건조,맑음,교차로 - 교차로횡단보도내,승합,남,57세,상해없음,보행자,여,34세,경상
14275,2019060500100183,2019년 6월 5일 09시,수요일,경기도 성남시 분당구 삼평동,중상사고,0,1,0,0,차대사람 - 횡단중,보행자보호의무위반,포장 - 건조,맑음,단일로 - 기타,승용,남,68세,상해없음,보행자,여,46세,중상
14276,2019060500100208,2019년 6월 5일 09시,수요일,경기도 파주시 문산읍,중상사고,0,1,0,0,차대사람 - 기타,안전운전불이행,포장 - 건조,맑음,단일로 - 기타,승용,남,32세,상해없음,보행자,남,65세,중상
14277,2019060500100209,2019년 6월 5일 09시,수요일,경기도 포천시 신읍동,경상사고,0,0,1,0,차대사람 - 보도통행중,안전운전불이행,포장 - 건조,맑음,단일로 - 기타,승용,여,59세,상해없음,보행자,여,65세,경상
14278,2019060500100217,2019년 6월 5일 10시,수요일,경기도 여주시 창동,중상사고,0,1,0,0,차대사람 - 기타,안전운전불이행,포장 - 건조,맑음,단일로 - 기타,승용,여,30세,상해없음,보행자,여,38세,중상
14279,2019060500100277,2019년 6월 5일 12시,수요일,경기도 하남시 신장동,중상사고,0,1,0,0,차대사람 - 차도통행중,안전운전불이행,포장 - 건조,맑음,단일로 - 기타,이륜,남,74세,상해없음,보행자,여,77세,중상
14280,2019060500100311,2019년 6월 5일 13시,수요일,경기도 여주시 홍문동,경상사고,0,0,1,0,차대사람 - 횡단중,안전운전불이행,포장 - 건조,맑음,단일로 - 기타,승용,남,70세,상해없음,보행자,여,67세,경상
14281,2019060500100334,2019년 6월 5일 13시,수요일,경기도 남양주시 와부읍,중상사고,0,1,0,0,차대사람 - 횡단중,안전운전불이행,포장 - 건조,맑음,교차로 - 교차로안,승용,여,59세,상해없음,보행자,여,76세,중상
14282,2019060500100347,2019년 6월 5일 14시,수요일,경기도 용인시 기흥구 동백동,부상신고사고,0,0,0,1,차대사람 - 기타,안전운전불이행,포장 - 건조,맑음,기타 - 기타,화물,남,50세,상해없음,보행자,남,57세,부상신고
14283,2019060500100388,2019년 6월 5일 15시,수요일,경기도 양평군 양평읍,경상사고,0,0,2,0,차대사람 - 횡단중,보행자보호의무위반,포장 - 건조,맑음,단일로 - 기타,승용,남,31세,상해없음,보행자,여,38세,경상
14284,2019060500100491,2019년 6월 5일 17시,수요일,경기도 안양시 동안구 비산동,경상사고,0,0,1,0,차대사람 - 보도통행중,안전운전불이행,포장 - 건조,맑음,교차로 - 교차로부근,화물,남,55세,상해없음,보행자,남,33세,경상
14285,2019060500100495,2019년 6월 5일 17시,수요일,경기도 광명시 하안동,경상사고,0,0,1,0,차대사람 - 기타,안전운전불이행,포장 - 건조,맑음,교차로 - 교차로안,승용,남,44세,상해없음,보행자,남,56세,경상
14286,2019060500100555,2019년 6월 5일 18시,수요일,경기도 부천시 고강동,중상사고,0,1,0,0,차대사람 - 횡단중,안전운전불이행,포장 - 건조,맑음,단일로 - 기타,승용,여,41세,상해없음,보행자,남,7세,중상
14287,2019060500100590,2019년 6월 5일 18시,수요일,경기도 파주시 문산읍,경상사고,0,0,1,0,차대사람 - 기타,안전운전불이행,포장 - 건조,맑음,단일로 - 기타,승용,남,18세,상해없음,보행자,여,16세,경상
14288,2019060500100630,2019년 6월 5일 19시,수요일,경기도 남양주시 진건읍,경상사고,0,0,1,0,차대사람 - 기타,안전운전불이행,포장 - 건조,맑음,단일로 - 기타,승용,남,33세,상해없음,보행자,남,78세,경상
14289,2019060500100638,2019년 6월 5일 20시,수요일,경기도 용인시 처인구 김량장동,중상사고,0,1,0,0,차대사람 - 기타,안전운전불이행,포장 - 건조,맑음,기타 - 기타,승용,남,28세,상해없음,보행자,여,53세,중상
14290,2019060500100669,2019년 6월 5일 20시,수요일,경기도 양주시 덕계동,경상사고,0,0,1,0,차대사람 - 횡단중,보행자보호의무위반,포장 - 건조,맑음,단일로 - 기타,승용,여,52세,상해없음,보행자,남,11세,경상
14291,2019060500100681,2019년 6월 5일 21시,수요일,경기도 평택시 통복동,부상신고사고,0,0,0,1,차대사람 - 기타,안전운전불이행,포장 - 건조,맑음,기타 - 기타,기타불명,기타불명,미분류,기타불명,보행자,남,51세,부상신고
14292,2019060500100685,2019년 6월 5일 21시,수요일,경기도 안산시 단원구 초지동,경상사고,0,0,1,0,차대사람 - 횡단중,보행자보호의무위반,포장 - 건조,맑음,교차로 - 교차로횡단보도내,화물,남,75세,상해없음,보행자,남,54세,경상
14293,2019060500100686,2019년 6월 5일 21시,수요일,경기도 용인시 수지구 죽전동,경상사고,0,0,1,0,차대사람 - 보도통행중,기타,포장 - 건조,맑음,단일로 - 기타,이륜,남,60세,상해없음,보행자,남,60세,경상
14294,2019060500100715,2019년 6월 5일 22시,수요일,경기도 평택시 포승읍,부상신고사고,0,0,0,1,차대사람 - 기타,안전운전불이행,포장 - 건조,맑음,단일로 - 기타,승용,남,34세,상해없음,보행자,남,38세,부상신고
14295,2019060500100717,2019년 6월 5일 22시,수요일,경기도 안산시 단원구 고잔동,경상사고,0,0,1,0,차대사람 - 기타,안전운전불이행,포장 - 건조,맑음,단일로 - 터널,승용,남,29세,상해없음,보행자,남,56세,경상
14296,2019060500100721,2019년 6월 5일 22시,수요일,경기도 안산시 상록구 양상동,경상사고,0,0,1,0,차대사람 - 차도통행중,안전운전불이행,포장 - 건조,맑음,교차로 - 교차로안,승용,남,43세,상해없음,보행자,남,64세,경상
14297,2019060500100723,2019년 6월 5일 22시,수요일,경기도 안양시 만안구 안양동,중상사고,0,1,0,0,차대사람 - 횡단중,안전운전불이행,포장 - 건조,맑음,단일로 - 기타,승용,남,37세,기타불명,보행자,남,19세,중상
14298,2019060500100745,2019년 6월 5일 22시,수요일,경기도 남양주시 진건읍,중상사고,0,1,0,0,차대사람 - 횡단중,안전운전불이행,포장 - 건조,맑음,기타 - 기타,승용,여,50세,상해없음,보행자,남,52세,중상
14299,2019060500100746,2019년 6월 5일 22시,수요일,경기도 파주시 문산읍,중상사고,0,1,0,0,차대사람 - 기타,안전운전불이행,포장 - 건조,맑음,단일로 - 기타,승용,여,19세,상해없음,보행자,남,25세,중상
14300,2019060500100758,2019년 6월 5일 23시,수요일,경기도 부천시 중동,중상사고,0,1,1,0,차대사람 - 횡단중,안전운전불이행,포장 - 건조,맑음,교차로 - 교차로횡단보도내,승용,남,49세,상해없음,보행자,남,43세,중상
14301,2019060600100033,2019년 6월 6일 00시,목요일,경기도 안산시 단원구 고잔동,경상사고,0,0,1,0,차대사람 - 횡단중,안전운전불이행,포장 - 건조,맑음,단일로 - 기타,승용,여,48세,상해없음,보행자,여,21세,경상
14302,2019060600100190,2019년 6월 6일 11시,목요일,경기도 용인시 기흥구 중동,중상사고,0,1,0,0,차대사람 - 횡단중,안전운전불이행,포장 - 건조,흐림,교차로 - 교차로횡단보도내,승용,남,41세,상해없음,보행자,여,54세,중상
14303,2019060600100214,2019년 6월 6일 12시,목요일,경기도 안성시 공도읍,경상사고,0,0,1,0,차대사람 - 기타,안전운전불이행,포장 - 건조,맑음,단일로 - 기타,승용,여,72세,상해없음,보행자,여,62세,경상
14304,2019060600100216,2019년 6월 6일 12시,목요일,경기도 안산시 단원구 와동,경상사고,0,0,1,0,차대사람 - 횡단중,신호위반,포장 - 건조,흐림,교차로 - 교차로횡단보도내,원동기,남,25세,상해없음,보행자,여,67세,경상
14305,2019060600100251,2019년 6월 6일 13시,목요일,경기도 여주시 강천면,경상사고,0,0,1,0,차대사람 - 기타,안전운전불이행,포장 - 건조,맑음,기타 - 기타,승용,남,47세,상해없음,보행자,남,75세,경상
14306,2019060600100254,2019년 6월 6일 13시,목요일,경기도 부천시 중동,경상사고,0,0,1,0,차대사람 - 기타,안전운전불이행,포장 - 건조,맑음,단일로 - 기타,기타불명,기타불명,미분류,기타불명,보행자,여,45세,경상
14307,2019060600100278,2019년 6월 6일 13시,목요일,경기도 고양시 일산동구 백석동,경상사고,0,0,1,0,차대사람 - 횡단중,보행자보호의무위반,포장 - 건조,맑음,교차로 - 교차로횡단보도내,승용,여,41세,상해없음,보행자,여,5세,경상
14308,2019060600100279,2019년 6월 6일 13시,목요일,경기도 파주시 금릉동,중상사고,0,1,0,0,차대사람 - 횡단중,보행자보호의무위반,포장 - 건조,맑음,교차로 - 교차로횡단보도내,승용,남,50세,상해없음,보행자,여,21세,중상
14309,2019060600100322,2019년 6월 6일 15시,목요일,경기도 안성시 서운면,경상사고,0,0,1,0,차대사람 - 기타,안전운전불이행,포장 - 건조,맑음,단일로 - 기타,기타불명,기타불명,미분류,기타불명,보행자,여,77세,경상
14310,2019060600100325,2019년 6월 6일 15시,목요일,경기도 수원시 팔달구 인계동,경상사고,0,0,1,0,차대사람 - 기타,안전운전불이행,포장 - 건조,맑음,단일로 - 기타,승용,남,27세,기타불명,보행자,남,26세,경상
14311,2019060600100360,2019년 6월 6일 16시,목요일,경기도 안산시 단원구 선부동,부상신고사고,0,0,0,1,차대사람 - 차도통행중,안전운전불이행,포장 - 건조,맑음,교차로 - 교차로부근,이륜,남,22세,부상신고,보행자,남,50세,상해없음
14312,2019060600100386,2019년 6월 6일 17시,목요일,경기도 오산시 오산동,중상사고,0,1,0,0,차대사람 - 횡단중,기타,포장 - 건조,흐림,단일로 - 기타,자전거,여,43세,상해없음,보행자,남,45세,중상
14313,2019060600100389,2019년 6월 6일 17시,목요일,경기도 부천시 고강동,경상사고,0,0,1,0,차대사람 - 횡단중,안전운전불이행,포장 - 건조,맑음,단일로 - 기타,승용,여,66세,상해없음,보행자,여,51세,경상
14314,2019060600100420,2019년 6월 6일 18시,목요일,경기도 평택시 포승읍,중상사고,0,1,0,0,차대사람 - 차도통행중,보행자보호의무위반,포장 - 젖음/습기,비,단일로 - 기타,승용,남,37세,기타불명,보행자,남,48세,중상
14315,2019060600100495,2019년 6월 6일 20시,목요일,경기도 부천시 춘의동,중상사고,0,1,1,0,차대사람 - 기타,신호위반,포장 - 건조,맑음,단일로 - 기타,승용,남,38세,상해없음,보행자,남,30세,중상
14316,2019060600100501,2019년 6월 6일 20시,목요일,경기도 화성시 반송동,경상사고,0,0,1,0,차대사람 - 횡단중,보행자보호의무위반,포장 - 젖음/습기,비,교차로 - 교차로횡단보도내,승용,여,40세,상해없음,보행자,여,45세,경상
14317,2019060600100538,2019년 6월 6일 21시,목요일,경기도 성남시 수정구 신흥동,중상사고,0,1,0,0,차대사람 - 보도통행중,신호위반,포장 - 젖음/습기,비,교차로 - 교차로횡단보도내,이륜,남,37세,상해없음,보행자,남,45세,중상
14318,2019060600100539,2019년 6월 6일 21시,목요일,경기도 성남시 수정구 신흥동,경상사고,0,0,1,0,차대사람 - 기타,안전운전불이행,포장 - 젖음/습기,비,교차로 - 교차로부근,승용,남,54세,상해없음,보행자,남,56세,경상
14319,2019060600100542,2019년 6월 6일 21시,목요일,경기도 안양시 동안구 관양동,경상사고,0,0,1,0,차대사람 - 차도통행중,안전운전불이행,포장 - 건조,맑음,교차로 - 교차로안,승용,남,65세,상해없음,보행자,여,66세,경상
14320,2019060600100579,2019년 6월 6일 21시,목요일,경기도 고양시 덕양구 관산동,중상사고,0,1,0,0,차대사람 - 횡단중,안전운전불이행,포장 - 젖음/습기,비,단일로 - 기타,승용,남,61세,상해없음,보행자,남,51세,중상
14321,2019060600100594,2019년 6월 6일 22시,목요일,경기도 군포시 산본동,경상사고,0,0,1,0,차대사람 - 횡단중,안전운전불이행,포장 - 젖음/습기,비,단일로 - 기타,승용,남,39세,상해없음,보행자,남,44세,경상
14322,2019060600100618,2019년 6월 6일 22시,목요일,경기도 남양주시 호평동,중상사고,0,1,2,0,차대사람 - 기타,신호위반,포장 - 건조,맑음,교차로 - 교차로안,이륜,남,44세,경상,보행자,남,18세,경상
14323,2019060600100620,2019년 6월 6일 22시,목요일,경기도 고양시 일산서구 탄현동,부상신고사고,0,0,0,1,차대사람 - 차도통행중,안전운전불이행,포장 - 젖음/습기,비,단일로 - 기타,승용,남,57세,상해없음,보행자,남,56세,부상신고
14324,2019060600100632,2019년 6월 6일 23시,목요일,경기도 수원시 팔달구 인계동,경상사고,0,0,1,0,차대사람 - 기타,안전운전불이행,포장 - 젖음/습기,비,단일로 - 기타,승용,남,24세,상해없음,보행자,남,52세,경상
14325,2019060600100633,2019년 6월 6일 23시,목요일,경기도 성남시 중원구 중앙동,경상사고,0,0,1,0,차대사람 - 횡단중,신호위반,포장 - 젖음/습기,비,교차로 - 교차로부근,이륜,남,17세,상해없음,보행자,여,47세,경상
14326,2019060700100085,2019년 6월 7일 04시,금요일,경기도 양주시 광적면,사망사고,1,0,0,0,차대사람 - 차도통행중,안전운전불이행,포장 - 젖음/습기,비,단일로 - 기타,건설기계,남,39세,상해없음,보행자,기타불명,미분류,사망
14327,2019060700100130,2019년 6월 7일 07시,금요일,경기도 의정부시 가능동,경상사고,0,0,1,0,차대사람 - 기타,안전운전불이행,포장 - 젖음/습기,흐림,단일로 - 기타,승합,남,59세,상해없음,보행자,남,66세,경상
14328,2019060700100142,2019년 6월 7일 08시,금요일,경기도 안산시 단원구 초지동,중상사고,0,1,0,0,차대사람 - 횡단중,보행자보호의무위반,포장 - 젖음/습기,비,교차로 - 교차로횡단보도내,승용,여,47세,상해없음,보행자,여,64세,중상
14329,2019060700100146,2019년 6월 7일 08시,금요일,경기도 하남시 감북동,사망사고,1,0,0,0,차대사람 - 횡단중,보행자보호의무위반,포장 - 건조,맑음,교차로 - 교차로횡단보도내,화물,남,35세,상해없음,보행자,여,73세,사망
14330,2019060700100149,2019년 6월 7일 08시,금요일,경기도 용인시 기흥구 보정동,경상사고,0,0,1,0,차대사람 - 횡단중,보행자보호의무위반,포장 - 건조,맑음,교차로 - 교차로안,승용,남,80세,상해없음,보행자,여,19세,경상
14331,2019060700100246,2019년 6월 7일 11시,금요일,경기도 안양시 만안구 안양동,중상사고,0,1,0,0,차대사람 - 길가장자리구역통행중,안전운전불이행,포장 - 젖음/습기,비,교차로 - 교차로안,승용,남,31세,상해없음,보행자,여,63세,중상
14332,2019060700100247,2019년 6월 7일 11시,금요일,경기도 안양시 만안구 석수동,중상사고,0,1,0,0,차대사람 - 횡단중,안전운전불이행,포장 - 젖음/습기,비,교차로 - 교차로부근,화물,남,52세,상해없음,보행자,남,83세,중상
14333,2019060700100269,2019년 6월 7일 12시,금요일,경기도 평택시 서정동,경상사고,0,0,1,0,차대사람 - 기타,안전운전불이행,포장 - 젖음/습기,비,단일로 - 기타,승용,여,44세,상해없음,보행자,여,51세,경상
14334,2019060700100272,2019년 6월 7일 12시,금요일,경기도 수원시 권선구 탑동,중상사고,0,1,0,0,차대사람 - 기타,기타,포장 - 건조,맑음,기타 - 기타,승합,남,67세,상해없음,보행자,여,69세,중상
14335,2019060700100342,2019년 6월 7일 14시,금요일,경기도 평택시 안중읍,중상사고,0,1,0,0,차대사람 - 기타,안전운전불이행,포장 - 건조,맑음,단일로 - 기타,승용,남,77세,상해없음,보행자,여,81세,중상
14336,2019060700100343,2019년 6월 7일 14시,금요일,경기도 이천시 부발읍,부상신고사고,0,0,0,1,차대사람 - 횡단중,안전운전불이행,포장 - 건조,맑음,교차로 - 교차로안,화물,남,48세,상해없음,보행자,여,11세,부상신고
14337,2019060700100445,2019년 6월 7일 16시,금요일,경기도 동두천시 생연동,경상사고,0,0,1,0,차대사람 - 기타,안전운전불이행,포장 - 건조,맑음,단일로 - 기타,승합,남,50세,상해없음,보행자,여,76세,경상
14338,2019060700100448,2019년 6월 7일 17시,금요일,경기도 이천시 관고동,부상신고사고,0,0,0,1,차대사람 - 차도통행중,안전운전불이행,포장 - 건조,맑음,단일로 - 기타,승용,남,65세,상해없음,보행자,여,4세,부상신고
14339,2019060700100451,2019년 6월 7일 17시,금요일,경기도 부천시 오정동,경상사고,0,0,2,0,차대사람 - 횡단중,보행자보호의무위반,포장 - 건조,맑음,교차로 - 교차로횡단보도내,이륜,남,36세,상해없음,보행자,여,43세,경상
14340,2019060700100490,2019년 6월 7일 18시,금요일,경기도 수원시 장안구 파장동,경상사고,0,0,1,0,차대사람 - 횡단중,안전운전불이행,포장 - 건조,맑음,단일로 - 기타,승용,여,45세,상해없음,보행자,남,52세,경상
14341,2019060700100495,2019년 6월 7일 18시,금요일,경기도 수원시 권선구 곡반정동,경상사고,0,0,1,0,차대사람 - 차도통행중,안전운전불이행,포장 - 건조,맑음,교차로 - 교차로안,승용,남,40세,상해없음,보행자,여,27세,경상
14342,2019060700100562,2019년 6월 7일 20시,금요일,경기도 수원시 장안구 율전동,경상사고,0,0,1,0,차대사람 - 기타,안전운전불이행,포장 - 건조,맑음,미분류 - 미분류,승용,남,72세,상해없음,보행자,남,21세,경상
14343,2019060700100563,2019년 6월 7일 20시,금요일,경기도 평택시 팽성읍,경상사고,0,0,1,0,차대사람 - 기타,보행자보호의무위반,포장 - 건조,맑음,교차로 - 교차로안,승용,남,27세,상해없음,보행자,여,50세,경상
14344,2019060700100568,2019년 6월 7일 20시,금요일,경기도 용인시 기흥구 청덕동,중상사고,0,1,0,0,차대사람 - 기타,안전운전불이행,포장 - 건조,맑음,단일로 - 기타,승합,남,44세,기타불명,보행자,남,72세,중상
14345,2019060700100575,2019년 6월 7일 20시,금요일,경기도 안산시 상록구 사동,중상사고,0,1,0,0,차대사람 - 기타,신호위반,포장 - 건조,맑음,교차로 - 교차로횡단보도내,승용,남,26세,상해없음,보행자,남,7세,중상
14346,2019060700100576,2019년 6월 7일 20시,금요일,경기도 화성시 영천동,중상사고,0,1,0,0,차대사람 - 횡단중,보행자보호의무위반,포장 - 건조,맑음,단일로 - 기타,승용,남,25세,상해없음,보행자,남,42세,중상
14347,2019060700100603,2019년 6월 7일 21시,금요일,경기도 평택시 비전동,경상사고,0,0,1,0,차대사람 - 기타,보행자보호의무위반,포장 - 건조,맑음,교차로 - 교차로안,승용,남,66세,상해없음,보행자,남,26세,경상
14348,2019060700100604,2019년 6월 7일 21시,금요일,경기도 용인시 처인구 포곡읍,경상사고,0,0,1,0,차대사람 - 기타,안전운전불이행,포장 - 건조,맑음,기타 - 기타,승용,남,22세,상해없음,보행자,여,3세,경상
14349,2019060700100606,2019년 6월 7일 21시,금요일,경기도 부천시 심곡본동,경상사고,0,0,1,0,차대사람 - 기타,안전운전불이행,포장 - 건조,맑음,단일로 - 기타,승용,남,33세,상해없음,보행자,남,39세,경상
14350,2019060700100637,2019년 6월 7일 22시,금요일,경기도 양평군 강하면,중상사고,0,1,0,0,차대사람 - 차도통행중,안전운전불이행,포장 - 건조,맑음,단일로 - 기타,승용,여,39세,상해없음,보행자,남,83세,중상
14351,2019060700100658,2019년 6월 7일 22시,금요일,경기도 의정부시 신곡동,중상사고,0,1,0,0,차대사람 - 차도통행중,안전운전불이행,포장 - 건조,맑음,단일로 - 기타,승합,남,58세,상해없음,보행자,여,76세,중상
14352,2019060800100030,2019년 6월 8일 00시,토요일,경기도 양평군 양평읍,부상신고사고,0,0,0,1,차대사람 - 기타,안전운전불이행,포장 - 건조,맑음,기타 - 기타,승용,남,29세,상해없음,보행자,남,22세,부상신고
14353,2019060800100031,2019년 6월 8일 00시,토요일,경기도 시흥시 정왕동,경상사고,0,0,1,0,차대사람 - 기타,안전운전불이행,포장 - 건조,맑음,단일로 - 기타,승용,남,22세,상해없음,보행자,남,38세,경상
14354,2019060800100047,2019년 6월 8일 01시,토요일,경기도 성남시 중원구 성남동,경상사고,0,0,1,0,차대사람 - 길가장자리구역통행중,안전운전불이행,포장 - 건조,맑음,단일로 - 기타,승용,남,40세,상해없음,보행자,남,30세,경상
14355,2019060800100078,2019년 6월 8일 04시,토요일,경기도 광명시 소하동,부상신고사고,0,0,0,1,차대사람 - 차도통행중,안전운전불이행,포장 - 건조,맑음,교차로 - 교차로부근,기타불명,기타불명,미분류,기타불명,보행자,남,76세,부상신고
14356,2019060800100256,2019년 6월 8일 12시,토요일,경기도 성남시 분당구 야탑동,경상사고,0,0,1,0,차대사람 - 기타,안전운전불이행,포장 - 건조,맑음,단일로 - 기타,승합,남,65세,상해없음,보행자,여,50세,경상
14357,2019060800100298,2019년 6월 8일 13시,토요일,경기도 부천시 소사본동,경상사고,0,0,1,0,차대사람 - 기타,안전운전불이행,포장 - 건조,맑음,단일로 - 기타,이륜,남,22세,상해없음,보행자,여,59세,경상
14358,2019060800100354,2019년 6월 8일 14시,토요일,경기도 용인시 기흥구 동백동,중상사고,0,1,0,0,차대사람 - 횡단중,신호위반,포장 - 건조,맑음,교차로 - 교차로횡단보도내,승용,남,23세,상해없음,보행자,여,71세,중상
14359,2019060800100431,2019년 6월 8일 16시,토요일,경기도 안산시 상록구 사동,경상사고,0,0,1,0,차대사람 - 기타,보행자보호의무위반,포장 - 건조,맑음,교차로 - 교차로횡단보도내,승용,남,40세,상해없음,보행자,남,10세,경상
14360,2019060800100451,2019년 6월 8일 17시,토요일,경기도 평택시 세교동,경상사고,0,0,1,0,차대사람 - 기타,기타,포장 - 건조,맑음,교차로 - 교차로안,승합,남,52세,상해없음,보행자,남,63세,경상
14361,2019060800100452,2019년 6월 8일 17시,토요일,경기도 김포시 장기동,부상신고사고,0,0,0,1,차대사람 - 기타,안전운전불이행,포장 - 건조,기타,주차장 - 주차장,승용,남,41세,상해없음,보행자,남,4세,부상신고
14362,2019060800100490,2019년 6월 8일 18시,토요일,경기도 이천시 창전동,경상사고,0,0,1,0,차대사람 - 길가장자리구역통행중,안전운전불이행,포장 - 건조,맑음,단일로 - 기타,화물,남,58세,상해없음,보행자,여,75세,경상
14363,2019060800100519,2019년 6월 8일 19시,토요일,경기도 수원시 권선구 탑동,경상사고,0,0,1,0,차대사람 - 기타,안전운전불이행,포장 - 건조,맑음,기타 - 기타,승용,남,30세,상해없음,보행자,남,10세,경상
14364,2019060800100540,2019년 6월 8일 19시,토요일,경기도 고양시 일산동구 백석동,경상사고,0,0,1,0,차대사람 - 횡단중,기타,포장 - 건조,맑음,교차로 - 교차로안,승용,남,37세,상해없음,보행자,남,6세,경상
14365,2019060800100552,2019년 6월 8일 20시,토요일,경기도 이천시 안흥동,경상사고,0,0,2,0,차대사람 - 횡단중,안전운전불이행,포장 - 건조,맑음,교차로 - 교차로횡단보도내,이륜,남,18세,경상,보행자,여,43세,경상
14366,2019060800100556,2019년 6월 8일 20시,토요일,경기도 성남시 중원구 성남동,중상사고,0,1,0,0,차대사람 - 길가장자리구역통행중,안전운전불이행,포장 - 건조,맑음,단일로 - 기타,화물,남,46세,상해없음,보행자,남,46세,중상
14367,2019060800100584,2019년 6월 8일 21시,토요일,경기도 부천시 상동,경상사고,0,0,1,0,차대사람 - 기타,중앙선침범,포장 - 건조,맑음,단일로 - 기타,이륜,남,23세,상해없음,보행자,여,18세,경상
14368,2019060800100585,2019년 6월 8일 21시,토요일,경기도 수원시 권선구 세류동,경상사고,0,0,1,0,차대사람 - 기타,안전운전불이행,포장 - 건조,맑음,교차로 - 교차로횡단보도내,승합,남,50세,상해없음,보행자,여,48세,경상
14369,2019060800100592,2019년 6월 8일 21시,토요일,경기도 용인시 수지구 고기동,중상사고,0,1,0,0,차대사람 - 기타,안전운전불이행,포장 - 건조,맑음,단일로 - 기타,화물,남,35세,상해없음,보행자,남,62세,중상
14370,2019060800100619,2019년 6월 8일 22시,토요일,경기도 부천시 소사본동,중상사고,0,1,0,0,차대사람 - 횡단중,안전운전불이행,포장 - 건조,맑음,단일로 - 기타,승용,남,21세,상해없음,보행자,남,43세,중상
14371,2019060800100622,2019년 6월 8일 22시,토요일,경기도 성남시 분당구 백현동,중상사고,0,1,0,0,차대사람 - 기타,안전운전불이행,포장 - 건조,맑음,교차로 - 교차로부근,승용,여,53세,상해없음,보행자,남,13세,중상
14372,2019060800100647,2019년 6월 8일 23시,토요일,경기도 수원시 팔달구 인계동,경상사고,0,0,1,0,차대사람 - 기타,안전운전불이행,포장 - 건조,맑음,기타 - 기타,이륜,남,47세,상해없음,보행자,남,25세,경상
14373,2019060900100039,2019년 6월 9일 01시,일요일,경기도 성남시 분당구 이매동,부상신고사고,0,0,0,1,차대사람 - 기타,기타,포장 - 건조,맑음,단일로 - 기타,자전거,기타불명,미분류,기타불명,보행자,남,36세,부상신고
14374,2019060900100097,2019년 6월 9일 06시,일요일,경기도 시흥시 정왕동,경상사고,0,0,1,0,차대사람 - 횡단중,안전운전불이행,포장 - 건조,맑음,단일로 - 기타,승용,남,25세,상해없음,보행자,남,19세,경상
14375,2019060900100098,2019년 6월 9일 06시,일요일,경기도 하남시 덕풍동,중상사고,0,1,0,0,차대사람 - 보도통행중,기타,포장 - 건조,맑음,기타 - 기타,화물,남,64세,상해없음,보행자,여,80세,중상
14376,2019060900100105,2019년 6월 9일 07시,일요일,경기도 시흥시 장현동,경상사고,0,0,1,0,차대사람 - 기타,안전운전불이행,포장 - 건조,맑음,단일로 - 기타,자전거,남,67세,경상,보행자,남,47세,상해없음
14377,2019060900100117,2019년 6월 9일 08시,일요일,경기도 수원시 영통구 매탄동,부상신고사고,0,0,0,1,차대사람 - 기타,안전운전불이행,포장 - 건조,맑음,기타 - 기타,자전거,기타불명,미분류,기타불명,보행자,남,49세,부상신고
14378,2019060900100150,2019년 6월 9일 09시,일요일,경기도 동두천시 상패동,사망사고,1,0,0,0,차대사람 - 보도통행중,안전운전불이행,포장 - 건조,맑음,교차로 - 교차로횡단보도내,승합,남,59세,상해없음,보행자,여,85세,사망
14379,2019060900100180,2019년 6월 9일 11시,일요일,경기도 성남시 분당구 정자동,경상사고,0,0,1,0,차대사람 - 기타,안전운전불이행,포장 - 건조,맑음,기타 - 기타,자전거,여,48세,상해없음,보행자,남,27세,경상
14380,2019060900100237,2019년 6월 9일 13시,일요일,경기도 남양주시 다산동,중상사고,0,1,0,0,차대사람 - 차도통행중,안전운전불이행,포장 - 건조,맑음,교차로 - 교차로부근,승용,남,87세,상해없음,보행자,여,50세,중상
14381,2019060900100247,2019년 6월 9일 14시,일요일,경기도 광주시 경안동,경상사고,0,0,1,0,차대사람 - 길가장자리구역통행중,안전운전불이행,포장 - 건조,맑음,교차로 - 교차로부근,승용,여,20세,상해없음,보행자,남,59세,경상
14382,2019060900100249,2019년 6월 9일 14시,일요일,경기도 안산시 상록구 사동,경상사고,0,0,1,0,차대사람 - 기타,안전운전불이행,포장 - 건조,맑음,교차로 - 교차로횡단보도내,승용,남,63세,상해없음,보행자,여,71세,경상
14383,2019060900100271,2019년 6월 9일 15시,일요일,경기도 용인시 기흥구 중동,부상신고사고,0,0,0,1,차대사람 - 기타,안전운전불이행,포장 - 건조,맑음,교차로 - 교차로부근,이륜,남,19세,상해없음,보행자,여,7세,부상신고
14384,2019060900100272,2019년 6월 9일 15시,일요일,경기도 김포시 운양동,경상사고,0,0,1,0,차대사람 - 보도통행중,기타,포장 - 건조,맑음,단일로 - 기타,자전거,남,7세,상해없음,보행자,여,77세,경상
14385,2019060900100273,2019년 6월 9일 15시,일요일,경기도 부천시 심곡동,중상사고,0,1,0,0,차대사람 - 횡단중,안전운전불이행,포장 - 건조,맑음,기타 - 기타,승용,남,36세,상해없음,보행자,남,64세,중상