,사고번호,사고일시,요일,시군구,사고내용,사망자수,중상자수,경상자수,부상신고자수,사고유형,법규위반,노면상태,기상상태,도로형태,가해운전자 차종,가해운전자 성별,가해운전자 연령,가해운전자 상해정도,피해운전자 차종,피해운전자 성별,피해운전자 연령,피해운전자 상해정도
14386,2019060900100306,2019년 6월 9일 16시,일요일,경기도 성남시 수정구 수진동,중상사고,0,1,0,0,차대사람 - 횡단중,보행자보호의무위반,포장 - 건조,맑음,단일로 - 기타,승용,남,49세,상해없음,보행자,남,31세,중상
14387,2019060900100310,2019년 6월 9일 16시,일요일,경기도 성남시 중원구 성남동,경상사고,0,0,1,0,차대사람 - 보도통행중,안전운전불이행,포장 - 건조,맑음,기타 - 기타,승용,남,23세,상해없음,보행자,남,59세,경상
14388,2019060900100362,2019년 6월 9일 18시,일요일,경기도 오산시 원동,중상사고,0,1,0,0,차대사람 - 차도통행중,안전운전불이행,포장 - 건조,맑음,교차로 - 교차로부근,승용,남,46세,상해없음,보행자,여,63세,중상
14389,2019060900100363,2019년 6월 9일 18시,일요일,경기도 하남시 신장동,중상사고,0,1,0,0,차대사람 - 횡단중,보행자보호의무위반,포장 - 건조,맑음,교차로 - 교차로횡단보도내,이륜,남,20세,상해없음,보행자,남,55세,중상
14390,2019060900100381,2019년 6월 9일 18시,일요일,경기도 의정부시 민락동,중상사고,0,1,0,0,차대사람 - 횡단중,안전운전불이행,포장 - 건조,맑음,단일로 - 기타,승용,남,35세,상해없음,보행자,남,7세,중상
14391,2019060900100407,2019년 6월 9일 20시,일요일,경기도 평택시 이충동,경상사고,0,0,1,0,차대사람 - 보도통행중,중앙선침범,포장 - 젖음/습기,비,단일로 - 기타,승용,남,28세,상해없음,보행자,여,51세,경상
14392,2019060900100428,2019년 6월 9일 21시,일요일,경기도 수원시 권선구 권선동,경상사고,0,0,1,0,차대사람 - 기타,안전운전불이행,포장 - 젖음/습기,비,교차로 - 교차로부근,화물,남,51세,상해없음,보행자,남,65세,경상
14393,2019060900100429,2019년 6월 9일 21시,일요일,경기도 안산시 상록구 이동,중상사고,0,1,0,0,차대사람 - 횡단중,안전운전불이행,포장 - 건조,맑음,단일로 - 기타,승용,남,22세,상해없음,보행자,여,60세,중상
14394,2019061000100062,2019년 6월 10일 04시,월요일,경기도 부천시 중동,중상사고,0,1,0,0,차대사람 - 기타,보행자보호의무위반,포장 - 젖음/습기,비,교차로 - 교차로횡단보도내,승합,남,66세,상해없음,보행자,남,51세,중상
14395,2019061000100101,2019년 6월 10일 07시,월요일,경기도 시흥시 대야동,경상사고,0,0,1,0,차대사람 - 기타,안전운전불이행,포장 - 젖음/습기,비,단일로 - 기타,승용,남,64세,상해없음,보행자,남,76세,경상
14396,2019061000100139,2019년 6월 10일 08시,월요일,경기도 광주시 경안동,부상신고사고,0,0,0,1,차대사람 - 횡단중,보행자보호의무위반,포장 - 건조,맑음,교차로 - 교차로횡단보도내,승용,여,37세,상해없음,보행자,남,14세,부상신고
14397,2019061000100143,2019년 6월 10일 08시,월요일,경기도 수원시 권선구 고색동,중상사고,0,1,0,0,차대사람 - 횡단중,안전운전불이행,포장 - 건조,맑음,교차로 - 교차로부근,화물,남,59세,상해없음,보행자,남,57세,중상
14398,2019061000100175,2019년 6월 10일 09시,월요일,경기도 시흥시 월곶동,경상사고,0,0,1,0,차대사람 - 기타,보행자보호의무위반,포장 - 건조,맑음,교차로 - 교차로안,승합,남,55세,상해없음,보행자,남,67세,경상
14399,2019061000100209,2019년 6월 10일 10시,월요일,경기도 평택시 세교동,경상사고,0,0,1,0,차대사람 - 기타,안전운전불이행,포장 - 건조,맑음,단일로 - 기타,승합,남,57세,상해없음,보행자,여,87세,경상
14400,2019061000100210,2019년 6월 10일 10시,월요일,경기도 양평군 양동면,경상사고,0,0,1,0,차대사람 - 기타,안전운전불이행,포장 - 건조,맑음,단일로 - 기타,화물,남,57세,상해없음,보행자,남,50세,경상
14401,2019061000100213,2019년 6월 10일 10시,월요일,경기도 안산시 단원구 초지동,경상사고,0,0,1,0,차대사람 - 횡단중,보행자보호의무위반,포장 - 건조,맑음,교차로 - 교차로횡단보도내,승용,여,54세,상해없음,보행자,남,70세,경상
14402,2019061000100215,2019년 6월 10일 10시,월요일,경기도 화성시 봉담읍,경상사고,0,0,1,0,차대사람 - 횡단중,안전운전불이행,포장 - 건조,맑음,교차로 - 교차로부근,승합,남,65세,상해없음,보행자,남,80세,경상
14403,2019061000100237,2019년 6월 10일 11시,월요일,경기도 화성시 봉담읍,중상사고,0,1,0,0,차대사람 - 기타,안전운전불이행,포장 - 건조,맑음,교차로 - 교차로안,승용,여,50세,상해없음,보행자,여,70세,중상
14404,2019061000100270,2019년 6월 10일 12시,월요일,경기도 김포시 풍무동,부상신고사고,0,0,0,1,차대사람 - 차도통행중,안전운전불이행,포장 - 건조,맑음,교차로 - 교차로부근,이륜,남,46세,상해없음,보행자,여,61세,부상신고
14405,2019061000100303,2019년 6월 10일 13시,월요일,경기도 시흥시 신천동,경상사고,0,0,1,0,차대사람 - 기타,안전운전불이행,포장 - 건조,맑음,단일로 - 기타,승용,여,63세,상해없음,보행자,여,57세,경상
14406,2019061000100304,2019년 6월 10일 13시,월요일,경기도 용인시 수지구 풍덕천동,경상사고,0,0,1,0,차대사람 - 기타,보행자보호의무위반,포장 - 건조,맑음,교차로 - 교차로횡단보도내,승합,남,56세,상해없음,보행자,남,78세,경상
14407,2019061000100390,2019년 6월 10일 15시,월요일,경기도 시흥시 신천동,중상사고,0,1,0,0,차대사람 - 횡단중,신호위반,포장 - 건조,맑음,단일로 - 기타,화물,여,56세,상해없음,보행자,여,58세,중상
14408,2019061000100417,2019년 6월 10일 15시,월요일,경기도 양주시 고암동,경상사고,0,0,1,0,차대사람 - 횡단중,안전운전불이행,포장 - 건조,맑음,단일로 - 기타,자전거,남,53세,상해없음,보행자,여,11세,경상
14409,2019061000100427,2019년 6월 10일 16시,월요일,경기도 성남시 분당구 서현동,경상사고,0,0,1,0,차대사람 - 횡단중,안전운전불이행,포장 - 건조,맑음,교차로 - 교차로횡단보도내,화물,남,45세,상해없음,보행자,남,32세,경상
14410,2019061000100454,2019년 6월 10일 16시,월요일,경기도 고양시 덕양구 고양동,중상사고,0,1,0,0,차대사람 - 횡단중,보행자보호의무위반,포장 - 건조,맑음,교차로 - 교차로횡단보도내,화물,남,46세,상해없음,보행자,여,68세,중상
14411,2019061000100466,2019년 6월 10일 17시,월요일,경기도 안양시 동안구 관양동,경상사고,0,0,1,0,차대사람 - 기타,안전운전불이행,포장 - 건조,맑음,단일로 - 기타,승용,여,51세,상해없음,보행자,여,75세,경상
14412,2019061000100470,2019년 6월 10일 17시,월요일,경기도 수원시 영통구 영통동,경상사고,0,0,1,0,차대사람 - 횡단중,신호위반,포장 - 건조,맑음,교차로 - 교차로횡단보도내,화물,남,69세,상해없음,보행자,남,10세,경상
14413,2019061000100491,2019년 6월 10일 17시,월요일,경기도 고양시 덕양구 주교동,경상사고,0,0,1,0,차대사람 - 기타,안전운전불이행,포장 - 건조,맑음,단일로 - 기타,승용,남,48세,상해없음,보행자,여,67세,경상
14414,2019061000100493,2019년 6월 10일 17시,월요일,경기도 남양주시 화도읍,경상사고,0,0,1,0,차대사람 - 횡단중,중앙선침범,포장 - 건조,맑음,단일로 - 기타,승용,여,33세,상해없음,보행자,남,16세,경상
14415,2019061000100508,2019년 6월 10일 18시,월요일,경기도 용인시 처인구 역북동,중상사고,0,1,0,0,차대사람 - 횡단중,안전운전불이행,포장 - 건조,맑음,교차로 - 교차로안,승용,남,27세,상해없음,보행자,남,8세,중상
14416,2019061000100512,2019년 6월 10일 18시,월요일,경기도 안양시 만안구 안양동,중상사고,0,1,0,0,차대사람 - 기타,안전운전불이행,포장 - 건조,맑음,교차로 - 교차로안,승용,남,66세,상해없음,보행자,여,37세,중상
14417,2019061000100580,2019년 6월 10일 20시,월요일,경기도 성남시 분당구 야탑동,경상사고,0,0,1,0,차대사람 - 횡단중,보행자보호의무위반,포장 - 건조,맑음,교차로 - 교차로횡단보도내,승용,여,60세,상해없음,보행자,여,23세,경상
14418,2019061000100598,2019년 6월 10일 20시,월요일,경기도 고양시 일산서구 탄현동,경상사고,0,0,3,0,차대사람 - 횡단중,신호위반,포장 - 건조,맑음,교차로 - 교차로안,이륜,남,24세,경상,보행자,남,67세,경상
14419,2019061000100633,2019년 6월 10일 22시,월요일,경기도 성남시 중원구 금광동,중상사고,0,1,0,0,차대사람 - 횡단중,신호위반,포장 - 건조,맑음,교차로 - 교차로횡단보도내,이륜,남,16세,상해없음,보행자,남,22세,중상
14420,2019061000100665,2019년 6월 10일 23시,월요일,경기도 남양주시 오남읍,경상사고,0,0,1,0,차대사람 - 기타,안전운전불이행,포장 - 건조,맑음,교차로 - 교차로부근,승합,남,47세,상해없음,보행자,여,61세,경상
14421,2019061100100033,2019년 6월 11일 00시,화요일,경기도 김포시 감정동,부상신고사고,0,0,0,1,차대사람 - 기타,안전운전불이행,포장 - 건조,맑음,단일로 - 기타,승합,남,53세,상해없음,보행자,남,65세,부상신고
14422,2019061100100046,2019년 6월 11일 01시,화요일,경기도 안산시 단원구 원곡동,경상사고,0,0,1,0,차대사람 - 기타,안전운전불이행,포장 - 건조,맑음,단일로 - 기타,승용,남,36세,상해없음,보행자,남,50세,경상
14423,2019061100100070,2019년 6월 11일 05시,화요일,경기도 화성시 반송동,중상사고,0,1,0,0,차대사람 - 보도통행중,보행자보호의무위반,포장 - 건조,맑음,교차로 - 교차로안,승용,남,46세,상해없음,보행자,여,65세,중상
14424,2019061100100103,2019년 6월 11일 07시,화요일,경기도 여주시 가남읍,경상사고,0,0,1,0,차대사람 - 길가장자리구역통행중,안전운전불이행,포장 - 건조,맑음,단일로 - 기타,화물,남,64세,상해없음,보행자,남,73세,경상
14425,2019061100100123,2019년 6월 11일 07시,화요일,경기도 고양시 덕양구 내유동,중상사고,0,1,0,0,차대사람 - 기타,기타,포장 - 건조,맑음,단일로 - 기타,승합,여,55세,상해없음,보행자,남,15세,중상
14426,2019061100100138,2019년 6월 11일 08시,화요일,경기도 평택시 이충동,중상사고,0,1,0,0,차대사람 - 기타,신호위반,포장 - 건조,맑음,교차로 - 교차로안,승용,남,60세,상해없음,보행자,여,9세,중상
14427,2019061100100141,2019년 6월 11일 08시,화요일,경기도 부천시 심곡동,경상사고,0,0,1,0,차대사람 - 기타,안전운전불이행,포장 - 건조,맑음,단일로 - 기타,승용,남,58세,상해없음,보행자,여,49세,경상
14428,2019061100100190,2019년 6월 11일 09시,화요일,경기도 광주시 경안동,경상사고,0,0,1,0,차대사람 - 기타,안전운전불이행,포장 - 건조,맑음,기타 - 기타,승합,남,56세,상해없음,보행자,여,48세,경상
14429,2019061100100235,2019년 6월 11일 10시,화요일,경기도 고양시 덕양구 관산동,경상사고,0,0,1,0,차대사람 - 기타,기타,포장 - 건조,맑음,단일로 - 기타,화물,남,48세,상해없음,보행자,남,82세,경상
14430,2019061100100279,2019년 6월 11일 12시,화요일,경기도 안산시 상록구 사동,중상사고,0,1,0,0,차대사람 - 횡단중,보행자보호의무위반,포장 - 건조,맑음,단일로 - 기타,화물,남,44세,상해없음,보행자,여,90세 이상,중상
14431,2019061100100333,2019년 6월 11일 13시,화요일,경기도 고양시 덕양구 벽제동,중상사고,0,1,0,0,차대사람 - 횡단중,보행자보호의무위반,포장 - 건조,맑음,단일로 - 기타,화물,남,52세,상해없음,보행자,여,65세,중상
14432,2019061100100342,2019년 6월 11일 14시,화요일,경기도 양평군 강상면,중상사고,0,1,0,0,차대사람 - 기타,안전운전불이행,포장 - 건조,맑음,단일로 - 기타,승용,남,73세,상해없음,보행자,여,74세,중상
14433,2019061100100348,2019년 6월 11일 14시,화요일,경기도 부천시 고강동,중상사고,0,1,0,0,차대사람 - 기타,안전운전불이행,포장 - 건조,맑음,단일로 - 기타,승용,여,54세,상해없음,보행자,여,88세,중상
14434,2019061100100386,2019년 6월 11일 15시,화요일,경기도 안산시 상록구 사동,경상사고,0,0,1,0,차대사람 - 기타,안전운전불이행,포장 - 건조,맑음,교차로 - 교차로부근,승용,남,58세,상해없음,보행자,남,46세,경상
14435,2019061100100436,2019년 6월 11일 17시,화요일,경기도 평택시 비전동,중상사고,0,1,0,0,차대사람 - 기타,안전운전불이행,포장 - 건조,맑음,교차로 - 교차로안,승용,남,67세,상해없음,보행자,여,76세,중상
14436,2019061100100438,2019년 6월 11일 17시,화요일,경기도 안양시 동안구 관양동,중상사고,0,1,0,0,차대사람 - 차도통행중,안전운전불이행,포장 - 건조,맑음,단일로 - 기타,승용,남,21세,상해없음,보행자,남,5세,중상
14437,2019061100100481,2019년 6월 11일 18시,화요일,경기도 안산시 단원구 선부동,중상사고,0,1,0,0,차대사람 - 횡단중,교차로운행방법위반,포장 - 건조,맑음,교차로 - 교차로부근,승용,남,33세,상해없음,보행자,여,79세,중상
14438,2019061100100482,2019년 6월 11일 18시,화요일,경기도 성남시 중원구 여수동,경상사고,0,0,1,0,차대사람 - 횡단중,안전운전불이행,포장 - 건조,맑음,교차로 - 교차로부근,승용,남,53세,상해없음,보행자,남,20세,경상
14439,2019061100100529,2019년 6월 11일 19시,화요일,경기도 부천시 원종동,중상사고,0,1,0,0,차대사람 - 횡단중,안전운전불이행,포장 - 건조,맑음,교차로 - 교차로안,이륜,남,32세,상해없음,보행자,여,67세,중상
14440,2019061100100552,2019년 6월 11일 20시,화요일,경기도 성남시 수정구 신흥동,경상사고,0,0,1,0,차대사람 - 기타,안전운전불이행,포장 - 건조,맑음,단일로 - 기타,승용,남,77세,상해없음,보행자,남,54세,경상
14441,2019061100100585,2019년 6월 11일 21시,화요일,경기도 안산시 단원구 고잔동,경상사고,0,0,1,0,차대사람 - 횡단중,안전운전불이행,포장 - 건조,맑음,단일로 - 기타,승용,남,52세,상해없음,보행자,남,62세,경상
14442,2019061200100067,2019년 6월 12일 05시,수요일,경기도 성남시 중원구 성남동,경상사고,0,0,1,0,차대사람 - 기타,안전운전불이행,포장 - 건조,맑음,단일로 - 기타,승용,여,64세,상해없음,보행자,여,83세,경상
14443,2019061200100117,2019년 6월 12일 08시,수요일,경기도 수원시 장안구 영화동,경상사고,0,0,1,0,차대사람 - 기타,안전운전불이행,포장 - 건조,맑음,단일로 - 기타,승용,남,47세,상해없음,보행자,여,50세,경상
14444,2019061200100119,2019년 6월 12일 08시,수요일,경기도 평택시 평택동,부상신고사고,0,0,0,1,차대사람 - 기타,기타,포장 - 기타,기타,기타 - 기타,기타불명,기타불명,미분류,기타불명,보행자,여,58세,부상신고
14445,2019061200100129,2019년 6월 12일 08시,수요일,경기도 화성시 봉담읍,중상사고,0,1,0,0,차대사람 - 횡단중,안전운전불이행,포장 - 건조,맑음,단일로 - 기타,승용,남,68세,상해없음,보행자,여,72세,중상
14446,2019061200100192,2019년 6월 12일 10시,수요일,경기도 시흥시 정왕동,중상사고,0,1,0,0,차대사람 - 횡단중,기타,포장 - 건조,맑음,단일로 - 기타,승용,남,21세,상해없음,보행자,여,41세,중상
14447,2019061200100228,2019년 6월 12일 11시,수요일,경기도 양평군 양서면,경상사고,0,0,1,0,차대사람 - 보도통행중,보행자보호의무위반,포장 - 건조,맑음,교차로 - 교차로횡단보도내,승용,여,61세,상해없음,보행자,여,38세,경상
14448,2019061200100230,2019년 6월 12일 11시,수요일,경기도 수원시 권선구 호매실동,중상사고,0,1,0,0,차대사람 - 횡단중,안전운전불이행,포장 - 건조,맑음,교차로 - 교차로부근,승합,남,50세,상해없음,보행자,여,71세,중상
14449,2019061200100233,2019년 6월 12일 11시,수요일,경기도 부천시 고강동,경상사고,0,0,1,0,차대사람 - 기타,기타,포장 - 건조,맑음,교차로 - 교차로부근,승용,남,55세,상해없음,보행자,여,27세,경상
14450,2019061200100313,2019년 6월 12일 13시,수요일,경기도 고양시 덕양구 화정동,중상사고,0,1,0,0,차대사람 - 기타,기타,포장 - 건조,맑음,기타 - 기타,승합,남,52세,상해없음,보행자,여,24세,중상
14451,2019061200100388,2019년 6월 12일 16시,수요일,경기도 부천시 춘의동,중상사고,0,1,0,0,차대사람 - 기타,기타,포장 - 건조,맑음,단일로 - 기타,승용,남,58세,상해없음,보행자,여,84세,중상
14452,2019061200100414,2019년 6월 12일 17시,수요일,경기도 양평군 양평읍,경상사고,0,0,1,0,차대사람 - 기타,안전운전불이행,포장 - 건조,맑음,단일로 - 기타,화물,남,49세,기타불명,보행자,여,14세,경상
14453,2019061200100415,2019년 6월 12일 17시,수요일,경기도 성남시 중원구 금광동,중상사고,0,1,0,0,차대사람 - 기타,안전운전불이행,포장 - 건조,맑음,교차로 - 교차로안,화물,남,44세,상해없음,보행자,여,20세,중상
14454,2019061200100416,2019년 6월 12일 17시,수요일,경기도 용인시 수지구 죽전동,경상사고,0,0,1,0,차대사람 - 차도통행중,안전운전불이행,포장 - 건조,맑음,단일로 - 기타,승용,여,20세,상해없음,보행자,남,23세,경상
14455,2019061200100417,2019년 6월 12일 17시,수요일,경기도 화성시 능동,경상사고,0,0,1,0,차대사람 - 횡단중,안전운전불이행,포장 - 건조,맑음,교차로 - 교차로횡단보도내,승용,여,34세,상해없음,보행자,남,6세,경상
14456,2019061200100457,2019년 6월 12일 18시,수요일,경기도 수원시 장안구 조원동,경상사고,0,0,1,0,차대사람 - 기타,안전운전불이행,포장 - 건조,맑음,기타 - 기타,자전거,기타불명,미분류,기타불명,보행자,남,8세,경상
14457,2019061200100503,2019년 6월 12일 19시,수요일,경기도 평택시 서정동,중상사고,0,1,0,0,차대사람 - 기타,안전운전불이행,포장 - 건조,맑음,단일로 - 기타,승용,여,29세,상해없음,보행자,남,40세,중상
14458,2019061200100507,2019년 6월 12일 19시,수요일,경기도 부천시 원종동,경상사고,0,0,1,0,차대사람 - 기타,안전운전불이행,포장 - 건조,맑음,단일로 - 기타,승합,남,51세,상해없음,보행자,남,5세,경상
14459,2019061200100567,2019년 6월 12일 21시,수요일,경기도 시흥시 정왕동,중상사고,0,1,0,0,차대사람 - 횡단중,안전운전불이행,포장 - 건조,맑음,단일로 - 기타,승용,남,35세,상해없음,보행자,남,75세,중상
14460,2019061200100586,2019년 6월 12일 21시,수요일,경기도 고양시 일산동구 장항동,경상사고,0,0,2,0,차대사람 - 횡단중,신호위반,포장 - 건조,맑음,단일로 - 기타,이륜,남,26세,경상,보행자,남,26세,경상
14461,2019061200100587,2019년 6월 12일 21시,수요일,경기도 남양주시 별내동,중상사고,0,1,1,0,차대사람 - 기타,중앙선침범,포장 - 건조,맑음,단일로 - 기타,이륜,남,27세,경상,보행자,남,6세,중상
14462,2019061200100597,2019년 6월 12일 22시,수요일,경기도 평택시 신장동,중상사고,0,1,0,1,차대사람 - 기타,안전운전불이행,포장 - 건조,맑음,단일로 - 교량,원동기,남,64세,부상신고,보행자,여,22세,중상
14463,2019061200100599,2019년 6월 12일 22시,수요일,경기도 안양시 동안구 관양동,경상사고,0,0,1,0,차대사람 - 횡단중,신호위반,포장 - 건조,맑음,교차로 - 교차로횡단보도내,승용,여,26세,상해없음,보행자,여,18세,경상
14464,2019061300100035,2019년 6월 13일 00시,목요일,경기도 고양시 일산동구 식사동,부상신고사고,0,0,0,1,차대사람 - 횡단중,안전운전불이행,포장 - 건조,맑음,주차장 - 주차장,승용,남,43세,상해없음,보행자,남,26세,부상신고
14465,2019061300100037,2019년 6월 13일 00시,목요일,경기도 고양시 일산서구 대화동,사망사고,1,0,0,0,차대사람 - 횡단중,과속,포장 - 건조,맑음,단일로 - 기타,승용,남,58세,상해없음,보행자,남,63세,사망
14466,2019061300100082,2019년 6월 13일 07시,목요일,경기도 수원시 권선구 고색동,경상사고,0,0,1,0,차대사람 - 기타,안전운전불이행,포장 - 건조,맑음,교차로 - 교차로안,기타불명,기타불명,미분류,기타불명,보행자,남,24세,경상
14467,2019061300100100,2019년 6월 13일 07시,목요일,경기도 의정부시 금오동,중상사고,0,1,0,0,차대사람 - 횡단중,안전운전불이행,포장 - 건조,맑음,교차로 - 교차로안,승용,여,36세,상해없음,보행자,여,79세,중상
14468,2019061300100116,2019년 6월 13일 08시,목요일,경기도 오산시 원동,경상사고,0,0,1,0,차대사람 - 횡단중,보행자보호의무위반,포장 - 건조,맑음,교차로 - 교차로안,승용,여,28세,상해없음,보행자,남,45세,경상
14469,2019061300100119,2019년 6월 13일 08시,목요일,경기도 의왕시 삼동,경상사고,0,0,1,0,차대사람 - 횡단중,안전운전불이행,포장 - 건조,맑음,교차로 - 교차로안,승용,남,22세,상해없음,보행자,여,13세,경상
14470,2019061300100169,2019년 6월 13일 09시,목요일,경기도 부천시 춘의동,경상사고,0,0,1,0,차대사람 - 기타,기타,포장 - 건조,맑음,교차로 - 교차로부근,이륜,여,53세,상해없음,보행자,여,48세,경상
14471,2019061300100217,2019년 6월 13일 10시,목요일,경기도 파주시 문산읍,중상사고,0,1,0,0,차대사람 - 기타,안전운전불이행,포장 - 건조,맑음,교차로 - 교차로안,화물,남,77세,상해없음,보행자,여,66세,중상
14472,2019061300100233,2019년 6월 13일 11시,목요일,경기도 양평군 양평읍,중상사고,0,1,0,0,차대사람 - 기타,안전운전불이행,포장 - 건조,맑음,주차장 - 주차장,승용,여,58세,상해없음,보행자,남,71세,중상
14473,2019061300100234,2019년 6월 13일 11시,목요일,경기도 부천시 소사본동,경상사고,0,0,1,0,차대사람 - 기타,안전운전불이행,포장 - 건조,맑음,단일로 - 기타,승용,여,58세,기타불명,보행자,여,18세,경상
14474,2019061300100252,2019년 6월 13일 11시,목요일,경기도 포천시 군내면,중상사고,0,1,0,0,차대사람 - 횡단중,과속,포장 - 건조,맑음,단일로 - 기타,승용,남,46세,상해없음,보행자,남,61세,중상
14475,2019061300100297,2019년 6월 13일 13시,목요일,경기도 안산시 상록구 부곡동,경상사고,0,0,1,0,차대사람 - 차도통행중,안전운전불이행,포장 - 건조,맑음,단일로 - 기타,기타불명,기타불명,미분류,기타불명,보행자,여,80세,경상
14476,2019061300100359,2019년 6월 13일 15시,목요일,경기도 수원시 영통구 이의동,경상사고,0,0,1,0,차대사람 - 횡단중,보행자보호의무위반,포장 - 건조,맑음,교차로 - 교차로횡단보도내,승합,남,54세,상해없음,보행자,여,23세,경상
14477,2019061300100395,2019년 6월 13일 16시,목요일,경기도 평택시 신장동,중상사고,0,1,0,0,차대사람 - 기타,기타,포장 - 건조,맑음,단일로 - 기타,승용,여,51세,상해없음,보행자,남,61세,중상
14478,2019061300100398,2019년 6월 13일 16시,목요일,경기도 부천시 도당동,경상사고,0,0,1,0,차대사람 - 횡단중,안전운전불이행,포장 - 건조,맑음,단일로 - 기타,화물,남,55세,상해없음,보행자,남,30세,경상
14479,2019061300100419,2019년 6월 13일 16시,목요일,경기도 파주시 와동,경상사고,0,0,1,0,차대사람 - 횡단중,안전운전불이행,포장 - 건조,맑음,교차로 - 교차로부근,승합,남,67세,상해없음,보행자,여,16세,경상
14480,2019061300100438,2019년 6월 13일 17시,목요일,경기도 부천시 상동,경상사고,0,0,1,0,차대사람 - 횡단중,안전운전불이행,포장 - 건조,맑음,단일로 - 기타,승용,남,34세,상해없음,보행자,남,62세,경상
14481,2019061300100440,2019년 6월 13일 17시,목요일,경기도 부천시 오정동,경상사고,0,0,1,0,차대사람 - 횡단중,안전운전불이행,포장 - 건조,맑음,단일로 - 기타,승용,여,37세,상해없음,보행자,여,5세,경상
14482,2019061300100465,2019년 6월 13일 17시,목요일,경기도 남양주시 별내동,경상사고,0,0,1,0,차대사람 - 횡단중,보행자보호의무위반,포장 - 건조,맑음,교차로 - 교차로횡단보도내,승용,남,61세,상해없음,보행자,남,69세,경상
14483,2019061300100481,2019년 6월 13일 18시,목요일,경기도 김포시 대곶면,경상사고,0,0,1,0,차대사람 - 차도통행중,안전운전불이행,포장 - 건조,맑음,단일로 - 기타,승용,남,61세,상해없음,보행자,남,56세,경상
14484,2019061300100534,2019년 6월 13일 19시,목요일,경기도 의정부시 의정부동,경상사고,0,0,1,0,차대사람 - 기타,보행자보호의무위반,포장 - 건조,맑음,교차로 - 교차로횡단보도내,승용,여,53세,상해없음,보행자,여,44세,경상
14485,2019061300100545,2019년 6월 13일 20시,목요일,경기도 평택시 서정동,부상신고사고,0,0,0,1,차대사람 - 기타,안전운전불이행,포장 - 건조,맑음,기타 - 기타,승용,남,31세,상해없음,보행자,남,43세,부상신고
14486,2019061300100547,2019년 6월 13일 20시,목요일,경기도 안양시 동안구 관양동,부상신고사고,0,0,0,1,차대사람 - 차도통행중,안전운전불이행,포장 - 건조,맑음,단일로 - 기타,승용,남,36세,상해없음,보행자,남,53세,부상신고
14487,2019061300100549,2019년 6월 13일 20시,목요일,경기도 부천시 심곡동,경상사고,0,0,1,0,차대사람 - 기타,안전운전불이행,포장 - 건조,맑음,단일로 - 기타,승용,남,36세,상해없음,보행자,남,16세,경상
14488,2019061300100577,2019년 6월 13일 20시,목요일,경기도 고양시 덕양구 주교동,부상신고사고,0,0,0,1,차대사람 - 차도통행중,안전운전불이행,포장 - 기타,맑음,교차로 - 교차로안,승용,남,32세,기타불명,보행자,남,50세,부상신고
14489,2019061300100581,2019년 6월 13일 21시,목요일,경기도 성남시 수정구 수진동,경상사고,0,0,1,0,차대사람 - 기타,안전운전불이행,포장 - 건조,맑음,단일로 - 기타,승합,남,54세,상해없음,보행자,남,52세,경상
14490,2019061300100582,2019년 6월 13일 21시,목요일,경기도 안산시 단원구 고잔동,중상사고,0,1,0,0,차대사람 - 횡단중,안전운전불이행,포장 - 건조,맑음,단일로 - 기타,승용,남,22세,상해없음,보행자,남,37세,중상
14491,2019061300100584,2019년 6월 13일 21시,목요일,경기도 안산시 상록구 사동,경상사고,0,0,1,0,차대사람 - 기타,안전운전불이행,포장 - 건조,맑음,단일로 - 기타,승합,남,56세,상해없음,보행자,여,54세,경상
14492,2019061300100586,2019년 6월 13일 21시,목요일,경기도 수원시 팔달구 매산로1가,경상사고,0,0,1,0,차대사람 - 기타,안전운전불이행,포장 - 건조,맑음,교차로 - 교차로부근,승합,남,62세,상해없음,보행자,여,30세,경상
14493,2019061300100606,2019년 6월 13일 22시,목요일,경기도 용인시 기흥구 상하동,경상사고,0,0,1,0,차대사람 - 횡단중,보행자보호의무위반,포장 - 건조,맑음,교차로 - 교차로횡단보도내,승용,남,28세,상해없음,보행자,여,24세,경상
14494,2019061300100608,2019년 6월 13일 22시,목요일,경기도 수원시 영통구 영통동,중상사고,0,1,0,0,차대사람 - 횡단중,신호위반,포장 - 건조,맑음,교차로 - 교차로안,승용,남,51세,상해없음,보행자,남,23세,중상
14495,2019061300100627,2019년 6월 13일 23시,목요일,경기도 김포시 북변동,중상사고,0,1,0,0,차대사람 - 횡단중,안전운전불이행,포장 - 건조,맑음,교차로 - 교차로횡단보도내,승용,여,34세,상해없음,보행자,남,17세,중상
14496,2019061300100628,2019년 6월 13일 23시,목요일,경기도 부천시 도당동,경상사고,0,0,1,0,차대사람 - 기타,안전운전불이행,포장 - 건조,맑음,단일로 - 기타,승용,남,58세,상해없음,보행자,남,25세,경상
14497,2019061300100634,2019년 6월 13일 23시,목요일,경기도 파주시 와동,중상사고,0,1,0,0,차대사람 - 횡단중,안전운전불이행,포장 - 건조,흐림,교차로 - 교차로안,승용,남,68세,상해없음,보행자,남,8세,중상
14498,2019061400100036,2019년 6월 14일 00시,금요일,경기도 용인시 기흥구 동백동,중상사고,0,1,0,0,차대사람 - 횡단중,안전운전불이행,포장 - 건조,맑음,교차로 - 교차로안,승용,남,42세,상해없음,보행자,남,45세,중상