,사고번호,사고일시,요일,시군구,사고내용,사망자수,중상자수,경상자수,부상신고자수,사고유형,법규위반,노면상태,기상상태,도로형태,가해운전자 차종,가해운전자 성별,가해운전자 연령,가해운전자 상해정도,피해운전자 차종,피해운전자 성별,피해운전자 연령,피해운전자 상해정도
14499,2019061400100047,2019년 6월 14일 01시,금요일,경기도 안양시 동안구 관양동,경상사고,0,0,1,0,차대사람 - 길가장자리구역통행중,안전운전불이행,포장 - 건조,맑음,단일로 - 기타,승용,남,60세,상해없음,보행자,남,21세,경상
14500,2019061400100079,2019년 6월 14일 06시,금요일,경기도 수원시 영통구 원천동,중상사고,0,1,0,0,차대사람 - 횡단중,안전운전불이행,포장 - 건조,맑음,단일로 - 기타,승용,남,53세,상해없음,보행자,여,39세,중상
14501,2019061400100095,2019년 6월 14일 07시,금요일,경기도 이천시 안흥동,중상사고,0,1,0,0,차대사람 - 횡단중,보행자보호의무위반,포장 - 건조,맑음,교차로 - 교차로횡단보도내,승용,남,44세,상해없음,보행자,여,68세,중상
14502,2019061400100119,2019년 6월 14일 08시,금요일,경기도 이천시 부발읍,중상사고,0,1,0,0,차대사람 - 횡단중,안전운전불이행,포장 - 건조,맑음,교차로 - 교차로안,승용,여,56세,상해없음,보행자,남,30세,중상
14503,2019061400100122,2019년 6월 14일 08시,금요일,경기도 오산시 은계동,부상신고사고,0,0,0,1,차대사람 - 보도통행중,안전운전불이행,포장 - 건조,맑음,기타 - 기타,기타불명,여,16세,상해없음,보행자,남,11세,부상신고
14504,2019061400100155,2019년 6월 14일 08시,금요일,경기도 고양시 일산서구 주엽동,경상사고,0,0,1,0,차대사람 - 기타,신호위반,포장 - 건조,맑음,교차로 - 교차로안,승용,남,51세,상해없음,보행자,남,15세,경상
14505,2019061400100156,2019년 6월 14일 08시,금요일,경기도 고양시 일산서구 일산동,부상신고사고,0,0,0,1,차대사람 - 횡단중,보행자보호의무위반,포장 - 건조,맑음,교차로 - 교차로안,승용,여,32세,상해없음,보행자,남,8세,부상신고
14506,2019061400100168,2019년 6월 14일 09시,금요일,경기도 군포시 당동,중상사고,0,1,0,0,차대사람 - 기타,안전운전불이행,포장 - 건조,맑음,단일로 - 기타,화물,남,37세,상해없음,보행자,여,74세,중상
14507,2019061400100223,2019년 6월 14일 11시,금요일,경기도 김포시 사우동,중상사고,0,1,0,0,차대사람 - 횡단중,안전운전불이행,포장 - 건조,맑음,교차로 - 교차로횡단보도내,화물,남,55세,상해없음,보행자,여,80세,중상
14508,2019061400100267,2019년 6월 14일 12시,금요일,경기도 화성시 우정읍,중상사고,0,1,0,0,차대사람 - 기타,보행자보호의무위반,포장 - 건조,맑음,단일로 - 기타,승용,남,36세,상해없음,보행자,여,81세,중상
14509,2019061400100336,2019년 6월 14일 14시,금요일,경기도 화성시 봉담읍,경상사고,0,0,1,0,차대사람 - 횡단중,안전운전불이행,포장 - 건조,맑음,기타 - 기타,이륜,남,22세,상해없음,보행자,남,18세,경상
14510,2019061400100337,2019년 6월 14일 14시,금요일,경기도 용인시 수지구 상현동,경상사고,0,0,1,0,차대사람 - 횡단중,보행자보호의무위반,포장 - 건조,맑음,단일로 - 기타,승용,남,60세,상해없음,보행자,여,9세,경상
14511,2019061400100338,2019년 6월 14일 14시,금요일,경기도 용인시 수지구 동천동,중상사고,0,1,0,0,차대사람 - 횡단중,신호위반,포장 - 건조,맑음,교차로 - 교차로횡단보도내,승용,여,59세,상해없음,보행자,남,8세,중상
14512,2019061400100364,2019년 6월 14일 14시,금요일,경기도 파주시 문산읍,경상사고,0,0,1,0,차대사람 - 기타,안전운전불이행,포장 - 건조,맑음,교차로 - 교차로안,승용,남,67세,상해없음,보행자,여,65세,경상
14513,2019061400100375,2019년 6월 14일 15시,금요일,경기도 안산시 상록구 건건동,경상사고,0,0,1,0,차대사람 - 횡단중,보행자보호의무위반,포장 - 건조,맑음,단일로 - 기타,화물,남,72세,상해없음,보행자,남,9세,경상
14514,2019061400100394,2019년 6월 14일 15시,금요일,경기도 양주시 덕정동,경상사고,0,0,1,0,차대사람 - 차도통행중,안전운전불이행,포장 - 건조,맑음,단일로 - 기타,승용,여,24세,상해없음,보행자,여,46세,경상
14515,2019061400100412,2019년 6월 14일 16시,금요일,경기도 부천시 소사본동,경상사고,0,0,1,0,차대사람 - 기타,신호위반,포장 - 건조,맑음,교차로 - 교차로안,승합,남,35세,상해없음,보행자,여,6세,경상
14516,2019061400100460,2019년 6월 14일 17시,금요일,경기도 부천시 중동,중상사고,0,1,0,0,차대사람 - 기타,안전운전불이행,포장 - 건조,맑음,단일로 - 기타,승용,여,62세,상해없음,보행자,여,45세,중상
14517,2019061400100514,2019년 6월 14일 18시,금요일,경기도 평택시 지산동,부상신고사고,0,0,0,1,차대사람 - 횡단중,안전운전불이행,포장 - 건조,맑음,교차로 - 교차로부근,기타불명,기타불명,미분류,기타불명,보행자,남,67세,부상신고
14518,2019061400100516,2019년 6월 14일 18시,금요일,경기도 부천시 심곡본동,부상신고사고,0,0,0,1,차대사람 - 기타,안전운전불이행,포장 - 건조,맑음,교차로 - 교차로부근,화물,남,49세,상해없음,보행자,여,80세,부상신고
14519,2019061400100518,2019년 6월 14일 18시,금요일,경기도 부천시 중동,경상사고,0,0,1,0,차대사람 - 기타,안전운전불이행,포장 - 건조,맑음,단일로 - 기타,자전거,남,15세,상해없음,보행자,여,36세,경상
14520,2019061400100519,2019년 6월 14일 18시,금요일,경기도 부천시 원미동,중상사고,0,1,0,0,차대사람 - 기타,안전운전불이행,포장 - 건조,맑음,단일로 - 기타,승용,남,34세,상해없음,보행자,남,86세,중상
14521,2019061400100520,2019년 6월 14일 18시,금요일,경기도 안산시 단원구 원곡동,중상사고,0,1,0,0,차대사람 - 기타,안전운전불이행,포장 - 건조,맑음,단일로 - 기타,화물,남,31세,상해없음,보행자,여,65세,중상
14522,2019061400100567,2019년 6월 14일 19시,금요일,경기도 화성시 진안동,경상사고,0,0,1,0,차대사람 - 기타,안전운전불이행,포장 - 건조,맑음,단일로 - 기타,승용,남,22세,상해없음,보행자,여,59세,경상
14523,2019061400100588,2019년 6월 14일 19시,금요일,경기도 구리시 수택동,경상사고,0,0,1,0,차대사람 - 차도통행중,안전운전불이행,포장 - 건조,맑음,단일로 - 기타,승용,여,47세,상해없음,보행자,남,61세,경상
14524,2019061400100596,2019년 6월 14일 20시,금요일,경기도 김포시 고촌읍,경상사고,0,0,1,0,차대사람 - 횡단중,보행자보호의무위반,포장 - 건조,맑음,단일로 - 기타,승용,여,54세,상해없음,보행자,남,6세,경상
14525,2019061400100599,2019년 6월 14일 20시,금요일,경기도 안산시 상록구 수암동,중상사고,0,1,0,0,차대사람 - 횡단중,안전운전불이행,포장 - 건조,맑음,교차로 - 교차로안,승용,여,61세,상해없음,보행자,남,65세,중상
14526,2019061400100600,2019년 6월 14일 20시,금요일,경기도 안산시 상록구 본오동,중상사고,0,1,0,0,차대사람 - 횡단중,안전운전불이행,포장 - 건조,맑음,단일로 - 기타,승용,남,30세,상해없음,보행자,남,4세,중상
14527,2019061400100601,2019년 6월 14일 20시,금요일,경기도 용인시 수지구 풍덕천동,경상사고,0,0,1,0,차대사람 - 기타,안전운전불이행,포장 - 건조,맑음,단일로 - 기타,자전거,남,65세,상해없음,보행자,여,63세,경상
14528,2019061400100634,2019년 6월 14일 21시,금요일,경기도 오산시 원동,부상신고사고,0,0,0,1,차대사람 - 횡단중,안전운전불이행,포장 - 건조,맑음,교차로 - 교차로부근,승용,남,43세,상해없음,보행자,남,10세,부상신고
14529,2019061400100690,2019년 6월 14일 22시,금요일,경기도 파주시 조리읍,경상사고,0,0,1,0,차대사람 - 기타,안전운전불이행,포장 - 건조,맑음,단일로 - 기타,승용,남,58세,상해없음,보행자,남,30세,경상
14530,2019061400100702,2019년 6월 14일 23시,금요일,경기도 시흥시 논곡동,부상신고사고,0,0,0,1,차대사람 - 횡단중,안전운전불이행,포장 - 건조,맑음,단일로 - 기타,기타불명,기타불명,미분류,기타불명,보행자,남,23세,부상신고
14531,2019061500100025,2019년 6월 15일 00시,토요일,경기도 성남시 분당구 구미동,경상사고,0,0,1,0,차대사람 - 길가장자리구역통행중,안전운전불이행,포장 - 건조,맑음,단일로 - 기타,승용,남,63세,상해없음,보행자,남,57세,경상
14532,2019061500100081,2019년 6월 15일 04시,토요일,경기도 용인시 기흥구 영덕동,중상사고,0,1,0,0,차대사람 - 기타,안전운전불이행,포장 - 기타,맑음,기타 - 기타,승용,남,46세,상해없음,보행자,남,21세,중상
14533,2019061500100167,2019년 6월 15일 09시,토요일,경기도 용인시 기흥구 보정동,중상사고,0,1,0,0,차대사람 - 횡단중,안전운전불이행,포장 - 건조,맑음,단일로 - 기타,승용,여,42세,상해없음,보행자,여,76세,중상
14534,2019061500100190,2019년 6월 15일 10시,토요일,경기도 이천시 부발읍,경상사고,0,0,1,0,차대사람 - 횡단중,안전운전불이행,포장 - 건조,맑음,교차로 - 교차로안,승용,남,30세,상해없음,보행자,여,62세,경상
14535,2019061500100195,2019년 6월 15일 10시,토요일,경기도 수원시 영통구 망포동,중상사고,0,1,0,0,차대사람 - 횡단중,보행자보호의무위반,포장 - 건조,맑음,단일로 - 기타,승용,남,29세,상해없음,보행자,남,10세,중상
14536,2019061500100244,2019년 6월 15일 11시,토요일,경기도 하남시 신장동,경상사고,0,0,1,0,차대사람 - 횡단중,안전운전불이행,포장 - 건조,맑음,교차로 - 교차로안,개인형이동수단(PM),남,23세,상해없음,보행자,여,60세,경상
14537,2019061500100329,2019년 6월 15일 13시,토요일,경기도 부천시 심곡동,중상사고,0,1,0,0,차대사람 - 기타,안전운전불이행,포장 - 건조,맑음,단일로 - 기타,승합,남,58세,상해없음,보행자,여,59세,중상
14538,2019061500100330,2019년 6월 15일 13시,토요일,경기도 광명시 광명동,사망사고,1,0,0,0,차대사람 - 기타,안전운전불이행,포장 - 건조,맑음,교차로 - 교차로안,승합,남,55세,상해없음,보행자,남,69세,사망
14539,2019061500100331,2019년 6월 15일 13시,토요일,경기도 수원시 영통구 매탄동,중상사고,0,1,0,0,차대사람 - 횡단중,보행자보호의무위반,포장 - 건조,맑음,교차로 - 교차로부근,승합,남,59세,상해없음,보행자,여,72세,중상
14540,2019061500100375,2019년 6월 15일 14시,토요일,경기도 광주시 경안동,경상사고,0,0,1,0,차대사람 - 차도통행중,안전운전불이행,포장 - 건조,맑음,단일로 - 기타,승합,남,57세,상해없음,보행자,여,11세,경상
14541,2019061500100379,2019년 6월 15일 14시,토요일,경기도 부천시 원종동,부상신고사고,0,0,0,1,차대사람 - 기타,안전운전불이행,포장 - 건조,맑음,단일로 - 기타,기타불명,기타불명,미분류,기타불명,보행자,남,47세,부상신고
14542,2019061500100469,2019년 6월 15일 16시,토요일,경기도 시흥시 신천동,경상사고,0,0,1,0,차대사람 - 기타,기타,포장 - 건조,맑음,단일로 - 기타,승합,남,46세,상해없음,보행자,여,29세,경상
14543,2019061500100536,2019년 6월 15일 17시,토요일,경기도 고양시 덕양구 토당동,경상사고,0,0,1,0,차대사람 - 횡단중,안전운전불이행,포장 - 건조,맑음,교차로 - 교차로안,화물,남,54세,상해없음,보행자,남,54세,경상
14544,2019061500100553,2019년 6월 15일 18시,토요일,경기도 용인시 처인구 역북동,중상사고,0,1,0,0,차대사람 - 횡단중,보행자보호의무위반,포장 - 건조,맑음,교차로 - 교차로횡단보도내,화물,남,63세,상해없음,보행자,남,46세,중상
14545,2019061500100556,2019년 6월 15일 18시,토요일,경기도 안산시 상록구 일동,부상신고사고,0,0,0,1,차대사람 - 기타,안전운전불이행,포장 - 건조,맑음,교차로 - 교차로부근,승용,남,26세,상해없음,보행자,남,21세,부상신고
14546,2019061500100575,2019년 6월 15일 18시,토요일,경기도 고양시 덕양구 행신동,경상사고,0,0,1,0,차대사람 - 횡단중,기타,포장 - 젖음/습기,비,교차로 - 교차로횡단보도내,승용,여,41세,상해없음,보행자,여,10세,경상
14547,2019061500100625,2019년 6월 15일 20시,토요일,경기도 안산시 단원구 와동,중상사고,0,1,0,0,차대사람 - 기타,안전운전불이행,포장 - 건조,맑음,교차로 - 교차로부근,이륜,남,18세,상해없음,보행자,남,13세,중상
14548,2019061500100626,2019년 6월 15일 20시,토요일,경기도 시흥시 정왕동,경상사고,0,0,3,0,차대사람 - 횡단중,중앙선침범,포장 - 건조,맑음,교차로 - 교차로부근,이륜,남,18세,기타불명,보행자,남,4세,경상
14549,2019061500100662,2019년 6월 15일 21시,토요일,경기도 김포시 운양동,중상사고,0,1,0,0,차대사람 - 횡단중,보행자보호의무위반,포장 - 건조,맑음,교차로 - 교차로안,승합,남,46세,상해없음,보행자,남,6세,중상
14550,2019061500100666,2019년 6월 15일 21시,토요일,경기도 안산시 상록구 월피동,경상사고,0,0,1,0,차대사람 - 차도통행중,안전운전불이행,포장 - 건조,맑음,교차로 - 교차로안,승용,남,59세,상해없음,보행자,남,57세,경상
14551,2019061500100685,2019년 6월 15일 21시,토요일,경기도 고양시 일산서구 대화동,중상사고,0,1,0,0,차대사람 - 기타,안전운전불이행,포장 - 건조,흐림,단일로 - 기타,이륜,남,24세,상해없음,보행자,여,62세,중상
14552,2019061500100697,2019년 6월 15일 22시,토요일,경기도 김포시 사우동,경상사고,0,0,1,0,차대사람 - 보도통행중,보행자보호의무위반,포장 - 건조,맑음,교차로 - 교차로안,승용,남,18세,기타불명,보행자,남,39세,경상
14553,2019061500100700,2019년 6월 15일 22시,토요일,경기도 군포시 금정동,중상사고,0,1,0,0,차대사람 - 기타,안전운전불이행,포장 - 건조,맑음,단일로 - 기타,승용,남,36세,상해없음,보행자,남,41세,중상
14554,2019061500100736,2019년 6월 15일 23시,토요일,경기도 의정부시 의정부동,경상사고,0,0,1,0,차대사람 - 기타,안전운전불이행,포장 - 건조,맑음,단일로 - 기타,승합,남,58세,상해없음,보행자,남,44세,경상
14555,2019061500100737,2019년 6월 15일 23시,토요일,경기도 고양시 덕양구 화정동,경상사고,0,0,1,0,차대사람 - 기타,안전운전불이행,포장 - 건조,맑음,교차로 - 교차로횡단보도내,승용,남,70세,상해없음,보행자,남,14세,경상
14556,2019061600100049,2019년 6월 16일 01시,일요일,경기도 군포시 산본동,중상사고,0,1,0,0,차대사람 - 기타,안전운전불이행,포장 - 건조,맑음,교차로 - 교차로안,승용,남,28세,상해없음,보행자,여,57세,중상
14557,2019061600100126,2019년 6월 16일 08시,일요일,경기도 부천시 고강동,경상사고,0,0,1,0,차대사람 - 기타,안전운전불이행,포장 - 건조,맑음,단일로 - 기타,승용,남,55세,상해없음,보행자,남,20세,경상
14558,2019061600100189,2019년 6월 16일 11시,일요일,경기도 수원시 권선구 오목천동,경상사고,0,0,1,0,차대사람 - 횡단중,안전운전불이행,포장 - 건조,맑음,기타 - 기타,승용,남,39세,상해없음,보행자,여,52세,경상
14559,2019061600100254,2019년 6월 16일 13시,일요일,경기도 의왕시 학의동,경상사고,0,0,1,0,차대사람 - 차도통행중,안전운전불이행,포장 - 건조,맑음,단일로 - 기타,승용,여,56세,상해없음,보행자,여,77세,경상
14560,2019061600100271,2019년 6월 16일 13시,일요일,경기도 파주시 와동,중상사고,0,1,0,0,차대사람 - 길가장자리구역통행중,안전운전불이행,포장 - 건조,맑음,교차로 - 교차로부근,화물,남,35세,상해없음,보행자,남,41세,중상
14561,2019061600100284,2019년 6월 16일 14시,일요일,경기도 성남시 중원구 상대원동,중상사고,0,1,0,0,차대사람 - 횡단중,안전운전불이행,포장 - 건조,맑음,교차로 - 교차로부근,승용,남,32세,기타불명,보행자,남,14세,중상
14562,2019061600100293,2019년 6월 16일 14시,일요일,경기도 구리시 수택동,경상사고,0,0,1,0,차대사람 - 차도통행중,안전운전불이행,포장 - 건조,맑음,단일로 - 기타,승용,남,47세,상해없음,보행자,여,13세,경상
14563,2019061600100328,2019년 6월 16일 15시,일요일,경기도 남양주시 진접읍,중상사고,0,1,0,0,차대사람 - 차도통행중,안전운전불이행,포장 - 건조,맑음,단일로 - 기타,자전거,남,43세,중상,보행자,남,8세,상해없음
14564,2019061600100390,2019년 6월 16일 17시,일요일,경기도 남양주시 와부읍,중상사고,0,1,0,0,차대사람 - 횡단중,안전운전불이행,포장 - 건조,맑음,단일로 - 기타,이륜,남,24세,상해없음,보행자,여,76세,중상
14565,2019061600100391,2019년 6월 16일 17시,일요일,경기도 구리시 수택동,경상사고,0,0,1,0,차대사람 - 차도통행중,안전운전불이행,포장 - 건조,맑음,단일로 - 기타,승용,남,28세,상해없음,보행자,남,4세,경상
14566,2019061600100441,2019년 6월 16일 19시,일요일,경기도 구리시 인창동,경상사고,0,0,1,0,차대사람 - 보도통행중,보행자보호의무위반,포장 - 건조,맑음,교차로 - 교차로안,승용,남,46세,상해없음,보행자,남,46세,경상
14567,2019061600100446,2019년 6월 16일 20시,일요일,경기도 이천시 대월면,부상신고사고,0,0,0,1,차대사람 - 기타,안전운전불이행,포장 - 건조,맑음,단일로 - 기타,화물,남,42세,상해없음,보행자,남,63세,부상신고
14568,2019061600100448,2019년 6월 16일 20시,일요일,경기도 성남시 중원구 성남동,중상사고,0,1,0,0,차대사람 - 기타,기타,포장 - 건조,맑음,교차로 - 교차로부근,승합,남,48세,상해없음,보행자,남,57세,중상
14569,2019061600100498,2019년 6월 16일 22시,일요일,경기도 수원시 팔달구 인계동,경상사고,0,0,1,0,차대사람 - 기타,안전운전불이행,포장 - 건조,맑음,교차로 - 교차로안,승용,남,35세,상해없음,보행자,남,67세,경상
14570,2019061600100500,2019년 6월 16일 22시,일요일,경기도 성남시 분당구 야탑동,경상사고,0,0,1,0,차대사람 - 기타,안전운전불이행,포장 - 건조,맑음,단일로 - 기타,승용,남,64세,상해없음,보행자,남,28세,경상
14571,2019061600100512,2019년 6월 16일 23시,일요일,경기도 화성시 봉담읍,경상사고,0,0,1,0,차대사람 - 기타,안전운전불이행,포장 - 건조,맑음,교차로 - 교차로안,승합,남,52세,상해없음,보행자,남,58세,경상
14572,2019061700100121,2019년 6월 17일 08시,월요일,경기도 안산시 상록구 월피동,경상사고,0,0,1,0,차대사람 - 차도통행중,안전운전불이행,포장 - 건조,맑음,교차로 - 교차로부근,승용,남,25세,상해없음,보행자,여,18세,경상
14573,2019061700100142,2019년 6월 17일 08시,월요일,경기도 고양시 덕양구 관산동,경상사고,0,0,1,0,차대사람 - 차도통행중,안전운전불이행,포장 - 건조,맑음,단일로 - 기타,승용,남,41세,상해없음,보행자,여,15세,경상
14574,2019061700100156,2019년 6월 17일 09시,월요일,경기도 안산시 상록구 사동,경상사고,0,0,1,0,차대사람 - 기타,기타,포장 - 건조,맑음,교차로 - 교차로부근,승합,남,48세,상해없음,보행자,여,56세,경상
14575,2019061700100157,2019년 6월 17일 09시,월요일,경기도 하남시 풍산동,경상사고,0,0,1,0,차대사람 - 횡단중,안전운전불이행,포장 - 건조,맑음,교차로 - 교차로부근,승합,남,69세,상해없음,보행자,남,28세,경상
14576,2019061700100158,2019년 6월 17일 09시,월요일,경기도 안양시 만안구 안양동,경상사고,0,0,1,0,차대사람 - 기타,안전운전불이행,포장 - 건조,맑음,단일로 - 기타,승용,남,29세,상해없음,보행자,남,51세,경상
14577,2019061700100198,2019년 6월 17일 10시,월요일,경기도 부천시 심곡동,경상사고,0,0,1,0,차대사람 - 기타,안전운전불이행,포장 - 건조,맑음,단일로 - 기타,승용,남,59세,상해없음,보행자,남,63세,경상
14578,2019061700100263,2019년 6월 17일 12시,월요일,경기도 안양시 만안구 박달동,중상사고,0,1,0,0,차대사람 - 횡단중,신호위반,포장 - 건조,맑음,교차로 - 교차로안,승합,남,53세,상해없음,보행자,남,78세,중상
14579,2019061700100281,2019년 6월 17일 12시,월요일,경기도 의정부시 호원동,중상사고,0,1,0,0,차대사람 - 기타,안전운전불이행,포장 - 건조,맑음,교차로 - 교차로부근,승용,여,75세,상해없음,보행자,여,76세,중상
14580,2019061700100292,2019년 6월 17일 13시,월요일,경기도 수원시 장안구 영화동,경상사고,0,0,1,0,차대사람 - 기타,안전운전불이행,포장 - 건조,맑음,단일로 - 기타,승용,남,58세,상해없음,보행자,여,65세,경상
14581,2019061700100297,2019년 6월 17일 13시,월요일,경기도 화성시 남양읍,경상사고,0,0,1,0,차대사람 - 기타,교차로운행방법위반,포장 - 건조,맑음,교차로 - 교차로안,화물,남,42세,상해없음,보행자,여,78세,경상
14582,2019061700100361,2019년 6월 17일 14시,월요일,경기도 남양주시 조안면,중상사고,0,2,0,0,차대사람 - 기타,안전운전불이행,포장 - 건조,맑음,단일로 - 기타,자전거,남,64세,중상,보행자,여,51세,중상
14583,2019061700100377,2019년 6월 17일 15시,월요일,경기도 화성시 우정읍,중상사고,0,1,0,0,차대사람 - 기타,안전운전불이행,포장 - 건조,맑음,단일로 - 기타,승용,남,60세,상해없음,보행자,남,62세,중상
14584,2019061700100378,2019년 6월 17일 15시,월요일,경기도 화성시 반송동,경상사고,0,0,1,0,차대사람 - 기타,안전운전불이행,포장 - 건조,맑음,단일로 - 기타,승합,남,76세,상해없음,보행자,여,18세,경상
14585,2019061700100428,2019년 6월 17일 16시,월요일,경기도 하남시 학암동,경상사고,0,0,1,0,차대사람 - 횡단중,신호위반,포장 - 건조,맑음,교차로 - 교차로안,승합,남,72세,상해없음,보행자,여,64세,경상
14586,2019061700100435,2019년 6월 17일 16시,월요일,경기도 부천시 송내동,경상사고,0,0,1,0,차대사람 - 기타,보행자보호의무위반,포장 - 건조,맑음,단일로 - 기타,승용,남,45세,상해없음,보행자,남,8세,경상
14587,2019061700100437,2019년 6월 17일 16시,월요일,경기도 수원시 권선구 세류동,부상신고사고,0,0,0,1,차대사람 - 기타,안전운전불이행,포장 - 건조,맑음,교차로 - 교차로안,기타불명,기타불명,미분류,기타불명,보행자,여,76세,부상신고
14588,2019061700100596,2019년 6월 17일 20시,월요일,경기도 광명시 광명동,경상사고,0,0,1,0,차대사람 - 기타,안전운전불이행,포장 - 건조,흐림,단일로 - 기타,승용,남,40세,상해없음,보행자,여,59세,경상
14589,2019061700100623,2019년 6월 17일 20시,월요일,경기도 구리시 수택동,경상사고,0,0,1,0,차대사람 - 기타,안전운전불이행,포장 - 건조,맑음,교차로 - 교차로안,승용,남,55세,상해없음,보행자,여,51세,경상
14590,2019061700100636,2019년 6월 17일 21시,월요일,경기도 화성시 진안동,사망사고,1,0,0,0,차대사람 - 횡단중,안전운전불이행,포장 - 건조,맑음,단일로 - 기타,화물,남,49세,상해없음,보행자,남,72세,사망
14591,2019061700100654,2019년 6월 17일 21시,월요일,경기도 연천군 전곡읍,경상사고,0,0,1,0,차대사람 - 횡단중,교차로운행방법위반,포장 - 건조,맑음,교차로 - 교차로안,승용,남,77세,상해없음,보행자,남,60세,경상
14592,2019061800100043,2019년 6월 18일 01시,화요일,경기도 평택시 오성면,사망사고,1,0,0,0,차대사람 - 기타,안전운전불이행,포장 - 건조,맑음,단일로 - 기타,승용,남,61세,상해없음,보행자,남,27세,사망
14593,2019061800100046,2019년 6월 18일 01시,화요일,경기도 안양시 만안구 안양동,경상사고,0,0,1,0,차대사람 - 기타,기타,포장 - 건조,맑음,교차로 - 교차로안,승용,남,60세,상해없음,보행자,여,51세,경상
14594,2019061800100047,2019년 6월 18일 01시,화요일,경기도 이천시 모가면,사망사고,1,0,0,0,차대사람 - 기타,안전운전불이행,포장 - 젖음/습기,흐림,단일로 - 기타,화물,남,53세,상해없음,보행자,남,37세,사망
14595,2019061800100145,2019년 6월 18일 08시,화요일,경기도 이천시 창전동,경상사고,0,0,1,0,차대사람 - 횡단중,안전운전불이행,포장 - 젖음/습기,비,단일로 - 기타,승용,남,36세,상해없음,보행자,남,23세,경상
14596,2019061800100150,2019년 6월 18일 08시,화요일,경기도 하남시 신장동,경상사고,0,0,2,0,차대사람 - 횡단중,보행자보호의무위반,포장 - 건조,맑음,교차로 - 교차로횡단보도내,화물,남,59세,상해없음,보행자,남,15세,경상
14597,2019061800100152,2019년 6월 18일 08시,화요일,경기도 용인시 기흥구 마북동,경상사고,0,0,1,0,차대사람 - 기타,보행자보호의무위반,포장 - 건조,맑음,교차로 - 교차로안,승용,여,40세,상해없음,보행자,남,11세,경상
14598,2019061800100188,2019년 6월 18일 09시,화요일,경기도 안양시 동안구 호계동,경상사고,0,0,1,0,차대사람 - 기타,안전운전불이행,포장 - 건조,맑음,교차로 - 교차로부근,승용,남,61세,상해없음,보행자,여,56세,경상
14599,2019061800100223,2019년 6월 18일 10시,화요일,경기도 양평군 강상면,중상사고,0,1,0,0,차대사람 - 기타,교차로운행방법위반,포장 - 건조,흐림,교차로 - 교차로안,승합,남,67세,상해없음,보행자,여,82세,중상
14600,2019061800100255,2019년 6월 18일 11시,화요일,경기도 화성시 석우동,경상사고,0,0,1,0,차대사람 - 기타,안전운전불이행,포장 - 건조,맑음,단일로 - 기타,기타불명,기타불명,미분류,기타불명,보행자,남,25세,경상
14601,2019061800100275,2019년 6월 18일 11시,화요일,경기도 남양주시 다산동,경상사고,0,0,1,0,차대사람 - 기타,보행자보호의무위반,포장 - 건조,맑음,단일로 - 기타,기타불명,기타불명,미분류,기타불명,보행자,남,34세,경상
14602,2019061800100276,2019년 6월 18일 11시,화요일,경기도 포천시 소흘읍,중상사고,0,1,1,0,차대사람 - 횡단중,보행자보호의무위반,포장 - 건조,흐림,교차로 - 교차로부근,화물,남,37세,상해없음,보행자,여,74세,중상
14603,2019061800100305,2019년 6월 18일 13시,화요일,경기도 수원시 장안구 영화동,경상사고,0,0,1,0,차대사람 - 기타,안전운전불이행,포장 - 건조,맑음,단일로 - 기타,승용,남,63세,상해없음,보행자,남,29세,경상
14604,2019061800100332,2019년 6월 18일 13시,화요일,경기도 의정부시 고산동,중상사고,0,1,0,0,차대사람 - 기타,안전운전불이행,포장 - 젖음/습기,비,단일로 - 기타,승용,남,29세,상해없음,보행자,여,63세,중상
14605,2019061800100335,2019년 6월 18일 13시,화요일,경기도 구리시 수택동,경상사고,0,0,1,0,차대사람 - 횡단중,안전운전불이행,포장 - 젖음/습기,흐림,교차로 - 교차로부근,화물,남,56세,상해없음,보행자,여,77세,경상
14606,2019061800100337,2019년 6월 18일 13시,화요일,경기도 고양시 일산서구 덕이동,중상사고,0,1,0,0,차대사람 - 기타,기타,포장 - 젖음/습기,비,단일로 - 기타,승합,여,56세,상해없음,보행자,남,25세,중상
14607,2019061800100344,2019년 6월 18일 14시,화요일,경기도 수원시 영통구 매탄동,경상사고,0,0,1,0,차대사람 - 횡단중,안전운전불이행,포장 - 건조,흐림,교차로 - 교차로부근,승용,남,25세,상해없음,보행자,여,41세,경상
14608,2019061800100369,2019년 6월 18일 15시,화요일,경기도 수원시 장안구 파장동,경상사고,0,0,1,0,차대사람 - 길가장자리구역통행중,안전운전불이행,포장 - 건조,맑음,단일로 - 기타,승용,여,49세,상해없음,보행자,남,45세,경상
14609,2019061800100402,2019년 6월 18일 16시,화요일,경기도 수원시 장안구 정자동,중상사고,0,1,0,0,차대사람 - 기타,기타,포장 - 건조,맑음,단일로 - 기타,승합,남,58세,상해없음,보행자,여,80세,중상
14610,2019061800100404,2019년 6월 18일 16시,화요일,경기도 수원시 권선구 구운동,경상사고,0,0,1,0,차대사람 - 기타,안전운전불이행,포장 - 건조,맑음,기타 - 기타,자전거,남,12세,상해없음,보행자,여,14세,경상
14611,2019061800100405,2019년 6월 18일 16시,화요일,경기도 화성시 향남읍,중상사고,0,1,0,0,차대사람 - 횡단중,신호위반,포장 - 건조,맑음,교차로 - 교차로안,승용,남,37세,상해없음,보행자,여,38세,중상