,사고번호,사고일시,요일,시군구,사고내용,사망자수,중상자수,경상자수,부상신고자수,사고유형,법규위반,노면상태,기상상태,도로형태,가해운전자 차종,가해운전자 성별,가해운전자 연령,가해운전자 상해정도,피해운전자 차종,피해운전자 성별,피해운전자 연령,피해운전자 상해정도
14725,2019062200100343,2019년 6월 22일 13시,토요일,경기도 성남시 중원구 금광동,경상사고,0,0,1,0,차대사람 - 횡단중,보행자보호의무위반,포장 - 건조,맑음,단일로 - 기타,승용,남,56세,상해없음,보행자,여,10세,경상
14726,2019062200100378,2019년 6월 22일 14시,토요일,경기도 성남시 중원구 상대원동,중상사고,0,1,0,0,차대사람 - 횡단중,신호위반,포장 - 건조,맑음,교차로 - 교차로안,승합,남,42세,상해없음,보행자,남,38세,중상
14727,2019062200100381,2019년 6월 22일 14시,토요일,경기도 하남시 신장동,부상신고사고,0,0,0,2,차대사람 - 기타,안전운전불이행,포장 - 건조,맑음,단일로 - 기타,자전거,남,47세,부상신고,보행자,남,48세,부상신고
14728,2019062200100406,2019년 6월 22일 14시,토요일,경기도 동두천시 지행동,부상신고사고,0,0,0,1,차대사람 - 횡단중,안전운전불이행,포장 - 건조,맑음,교차로 - 교차로안,승용,남,50세,상해없음,보행자,여,79세,부상신고
14729,2019062200100420,2019년 6월 22일 15시,토요일,경기도 용인시 처인구 김량장동,경상사고,0,0,1,0,차대사람 - 기타,안전운전불이행,포장 - 건조,맑음,기타 - 기타,자전거,여,67세,상해없음,보행자,여,6세,경상
14730,2019062200100424,2019년 6월 22일 15시,토요일,경기도 안산시 상록구 본오동,경상사고,0,0,1,0,차대사람 - 횡단중,안전운전불이행,포장 - 건조,맑음,단일로 - 기타,승용,남,57세,상해없음,보행자,여,11세,경상
14731,2019062200100426,2019년 6월 22일 15시,토요일,경기도 안양시 만안구 안양동,중상사고,0,1,0,0,차대사람 - 횡단중,안전운전불이행,포장 - 건조,맑음,기타 - 기타,승용,남,61세,상해없음,보행자,여,87세,중상
14732,2019062200100465,2019년 6월 22일 16시,토요일,경기도 안성시 공도읍,경상사고,0,0,1,0,차대사람 - 보도통행중,신호위반,포장 - 건조,맑음,교차로 - 교차로횡단보도내,승용,남,58세,상해없음,보행자,여,6세,경상
14733,2019062200100470,2019년 6월 22일 16시,토요일,경기도 수원시 권선구 탑동,경상사고,0,0,1,0,차대사람 - 기타,안전운전불이행,포장 - 건조,맑음,단일로 - 기타,승용,남,78세,상해없음,보행자,남,30세,경상
14734,2019062200100498,2019년 6월 22일 16시,토요일,경기도 양주시 광적면,경상사고,0,0,1,0,차대사람 - 기타,안전운전불이행,포장 - 건조,맑음,교차로 - 교차로부근,승용,남,58세,상해없음,보행자,남,55세,경상
14735,2019062200100541,2019년 6월 22일 17시,토요일,경기도 포천시 소흘읍,경상사고,0,0,1,0,차대사람 - 횡단중,안전운전불이행,포장 - 건조,맑음,단일로 - 기타,이륜,남,18세,상해없음,보행자,남,13세,경상
14736,2019062200100550,2019년 6월 22일 18시,토요일,경기도 성남시 수정구 태평동,경상사고,0,0,1,0,차대사람 - 기타,안전운전불이행,포장 - 건조,맑음,교차로 - 교차로부근,승합,남,49세,상해없음,보행자,남,37세,경상
14737,2019062200100553,2019년 6월 22일 18시,토요일,경기도 수원시 팔달구 인계동,경상사고,0,0,1,0,차대사람 - 길가장자리구역통행중,안전운전불이행,포장 - 건조,맑음,단일로 - 기타,승용,여,70세,상해없음,보행자,남,60세,경상
14738,2019062200100586,2019년 6월 22일 19시,토요일,경기도 안산시 상록구 일동,경상사고,0,0,1,0,차대사람 - 길가장자리구역통행중,안전운전불이행,포장 - 건조,맑음,교차로 - 교차로안,승용,남,38세,상해없음,보행자,남,57세,경상
14739,2019062200100642,2019년 6월 22일 20시,토요일,경기도 고양시 일산동구 중산동,경상사고,0,0,1,0,차대사람 - 보도통행중,안전운전불이행,포장 - 건조,맑음,단일로 - 기타,승용,여,48세,상해없음,보행자,남,42세,경상
14740,2019062200100643,2019년 6월 22일 20시,토요일,경기도 파주시 조리읍,부상신고사고,0,0,0,1,차대사람 - 기타,안전운전불이행,포장 - 건조,맑음,단일로 - 기타,자전거,남,57세,상해없음,보행자,여,82세,부상신고
14741,2019062200100693,2019년 6월 22일 22시,토요일,경기도 부천시 춘의동,경상사고,0,0,1,0,차대사람 - 횡단중,안전운전불이행,포장 - 건조,맑음,교차로 - 교차로안,승용,여,27세,상해없음,보행자,여,60세,경상
14742,2019062200100711,2019년 6월 22일 22시,토요일,경기도 포천시 가산면,경상사고,0,0,1,0,차대사람 - 횡단중,안전운전불이행,포장 - 건조,맑음,단일로 - 기타,승용,남,42세,상해없음,보행자,여,56세,경상
14743,2019062200100721,2019년 6월 22일 23시,토요일,경기도 수원시 권선구 세류동,경상사고,0,0,1,0,차대사람 - 기타,안전운전불이행,포장 - 건조,맑음,단일로 - 기타,승합,남,55세,상해없음,보행자,남,33세,경상
14744,2019062300100076,2019년 6월 23일 03시,일요일,경기도 오산시 원동,중상사고,0,1,0,0,차대사람 - 횡단중,안전운전불이행,포장 - 건조,맑음,기타 - 기타,승용,남,63세,상해없음,보행자,남,41세,중상
14745,2019062300100084,2019년 6월 23일 03시,일요일,경기도 구리시 수택동,중상사고,0,1,0,0,차대사람 - 차도통행중,안전운전불이행,포장 - 건조,맑음,단일로 - 기타,승용,남,51세,상해없음,보행자,남,55세,중상
14746,2019062300100303,2019년 6월 23일 14시,일요일,경기도 평택시 서정동,경상사고,0,0,1,0,차대사람 - 기타,안전운전불이행,포장 - 건조,맑음,단일로 - 기타,승용,여,37세,상해없음,보행자,남,9세,경상
14747,2019062300100307,2019년 6월 23일 14시,일요일,경기도 성남시 중원구 중앙동,중상사고,0,1,0,0,차대사람 - 기타,안전운전불이행,포장 - 건조,맑음,단일로 - 기타,이륜,남,46세,상해없음,보행자,남,5세,중상
14748,2019062300100323,2019년 6월 23일 14시,일요일,경기도 파주시 야당동,경상사고,0,0,1,0,차대사람 - 보도통행중,보행자보호의무위반,포장 - 건조,맑음,단일로 - 기타,승용,여,38세,상해없음,보행자,남,15세,경상
14749,2019062300100336,2019년 6월 23일 15시,일요일,경기도 부천시 심곡동,경상사고,0,0,1,0,차대사람 - 길가장자리구역통행중,안전운전불이행,포장 - 건조,맑음,단일로 - 기타,승용,남,24세,상해없음,보행자,남,64세,경상
14750,2019062300100377,2019년 6월 23일 16시,일요일,경기도 시흥시 정왕동,경상사고,0,0,1,0,차대사람 - 기타,안전운전불이행,포장 - 건조,맑음,단일로 - 기타,승용,여,45세,상해없음,보행자,남,22세,경상
14751,2019062300100416,2019년 6월 23일 17시,일요일,경기도 수원시 장안구 파장동,경상사고,0,0,1,0,차대사람 - 기타,기타,포장 - 건조,맑음,교차로 - 교차로안,승용,남,60세,상해없음,보행자,남,51세,경상
14752,2019062300100419,2019년 6월 23일 17시,일요일,경기도 시흥시 신천동,경상사고,0,0,1,0,차대사람 - 기타,안전운전불이행,포장 - 건조,맑음,교차로 - 교차로안,승용,남,44세,상해없음,보행자,남,49세,경상
14753,2019062300100536,2019년 6월 23일 20시,일요일,경기도 남양주시 진접읍,경상사고,0,0,1,0,차대사람 - 기타,안전운전불이행,포장 - 건조,맑음,단일로 - 기타,승용,남,51세,상해없음,보행자,남,16세,경상
14754,2019062300100541,2019년 6월 23일 21시,일요일,경기도 평택시 신장동,중상사고,0,1,0,0,차대사람 - 기타,안전운전불이행,포장 - 건조,맑음,단일로 - 기타,화물,남,57세,상해없음,보행자,남,53세,중상
14755,2019062300100542,2019년 6월 23일 21시,일요일,경기도 평택시 동삭동,경상사고,0,0,1,0,차대사람 - 횡단중,안전운전불이행,포장 - 건조,맑음,단일로 - 기타,이륜,남,20세,상해없음,보행자,남,61세,경상
14756,2019062300100543,2019년 6월 23일 21시,일요일,경기도 여주시 교동,중상사고,0,1,0,0,차대사람 - 횡단중,안전운전불이행,포장 - 건조,맑음,교차로 - 교차로횡단보도내,승용,여,45세,상해없음,보행자,남,63세,중상
14757,2019062400100036,2019년 6월 24일 02시,월요일,경기도 시흥시 정왕동,경상사고,0,0,1,0,차대사람 - 기타,안전운전불이행,포장 - 건조,맑음,교차로 - 교차로부근,화물,남,42세,상해없음,보행자,여,27세,경상
14758,2019062400100065,2019년 6월 24일 05시,월요일,경기도 구리시 수택동,경상사고,0,0,1,0,차대사람 - 기타,안전운전불이행,포장 - 건조,맑음,교차로 - 교차로부근,승용,남,46세,상해없음,보행자,여,18세,경상
14759,2019062400100070,2019년 6월 24일 06시,월요일,경기도 용인시 수지구 동천동,중상사고,0,1,0,0,차대사람 - 보도통행중,신호위반,포장 - 건조,맑음,교차로 - 교차로안,승용,여,47세,상해없음,보행자,남,73세,중상
14760,2019062400100124,2019년 6월 24일 08시,월요일,경기도 안성시 공도읍,경상사고,0,0,1,0,차대사람 - 기타,안전운전불이행,포장 - 건조,맑음,교차로 - 교차로안,승용,여,35세,상해없음,보행자,여,18세,경상
14761,2019062400100125,2019년 6월 24일 08시,월요일,경기도 안양시 동안구 관양동,경상사고,0,0,1,0,차대사람 - 횡단중,안전운전불이행,포장 - 건조,맑음,교차로 - 교차로안,승용,남,53세,상해없음,보행자,남,81세,경상
14762,2019062400100182,2019년 6월 24일 09시,월요일,경기도 안양시 동안구 관양동,중상사고,0,1,0,0,차대사람 - 기타,기타,포장 - 건조,맑음,교차로 - 교차로부근,승합,여,60세,상해없음,보행자,여,62세,중상
14763,2019062400100186,2019년 6월 24일 09시,월요일,경기도 과천시 갈현동,경상사고,0,0,1,0,차대사람 - 기타,안전운전불이행,포장 - 건조,맑음,단일로 - 기타,화물,남,59세,상해없음,보행자,남,53세,경상
14764,2019062400100188,2019년 6월 24일 09시,월요일,경기도 하남시 신장동,경상사고,0,0,1,0,차대사람 - 기타,안전운전불이행,포장 - 건조,맑음,기타 - 기타,승용,여,50세,상해없음,보행자,여,37세,경상
14765,2019062400100206,2019년 6월 24일 09시,월요일,경기도 남양주시 별내동,중상사고,0,1,0,0,차대사람 - 횡단중,안전운전불이행,포장 - 건조,맑음,교차로 - 교차로횡단보도내,승용,남,72세,상해없음,보행자,여,40세,중상
14766,2019062400100218,2019년 6월 24일 10시,월요일,경기도 안산시 상록구 일동,경상사고,0,0,1,0,차대사람 - 횡단중,안전운전불이행,포장 - 건조,맑음,단일로 - 기타,화물,남,25세,상해없음,보행자,남,84세,경상
14767,2019062400100255,2019년 6월 24일 11시,월요일,경기도 평택시 평택동,부상신고사고,0,0,0,1,차대사람 - 기타,안전운전불이행,포장 - 건조,맑음,교차로 - 교차로부근,승용,남,56세,상해없음,보행자,남,62세,부상신고
14768,2019062400100296,2019년 6월 24일 12시,월요일,경기도 안성시 석정동,중상사고,0,1,0,0,차대사람 - 차도통행중,안전운전불이행,포장 - 건조,맑음,단일로 - 기타,승용,남,78세,상해없음,보행자,여,69세,중상
14769,2019062400100315,2019년 6월 24일 12시,월요일,경기도 의정부시 금오동,경상사고,0,0,1,0,차대사람 - 횡단중,보행자보호의무위반,포장 - 건조,맑음,단일로 - 기타,승용,남,26세,상해없음,보행자,남,58세,경상
14770,2019062400100324,2019년 6월 24일 13시,월요일,경기도 이천시 호법면,중상사고,0,1,0,0,차대사람 - 기타,안전운전불이행,포장 - 건조,맑음,단일로 - 기타,화물,남,62세,상해없음,보행자,남,57세,중상
14771,2019062400100352,2019년 6월 24일 14시,월요일,경기도 평택시 비전동,경상사고,0,0,1,0,차대사람 - 길가장자리구역통행중,안전운전불이행,포장 - 건조,맑음,교차로 - 교차로부근,승합,남,54세,상해없음,보행자,남,62세,경상
14772,2019062400100391,2019년 6월 24일 15시,월요일,경기도 수원시 팔달구 우만동,경상사고,0,0,2,0,차대사람 - 기타,안전운전불이행,포장 - 건조,맑음,단일로 - 기타,화물,남,42세,경상,보행자,여,35세,경상
14773,2019062400100398,2019년 6월 24일 15시,월요일,경기도 용인시 수지구 성복동,중상사고,0,1,0,0,차대사람 - 횡단중,안전운전불이행,포장 - 건조,맑음,교차로 - 교차로부근,승용,여,61세,상해없음,보행자,여,48세,중상
14774,2019062400100399,2019년 6월 24일 15시,월요일,경기도 화성시 장지동,중상사고,0,1,0,0,차대사람 - 기타,보행자보호의무위반,포장 - 건조,맑음,교차로 - 교차로횡단보도내,승용,남,30세,상해없음,보행자,여,9세,중상
14775,2019062400100441,2019년 6월 24일 16시,월요일,경기도 광명시 일직동,경상사고,0,0,1,0,차대사람 - 보도통행중,기타,포장 - 건조,맑음,단일로 - 기타,원동기,남,62세,상해없음,보행자,남,52세,경상
14776,2019062400100450,2019년 6월 24일 16시,월요일,경기도 화성시 오산동,부상신고사고,0,0,0,1,차대사람 - 기타,안전운전불이행,포장 - 건조,맑음,기타 - 기타,자전거,여,34세,상해없음,보행자,남,3세,부상신고
14777,2019062400100467,2019년 6월 24일 16시,월요일,경기도 의정부시 의정부동,중상사고,0,1,0,0,차대사람 - 차도통행중,안전운전불이행,포장 - 건조,맑음,교차로 - 교차로안,승용,여,50세,상해없음,보행자,남,58세,중상
14778,2019062400100473,2019년 6월 24일 16시,월요일,경기도 고양시 일산서구 가좌동,중상사고,0,1,0,0,차대사람 - 기타,안전운전불이행,포장 - 건조,맑음,단일로 - 기타,승합,남,64세,상해없음,보행자,남,19세,중상
14779,2019062400100495,2019년 6월 24일 17시,월요일,경기도 광명시 광명동,부상신고사고,0,0,0,1,차대사람 - 차도통행중,안전운전불이행,포장 - 건조,맑음,단일로 - 기타,화물,남,53세,상해없음,보행자,남,17세,부상신고
14780,2019062400100499,2019년 6월 24일 17시,월요일,경기도 하남시 풍산동,경상사고,0,0,1,0,차대사람 - 기타,보행자보호의무위반,포장 - 건조,맑음,교차로 - 교차로횡단보도내,승합,남,67세,상해없음,보행자,남,9세,경상
14781,2019062400100539,2019년 6월 24일 18시,월요일,경기도 평택시 서정동,부상신고사고,0,0,0,1,차대사람 - 차도통행중,안전운전불이행,포장 - 기타,맑음,단일로 - 기타,승용,여,53세,상해없음,보행자,남,61세,부상신고
14782,2019062400100604,2019년 6월 24일 19시,월요일,경기도 안산시 단원구 초지동,경상사고,0,0,1,0,차대사람 - 기타,안전운전불이행,포장 - 건조,맑음,기타 - 기타,승용,여,56세,상해없음,보행자,남,6세,경상
14783,2019062400100622,2019년 6월 24일 19시,월요일,경기도 고양시 덕양구 행신동,경상사고,0,0,1,0,차대사람 - 기타,안전운전불이행,포장 - 건조,맑음,단일로 - 기타,승합,남,70세,상해없음,보행자,남,32세,경상
14784,2019062400100631,2019년 6월 24일 20시,월요일,경기도 수원시 팔달구 화서동,중상사고,0,1,0,0,차대사람 - 횡단중,보행자보호의무위반,포장 - 건조,맑음,교차로 - 교차로안,승합,남,62세,상해없음,보행자,남,44세,중상
14785,2019062400100635,2019년 6월 24일 20시,월요일,경기도 안산시 상록구 부곡동,경상사고,0,0,2,0,차대사람 - 차도통행중,안전운전불이행,포장 - 건조,맑음,단일로 - 기타,승용,남,53세,상해없음,보행자,여,5세,경상
14786,2019062400100653,2019년 6월 24일 20시,월요일,경기도 고양시 덕양구 용두동,경상사고,0,0,1,0,차대사람 - 기타,안전운전불이행,포장 - 건조,맑음,주차장 - 주차장,승용,남,41세,상해없음,보행자,남,3세,경상
14787,2019062400100655,2019년 6월 24일 20시,월요일,경기도 구리시 교문동,부상신고사고,0,0,0,1,차대사람 - 횡단중,보행자보호의무위반,포장 - 건조,맑음,교차로 - 교차로횡단보도내,승용,여,30세,상해없음,보행자,남,8세,부상신고
14788,2019062400100664,2019년 6월 24일 21시,월요일,경기도 평택시 통복동,경상사고,0,0,1,0,차대사람 - 기타,안전운전불이행,포장 - 건조,맑음,교차로 - 교차로안,승용,남,29세,상해없음,보행자,여,25세,경상
14789,2019062400100667,2019년 6월 24일 21시,월요일,경기도 여주시 현암동,경상사고,0,0,1,0,차대사람 - 기타,안전운전불이행,포장 - 건조,기타,단일로 - 기타,승용,남,28세,상해없음,보행자,여,55세,경상
14790,2019062400100705,2019년 6월 24일 22시,월요일,경기도 남양주시 화도읍,경상사고,0,0,1,0,차대사람 - 기타,안전운전불이행,포장 - 건조,맑음,단일로 - 기타,승용,남,46세,상해없음,보행자,남,63세,경상
14791,2019062400100707,2019년 6월 24일 23시,월요일,경기도 양평군 서종면,부상신고사고,0,0,0,1,차대사람 - 기타,안전운전불이행,포장 - 건조,맑음,단일로 - 기타,승용,남,49세,상해없음,보행자,남,55세,부상신고
14792,2019062400100718,2019년 6월 24일 23시,월요일,경기도 가평군 설악면,부상신고사고,0,0,0,1,차대사람 - 기타,안전운전불이행,포장 - 건조,맑음,주차장 - 주차장,승용,남,67세,상해없음,보행자,남,49세,부상신고
14793,2019062500100028,2019년 6월 25일 00시,화요일,경기도 광명시 광명동,중상사고,0,1,0,0,차대사람 - 횡단중,안전운전불이행,포장 - 건조,맑음,교차로 - 교차로부근,승용,남,25세,상해없음,보행자,여,52세,중상
14794,2019062500100094,2019년 6월 25일 07시,화요일,경기도 부천시 심곡동,경상사고,0,0,1,0,차대사람 - 기타,기타,포장 - 건조,맑음,단일로 - 기타,자전거,남,63세,상해없음,보행자,남,31세,경상
14795,2019062500100111,2019년 6월 25일 07시,화요일,경기도 고양시 일산동구 백석동,중상사고,0,1,0,0,차대사람 - 기타,안전운전불이행,포장 - 건조,흐림,단일로 - 기타,화물,남,61세,상해없음,보행자,여,71세,중상
14796,2019062500100133,2019년 6월 25일 08시,화요일,경기도 안산시 상록구 성포동,중상사고,0,1,0,0,차대사람 - 차도통행중,기타,포장 - 건조,맑음,단일로 - 기타,승합,남,47세,상해없음,보행자,여,59세,중상
14797,2019062500100179,2019년 6월 25일 09시,화요일,경기도 광명시 광명동,중상사고,0,1,0,0,차대사람 - 기타,안전운전불이행,포장 - 건조,맑음,교차로 - 교차로안,승용,여,44세,상해없음,보행자,여,73세,중상
14798,2019062500100184,2019년 6월 25일 09시,화요일,경기도 용인시 기흥구 보정동,부상신고사고,0,0,0,1,차대사람 - 기타,안전운전불이행,포장 - 건조,맑음,기타 - 기타,자전거,기타불명,미분류,기타불명,보행자,여,30세,부상신고
14799,2019062500100201,2019년 6월 25일 09시,화요일,경기도 고양시 덕양구 화정동,중상사고,0,1,0,0,차대사람 - 횡단중,신호위반,포장 - 건조,맑음,교차로 - 교차로안,승용,여,59세,상해없음,보행자,남,47세,중상
14800,2019062500100210,2019년 6월 25일 10시,화요일,경기도 용인시 기흥구 중동,경상사고,0,0,1,0,차대사람 - 횡단중,보행자보호의무위반,포장 - 건조,맑음,단일로 - 기타,승용,남,44세,상해없음,보행자,남,38세,경상
14801,2019062500100248,2019년 6월 25일 11시,화요일,경기도 수원시 영통구 원천동,부상신고사고,0,0,0,1,차대사람 - 길가장자리구역통행중,안전운전불이행,포장 - 건조,맑음,단일로 - 기타,승합,남,39세,기타불명,보행자,남,62세,부상신고
14802,2019062500100249,2019년 6월 25일 11시,화요일,경기도 성남시 분당구 구미동,경상사고,0,0,1,0,차대사람 - 횡단중,보행자보호의무위반,포장 - 건조,맑음,교차로 - 교차로횡단보도내,승용,남,58세,상해없음,보행자,여,65세,경상
14803,2019062500100251,2019년 6월 25일 11시,화요일,경기도 부천시 오정동,경상사고,0,0,1,0,차대사람 - 횡단중,보행자보호의무위반,포장 - 건조,맑음,교차로 - 교차로횡단보도내,승합,남,57세,상해없음,보행자,남,45세,경상
14804,2019062500100330,2019년 6월 25일 13시,화요일,경기도 파주시 금촌동,경상사고,0,0,1,0,차대사람 - 기타,안전운전불이행,포장 - 건조,맑음,단일로 - 기타,승합,남,66세,상해없음,보행자,여,56세,경상
14805,2019062500100374,2019년 6월 25일 14시,화요일,경기도 고양시 덕양구 행신동,경상사고,0,0,1,0,차대사람 - 횡단중,신호위반,포장 - 건조,맑음,교차로 - 교차로횡단보도내,이륜,남,31세,상해없음,보행자,남,7세,경상
14806,2019062500100391,2019년 6월 25일 15시,화요일,경기도 화성시 진안동,경상사고,0,0,1,0,차대사람 - 횡단중,보행자보호의무위반,포장 - 건조,맑음,교차로 - 교차로횡단보도내,승용,여,48세,상해없음,보행자,여,11세,경상
14807,2019062500100416,2019년 6월 25일 15시,화요일,경기도 고양시 일산동구 백석동,경상사고,0,0,1,0,차대사람 - 횡단중,안전운전불이행,포장 - 건조,맑음,단일로 - 기타,승합,남,52세,상해없음,보행자,여,25세,경상
14808,2019062500100430,2019년 6월 25일 16시,화요일,경기도 성남시 수정구 태평동,중상사고,0,1,0,0,차대사람 - 기타,안전운전불이행,포장 - 건조,맑음,단일로 - 기타,화물,남,27세,상해없음,보행자,남,11세,중상
14809,2019062500100431,2019년 6월 25일 16시,화요일,경기도 평택시 서정동,중상사고,0,1,0,0,차대사람 - 차도통행중,안전운전불이행,포장 - 건조,맑음,교차로 - 교차로부근,승용,여,59세,상해없음,보행자,여,60세,중상
14810,2019062500100439,2019년 6월 25일 16시,화요일,경기도 하남시 덕풍동,부상신고사고,0,0,0,1,차대사람 - 기타,안전운전불이행,포장 - 건조,맑음,단일로 - 기타,승용,여,73세,상해없음,보행자,남,10세,부상신고
14811,2019062500100491,2019년 6월 25일 17시,화요일,경기도 군포시 산본동,경상사고,0,0,1,0,차대사람 - 횡단중,안전운전불이행,포장 - 건조,맑음,교차로 - 교차로횡단보도내,승용,남,57세,상해없음,보행자,남,12세,경상
14812,2019062500100496,2019년 6월 25일 17시,화요일,경기도 화성시 능동,경상사고,0,0,1,0,차대사람 - 횡단중,기타,포장 - 건조,맑음,단일로 - 기타,이륜,남,58세,상해없음,보행자,여,7세,경상
14813,2019062500100548,2019년 6월 25일 18시,화요일,경기도 용인시 처인구 역북동,중상사고,0,1,0,0,차대사람 - 횡단중,신호위반,포장 - 건조,맑음,교차로 - 교차로횡단보도내,승용,여,39세,상해없음,보행자,남,66세,중상
14814,2019062500100551,2019년 6월 25일 18시,화요일,경기도 안산시 단원구 목내동,경상사고,0,0,2,0,차대사람 - 횡단중,보행자보호의무위반,포장 - 건조,맑음,교차로 - 교차로횡단보도내,승용,남,21세,상해없음,보행자,여,30세,경상
14815,2019062500100597,2019년 6월 25일 18시,화요일,경기도 남양주시 화도읍,경상사고,0,0,1,0,차대사람 - 기타,안전운전불이행,포장 - 건조,맑음,단일로 - 기타,승용,여,44세,상해없음,보행자,남,3세,경상
14816,2019062500100608,2019년 6월 25일 19시,화요일,경기도 부천시 심곡동,경상사고,0,0,1,0,차대사람 - 차도통행중,안전운전불이행,포장 - 건조,맑음,단일로 - 기타,승용,여,58세,상해없음,보행자,남,23세,경상
14817,2019062500100613,2019년 6월 25일 19시,화요일,경기도 화성시 향남읍,경상사고,0,0,1,0,차대사람 - 기타,보행자보호의무위반,포장 - 건조,맑음,교차로 - 교차로안,승합,남,60세,상해없음,보행자,남,43세,경상
14818,2019062500100631,2019년 6월 25일 19시,화요일,경기도 포천시 소흘읍,경상사고,0,0,2,0,차대사람 - 횡단중,안전운전불이행,포장 - 건조,맑음,교차로 - 교차로안,승용,남,42세,상해없음,보행자,여,14세,경상
14819,2019062500100632,2019년 6월 25일 19시,화요일,경기도 포천시 소흘읍,경상사고,0,0,1,0,차대사람 - 횡단중,안전운전불이행,포장 - 건조,맑음,단일로 - 기타,승용,여,39세,상해없음,보행자,남,15세,경상
14820,2019062500100633,2019년 6월 25일 19시,화요일,경기도 고양시 일산서구 대화동,경상사고,0,0,1,0,차대사람 - 횡단중,안전운전불이행,포장 - 건조,맑음,단일로 - 기타,승용,남,49세,상해없음,보행자,남,72세,경상
14821,2019062500100648,2019년 6월 25일 20시,화요일,경기도 하남시 풍산동,부상신고사고,0,0,0,1,차대사람 - 횡단중,신호위반,포장 - 건조,맑음,교차로 - 교차로횡단보도내,이륜,남,17세,상해없음,보행자,남,10세,부상신고
14822,2019062500100665,2019년 6월 25일 20시,화요일,경기도 남양주시 다산동,경상사고,0,0,1,0,차대사람 - 횡단중,안전운전불이행,포장 - 건조,맑음,단일로 - 기타,이륜,남,37세,상해없음,보행자,남,66세,경상
14823,2019062500100697,2019년 6월 25일 21시,화요일,경기도 의정부시 의정부동,경상사고,0,0,1,0,차대사람 - 기타,안전운전불이행,포장 - 건조,맑음,단일로 - 기타,승합,남,53세,상해없음,보행자,남,59세,경상
14824,2019062500100711,2019년 6월 25일 22시,화요일,경기도 양평군 양평읍,경상사고,0,0,1,0,차대사람 - 기타,안전운전불이행,포장 - 건조,맑음,단일로 - 기타,승용,남,32세,상해없음,보행자,남,36세,경상
14825,2019062500100723,2019년 6월 25일 23시,화요일,경기도 평택시 서정동,경상사고,0,0,1,0,차대사람 - 길가장자리구역통행중,안전운전불이행,포장 - 건조,맑음,단일로 - 기타,승용,남,41세,상해없음,보행자,남,23세,경상
14826,2019062600100026,2019년 6월 26일 00시,수요일,경기도 성남시 수정구 태평동,경상사고,0,0,1,0,차대사람 - 횡단중,안전운전불이행,포장 - 건조,맑음,단일로 - 기타,승용,남,51세,상해없음,보행자,남,26세,경상
14827,2019062600100035,2019년 6월 26일 00시,수요일,경기도 가평군 북면,중상사고,0,2,2,0,차대사람 - 기타,안전운전불이행,포장 - 건조,맑음,단일로 - 기타,승용,여,22세,상해없음,보행자,여,7세,경상
14828,2019062600100046,2019년 6월 26일 01시,수요일,경기도 구리시 교문동,경상사고,0,0,1,0,차대사람 - 차도통행중,안전운전불이행,포장 - 건조,맑음,단일로 - 기타,승용,여,44세,상해없음,보행자,여,55세,경상
14829,2019062600100078,2019년 6월 26일 07시,수요일,경기도 광주시 쌍령동,경상사고,0,0,1,0,차대사람 - 차도통행중,안전운전불이행,포장 - 건조,맑음,기타 - 기타,승용,남,69세,상해없음,보행자,여,43세,경상
14830,2019062600100081,2019년 6월 26일 07시,수요일,경기도 안산시 단원구 원시동,중상사고,0,1,0,0,차대사람 - 기타,안전운전불이행,포장 - 건조,맑음,교차로 - 교차로안,승용,여,23세,상해없음,보행자,여,62세,중상
14831,2019062600100108,2019년 6월 26일 08시,수요일,경기도 화성시 봉담읍,경상사고,0,0,1,0,차대사람 - 횡단중,안전운전불이행,포장 - 건조,맑음,교차로 - 교차로부근,기타불명,기타불명,미분류,기타불명,보행자,여,16세,경상
14832,2019062600100143,2019년 6월 26일 08시,수요일,경기도 동두천시 생연동,중상사고,0,1,0,0,차대사람 - 차도통행중,안전운전불이행,포장 - 건조,맑음,교차로 - 교차로안,자전거,남,14세,상해없음,보행자,여,49세,중상
14833,2019062600100154,2019년 6월 26일 09시,수요일,경기도 광명시 하안동,경상사고,0,0,1,0,차대사람 - 횡단중,안전운전불이행,포장 - 건조,맑음,교차로 - 교차로횡단보도내,승용,여,61세,상해없음,보행자,여,77세,경상
14834,2019062600100155,2019년 6월 26일 09시,수요일,경기도 안산시 단원구 고잔동,중상사고,0,1,0,0,차대사람 - 기타,안전운전불이행,포장 - 건조,맑음,교차로 - 교차로부근,승용,남,53세,상해없음,보행자,남,35세,중상
14835,2019062600100193,2019년 6월 26일 10시,수요일,경기도 안산시 단원구 고잔동,중상사고,0,1,0,0,차대사람 - 기타,보행자보호의무위반,포장 - 건조,맑음,교차로 - 교차로안,화물,여,70세,상해없음,보행자,남,79세,중상
14836,2019062600100226,2019년 6월 26일 11시,수요일,경기도 안산시 단원구 선부동,중상사고,0,1,0,0,차대사람 - 횡단중,안전운전불이행,포장 - 건조,맑음,단일로 - 기타,승용,남,31세,상해없음,보행자,여,46세,중상
14837,2019062600100228,2019년 6월 26일 11시,수요일,경기도 성남시 중원구 상대원동,경상사고,0,0,1,0,차대사람 - 기타,안전운전불이행,포장 - 건조,맑음,기타 - 기타,화물,남,44세,상해없음,보행자,남,82세,경상