,사고번호,사고일시,요일,시군구,사고내용,사망자수,중상자수,경상자수,부상신고자수,사고유형,법규위반,노면상태,기상상태,도로형태,가해운전자 차종,가해운전자 성별,가해운전자 연령,가해운전자 상해정도,피해운전자 차종,피해운전자 성별,피해운전자 연령,피해운전자 상해정도
14838,2019062600100230,2019년 6월 26일 11시,수요일,경기도 화성시 봉담읍,경상사고,0,0,1,0,차대사람 - 횡단중,안전운전불이행,포장 - 건조,맑음,교차로 - 교차로횡단보도내,승용,남,68세,상해없음,보행자,여,81세,경상
14839,2019062600100257,2019년 6월 26일 11시,수요일,경기도 고양시 일산동구 장항동,부상신고사고,0,0,0,1,차대사람 - 기타,안전운전불이행,포장 - 건조,맑음,단일로 - 기타,화물,남,41세,상해없음,보행자,남,26세,부상신고
14840,2019062600100267,2019년 6월 26일 12시,수요일,경기도 수원시 팔달구 북수동,경상사고,0,0,1,0,차대사람 - 기타,안전운전불이행,포장 - 건조,맑음,교차로 - 교차로안,승용,남,65세,상해없음,보행자,남,57세,경상
14841,2019062600100308,2019년 6월 26일 13시,수요일,경기도 하남시 신장동,경상사고,0,0,1,0,차대사람 - 기타,안전운전불이행,포장 - 건조,맑음,교차로 - 교차로안,승용,남,79세,상해없음,보행자,남,66세,경상
14842,2019062600100426,2019년 6월 26일 16시,수요일,경기도 안양시 만안구 안양동,중상사고,0,1,0,0,차대사람 - 보도통행중,보행자보호의무위반,포장 - 건조,맑음,교차로 - 교차로횡단보도내,승용,여,54세,상해없음,보행자,여,61세,중상
14843,2019062600100460,2019년 6월 26일 16시,수요일,경기도 고양시 일산동구 중산동,부상신고사고,0,0,0,1,차대사람 - 기타,안전운전불이행,포장 - 건조,맑음,교차로 - 교차로안,화물,남,29세,상해없음,보행자,남,56세,부상신고
14844,2019062600100476,2019년 6월 26일 17시,수요일,경기도 성남시 수정구 창곡동,경상사고,0,0,1,0,차대사람 - 횡단중,보행자보호의무위반,포장 - 건조,맑음,단일로 - 기타,승용,남,65세,상해없음,보행자,남,6세,경상
14845,2019062600100506,2019년 6월 26일 17시,수요일,경기도 고양시 일산동구 풍동,중상사고,0,1,0,0,차대사람 - 횡단중,신호위반,포장 - 건조,맑음,교차로 - 교차로횡단보도내,이륜,남,19세,상해없음,보행자,여,86세,중상
14846,2019062600100508,2019년 6월 26일 17시,수요일,경기도 구리시 수택동,경상사고,0,0,1,0,차대사람 - 기타,안전운전불이행,포장 - 건조,맑음,단일로 - 기타,화물,남,59세,상해없음,보행자,남,9세,경상
14847,2019062600100525,2019년 6월 26일 18시,수요일,경기도 수원시 권선구 평리동,중상사고,0,1,0,0,차대사람 - 기타,기타,포장 - 건조,맑음,단일로 - 기타,승합,남,74세,상해없음,보행자,남,90세 이상,중상
14848,2019062600100527,2019년 6월 26일 18시,수요일,경기도 화성시 청계동,중상사고,0,1,0,0,차대사람 - 보도통행중,안전운전불이행,포장 - 건조,맑음,단일로 - 기타,자전거,남,72세,상해없음,보행자,남,63세,중상
14849,2019062600100575,2019년 6월 26일 19시,수요일,경기도 광주시 삼동,경상사고,0,0,1,0,차대사람 - 길가장자리구역통행중,중앙선침범,포장 - 건조,맑음,단일로 - 기타,승용,여,53세,상해없음,보행자,남,40세,경상
14850,2019062600100577,2019년 6월 26일 19시,수요일,경기도 김포시 고촌읍,경상사고,0,0,1,0,차대사람 - 길가장자리구역통행중,안전운전불이행,포장 - 건조,맑음,교차로 - 교차로부근,승용,남,54세,상해없음,보행자,남,70세,경상
14851,2019062600100579,2019년 6월 26일 19시,수요일,경기도 부천시 상동,중상사고,0,1,0,0,차대사람 - 횡단중,안전운전불이행,포장 - 건조,맑음,단일로 - 기타,승용,여,44세,상해없음,보행자,여,47세,중상
14852,2019062600100617,2019년 6월 26일 20시,수요일,경기도 화성시 향남읍,경상사고,0,0,1,0,차대사람 - 기타,안전운전불이행,포장 - 건조,맑음,교차로 - 교차로부근,승용,여,46세,상해없음,보행자,여,30세,경상
14853,2019062600100648,2019년 6월 26일 21시,수요일,경기도 성남시 중원구 상대원동,부상신고사고,0,0,0,1,차대사람 - 기타,안전운전불이행,포장 - 건조,맑음,단일로 - 기타,승용,남,54세,상해없음,보행자,남,21세,부상신고
14854,2019062600100668,2019년 6월 26일 21시,수요일,경기도 고양시 일산서구 탄현동,경상사고,0,0,1,0,차대사람 - 횡단중,보행자보호의무위반,포장 - 건조,맑음,단일로 - 기타,승용,여,60세,상해없음,보행자,여,17세,경상
14855,2019062600100679,2019년 6월 26일 22시,수요일,경기도 수원시 장안구 영화동,부상신고사고,0,0,0,1,차대사람 - 기타,안전운전불이행,포장 - 건조,맑음,단일로 - 기타,승용,남,59세,상해없음,보행자,남,49세,부상신고
14856,2019062600100682,2019년 6월 26일 22시,수요일,경기도 용인시 수지구 풍덕천동,중상사고,0,2,0,0,차대사람 - 횡단중,신호위반,포장 - 젖음/습기,비,교차로 - 교차로안,승용,남,36세,상해없음,보행자,남,55세,중상
14857,2019062700100027,2019년 6월 27일 00시,목요일,경기도 화성시 진안동,경상사고,0,0,1,0,차대사람 - 보도통행중,보행자보호의무위반,포장 - 젖음/습기,비,단일로 - 기타,승용,남,41세,상해없음,보행자,여,42세,경상
14858,2019062700100082,2019년 6월 27일 06시,목요일,경기도 의정부시 의정부동,중상사고,0,1,0,0,차대사람 - 횡단중,신호위반,포장 - 젖음/습기,비,단일로 - 기타,승용,남,41세,상해없음,보행자,남,72세,중상
14859,2019062700100129,2019년 6월 27일 08시,목요일,경기도 광주시 초월읍,중상사고,0,1,0,0,차대사람 - 횡단중,보행자보호의무위반,포장 - 건조,맑음,교차로 - 교차로횡단보도내,승용,여,26세,상해없음,보행자,남,70세,중상
14860,2019062700100130,2019년 6월 27일 08시,목요일,경기도 용인시 기흥구 영덕동,경상사고,0,0,1,0,차대사람 - 차도통행중,안전운전불이행,포장 - 건조,맑음,단일로 - 기타,승용,남,34세,상해없음,보행자,남,11세,경상
14861,2019062700100134,2019년 6월 27일 08시,목요일,경기도 하남시 덕풍동,중상사고,0,1,0,0,차대사람 - 기타,안전운전불이행,포장 - 건조,맑음,교차로 - 교차로부근,승합,남,56세,상해없음,보행자,여,75세,중상
14862,2019062700100177,2019년 6월 27일 09시,목요일,경기도 수원시 장안구 조원동,경상사고,0,0,1,0,차대사람 - 기타,불법유턴,포장 - 건조,맑음,교차로 - 교차로안,승용,여,42세,상해없음,보행자,남,57세,경상
14863,2019062700100184,2019년 6월 27일 09시,목요일,경기도 의왕시 학의동,중상사고,0,1,0,0,차대사람 - 횡단중,안전운전불이행,포장 - 건조,맑음,교차로 - 교차로횡단보도내,승용,남,59세,상해없음,보행자,남,81세,중상
14864,2019062700100268,2019년 6월 27일 12시,목요일,경기도 하남시 감북동,경상사고,0,0,1,0,차대사람 - 길가장자리구역통행중,안전운전불이행,포장 - 건조,맑음,단일로 - 기타,화물,여,35세,상해없음,보행자,여,60세,경상
14865,2019062700100333,2019년 6월 27일 14시,목요일,경기도 용인시 처인구 운학동,중상사고,0,1,0,0,차대사람 - 횡단중,안전운전불이행,포장 - 건조,맑음,교차로 - 교차로안,승용,남,51세,상해없음,보행자,여,77세,중상
14866,2019062700100339,2019년 6월 27일 14시,목요일,경기도 의왕시 내손동,경상사고,0,0,1,0,차대사람 - 기타,불법유턴,포장 - 건조,맑음,기타 - 기타,화물,남,38세,상해없음,보행자,남,21세,경상
14867,2019062700100380,2019년 6월 27일 15시,목요일,경기도 시흥시 정왕동,경상사고,0,0,1,0,차대사람 - 보도통행중,안전운전불이행,포장 - 건조,맑음,단일로 - 기타,기타불명,기타불명,미분류,기타불명,보행자,남,7세,경상
14868,2019062700100416,2019년 6월 27일 16시,목요일,경기도 양평군 양평읍,경상사고,0,0,1,0,차대사람 - 기타,안전운전불이행,포장 - 건조,맑음,단일로 - 기타,승용,여,56세,상해없음,보행자,여,54세,경상
14869,2019062700100417,2019년 6월 27일 16시,목요일,경기도 부천시 중동,경상사고,0,0,1,0,차대사람 - 보도통행중,기타,포장 - 건조,맑음,단일로 - 기타,승용,여,62세,상해없음,보행자,여,79세,경상
14870,2019062700100420,2019년 6월 27일 16시,목요일,경기도 용인시 기흥구 마북동,경상사고,0,0,1,0,차대사람 - 횡단중,보행자보호의무위반,포장 - 건조,맑음,단일로 - 기타,승합,남,57세,상해없음,보행자,남,19세,경상
14871,2019062700100449,2019년 6월 27일 16시,목요일,경기도 남양주시 와부읍,경상사고,0,0,1,0,차대사람 - 횡단중,보행자보호의무위반,포장 - 건조,맑음,교차로 - 교차로안,승합,남,48세,상해없음,보행자,여,64세,경상
14872,2019062700100465,2019년 6월 27일 17시,목요일,경기도 안산시 단원구 고잔동,부상신고사고,0,0,0,1,차대사람 - 기타,안전운전불이행,포장 - 건조,맑음,단일로 - 기타,승용,남,35세,상해없음,보행자,남,26세,부상신고
14873,2019062700100469,2019년 6월 27일 17시,목요일,경기도 수원시 권선구 금곡동,경상사고,0,0,1,0,차대사람 - 기타,안전운전불이행,포장 - 건조,맑음,단일로 - 기타,승용,여,25세,상해없음,보행자,여,26세,경상
14874,2019062700100501,2019년 6월 27일 18시,목요일,경기도 용인시 처인구 역북동,부상신고사고,0,0,0,1,차대사람 - 횡단중,보행자보호의무위반,포장 - 건조,맑음,교차로 - 교차로횡단보도내,승용,여,48세,상해없음,보행자,남,8세,부상신고
14875,2019062700100505,2019년 6월 27일 18시,목요일,경기도 시흥시 매화동,중상사고,0,1,0,0,차대사람 - 기타,안전운전불이행,포장 - 건조,맑음,단일로 - 기타,승용,남,34세,상해없음,보행자,여,69세,중상
14876,2019062700100508,2019년 6월 27일 18시,목요일,경기도 수원시 권선구 입북동,경상사고,0,0,1,0,차대사람 - 차도통행중,안전운전불이행,포장 - 건조,맑음,교차로 - 교차로안,이륜,남,21세,상해없음,보행자,여,47세,경상
14877,2019062700100510,2019년 6월 27일 18시,목요일,경기도 안양시 만안구 안양동,중상사고,0,1,0,0,차대사람 - 기타,기타,포장 - 건조,맑음,단일로 - 기타,승합,남,55세,상해없음,보행자,남,61세,중상
14878,2019062700100550,2019년 6월 27일 19시,목요일,경기도 시흥시 정왕동,경상사고,0,0,1,0,차대사람 - 기타,신호위반,포장 - 건조,맑음,단일로 - 기타,승용,남,33세,상해없음,보행자,남,13세,경상
14879,2019062700100561,2019년 6월 27일 19시,목요일,경기도 고양시 일산동구 식사동,경상사고,0,0,1,0,차대사람 - 횡단중,안전운전불이행,포장 - 건조,흐림,교차로 - 교차로부근,승용,여,40세,상해없음,보행자,여,8세,경상
14880,2019062700100569,2019년 6월 27일 20시,목요일,경기도 안성시 대덕면,중상사고,0,1,0,0,차대사람 - 길가장자리구역통행중,안전운전불이행,포장 - 건조,맑음,교차로 - 교차로안,화물,남,52세,상해없음,보행자,남,25세,중상
14881,2019062700100585,2019년 6월 27일 20시,목요일,경기도 파주시 목동동,사망사고,1,0,0,0,차대사람 - 횡단중,신호위반,포장 - 건조,맑음,교차로 - 교차로횡단보도내,원동기,남,23세,상해없음,보행자,여,48세,사망
14882,2019062700100597,2019년 6월 27일 21시,목요일,경기도 화성시 향남읍,중상사고,0,1,0,0,차대사람 - 기타,안전운전불이행,포장 - 건조,맑음,기타 - 기타,승용,남,27세,상해없음,보행자,남,57세,중상
14883,2019062700100634,2019년 6월 27일 22시,목요일,경기도 시흥시 정왕동,중상사고,0,2,0,0,차대사람 - 기타,안전운전불이행,포장 - 건조,맑음,단일로 - 기타,개인형이동수단(PM),남,31세,중상,보행자,남,41세,중상
14884,2019062700100636,2019년 6월 27일 22시,목요일,경기도 화성시 향남읍,중상사고,0,2,0,0,차대사람 - 차도통행중,교차로운행방법위반,포장 - 건조,맑음,교차로 - 교차로안,이륜,남,19세,상해없음,보행자,여,53세,중상
14885,2019062700100645,2019년 6월 27일 22시,목요일,경기도 고양시 일산동구 마두동,경상사고,0,0,1,0,차대사람 - 횡단중,보행자보호의무위반,포장 - 건조,맑음,교차로 - 교차로안,승용,남,27세,상해없음,보행자,남,26세,경상
14886,2019062700100646,2019년 6월 27일 22시,목요일,경기도 고양시 일산서구 대화동,경상사고,0,0,1,0,차대사람 - 횡단중,신호위반,포장 - 건조,맑음,교차로 - 교차로안,승용,여,47세,상해없음,보행자,남,46세,경상
14887,2019062800100028,2019년 6월 28일 00시,금요일,경기도 이천시 중리동,중상사고,0,1,0,0,차대사람 - 기타,안전운전불이행,포장 - 건조,맑음,교차로 - 교차로안,승용,여,53세,상해없음,보행자,여,47세,중상
14888,2019062800100040,2019년 6월 28일 01시,금요일,경기도 김포시 구래동,중상사고,0,1,0,0,차대사람 - 기타,안전운전불이행,포장 - 건조,맑음,교차로 - 교차로횡단보도내,승용,남,48세,상해없음,보행자,남,57세,중상
14889,2019062800100098,2019년 6월 28일 07시,금요일,경기도 부천시 중동,중상사고,0,1,0,0,차대사람 - 횡단중,신호위반,포장 - 건조,맑음,교차로 - 교차로횡단보도내,화물,남,63세,상해없음,보행자,여,64세,중상
14890,2019062800100196,2019년 6월 28일 10시,금요일,경기도 광주시 탄벌동,중상사고,0,1,0,0,차대사람 - 기타,안전운전불이행,포장 - 건조,맑음,교차로 - 교차로안,승합,남,57세,상해없음,보행자,여,74세,중상
14891,2019062800100275,2019년 6월 28일 12시,금요일,경기도 수원시 장안구 파장동,경상사고,0,0,1,0,차대사람 - 횡단중,기타,포장 - 건조,맑음,단일로 - 기타,승용,남,26세,상해없음,보행자,여,52세,경상
14892,2019062800100281,2019년 6월 28일 12시,금요일,경기도 화성시 남양읍,경상사고,0,0,1,0,차대사람 - 기타,안전운전불이행,포장 - 건조,맑음,단일로 - 기타,승합,남,29세,상해없음,보행자,남,31세,경상
14893,2019062800100312,2019년 6월 28일 13시,금요일,경기도 용인시 기흥구 신갈동,경상사고,0,0,1,0,차대사람 - 횡단중,안전운전불이행,포장 - 건조,맑음,단일로 - 기타,이륜,남,23세,상해없음,보행자,여,7세,경상
14894,2019062800100340,2019년 6월 28일 14시,금요일,경기도 광주시 역동,경상사고,0,0,1,0,차대사람 - 횡단중,안전운전불이행,포장 - 건조,맑음,교차로 - 교차로안,승합,남,21세,상해없음,보행자,여,52세,경상
14895,2019062800100367,2019년 6월 28일 14시,금요일,경기도 구리시 인창동,경상사고,0,0,1,0,차대사람 - 차도통행중,안전운전불이행,포장 - 젖음/습기,맑음,교차로 - 교차로안,승용,남,45세,상해없음,보행자,여,28세,경상
14896,2019062800100383,2019년 6월 28일 15시,금요일,경기도 용인시 처인구 모현읍,경상사고,0,0,1,0,차대사람 - 기타,안전운전불이행,포장 - 건조,맑음,교차로 - 교차로부근,화물,남,61세,상해없음,보행자,남,37세,경상
14897,2019062800100425,2019년 6월 28일 16시,금요일,경기도 고양시 덕양구 지축동,중상사고,0,1,0,0,차대사람 - 횡단중,중앙선침범,포장 - 건조,맑음,단일로 - 기타,화물,남,33세,상해없음,보행자,남,84세,중상
14898,2019062800100434,2019년 6월 28일 16시,금요일,경기도 부천시 삼정동,경상사고,0,0,1,0,차대사람 - 횡단중,안전운전불이행,포장 - 건조,맑음,기타 - 기타,기타불명,기타불명,미분류,기타불명,보행자,남,39세,경상
14899,2019062800100479,2019년 6월 28일 17시,금요일,경기도 용인시 처인구 김량장동,중상사고,0,1,0,0,차대사람 - 보도통행중,보행자보호의무위반,포장 - 건조,맑음,교차로 - 교차로횡단보도내,승용,여,49세,상해없음,보행자,여,76세,중상
14900,2019062800100480,2019년 6월 28일 17시,금요일,경기도 용인시 기흥구 신갈동,경상사고,0,0,1,0,차대사람 - 기타,안전운전불이행,포장 - 건조,맑음,단일로 - 기타,이륜,남,38세,상해없음,보행자,남,4세,경상
14901,2019062800100483,2019년 6월 28일 17시,금요일,경기도 수원시 팔달구 인계동,경상사고,0,0,1,0,차대사람 - 보도통행중,기타,포장 - 건조,맑음,기타 - 기타,이륜,남,50세,상해없음,보행자,남,30세,경상
14902,2019062800100485,2019년 6월 28일 17시,금요일,경기도 화성시 오산동,중상사고,0,1,0,0,차대사람 - 횡단중,신호위반,포장 - 건조,맑음,교차로 - 교차로안,건설기계,남,55세,상해없음,보행자,여,21세,중상
14903,2019062800100517,2019년 6월 28일 18시,금요일,경기도 김포시 운양동,중상사고,0,1,0,0,차대사람 - 기타,신호위반,포장 - 건조,맑음,교차로 - 교차로안,이륜,남,49세,상해없음,보행자,남,57세,중상
14904,2019062800100524,2019년 6월 28일 18시,금요일,경기도 화성시 진안동,경상사고,0,0,1,0,차대사람 - 기타,안전운전불이행,포장 - 건조,맑음,단일로 - 기타,승용,남,26세,상해없음,보행자,남,69세,경상
14905,2019062800100549,2019년 6월 28일 18시,금요일,경기도 고양시 덕양구 향동동,경상사고,0,0,1,0,차대사람 - 횡단중,안전운전불이행,포장 - 건조,맑음,교차로 - 교차로안,승용,남,49세,상해없음,보행자,여,59세,경상
14906,2019062800100550,2019년 6월 28일 18시,금요일,경기도 고양시 덕양구 행신동,중상사고,0,1,0,0,차대사람 - 횡단중,신호위반,포장 - 건조,맑음,단일로 - 기타,승용,여,45세,상해없음,보행자,남,22세,중상
14907,2019062800100602,2019년 6월 28일 20시,금요일,경기도 안산시 단원구 선부동,중상사고,0,1,0,0,차대사람 - 횡단중,신호위반,포장 - 건조,맑음,교차로 - 교차로안,이륜,남,49세,상해없음,보행자,남,52세,중상
14908,2019062800100605,2019년 6월 28일 20시,금요일,경기도 시흥시 대야동,부상신고사고,0,0,0,1,차대사람 - 길가장자리구역통행중,안전운전불이행,포장 - 건조,맑음,단일로 - 기타,승합,남,44세,상해없음,보행자,남,57세,부상신고
14909,2019062800100606,2019년 6월 28일 20시,금요일,경기도 시흥시 신천동,경상사고,0,0,1,0,차대사람 - 기타,안전운전불이행,포장 - 건조,맑음,단일로 - 기타,승용,남,28세,상해없음,보행자,남,67세,경상
14910,2019062800100627,2019년 6월 28일 20시,금요일,경기도 고양시 일산서구 일산동,경상사고,0,0,1,0,차대사람 - 횡단중,안전운전불이행,포장 - 건조,맑음,단일로 - 기타,승용,남,31세,상해없음,보행자,여,41세,경상
14911,2019062800100685,2019년 6월 28일 22시,금요일,경기도 시흥시 미산동,경상사고,0,0,1,0,차대사람 - 기타,안전운전불이행,포장 - 건조,흐림,교차로 - 교차로부근,승용,남,74세,상해없음,보행자,남,54세,경상
14912,2019062800100687,2019년 6월 28일 22시,금요일,경기도 화성시 영천동,중상사고,0,1,0,0,차대사람 - 횡단중,보행자보호의무위반,포장 - 건조,맑음,단일로 - 기타,승용,남,45세,상해없음,보행자,남,48세,중상
14913,2019062800100708,2019년 6월 28일 23시,금요일,경기도 성남시 분당구 야탑동,경상사고,0,0,3,0,차대사람 - 기타,안전운전불이행,포장 - 건조,맑음,교차로 - 교차로부근,승용,여,53세,상해없음,보행자,남,52세,경상
14914,2019062900100034,2019년 6월 29일 00시,토요일,경기도 성남시 중원구 금광동,경상사고,0,0,1,0,차대사람 - 기타,안전운전불이행,포장 - 건조,맑음,단일로 - 기타,승용,남,41세,기타불명,보행자,남,60세,경상
14915,2019062900100056,2019년 6월 29일 01시,토요일,경기도 수원시 팔달구 인계동,경상사고,0,0,1,0,차대사람 - 기타,안전운전불이행,포장 - 젖음/습기,비,단일로 - 기타,승용,남,39세,기타불명,보행자,여,31세,경상
14916,2019062900100083,2019년 6월 29일 02시,토요일,경기도 의정부시 민락동,사망사고,1,0,0,0,차대사람 - 횡단중,과속,포장 - 젖음/습기,비,단일로 - 기타,승용,남,61세,상해없음,보행자,남,28세,사망
14917,2019062900100101,2019년 6월 29일 04시,토요일,경기도 성남시 중원구 성남동,부상신고사고,0,0,0,1,차대사람 - 기타,안전운전불이행,포장 - 젖음/습기,비,단일로 - 기타,승용,남,71세,상해없음,보행자,남,64세,부상신고
14918,2019062900100125,2019년 6월 29일 06시,토요일,경기도 김포시 장기동,중상사고,0,1,0,0,차대사람 - 기타,기타,포장 - 건조,맑음,단일로 - 기타,승합,남,53세,상해없음,보행자,여,18세,중상
14919,2019062900100172,2019년 6월 29일 09시,토요일,경기도 군포시 당동,경상사고,0,0,1,0,차대사람 - 횡단중,안전운전불이행,포장 - 건조,맑음,단일로 - 기타,승용,남,67세,상해없음,보행자,남,55세,경상
14920,2019062900100187,2019년 6월 29일 09시,토요일,경기도 가평군 북면,중상사고,0,1,0,0,차대사람 - 기타,안전운전불이행,포장 - 건조,맑음,기타 - 기타,승용,여,62세,상해없음,보행자,여,63세,중상
14921,2019062900100198,2019년 6월 29일 10시,토요일,경기도 시흥시 정왕동,중상사고,0,1,0,0,차대사람 - 횡단중,보행자보호의무위반,포장 - 건조,맑음,교차로 - 교차로횡단보도내,승용,여,36세,상해없음,보행자,여,84세,중상
14922,2019062900100213,2019년 6월 29일 10시,토요일,경기도 동두천시 생연동,경상사고,0,0,1,1,차대사람 - 기타,안전운전불이행,포장 - 건조,맑음,단일로 - 기타,자전거,남,55세,부상신고,보행자,여,61세,경상
14923,2019062900100240,2019년 6월 29일 11시,토요일,경기도 고양시 일산동구 장항동,경상사고,0,0,1,0,차대사람 - 횡단중,보행자보호의무위반,포장 - 건조,맑음,교차로 - 교차로안,승용,남,44세,상해없음,보행자,남,62세,경상
14924,2019062900100280,2019년 6월 29일 12시,토요일,경기도 파주시 문산읍,경상사고,0,0,1,0,차대사람 - 기타,보행자보호의무위반,포장 - 건조,맑음,단일로 - 기타,승용,남,71세,상해없음,보행자,여,46세,경상
14925,2019062900100330,2019년 6월 29일 14시,토요일,경기도 용인시 기흥구 공세동,중상사고,0,1,0,0,차대사람 - 기타,안전운전불이행,포장 - 젖음/습기,비,단일로 - 기타,원동기,남,33세,상해없음,보행자,여,77세,중상
14926,2019062900100334,2019년 6월 29일 14시,토요일,경기도 시흥시 월곶동,경상사고,0,0,1,0,차대사람 - 기타,안전운전불이행,포장 - 건조,맑음,주차장 - 주차장,화물,남,63세,상해없음,보행자,남,55세,경상
14927,2019062900100379,2019년 6월 29일 15시,토요일,경기도 평택시 서정동,경상사고,0,0,1,0,차대사람 - 횡단중,보행자보호의무위반,포장 - 건조,맑음,교차로 - 교차로안,화물,남,47세,상해없음,보행자,여,73세,경상
14928,2019062900100411,2019년 6월 29일 16시,토요일,경기도 광명시 광명동,경상사고,0,0,1,0,차대사람 - 횡단중,보행자보호의무위반,포장 - 건조,맑음,교차로 - 교차로횡단보도내,화물,남,42세,상해없음,보행자,남,38세,경상
14929,2019062900100457,2019년 6월 29일 17시,토요일,경기도 성남시 수정구 수진동,경상사고,0,0,1,0,차대사람 - 차도통행중,안전운전불이행,포장 - 건조,맑음,단일로 - 기타,승용,남,65세,상해없음,보행자,남,57세,경상
14930,2019062900100503,2019년 6월 29일 18시,토요일,경기도 김포시 운양동,경상사고,0,0,1,0,차대사람 - 기타,안전운전불이행,포장 - 건조,맑음,단일로 - 기타,자전거,여,67세,경상,보행자,여,45세,상해없음
14931,2019062900100504,2019년 6월 29일 18시,토요일,경기도 안산시 단원구 신길동,중상사고,0,1,0,0,차대사람 - 횡단중,보행자보호의무위반,포장 - 건조,맑음,교차로 - 교차로부근,승용,남,53세,상해없음,보행자,여,39세,중상
14932,2019062900100533,2019년 6월 29일 19시,토요일,경기도 평택시 서정동,중상사고,0,1,0,0,차대사람 - 횡단중,기타,포장 - 건조,맑음,단일로 - 기타,승용,남,25세,상해없음,보행자,남,7세,중상
14933,2019062900100558,2019년 6월 29일 20시,토요일,경기도 용인시 기흥구 구갈동,중상사고,0,1,0,0,차대사람 - 횡단중,안전운전불이행,포장 - 건조,맑음,단일로 - 기타,승용,남,56세,상해없음,보행자,여,68세,중상
14934,2019062900100559,2019년 6월 29일 20시,토요일,경기도 시흥시 신천동,부상신고사고,0,0,0,1,차대사람 - 횡단중,보행자보호의무위반,포장 - 건조,맑음,단일로 - 기타,승용,남,60세,상해없음,보행자,남,5세,부상신고
14935,2019062900100560,2019년 6월 29일 20시,토요일,경기도 화성시 팔탄면,중상사고,0,1,0,0,차대사람 - 기타,안전운전불이행,포장 - 건조,맑음,단일로 - 기타,승용,남,25세,상해없음,보행자,남,46세,중상
14936,2019062900100577,2019년 6월 29일 20시,토요일,경기도 파주시 금릉동,경상사고,0,0,1,0,차대사람 - 기타,안전거리미확보,포장 - 건조,맑음,단일로 - 기타,자전거,남,16세,상해없음,보행자,여,46세,경상
14937,2019062900100586,2019년 6월 29일 21시,토요일,경기도 김포시 운양동,경상사고,0,0,1,0,차대사람 - 횡단중,과속,포장 - 건조,맑음,단일로 - 기타,이륜,남,19세,상해없음,보행자,여,24세,경상
14938,2019062900100618,2019년 6월 29일 22시,토요일,경기도 하남시 망월동,부상신고사고,0,0,0,1,차대사람 - 기타,안전운전불이행,포장 - 건조,맑음,단일로 - 기타,기타불명,기타불명,미분류,기타불명,보행자,여,40세,부상신고
14939,2019062900100619,2019년 6월 29일 22시,토요일,경기도 안양시 만안구 안양동,경상사고,0,0,1,0,차대사람 - 기타,안전운전불이행,포장 - 건조,맑음,교차로 - 교차로안,승용,남,31세,상해없음,보행자,남,51세,경상
14940,2019062900100656,2019년 6월 29일 23시,토요일,경기도 파주시 야동동,경상사고,0,0,1,0,차대사람 - 횡단중,안전운전불이행,포장 - 건조,맑음,단일로 - 기타,승용,여,61세,상해없음,보행자,남,29세,경상
14941,2019063000100040,2019년 6월 30일 01시,일요일,경기도 안산시 상록구 사사동,중상사고,0,1,0,0,차대사람 - 횡단중,과속,포장 - 건조,맑음,단일로 - 기타,이륜,남,26세,상해없음,보행자,남,40세,중상
14942,2019063000100041,2019년 6월 30일 01시,일요일,경기도 안양시 만안구 석수동,중상사고,0,1,0,0,차대사람 - 횡단중,안전운전불이행,포장 - 건조,맑음,단일로 - 기타,승용,남,58세,상해없음,보행자,여,76세,중상
14943,2019063000100106,2019년 6월 30일 08시,일요일,경기도 안양시 동안구 관양동,경상사고,0,0,1,0,차대사람 - 차도통행중,안전운전불이행,포장 - 건조,맑음,단일로 - 기타,승용,남,40세,상해없음,보행자,여,21세,경상
14944,2019063000100134,2019년 6월 30일 10시,일요일,경기도 부천시 심곡본동,경상사고,0,0,1,0,차대사람 - 기타,안전운전불이행,포장 - 건조,맑음,교차로 - 교차로부근,승용,여,46세,상해없음,보행자,남,24세,경상
14945,2019063000100135,2019년 6월 30일 10시,일요일,경기도 오산시 부산동,중상사고,0,1,0,0,차대사람 - 횡단중,보행자보호의무위반,포장 - 건조,맑음,교차로 - 교차로안,승합,남,62세,상해없음,보행자,남,83세,중상
14946,2019063000100184,2019년 6월 30일 12시,일요일,경기도 안산시 단원구 고잔동,경상사고,0,0,1,0,차대사람 - 기타,안전운전불이행,포장 - 건조,맑음,단일로 - 기타,승합,남,53세,상해없음,보행자,여,77세,경상
14947,2019063000100282,2019년 6월 30일 15시,일요일,경기도 구리시 수택동,경상사고,0,0,1,0,차대사람 - 횡단중,안전운전불이행,포장 - 건조,맑음,교차로 - 교차로부근,승용,남,46세,상해없음,보행자,남,62세,경상
14948,2019063000100352,2019년 6월 30일 18시,일요일,경기도 부천시 괴안동,중상사고,0,1,0,0,차대사람 - 횡단중,안전운전불이행,포장 - 건조,맑음,교차로 - 교차로안,승용,남,41세,상해없음,보행자,남,33세,중상
14949,2019063000100390,2019년 6월 30일 20시,일요일,경기도 용인시 처인구 역북동,경상사고,0,0,1,0,차대사람 - 횡단중,안전운전불이행,포장 - 건조,맑음,단일로 - 기타,승용,여,59세,상해없음,보행자,여,21세,경상
14950,2019063000100392,2019년 6월 30일 20시,일요일,경기도 광명시 하안동,중상사고,0,1,0,0,차대사람 - 횡단중,안전운전불이행,포장 - 젖음/습기,비,교차로 - 교차로안,승용,남,51세,상해없음,보행자,여,65세,중상