,사고번호,사고일시,요일,시군구,사고내용,사망자수,중상자수,경상자수,부상신고자수,사고유형,법규위반,노면상태,기상상태,도로형태,가해운전자 차종,가해운전자 성별,가해운전자 연령,가해운전자 상해정도,피해운전자 차종,피해운전자 성별,피해운전자 연령,피해운전자 상해정도
15179,2019071000100109,2019년 7월 10일 08시,수요일,경기도 화성시 향남읍,경상사고,0,0,1,0,차대사람 - 기타,안전운전불이행,포장 - 건조,맑음,단일로 - 기타,승용,남,39세,상해없음,보행자,여,57세,경상
15180,2019071000100128,2019년 7월 10일 08시,수요일,경기도 의정부시 호원동,부상신고사고,0,0,0,1,차대사람 - 차도통행중,안전운전불이행,포장 - 건조,맑음,단일로 - 기타,승용,여,51세,상해없음,보행자,남,4세,부상신고
15181,2019071000100143,2019년 7월 10일 09시,수요일,경기도 성남시 수정구 신흥동,사망사고,1,0,0,0,차대사람 - 기타,안전운전불이행,포장 - 건조,맑음,교차로 - 교차로안,승용,여,37세,상해없음,보행자,남,85세,사망
15182,2019071000100145,2019년 7월 10일 09시,수요일,경기도 김포시 사우동,중상사고,0,1,1,0,차대사람 - 기타,안전운전불이행,포장 - 건조,맑음,주차장 - 주차장,화물,남,61세,상해없음,보행자,여,33세,중상
15183,2019071000100148,2019년 7월 10일 09시,수요일,경기도 수원시 팔달구 인계동,중상사고,0,1,0,0,차대사람 - 횡단중,안전운전불이행,포장 - 건조,맑음,교차로 - 교차로부근,승용,남,60세,상해없음,보행자,여,57세,중상
15184,2019071000100150,2019년 7월 10일 09시,수요일,경기도 용인시 기흥구 마북동,경상사고,0,0,1,0,차대사람 - 횡단중,보행자보호의무위반,포장 - 기타,맑음,교차로 - 교차로안,승용,여,71세,상해없음,보행자,남,68세,경상
15185,2019071000100208,2019년 7월 10일 11시,수요일,경기도 용인시 처인구 포곡읍,중상사고,0,1,0,0,차대사람 - 횡단중,안전운전불이행,포장 - 건조,맑음,교차로 - 교차로부근,승용,남,59세,상해없음,보행자,여,48세,중상
15186,2019071000100230,2019년 7월 10일 11시,수요일,경기도 의정부시 녹양동,부상신고사고,0,0,0,1,차대사람 - 횡단중,중앙선침범,포장 - 건조,맑음,단일로 - 기타,이륜,남,30세,상해없음,보행자,남,51세,부상신고
15187,2019071000100232,2019년 7월 10일 11시,수요일,경기도 고양시 일산동구 장항동,중상사고,0,1,0,0,차대사람 - 기타,안전운전불이행,포장 - 건조,맑음,단일로 - 기타,승합,남,62세,상해없음,보행자,여,81세,중상
15188,2019071000100242,2019년 7월 10일 12시,수요일,경기도 여주시 점동면,중상사고,0,1,0,0,차대사람 - 길가장자리구역통행중,안전운전불이행,포장 - 건조,맑음,단일로 - 기타,기타불명,기타불명,미분류,기타불명,보행자,여,87세,중상
15189,2019071000100244,2019년 7월 10일 12시,수요일,경기도 오산시 고현동,경상사고,0,0,1,0,차대사람 - 횡단중,보행자보호의무위반,포장 - 건조,맑음,교차로 - 교차로횡단보도내,승용,남,21세,상해없음,보행자,남,7세,경상
15190,2019071000100260,2019년 7월 10일 12시,수요일,경기도 고양시 일산서구 대화동,중상사고,0,1,0,0,차대사람 - 횡단중,신호위반,포장 - 건조,맑음,단일로 - 기타,자전거,남,74세,상해없음,보행자,여,72세,중상
15191,2019071000100266,2019년 7월 10일 13시,수요일,경기도 안성시 미양면,경상사고,0,0,1,0,차대사람 - 기타,안전운전불이행,포장 - 건조,흐림,단일로 - 기타,화물,남,40세,상해없음,보행자,남,58세,경상
15192,2019071000100303,2019년 7월 10일 14시,수요일,경기도 시흥시 대야동,중상사고,0,1,0,0,차대사람 - 기타,안전운전불이행,포장 - 건조,맑음,교차로 - 교차로안,승합,남,65세,상해없음,보행자,여,74세,중상
15193,2019071000100359,2019년 7월 10일 16시,수요일,경기도 안양시 동안구 호계동,중상사고,0,1,0,0,차대사람 - 횡단중,안전운전불이행,포장 - 건조,맑음,교차로 - 교차로횡단보도내,화물,남,57세,상해없음,보행자,여,74세,중상
15194,2019071000100364,2019년 7월 10일 16시,수요일,경기도 안산시 상록구 일동,부상신고사고,0,0,0,1,차대사람 - 보도통행중,안전운전불이행,포장 - 건조,맑음,교차로 - 교차로안,승용,남,49세,기타불명,보행자,남,19세,부상신고
15195,2019071000100365,2019년 7월 10일 16시,수요일,경기도 하남시 풍산동,경상사고,0,0,1,0,차대사람 - 기타,보행자보호의무위반,포장 - 젖음/습기,비,단일로 - 기타,승합,남,63세,상해없음,보행자,여,59세,경상
15196,2019071000100387,2019년 7월 10일 16시,수요일,경기도 양주시 광사동,경상사고,0,0,1,0,차대사람 - 차도통행중,안전운전불이행,포장 - 건조,맑음,단일로 - 기타,승용,여,54세,상해없음,보행자,여,15세,경상
15197,2019071000100461,2019년 7월 10일 18시,수요일,경기도 군포시 당정동,중상사고,0,1,0,0,차대사람 - 기타,안전운전불이행,포장 - 젖음/습기,비,단일로 - 기타,승용,남,49세,상해없음,보행자,여,61세,중상
15198,2019071000100462,2019년 7월 10일 18시,수요일,경기도 성남시 분당구 수내동,경상사고,0,0,1,0,차대사람 - 기타,보행자보호의무위반,포장 - 젖음/습기,비,교차로 - 교차로안,승용,여,32세,상해없음,보행자,남,13세,경상
15199,2019071000100540,2019년 7월 10일 19시,수요일,경기도 남양주시 진건읍,경상사고,0,0,1,0,차대사람 - 기타,보행자보호의무위반,포장 - 젖음/습기,비,교차로 - 교차로횡단보도내,승용,남,50세,상해없음,보행자,여,17세,경상
15200,2019071000100550,2019년 7월 10일 20시,수요일,경기도 부천시 원미동,경상사고,0,0,1,0,차대사람 - 횡단중,안전운전불이행,포장 - 젖음/습기,비,교차로 - 교차로부근,기타불명,기타불명,미분류,기타불명,보행자,남,61세,경상
15201,2019071000100553,2019년 7월 10일 20시,수요일,경기도 화성시 봉담읍,중상사고,0,1,0,0,차대사람 - 기타,안전운전불이행,포장 - 젖음/습기,비,교차로 - 교차로안,승용,남,44세,상해없음,보행자,여,57세,중상
15202,2019071000100581,2019년 7월 10일 20시,수요일,경기도 남양주시 평내동,중상사고,0,1,0,0,차대사람 - 차도통행중,안전운전불이행,포장 - 젖음/습기,비,교차로 - 교차로횡단보도내,승용,여,35세,상해없음,보행자,여,26세,중상
15203,2019071000100582,2019년 7월 10일 20시,수요일,경기도 양주시 광사동,경상사고,0,0,2,0,차대사람 - 횡단중,안전운전불이행,포장 - 젖음/습기,비,교차로 - 교차로횡단보도내,이륜,남,19세,기타불명,보행자,여,61세,경상
15204,2019071000100610,2019년 7월 10일 21시,수요일,경기도 성남시 분당구 구미동,중상사고,0,1,0,0,차대사람 - 기타,신호위반,포장 - 젖음/습기,비,교차로 - 교차로안,승용,여,47세,상해없음,보행자,남,53세,중상
15205,2019071000100613,2019년 7월 10일 21시,수요일,경기도 시흥시 정왕동,중상사고,0,1,0,0,차대사람 - 횡단중,보행자보호의무위반,포장 - 젖음/습기,비,교차로 - 교차로횡단보도내,승용,남,31세,상해없음,보행자,남,22세,중상
15206,2019071000100614,2019년 7월 10일 21시,수요일,경기도 수원시 권선구 고색동,경상사고,0,0,1,0,차대사람 - 기타,신호위반,포장 - 젖음/습기,비,단일로 - 기타,이륜,남,19세,상해없음,보행자,여,24세,경상
15207,2019071000100621,2019년 7월 10일 21시,수요일,경기도 부천시 여월동,경상사고,0,0,1,0,차대사람 - 횡단중,보행자보호의무위반,포장 - 젖음/습기,비,교차로 - 교차로횡단보도내,승용,남,19세,상해없음,보행자,남,56세,경상
15208,2019071000100646,2019년 7월 10일 21시,수요일,경기도 파주시 광탄면,경상사고,0,0,1,0,차대사람 - 횡단중,보행자보호의무위반,포장 - 젖음/습기,비,교차로 - 교차로안,승용,남,58세,상해없음,보행자,남,65세,경상
15209,2019071000100666,2019년 7월 10일 22시,수요일,경기도 부천시 심곡동,부상신고사고,0,0,0,1,차대사람 - 기타,안전운전불이행,포장 - 젖음/습기,비,단일로 - 기타,승용,남,59세,상해없음,보행자,남,46세,부상신고
15210,2019071000100670,2019년 7월 10일 22시,수요일,경기도 성남시 분당구 서현동,부상신고사고,0,0,0,1,차대사람 - 기타,안전운전불이행,포장 - 젖음/습기,비,교차로 - 교차로부근,승용,남,51세,기타불명,보행자,여,29세,부상신고
15211,2019071000100708,2019년 7월 10일 23시,수요일,경기도 김포시 통진읍,경상사고,0,0,1,0,차대사람 - 기타,보행자보호의무위반,포장 - 젖음/습기,비,교차로 - 교차로횡단보도내,승용,남,34세,상해없음,보행자,남,48세,경상
15212,2019071000100709,2019년 7월 10일 23시,수요일,경기도 김포시 장기동,부상신고사고,0,0,0,1,차대사람 - 기타,기타,포장 - 젖음/습기,비,기타 - 기타,이륜,남,22세,상해없음,보행자,남,41세,부상신고
15213,2019071000100711,2019년 7월 10일 23시,수요일,경기도 성남시 분당구 야탑동,중상사고,0,1,0,0,차대사람 - 기타,안전운전불이행,포장 - 젖음/습기,비,단일로 - 기타,승용,남,56세,상해없음,보행자,남,54세,중상
15214,2019071000100713,2019년 7월 10일 23시,수요일,경기도 안산시 상록구 본오동,부상신고사고,0,0,0,1,차대사람 - 기타,안전운전불이행,포장 - 건조,맑음,교차로 - 교차로안,승용,여,47세,상해없음,보행자,남,42세,부상신고
15215,2019071000100714,2019년 7월 10일 23시,수요일,경기도 용인시 수지구 풍덕천동,경상사고,0,0,1,0,차대사람 - 횡단중,신호위반,포장 - 젖음/습기,비,교차로 - 교차로부근,승용,남,60세,상해없음,보행자,남,31세,경상
15216,2019071100100038,2019년 7월 11일 00시,목요일,경기도 남양주시 평내동,중상사고,0,1,0,0,차대사람 - 횡단중,안전운전불이행,포장 - 젖음/습기,비,교차로 - 교차로안,승용,남,63세,상해없음,보행자,남,46세,중상
15217,2019071100100042,2019년 7월 11일 01시,목요일,경기도 수원시 장안구 연무동,경상사고,0,0,1,0,차대사람 - 차도통행중,안전운전불이행,포장 - 젖음/습기,비,교차로 - 교차로안,승용,남,65세,상해없음,보행자,남,49세,경상
15218,2019071100100072,2019년 7월 11일 04시,목요일,경기도 안산시 상록구 성포동,경상사고,0,0,1,0,차대사람 - 기타,안전운전불이행,포장 - 젖음/습기,비,단일로 - 기타,승용,남,64세,상해없음,보행자,남,64세,경상
15219,2019071100100142,2019년 7월 11일 08시,목요일,경기도 안성시 미양면,중상사고,0,1,1,0,차대사람 - 기타,안전운전불이행,포장 - 건조,흐림,단일로 - 기타,승용,남,45세,상해없음,보행자,여,44세,중상
15220,2019071100100148,2019년 7월 11일 08시,목요일,경기도 부천시 원종동,경상사고,0,0,1,0,차대사람 - 횡단중,안전운전불이행,포장 - 건조,흐림,교차로 - 교차로부근,승용,남,64세,상해없음,보행자,여,16세,경상
15221,2019071100100176,2019년 7월 11일 08시,목요일,경기도 구리시 인창동,중상사고,0,1,0,0,차대사람 - 횡단중,보행자보호의무위반,포장 - 젖음/습기,비,교차로 - 교차로안,화물,남,47세,상해없음,보행자,남,8세,중상
15222,2019071100100219,2019년 7월 11일 10시,목요일,경기도 안산시 단원구 원곡동,경상사고,0,0,1,0,차대사람 - 횡단중,신호위반,포장 - 건조,맑음,교차로 - 교차로안,화물,남,35세,상해없음,보행자,남,71세,경상
15223,2019071100100239,2019년 7월 11일 10시,목요일,경기도 구리시 수택동,중상사고,0,1,0,0,차대사람 - 횡단중,보행자보호의무위반,포장 - 젖음/습기,흐림,교차로 - 교차로안,승용,여,35세,상해없음,보행자,여,69세,중상
15224,2019071100100273,2019년 7월 11일 12시,목요일,경기도 광주시 경안동,경상사고,0,0,2,0,차대사람 - 차도통행중,안전운전불이행,포장 - 건조,맑음,교차로 - 교차로안,승용,남,47세,상해없음,보행자,여,23세,경상
15225,2019071100100276,2019년 7월 11일 12시,목요일,경기도 하남시 덕풍동,부상신고사고,0,0,0,1,차대사람 - 기타,안전운전불이행,포장 - 건조,맑음,단일로 - 기타,승합,남,48세,상해없음,보행자,여,62세,부상신고
15226,2019071100100300,2019년 7월 11일 13시,목요일,경기도 안산시 상록구 사동,중상사고,0,1,0,0,차대사람 - 차도통행중,안전운전불이행,포장 - 건조,맑음,단일로 - 기타,화물,남,34세,상해없음,보행자,여,44세,중상
15227,2019071100100326,2019년 7월 11일 14시,목요일,경기도 김포시 양촌읍,경상사고,0,0,1,0,차대사람 - 기타,안전운전불이행,포장 - 건조,맑음,교차로 - 교차로부근,승용,남,39세,상해없음,보행자,남,30세,경상
15228,2019071100100327,2019년 7월 11일 14시,목요일,경기도 부천시 심곡동,경상사고,0,0,1,0,차대사람 - 기타,안전운전불이행,포장 - 건조,맑음,단일로 - 기타,승용,남,33세,상해없음,보행자,여,57세,경상
15229,2019071100100328,2019년 7월 11일 14시,목요일,경기도 수원시 영통구 영통동,중상사고,0,1,1,0,차대사람 - 보도통행중,신호위반,포장 - 건조,맑음,교차로 - 교차로부근,승합,남,58세,상해없음,보행자,남,45세,중상
15230,2019071100100329,2019년 7월 11일 14시,목요일,경기도 성남시 중원구 중앙동,부상신고사고,0,0,0,1,차대사람 - 차도통행중,안전운전불이행,비포장 - 건조,맑음,단일로 - 기타,이륜,남,55세,상해없음,보행자,여,49세,부상신고
15231,2019071100100331,2019년 7월 11일 14시,목요일,경기도 하남시 신장동,부상신고사고,0,0,0,1,차대사람 - 기타,안전운전불이행,포장 - 기타,기타,기타 - 기타,개인형이동수단(PM),기타불명,미분류,기타불명,보행자,여,78세,부상신고
15232,2019071100100362,2019년 7월 11일 15시,목요일,경기도 성남시 수정구 단대동,경상사고,0,0,1,0,차대사람 - 기타,안전운전불이행,포장 - 건조,맑음,단일로 - 기타,승용,여,31세,기타불명,보행자,남,5세,경상
15233,2019071100100364,2019년 7월 11일 15시,목요일,경기도 성남시 분당구 서현동,경상사고,0,0,1,0,차대사람 - 기타,안전운전불이행,포장 - 건조,맑음,교차로 - 교차로부근,승합,남,47세,상해없음,보행자,여,83세,경상
15234,2019071100100365,2019년 7월 11일 15시,목요일,경기도 수원시 팔달구 매산로2가,부상신고사고,0,0,0,1,차대사람 - 기타,안전운전불이행,포장 - 건조,맑음,교차로 - 교차로부근,승용,남,26세,상해없음,보행자,남,63세,부상신고
15235,2019071100100387,2019년 7월 11일 15시,목요일,경기도 파주시 문산읍,중상사고,0,1,0,0,차대사람 - 기타,안전운전불이행,포장 - 건조,맑음,단일로 - 기타,승용,남,32세,상해없음,보행자,여,77세,중상
15236,2019071100100479,2019년 7월 11일 18시,목요일,경기도 안산시 단원구 초지동,경상사고,0,0,1,0,차대사람 - 기타,안전운전불이행,포장 - 건조,맑음,단일로 - 기타,승용,여,56세,상해없음,보행자,남,48세,경상
15237,2019071100100480,2019년 7월 11일 18시,목요일,경기도 군포시 금정동,부상신고사고,0,0,0,1,차대사람 - 기타,기타,포장 - 건조,맑음,단일로 - 기타,이륜,남,70세,상해없음,보행자,남,7세,부상신고
15238,2019071100100520,2019년 7월 11일 19시,목요일,경기도 안양시 동안구 관양동,경상사고,0,0,1,0,차대사람 - 기타,안전운전불이행,포장 - 건조,맑음,단일로 - 기타,승합,남,57세,상해없음,보행자,남,71세,경상
15239,2019071100100523,2019년 7월 11일 19시,목요일,경기도 부천시 상동,중상사고,0,1,1,0,차대사람 - 기타,안전운전불이행,포장 - 건조,맑음,교차로 - 교차로안,이륜,남,23세,경상,보행자,여,49세,중상
15240,2019071100100526,2019년 7월 11일 19시,목요일,경기도 용인시 수지구 죽전동,경상사고,0,0,1,0,차대사람 - 횡단중,신호위반,포장 - 건조,맑음,교차로 - 교차로횡단보도내,이륜,남,38세,상해없음,보행자,여,42세,경상
15241,2019071100100551,2019년 7월 11일 20시,목요일,경기도 용인시 처인구 포곡읍,경상사고,0,0,1,0,차대사람 - 기타,안전운전불이행,포장 - 건조,맑음,주차장 - 주차장,승용,남,50세,상해없음,보행자,남,14세,경상
15242,2019071100100552,2019년 7월 11일 20시,목요일,경기도 김포시 구래동,경상사고,0,0,1,0,차대사람 - 기타,기타,포장 - 건조,맑음,기타 - 기타,승합,남,61세,상해없음,보행자,남,51세,상해없음
15243,2019071100100583,2019년 7월 11일 21시,목요일,경기도 오산시 청호동,경상사고,0,0,1,0,차대사람 - 횡단중,안전운전불이행,포장 - 건조,맑음,교차로 - 교차로부근,승용,여,51세,상해없음,보행자,남,75세,경상
15244,2019071100100626,2019년 7월 11일 23시,목요일,경기도 성남시 중원구 금광동,경상사고,0,0,1,0,차대사람 - 보도통행중,기타,포장 - 건조,맑음,단일로 - 기타,자전거,남,18세,상해없음,보행자,남,18세,경상
15245,2019071100100627,2019년 7월 11일 23시,목요일,경기도 수원시 팔달구 교동,중상사고,0,1,0,0,차대사람 - 횡단중,안전운전불이행,포장 - 건조,맑음,단일로 - 기타,화물,남,61세,상해없음,보행자,남,35세,중상
15246,2019071200100052,2019년 7월 12일 02시,금요일,경기도 수원시 팔달구 인계동,중상사고,0,1,0,0,차대사람 - 길가장자리구역통행중,안전운전불이행,포장 - 건조,맑음,단일로 - 기타,승용,남,61세,기타불명,보행자,남,30세,중상
15247,2019071200100094,2019년 7월 12일 07시,금요일,경기도 수원시 장안구 파장동,중상사고,0,1,0,0,차대사람 - 기타,안전운전불이행,포장 - 건조,맑음,단일로 - 기타,승용,여,43세,상해없음,보행자,여,59세,중상
15248,2019071200100123,2019년 7월 12일 07시,금요일,경기도 동두천시 생연동,경상사고,0,0,1,0,차대사람 - 차도통행중,안전운전불이행,포장 - 건조,맑음,단일로 - 기타,승용,여,57세,상해없음,보행자,여,28세,경상
15249,2019071200100138,2019년 7월 12일 08시,금요일,경기도 안양시 동안구 관양동,경상사고,0,0,1,0,차대사람 - 차도통행중,안전운전불이행,포장 - 건조,맑음,단일로 - 기타,승용,남,63세,상해없음,보행자,여,45세,경상
15250,2019071200100140,2019년 7월 12일 08시,금요일,경기도 이천시 창전동,경상사고,0,0,1,0,차대사람 - 기타,안전운전불이행,포장 - 건조,맑음,기타 - 기타,승용,여,39세,상해없음,보행자,여,23세,경상
15251,2019071200100142,2019년 7월 12일 08시,금요일,경기도 광주시 경안동,경상사고,0,0,1,0,차대사람 - 기타,안전운전불이행,포장 - 건조,맑음,교차로 - 교차로안,승용,여,61세,상해없음,보행자,여,43세,경상
15252,2019071200100147,2019년 7월 12일 08시,금요일,경기도 시흥시 정왕동,중상사고,0,1,0,0,차대사람 - 기타,안전운전불이행,포장 - 건조,맑음,기타 - 기타,승용,여,32세,상해없음,보행자,남,51세,중상
15253,2019071200100184,2019년 7월 12일 09시,금요일,경기도 양평군 양서면,중상사고,0,1,0,0,차대사람 - 기타,안전운전불이행,포장 - 건조,맑음,기타 - 기타,자전거,남,54세,상해없음,보행자,여,65세,중상
15254,2019071200100221,2019년 7월 12일 10시,금요일,경기도 안성시 공도읍,경상사고,0,0,1,0,차대사람 - 기타,안전운전불이행,포장 - 건조,맑음,교차로 - 교차로안,화물,남,30세,상해없음,보행자,여,36세,경상
15255,2019071200100224,2019년 7월 12일 10시,금요일,경기도 군포시 산본동,중상사고,0,1,0,0,차대사람 - 횡단중,보행자보호의무위반,포장 - 건조,맑음,교차로 - 교차로부근,화물,남,48세,상해없음,보행자,여,84세,중상
15256,2019071200100331,2019년 7월 12일 13시,금요일,경기도 양평군 양서면,중상사고,0,1,0,0,차대사람 - 횡단중,보행자보호의무위반,포장 - 건조,맑음,교차로 - 교차로횡단보도내,승용,남,86세,상해없음,보행자,여,79세,중상
15257,2019071200100356,2019년 7월 12일 13시,금요일,경기도 의정부시 용현동,경상사고,0,0,1,0,차대사람 - 길가장자리구역통행중,안전운전불이행,포장 - 건조,맑음,단일로 - 기타,승용,남,76세,상해없음,보행자,여,21세,경상
15258,2019071200100369,2019년 7월 12일 14시,금요일,경기도 김포시 사우동,중상사고,0,1,0,0,차대사람 - 기타,안전운전불이행,포장 - 건조,맑음,기타 - 기타,승합,남,61세,기타불명,보행자,여,62세,중상
15259,2019071200100374,2019년 7월 12일 14시,금요일,경기도 화성시 송산면,경상사고,0,0,1,0,차대사람 - 차도통행중,안전운전불이행,포장 - 건조,맑음,단일로 - 기타,승용,남,75세,상해없음,보행자,여,10세,경상
15260,2019071200100389,2019년 7월 12일 14시,금요일,경기도 의정부시 가능동,경상사고,0,0,1,0,차대사람 - 횡단중,보행자보호의무위반,포장 - 건조,맑음,교차로 - 교차로안,화물,남,53세,상해없음,보행자,여,29세,경상
15261,2019071200100392,2019년 7월 12일 14시,금요일,경기도 양주시 회정동,경상사고,0,0,1,0,차대사람 - 기타,안전운전불이행,포장 - 건조,맑음,주차장 - 주차장,승용,남,37세,상해없음,보행자,여,63세,경상
15262,2019071200100400,2019년 7월 12일 15시,금요일,경기도 이천시 중리동,중상사고,0,1,0,0,차대사람 - 기타,보행자보호의무위반,포장 - 건조,맑음,단일로 - 기타,승용,남,37세,상해없음,보행자,여,21세,중상
15263,2019071200100401,2019년 7월 12일 15시,금요일,경기도 광주시 경안동,중상사고,0,1,0,0,차대사람 - 기타,안전운전불이행,포장 - 건조,맑음,교차로 - 교차로안,승용,여,45세,상해없음,보행자,여,83세,중상
15264,2019071200100403,2019년 7월 12일 15시,금요일,경기도 수원시 권선구 구운동,경상사고,0,0,1,0,차대사람 - 기타,안전운전불이행,포장 - 건조,맑음,단일로 - 기타,승용,남,32세,상해없음,보행자,남,74세,경상
15265,2019071200100468,2019년 7월 12일 16시,금요일,경기도 파주시 금촌동,경상사고,0,0,1,0,차대사람 - 횡단중,안전운전불이행,포장 - 건조,맑음,교차로 - 교차로부근,승합,여,52세,상해없음,보행자,여,13세,경상
15266,2019071200100470,2019년 7월 12일 16시,금요일,경기도 고양시 일산서구 일산동,경상사고,0,0,1,0,차대사람 - 횡단중,중앙선침범,포장 - 건조,맑음,단일로 - 기타,승용,여,30세,상해없음,보행자,여,52세,경상
15267,2019071200100485,2019년 7월 12일 17시,금요일,경기도 성남시 수정구 창곡동,중상사고,0,1,0,0,차대사람 - 기타,안전운전불이행,포장 - 건조,맑음,단일로 - 기타,승용,여,60세,상해없음,보행자,여,39세,중상
15268,2019071200100495,2019년 7월 12일 17시,금요일,경기도 하남시 망월동,경상사고,0,0,1,0,차대사람 - 횡단중,신호위반,포장 - 건조,맑음,교차로 - 교차로안,승용,남,80세,상해없음,보행자,여,8세,경상
15269,2019071200100524,2019년 7월 12일 17시,금요일,경기도 가평군 청평면,경상사고,0,0,1,0,차대사람 - 기타,안전운전불이행,포장 - 건조,맑음,단일로 - 교량,승용,여,62세,상해없음,보행자,여,46세,경상
15270,2019071200100548,2019년 7월 12일 18시,금요일,경기도 수원시 권선구 권선동,부상신고사고,0,0,0,1,차대사람 - 기타,안전운전불이행,포장 - 건조,맑음,단일로 - 기타,자전거,기타불명,미분류,기타불명,보행자,여,38세,부상신고
15271,2019071200100602,2019년 7월 12일 19시,금요일,경기도 시흥시 매화동,경상사고,0,0,1,0,차대사람 - 보도통행중,안전운전불이행,포장 - 건조,맑음,단일로 - 기타,승합,남,54세,상해없음,보행자,남,21세,경상
15272,2019071200100627,2019년 7월 12일 19시,금요일,경기도 파주시 파주읍,경상사고,0,0,1,0,차대사람 - 기타,안전운전불이행,포장 - 건조,맑음,단일로 - 기타,승용,여,63세,상해없음,보행자,여,31세,경상
15273,2019071200100628,2019년 7월 12일 19시,금요일,경기도 고양시 일산서구 대화동,중상사고,0,1,0,0,차대사람 - 횡단중,안전운전불이행,포장 - 건조,맑음,교차로 - 교차로부근,승용,여,51세,상해없음,보행자,남,13세,중상
15274,2019071200100661,2019년 7월 12일 21시,금요일,경기도 평택시 지제동,부상신고사고,0,0,0,1,차대사람 - 기타,안전운전불이행,포장 - 건조,맑음,단일로 - 기타,승용,남,20세,상해없음,보행자,남,38세,부상신고
15275,2019071200100689,2019년 7월 12일 22시,금요일,경기도 김포시 양촌읍,사망사고,1,0,0,0,차대사람 - 기타,안전운전불이행,포장 - 건조,맑음,단일로 - 기타,승용,남,60세,상해없음,보행자,남,55세,사망
15276,2019071200100691,2019년 7월 12일 22시,금요일,경기도 수원시 권선구 권선동,경상사고,0,0,1,0,차대사람 - 횡단중,신호위반,포장 - 건조,맑음,단일로 - 기타,승용,남,54세,상해없음,보행자,남,15세,경상
15277,2019071200100715,2019년 7월 12일 23시,금요일,경기도 수원시 권선구 권선동,경상사고,0,0,1,0,차대사람 - 횡단중,안전운전불이행,포장 - 건조,맑음,단일로 - 기타,이륜,남,47세,기타불명,보행자,여,46세,경상
15278,2019071200100716,2019년 7월 12일 23시,금요일,경기도 성남시 중원구 상대원동,중상사고,0,1,0,0,차대사람 - 기타,안전운전불이행,포장 - 건조,맑음,단일로 - 기타,승용,남,44세,상해없음,보행자,여,60세,중상
15279,2019071200100730,2019년 7월 12일 23시,금요일,경기도 고양시 일산서구 대화동,중상사고,0,1,0,0,차대사람 - 횡단중,안전운전불이행,포장 - 건조,맑음,교차로 - 교차로안,승용,여,53세,상해없음,보행자,남,57세,중상
15280,2019071300100029,2019년 7월 13일 00시,토요일,경기도 부천시 심곡동,경상사고,0,0,1,0,차대사람 - 길가장자리구역통행중,안전운전불이행,포장 - 젖음/습기,흐림,단일로 - 기타,승용,남,18세,상해없음,보행자,남,24세,경상
15281,2019071300100030,2019년 7월 13일 00시,토요일,경기도 부천시 심곡동,중상사고,0,1,2,0,차대사람 - 횡단중,신호위반,포장 - 건조,맑음,단일로 - 기타,승용,남,22세,상해없음,보행자,여,44세,중상
15282,2019071300100042,2019년 7월 13일 01시,토요일,경기도 부천시 심곡동,경상사고,0,0,1,0,차대사람 - 횡단중,안전운전불이행,포장 - 건조,맑음,기타 - 기타,승용,남,20세,상해없음,보행자,남,54세,경상
15283,2019071300100056,2019년 7월 13일 02시,토요일,경기도 광명시 광명동,경상사고,0,0,1,0,차대사람 - 차도통행중,안전운전불이행,포장 - 건조,맑음,단일로 - 기타,승용,남,29세,상해없음,보행자,여,19세,경상
15284,2019071300100067,2019년 7월 13일 03시,토요일,경기도 성남시 중원구 성남동,경상사고,0,0,1,0,차대사람 - 기타,안전운전불이행,포장 - 건조,맑음,단일로 - 기타,화물,남,35세,상해없음,보행자,남,20세,경상
15285,2019071300100084,2019년 7월 13일 05시,토요일,경기도 평택시 서정동,중상사고,0,1,0,0,차대사람 - 기타,안전운전불이행,포장 - 건조,맑음,기타 - 기타,승용,남,26세,상해없음,보행자,남,83세,중상
15286,2019071300100113,2019년 7월 13일 07시,토요일,경기도 의정부시 의정부동,경상사고,0,0,1,0,차대사람 - 차도통행중,안전운전불이행,포장 - 건조,맑음,교차로 - 교차로안,화물,여,65세,상해없음,보행자,남,62세,경상
15287,2019071300100121,2019년 7월 13일 08시,토요일,경기도 안성시 인지동,경상사고,0,0,1,0,차대사람 - 기타,안전운전불이행,포장 - 건조,맑음,기타 - 기타,승용,남,65세,상해없음,보행자,여,76세,경상
15288,2019071300100215,2019년 7월 13일 11시,토요일,경기도 남양주시 와부읍,경상사고,0,0,1,0,차대사람 - 기타,기타,포장 - 건조,맑음,단일로 - 기타,승용,남,71세,상해없음,보행자,여,70세,경상
15289,2019071300100235,2019년 7월 13일 12시,토요일,경기도 평택시 합정동,중상사고,0,1,0,0,차대사람 - 기타,안전운전불이행,포장 - 건조,맑음,단일로 - 기타,승용,여,62세,상해없음,보행자,남,63세,중상
15290,2019071300100241,2019년 7월 13일 12시,토요일,경기도 성남시 분당구 야탑동,중상사고,0,1,0,0,차대사람 - 기타,보행자보호의무위반,포장 - 건조,맑음,단일로 - 기타,승용,남,46세,상해없음,보행자,여,36세,중상
15291,2019071300100277,2019년 7월 13일 13시,토요일,경기도 광주시 태전동,경상사고,0,0,1,0,차대사람 - 횡단중,안전운전불이행,포장 - 건조,맑음,교차로 - 교차로부근,승용,남,54세,상해없음,보행자,여,82세,경상