,사고번호,사고일시,요일,시군구,사고내용,사망자수,중상자수,경상자수,부상신고자수,사고유형,법규위반,노면상태,기상상태,도로형태,가해운전자 차종,가해운전자 성별,가해운전자 연령,가해운전자 상해정도,피해운전자 차종,피해운전자 성별,피해운전자 연령,피해운전자 상해정도
15292,2019071300100312,2019년 7월 13일 14시,토요일,경기도 이천시 증포동,부상신고사고,0,0,0,1,차대사람 - 횡단중,안전운전불이행,포장 - 건조,맑음,단일로 - 기타,승용,남,36세,상해없음,보행자,남,6세,부상신고
15293,2019071300100422,2019년 7월 13일 17시,토요일,경기도 화성시 팔탄면,경상사고,0,0,1,0,차대사람 - 횡단중,안전운전불이행,포장 - 건조,맑음,기타 - 기타,승용,남,59세,상해없음,보행자,여,4세,경상
15294,2019071300100461,2019년 7월 13일 18시,토요일,경기도 평택시 비전동,중상사고,0,1,0,0,차대사람 - 보도통행중,기타,포장 - 건조,맑음,단일로 - 기타,이륜,남,51세,상해없음,보행자,여,3세,중상
15295,2019071300100493,2019년 7월 13일 18시,토요일,경기도 남양주시 화도읍,경상사고,0,0,1,0,차대사람 - 기타,안전운전불이행,포장 - 건조,흐림,단일로 - 기타,자전거,남,32세,상해없음,보행자,남,16세,경상
15296,2019071300100494,2019년 7월 13일 18시,토요일,경기도 남양주시 호평동,경상사고,0,0,1,0,차대사람 - 기타,안전운전불이행,포장 - 건조,맑음,기타 - 기타,승용,남,61세,상해없음,보행자,남,44세,경상
15297,2019071300100522,2019년 7월 13일 20시,토요일,경기도 성남시 중원구 성남동,경상사고,0,0,1,0,차대사람 - 길가장자리구역통행중,안전운전불이행,포장 - 건조,맑음,단일로 - 기타,승용,남,62세,상해없음,보행자,남,59세,경상
15298,2019071300100524,2019년 7월 13일 20시,토요일,경기도 수원시 권선구 호매실동,중상사고,0,1,0,0,차대사람 - 기타,안전운전불이행,포장 - 건조,맑음,단일로 - 기타,승합,남,65세,상해없음,보행자,여,72세,중상
15299,2019071300100543,2019년 7월 13일 21시,토요일,경기도 안성시 석정동,경상사고,0,0,1,0,차대사람 - 기타,안전운전불이행,포장 - 건조,맑음,단일로 - 기타,승용,남,47세,상해없음,보행자,여,22세,경상
15300,2019071300100545,2019년 7월 13일 21시,토요일,경기도 김포시 풍무동,경상사고,0,0,1,0,차대사람 - 횡단중,보행자보호의무위반,포장 - 건조,맑음,단일로 - 기타,이륜,남,35세,상해없음,보행자,여,8세,경상
15301,2019071300100546,2019년 7월 13일 21시,토요일,경기도 안산시 단원구 선부동,부상신고사고,0,0,0,1,차대사람 - 횡단중,안전운전불이행,포장 - 건조,맑음,단일로 - 기타,승용,남,34세,상해없음,보행자,남,57세,부상신고
15302,2019071300100547,2019년 7월 13일 21시,토요일,경기도 시흥시 정왕동,경상사고,0,0,1,0,차대사람 - 기타,안전운전불이행,포장 - 건조,맑음,단일로 - 기타,승용,남,23세,기타불명,보행자,남,57세,경상
15303,2019071300100563,2019년 7월 13일 21시,토요일,경기도 의정부시 신곡동,경상사고,0,0,1,0,차대사람 - 횡단중,안전운전불이행,포장 - 건조,맑음,교차로 - 교차로부근,승용,남,50세,상해없음,보행자,남,68세,경상
15304,2019071300100590,2019년 7월 13일 23시,토요일,경기도 부천시 심곡동,중상사고,0,1,0,0,차대사람 - 횡단중,안전운전불이행,포장 - 건조,맑음,교차로 - 교차로부근,승용,여,75세,상해없음,보행자,남,52세,중상
15305,2019071300100600,2019년 7월 13일 23시,토요일,경기도 파주시 문산읍,중상사고,0,1,0,0,차대사람 - 기타,안전운전불이행,포장 - 건조,맑음,기타 - 기타,승용,여,41세,상해없음,보행자,남,77세,중상
15306,2019071400100035,2019년 7월 14일 00시,일요일,경기도 구리시 교문동,중상사고,0,1,0,0,차대사람 - 보도통행중,보행자보호의무위반,포장 - 건조,흐림,단일로 - 기타,승용,남,70세,상해없음,보행자,여,39세,중상
15307,2019071400100039,2019년 7월 14일 01시,일요일,경기도 용인시 기흥구 보라동,중상사고,0,1,0,0,차대사람 - 기타,안전운전불이행,포장 - 건조,맑음,기타 - 기타,승용,남,29세,상해없음,보행자,남,46세,중상
15308,2019071400100106,2019년 7월 14일 08시,일요일,경기도 평택시 죽백동,경상사고,0,0,1,0,차대사람 - 기타,기타,포장 - 건조,맑음,단일로 - 기타,화물,남,27세,상해없음,보행자,남,68세,경상
15309,2019071400100158,2019년 7월 14일 10시,일요일,경기도 가평군 가평읍,경상사고,0,0,1,0,차대사람 - 보도통행중,안전운전불이행,포장 - 건조,맑음,단일로 - 기타,승용,여,23세,상해없음,보행자,여,23세,경상
15310,2019071400100166,2019년 7월 14일 11시,일요일,경기도 용인시 기흥구 구갈동,중상사고,0,1,0,0,차대사람 - 횡단중,안전운전불이행,포장 - 건조,맑음,단일로 - 기타,승합,남,67세,상해없음,보행자,여,5세,중상
15311,2019071400100168,2019년 7월 14일 11시,일요일,경기도 안산시 상록구 부곡동,경상사고,0,0,1,0,차대사람 - 기타,안전운전불이행,포장 - 건조,맑음,단일로 - 기타,승합,여,57세,상해없음,보행자,여,7세,경상
15312,2019071400100187,2019년 7월 14일 11시,일요일,경기도 고양시 일산서구 일산동,경상사고,0,0,1,0,차대사람 - 횡단중,보행자보호의무위반,포장 - 건조,맑음,교차로 - 교차로횡단보도내,승용,남,53세,상해없음,보행자,여,23세,경상
15313,2019071400100253,2019년 7월 14일 14시,일요일,경기도 하남시 망월동,경상사고,0,0,1,0,차대사람 - 기타,보행자보호의무위반,포장 - 건조,맑음,교차로 - 교차로안,이륜,남,46세,상해없음,보행자,여,25세,경상
15314,2019071400100273,2019년 7월 14일 14시,일요일,경기도 남양주시 별내동,경상사고,0,0,1,0,차대사람 - 기타,안전운전불이행,포장 - 건조,맑음,단일로 - 기타,승합,남,43세,상해없음,보행자,남,60세,경상
15315,2019071400100313,2019년 7월 14일 15시,일요일,경기도 구리시 인창동,중상사고,0,1,0,0,차대사람 - 보도통행중,안전운전불이행,포장 - 건조,맑음,단일로 - 기타,승용,남,39세,상해없음,보행자,남,65세,중상
15316,2019071400100320,2019년 7월 14일 16시,일요일,경기도 화성시 봉담읍,경상사고,0,0,1,0,차대사람 - 기타,보행자보호의무위반,포장 - 건조,맑음,단일로 - 기타,승용,남,51세,상해없음,보행자,여,81세,경상
15317,2019071400100348,2019년 7월 14일 17시,일요일,경기도 성남시 수정구 태평동,중상사고,0,1,0,0,차대사람 - 기타,안전운전불이행,포장 - 건조,맑음,단일로 - 기타,이륜,남,27세,상해없음,보행자,남,36세,중상
15318,2019071400100351,2019년 7월 14일 17시,일요일,경기도 용인시 수지구 신봉동,경상사고,0,0,1,0,차대사람 - 보도통행중,중앙선침범,포장 - 건조,맑음,교차로 - 교차로횡단보도내,이륜,남,35세,상해없음,보행자,여,44세,경상
15319,2019071400100382,2019년 7월 14일 18시,일요일,경기도 안산시 단원구 원곡동,중상사고,0,1,0,0,차대사람 - 횡단중,보행자보호의무위반,포장 - 건조,맑음,교차로 - 교차로부근,승용,남,67세,상해없음,보행자,여,56세,중상
15320,2019071400100412,2019년 7월 14일 19시,일요일,경기도 성남시 중원구 성남동,부상신고사고,0,0,0,1,차대사람 - 차도통행중,안전운전불이행,포장 - 건조,맑음,단일로 - 기타,승용,남,55세,기타불명,보행자,남,62세,부상신고
15321,2019071400100470,2019년 7월 14일 21시,일요일,경기도 수원시 팔달구 매산로2가,부상신고사고,0,0,0,1,차대사람 - 기타,안전운전불이행,포장 - 건조,맑음,단일로 - 기타,승용,남,58세,상해없음,보행자,남,33세,부상신고
15322,2019071400100483,2019년 7월 14일 21시,일요일,경기도 의정부시 민락동,부상신고사고,0,0,0,1,차대사람 - 차도통행중,안전운전불이행,포장 - 건조,맑음,단일로 - 기타,승용,여,39세,상해없음,보행자,남,9세,부상신고
15323,2019071400100484,2019년 7월 14일 21시,일요일,경기도 고양시 덕양구 고양동,중상사고,0,1,0,0,차대사람 - 길가장자리구역통행중,안전운전불이행,포장 - 건조,맑음,교차로 - 교차로안,승용,남,38세,상해없음,보행자,남,35세,중상
15324,2019071400100492,2019년 7월 14일 22시,일요일,경기도 안산시 상록구 본오동,경상사고,0,0,1,0,차대사람 - 기타,안전운전불이행,포장 - 건조,맑음,단일로 - 기타,승용,남,41세,상해없음,보행자,남,58세,경상
15325,2019071400100503,2019년 7월 14일 23시,일요일,경기도 수원시 영통구 이의동,중상사고,0,1,0,0,차대사람 - 횡단중,신호위반,포장 - 건조,맑음,교차로 - 교차로횡단보도내,승용,남,36세,상해없음,보행자,여,21세,중상
15326,2019071500100054,2019년 7월 15일 06시,월요일,경기도 수원시 장안구 송죽동,경상사고,0,0,1,0,차대사람 - 기타,교차로운행방법위반,포장 - 건조,흐림,교차로 - 교차로안,화물,남,32세,상해없음,보행자,여,62세,경상
15327,2019071500100075,2019년 7월 15일 07시,월요일,경기도 부천시 송내동,중상사고,0,1,0,0,차대사람 - 횡단중,보행자보호의무위반,포장 - 기타,맑음,교차로 - 교차로부근,화물,남,47세,상해없음,보행자,여,33세,중상
15328,2019071500100076,2019년 7월 15일 07시,월요일,경기도 안산시 단원구 신길동,경상사고,0,0,1,0,차대사람 - 횡단중,기타,포장 - 건조,맑음,단일로 - 기타,승용,여,54세,상해없음,보행자,여,54세,경상
15329,2019071500100078,2019년 7월 15일 07시,월요일,경기도 부천시 고강동,경상사고,0,0,1,0,차대사람 - 기타,안전운전불이행,포장 - 건조,맑음,교차로 - 교차로부근,승합,남,57세,상해없음,보행자,여,16세,경상
15330,2019071500100110,2019년 7월 15일 08시,월요일,경기도 이천시 창전동,경상사고,0,0,1,0,차대사람 - 횡단중,보행자보호의무위반,포장 - 건조,맑음,단일로 - 기타,승용,남,30세,상해없음,보행자,여,11세,경상
15331,2019071500100115,2019년 7월 15일 08시,월요일,경기도 부천시 도당동,경상사고,0,0,1,0,차대사람 - 기타,보행자보호의무위반,포장 - 건조,맑음,단일로 - 기타,승용,여,38세,상해없음,보행자,여,57세,경상
15332,2019071500100116,2019년 7월 15일 08시,월요일,경기도 광명시 하안동,경상사고,0,0,1,0,차대사람 - 횡단중,신호위반,포장 - 건조,맑음,교차로 - 교차로횡단보도내,승용,여,28세,상해없음,보행자,여,31세,경상
15333,2019071500100135,2019년 7월 15일 08시,월요일,경기도 파주시 조리읍,경상사고,0,0,1,0,차대사람 - 횡단중,보행자보호의무위반,포장 - 건조,맑음,교차로 - 교차로안,승용,남,57세,상해없음,보행자,여,26세,경상
15334,2019071500100249,2019년 7월 15일 13시,월요일,경기도 수원시 권선구 권선동,부상신고사고,0,0,0,2,차대사람 - 기타,안전운전불이행,포장 - 건조,맑음,기타 - 기타,기타불명,기타불명,미분류,기타불명,보행자,남,58세,부상신고
15335,2019071500100285,2019년 7월 15일 14시,월요일,경기도 광주시 오포읍,경상사고,0,0,1,0,차대사람 - 기타,안전운전불이행,포장 - 건조,맑음,교차로 - 교차로안,승용,남,43세,상해없음,보행자,여,51세,경상
15336,2019071500100381,2019년 7월 15일 16시,월요일,경기도 여주시 홍문동,중상사고,0,1,0,0,차대사람 - 기타,안전운전불이행,포장 - 건조,맑음,단일로 - 기타,승용,여,45세,상해없음,보행자,남,65세,중상
15337,2019071500100385,2019년 7월 15일 16시,월요일,경기도 과천시 주암동,부상신고사고,0,0,0,1,차대사람 - 기타,안전운전불이행,포장 - 젖음/습기,비,단일로 - 기타,승용,여,67세,상해없음,보행자,남,69세,부상신고
15338,2019071500100386,2019년 7월 15일 16시,월요일,경기도 수원시 권선구 권선동,경상사고,0,0,1,0,차대사람 - 보도통행중,기타,포장 - 젖음/습기,비,기타 - 기타,승용,여,52세,상해없음,보행자,여,41세,경상
15339,2019071500100390,2019년 7월 15일 16시,월요일,경기도 화성시 병점동,경상사고,0,0,1,0,차대사람 - 차도통행중,안전운전불이행,포장 - 건조,맑음,교차로 - 교차로횡단보도내,승용,여,33세,상해없음,보행자,남,6세,경상
15340,2019071500100419,2019년 7월 15일 16시,월요일,경기도 포천시 신읍동,중상사고,0,1,0,0,차대사람 - 기타,안전운전불이행,포장 - 건조,맑음,단일로 - 기타,화물,남,57세,상해없음,보행자,여,66세,중상
15341,2019071500100439,2019년 7월 15일 17시,월요일,경기도 이천시 장호원읍,경상사고,0,0,1,0,차대사람 - 기타,안전운전불이행,포장 - 건조,맑음,교차로 - 교차로안,승합,남,62세,상해없음,보행자,남,67세,경상
15342,2019071500100444,2019년 7월 15일 17시,월요일,경기도 시흥시 신천동,경상사고,0,0,1,0,차대사람 - 차도통행중,안전운전불이행,포장 - 건조,맑음,단일로 - 기타,승합,남,71세,상해없음,보행자,여,57세,경상
15343,2019071500100474,2019년 7월 15일 17시,월요일,경기도 구리시 토평동,경상사고,0,0,1,0,차대사람 - 횡단중,보행자보호의무위반,포장 - 건조,맑음,교차로 - 교차로안,승용,남,67세,상해없음,보행자,남,54세,경상
15344,2019071500100476,2019년 7월 15일 17시,월요일,경기도 고양시 일산서구 탄현동,중상사고,0,1,0,0,차대사람 - 횡단중,신호위반,포장 - 건조,흐림,교차로 - 교차로부근,이륜,남,17세,상해없음,보행자,남,28세,중상
15345,2019071500100538,2019년 7월 15일 19시,월요일,경기도 수원시 팔달구 팔달로1가,경상사고,0,0,1,0,차대사람 - 기타,안전운전불이행,포장 - 건조,흐림,교차로 - 교차로안,화물,남,52세,상해없음,보행자,여,72세,경상
15346,2019071500100542,2019년 7월 15일 19시,월요일,경기도 평택시 신장동,경상사고,0,0,1,0,차대사람 - 횡단중,보행자보호의무위반,포장 - 건조,맑음,교차로 - 교차로안,승용,남,31세,상해없음,보행자,여,90세 이상,경상
15347,2019071500100544,2019년 7월 15일 19시,월요일,경기도 부천시 범박동,부상신고사고,0,0,0,1,차대사람 - 횡단중,안전운전불이행,포장 - 건조,맑음,교차로 - 교차로안,기타불명,기타불명,미분류,기타불명,보행자,여,22세,부상신고
15348,2019071500100546,2019년 7월 15일 19시,월요일,경기도 용인시 수지구 신봉동,경상사고,0,0,1,0,차대사람 - 기타,신호위반,포장 - 건조,맑음,교차로 - 교차로안,자전거,남,13세,상해없음,보행자,여,67세,경상
15349,2019071500100570,2019년 7월 15일 20시,월요일,경기도 김포시 감정동,중상사고,0,1,0,0,차대사람 - 횡단중,보행자보호의무위반,포장 - 젖음/습기,비,교차로 - 교차로횡단보도내,승용,남,46세,상해없음,보행자,여,44세,중상
15350,2019071500100591,2019년 7월 15일 21시,월요일,경기도 군포시 당동,중상사고,0,1,0,0,차대사람 - 횡단중,안전운전불이행,포장 - 건조,맑음,단일로 - 기타,이륜,남,29세,상해없음,보행자,여,78세,중상
15351,2019071500100612,2019년 7월 15일 22시,월요일,경기도 김포시 장기동,중상사고,0,1,0,0,차대사람 - 횡단중,신호위반,포장 - 젖음/습기,맑음,교차로 - 교차로횡단보도내,이륜,남,43세,상해없음,보행자,여,17세,중상
15352,2019071500100613,2019년 7월 15일 22시,월요일,경기도 부천시 중동,부상신고사고,0,0,0,1,차대사람 - 기타,안전운전불이행,포장 - 젖음/습기,비,단일로 - 기타,승용,남,35세,상해없음,보행자,여,46세,부상신고
15353,2019071500100616,2019년 7월 15일 22시,월요일,경기도 성남시 중원구 성남동,경상사고,0,0,1,0,차대사람 - 횡단중,안전운전불이행,포장 - 건조,맑음,기타 - 기타,승용,남,63세,상해없음,보행자,여,37세,경상
15354,2019071500100630,2019년 7월 15일 22시,월요일,경기도 고양시 덕양구 행신동,경상사고,0,0,1,0,차대사람 - 기타,기타,포장 - 젖음/습기,비,기타 - 기타,승합,남,65세,상해없음,보행자,남,62세,경상
15355,2019071600100019,2019년 7월 16일 00시,화요일,경기도 시흥시 대야동,경상사고,0,0,1,0,차대사람 - 차도통행중,안전운전불이행,포장 - 젖음/습기,흐림,단일로 - 기타,승용,남,26세,기타불명,보행자,남,29세,경상
15356,2019071600100071,2019년 7월 16일 07시,화요일,경기도 부천시 괴안동,중상사고,0,1,0,0,차대사람 - 횡단중,안전운전불이행,포장 - 건조,흐림,교차로 - 교차로안,승용,남,34세,상해없음,보행자,여,63세,중상
15357,2019071600100102,2019년 7월 16일 08시,화요일,경기도 하남시 덕풍동,중상사고,0,1,0,0,차대사람 - 차도통행중,기타,포장 - 건조,맑음,단일로 - 기타,자전거,여,33세,상해없음,보행자,여,55세,중상
15358,2019071600100135,2019년 7월 16일 09시,화요일,경기도 이천시 송정동,중상사고,0,1,0,0,차대사람 - 보도통행중,기타,포장 - 건조,맑음,기타 - 기타,화물,남,34세,상해없음,보행자,남,71세,중상
15359,2019071600100164,2019년 7월 16일 09시,화요일,경기도 고양시 덕양구 행신동,중상사고,0,1,0,0,차대사람 - 횡단중,안전운전불이행,포장 - 건조,맑음,단일로 - 기타,승용,여,49세,상해없음,보행자,여,77세,중상
15360,2019071600100165,2019년 7월 16일 09시,화요일,경기도 파주시 문산읍,중상사고,0,1,0,0,차대사람 - 기타,신호위반,포장 - 건조,맑음,교차로 - 교차로안,화물,남,38세,상해없음,보행자,남,81세,중상
15361,2019071600100171,2019년 7월 16일 10시,화요일,경기도 부천시 원종동,경상사고,0,0,1,0,차대사람 - 보도통행중,신호위반,포장 - 건조,맑음,교차로 - 교차로안,화물,남,53세,상해없음,보행자,남,21세,경상
15362,2019071600100260,2019년 7월 16일 13시,화요일,경기도 성남시 중원구 성남동,경상사고,0,0,1,0,차대사람 - 기타,안전운전불이행,포장 - 건조,맑음,단일로 - 기타,승합,남,51세,상해없음,보행자,여,65세,경상
15363,2019071600100264,2019년 7월 16일 13시,화요일,경기도 부천시 원종동,중상사고,0,1,0,0,차대사람 - 기타,기타,포장 - 건조,맑음,단일로 - 기타,승용,남,61세,상해없음,보행자,여,73세,중상
15364,2019071600100293,2019년 7월 16일 14시,화요일,경기도 여주시 천송동,경상사고,0,0,1,0,차대사람 - 기타,안전운전불이행,포장 - 건조,맑음,단일로 - 기타,승용,여,58세,상해없음,보행자,여,37세,경상
15365,2019071600100298,2019년 7월 16일 14시,화요일,경기도 부천시 내동,경상사고,0,0,1,0,차대사람 - 횡단중,보행자보호의무위반,포장 - 건조,맑음,교차로 - 교차로부근,화물,남,48세,기타불명,보행자,여,30세,경상
15366,2019071600100299,2019년 7월 16일 14시,화요일,경기도 화성시 반송동,경상사고,0,0,1,0,차대사람 - 횡단중,안전운전불이행,포장 - 건조,맑음,교차로 - 교차로횡단보도내,승용,여,29세,상해없음,보행자,여,74세,경상
15367,2019071600100336,2019년 7월 16일 15시,화요일,경기도 수원시 영통구 매탄동,경상사고,0,0,1,0,차대사람 - 기타,안전운전불이행,포장 - 건조,맑음,기타 - 기타,자전거,남,55세,상해없음,보행자,여,7세,경상
15368,2019071600100417,2019년 7월 16일 17시,화요일,경기도 평택시 평택동,경상사고,0,0,1,0,차대사람 - 횡단중,보행자보호의무위반,포장 - 건조,맑음,교차로 - 교차로횡단보도내,승용,남,30세,상해없음,보행자,여,27세,경상
15369,2019071600100419,2019년 7월 16일 17시,화요일,경기도 용인시 처인구 이동읍,경상사고,0,0,1,0,차대사람 - 보도통행중,안전운전불이행,포장 - 건조,맑음,단일로 - 기타,화물,남,43세,상해없음,보행자,남,48세,경상
15370,2019071600100554,2019년 7월 16일 20시,화요일,경기도 군포시 당정동,중상사고,0,1,0,0,차대사람 - 기타,불법유턴,포장 - 건조,맑음,기타 - 기타,승용,남,62세,상해없음,보행자,남,37세,중상
15371,2019071600100557,2019년 7월 16일 20시,화요일,경기도 용인시 수지구 상현동,부상신고사고,0,0,0,1,차대사람 - 기타,안전운전불이행,포장 - 건조,맑음,교차로 - 교차로부근,승용,남,62세,상해없음,보행자,남,74세,부상신고
15372,2019071600100582,2019년 7월 16일 21시,화요일,경기도 수원시 권선구 입북동,중상사고,0,1,0,0,차대사람 - 횡단중,안전운전불이행,포장 - 건조,맑음,교차로 - 교차로안,승용,여,51세,상해없음,보행자,남,52세,중상
15373,2019071600100584,2019년 7월 16일 21시,화요일,경기도 부천시 삼정동,중상사고,0,1,0,0,차대사람 - 기타,안전운전불이행,포장 - 건조,맑음,교차로 - 교차로안,승용,남,50세,상해없음,보행자,남,52세,중상
15374,2019071600100598,2019년 7월 16일 21시,화요일,경기도 고양시 일산서구 주엽동,중상사고,0,1,1,0,차대사람 - 횡단중,신호위반,포장 - 건조,맑음,단일로 - 기타,이륜,남,18세,경상,보행자,여,11세,중상
15375,2019071600100604,2019년 7월 16일 22시,화요일,경기도 군포시 산본동,경상사고,0,0,1,0,차대사람 - 기타,안전운전불이행,포장 - 건조,맑음,단일로 - 기타,승용,남,31세,기타불명,보행자,남,22세,경상
15376,2019071600100606,2019년 7월 16일 22시,화요일,경기도 화성시 영천동,중상사고,0,1,0,0,차대사람 - 횡단중,신호위반,포장 - 건조,맑음,단일로 - 기타,원동기,남,39세,상해없음,보행자,남,56세,중상
15377,2019071600100612,2019년 7월 16일 22시,화요일,경기도 남양주시 와부읍,경상사고,0,0,1,0,차대사람 - 횡단중,안전운전불이행,포장 - 젖음/습기,비,교차로 - 교차로부근,승용,남,48세,상해없음,보행자,여,49세,경상
15378,2019071600100618,2019년 7월 16일 23시,화요일,경기도 수원시 권선구 호매실동,중상사고,0,1,0,0,차대사람 - 기타,기타,포장 - 건조,맑음,교차로 - 교차로안,승용,남,41세,상해없음,보행자,여,66세,중상
15379,2019071600100619,2019년 7월 16일 23시,화요일,경기도 화성시 우정읍,중상사고,0,1,0,0,차대사람 - 기타,중앙선침범,포장 - 건조,맑음,기타 - 기타,승용,남,33세,상해없음,보행자,남,58세,중상
15380,2019071700100072,2019년 7월 17일 03시,수요일,경기도 남양주시 와부읍,경상사고,0,0,1,0,차대사람 - 기타,안전운전불이행,포장 - 젖음/습기,비,단일로 - 기타,화물,남,64세,상해없음,보행자,남,29세,경상
15381,2019071700100074,2019년 7월 17일 04시,수요일,경기도 안산시 단원구 와동,중상사고,0,1,0,0,차대사람 - 횡단중,신호위반,포장 - 건조,맑음,교차로 - 교차로안,승용,남,59세,상해없음,보행자,여,78세,중상
15382,2019071700100106,2019년 7월 17일 07시,수요일,경기도 남양주시 금곡동,경상사고,0,0,1,0,차대사람 - 횡단중,신호위반,포장 - 건조,맑음,교차로 - 교차로횡단보도내,화물,남,53세,상해없음,보행자,남,53세,경상
15383,2019071700100114,2019년 7월 17일 08시,수요일,경기도 평택시 용이동,중상사고,0,1,0,0,차대사람 - 기타,안전운전불이행,포장 - 건조,맑음,기타 - 기타,자전거,남,19세,상해없음,보행자,남,8세,중상
15384,2019071700100116,2019년 7월 17일 08시,수요일,경기도 광주시 송정동,경상사고,0,0,1,0,차대사람 - 기타,안전운전불이행,포장 - 건조,맑음,교차로 - 교차로안,기타불명,기타불명,미분류,기타불명,보행자,남,10세,경상
15385,2019071700100117,2019년 7월 17일 08시,수요일,경기도 용인시 처인구 남사면,경상사고,0,0,1,0,차대사람 - 길가장자리구역통행중,안전운전불이행,포장 - 건조,맑음,단일로 - 기타,승용,여,43세,상해없음,보행자,여,36세,경상
15386,2019071700100121,2019년 7월 17일 08시,수요일,경기도 하남시 학암동,중상사고,0,1,0,0,차대사람 - 차도통행중,기타,포장 - 건조,맑음,교차로 - 교차로부근,승용,남,48세,상해없음,보행자,여,17세,중상
15387,2019071700100157,2019년 7월 17일 09시,수요일,경기도 수원시 장안구 정자동,경상사고,0,0,1,0,차대사람 - 기타,안전운전불이행,포장 - 건조,맑음,교차로 - 교차로안,승합,남,54세,상해없음,보행자,여,43세,경상
15388,2019071700100193,2019년 7월 17일 10시,수요일,경기도 하남시 덕풍동,중상사고,0,1,0,0,차대사람 - 횡단중,안전운전불이행,포장 - 건조,맑음,단일로 - 기타,승합,남,70세,상해없음,보행자,여,82세,중상
15389,2019071700100207,2019년 7월 17일 10시,수요일,경기도 가평군 청평면,경상사고,0,0,2,0,차대사람 - 기타,안전운전불이행,포장 - 건조,맑음,단일로 - 교량,승합,남,56세,경상,보행자,여,70세,경상
15390,2019071700100315,2019년 7월 17일 14시,수요일,경기도 부천시 소사본동,경상사고,0,0,1,0,차대사람 - 차도통행중,안전운전불이행,포장 - 건조,맑음,단일로 - 기타,이륜,남,27세,상해없음,보행자,여,40세,경상
15391,2019071700100316,2019년 7월 17일 14시,수요일,경기도 부천시 원미동,경상사고,0,0,1,0,차대사람 - 보도통행중,기타,포장 - 건조,맑음,기타 - 기타,승합,남,64세,상해없음,보행자,여,67세,경상
15392,2019071700100322,2019년 7월 17일 14시,수요일,경기도 부천시 여월동,부상신고사고,0,0,0,1,차대사람 - 기타,안전운전불이행,포장 - 건조,맑음,단일로 - 기타,기타불명,기타불명,미분류,기타불명,보행자,남,10세,부상신고
15393,2019071700100386,2019년 7월 17일 15시,수요일,경기도 의정부시 용현동,중상사고,0,1,0,0,차대사람 - 횡단중,신호위반,포장 - 건조,맑음,교차로 - 교차로횡단보도내,승용,여,63세,상해없음,보행자,남,2세,중상
15394,2019071700100400,2019년 7월 17일 16시,수요일,경기도 안산시 상록구 부곡동,경상사고,0,0,1,0,차대사람 - 기타,보행자보호의무위반,포장 - 건조,맑음,교차로 - 교차로횡단보도내,승용,여,45세,상해없음,보행자,여,9세,경상
15395,2019071700100527,2019년 7월 17일 19시,수요일,경기도 안양시 동안구 비산동,중상사고,0,1,0,0,차대사람 - 기타,안전운전불이행,포장 - 건조,맑음,단일로 - 기타,자전거,기타불명,미분류,기타불명,보행자,여,55세,중상
15396,2019071700100532,2019년 7월 17일 19시,수요일,경기도 안산시 단원구 고잔동,부상신고사고,0,0,0,1,차대사람 - 횡단중,안전운전불이행,포장 - 건조,맑음,단일로 - 기타,이륜,남,27세,상해없음,보행자,여,6세,부상신고
15397,2019071700100584,2019년 7월 17일 21시,수요일,경기도 평택시 이충동,경상사고,0,0,1,0,차대사람 - 차도통행중,안전운전불이행,포장 - 건조,맑음,단일로 - 기타,승용,여,48세,상해없음,보행자,남,54세,경상
15398,2019071700100585,2019년 7월 17일 21시,수요일,경기도 김포시 월곶면,사망사고,1,0,0,0,차대사람 - 횡단중,안전운전불이행,포장 - 건조,맑음,교차로 - 교차로부근,승용,여,60세,상해없음,보행자,남,60세,사망
15399,2019071700100586,2019년 7월 17일 21시,수요일,경기도 수원시 권선구 세류동,중상사고,0,1,0,0,차대사람 - 차도통행중,안전운전불이행,포장 - 건조,맑음,교차로 - 교차로횡단보도내,승용,남,56세,상해없음,보행자,남,47세,중상
15400,2019071700100620,2019년 7월 17일 22시,수요일,경기도 부천시 괴안동,경상사고,0,0,1,0,차대사람 - 기타,교차로운행방법위반,포장 - 건조,맑음,교차로 - 교차로부근,승합,남,48세,상해없음,보행자,남,34세,경상
15401,2019071700100622,2019년 7월 17일 22시,수요일,경기도 용인시 기흥구 마북동,중상사고,0,1,0,0,차대사람 - 기타,안전운전불이행,포장 - 건조,맑음,단일로 - 기타,승용,남,42세,상해없음,보행자,여,15세,중상
15402,2019071700100647,2019년 7월 17일 23시,수요일,경기도 용인시 처인구 양지면,경상사고,0,0,1,0,차대사람 - 기타,안전운전불이행,포장 - 건조,맑음,교차로 - 교차로안,승용,여,28세,상해없음,보행자,남,50세,경상
15403,2019071800100020,2019년 7월 18일 00시,목요일,경기도 이천시 증포동,경상사고,0,0,1,0,차대사람 - 기타,안전운전불이행,포장 - 건조,맑음,교차로 - 교차로부근,승용,남,27세,상해없음,보행자,여,54세,경상
15404,2019071800100065,2019년 7월 18일 05시,목요일,경기도 고양시 덕양구 성사동,중상사고,0,1,0,0,차대사람 - 횡단중,안전운전불이행,포장 - 건조,맑음,교차로 - 교차로부근,승용,남,62세,상해없음,보행자,여,77세,중상