,사고번호,사고일시,요일,시군구,사고내용,사망자수,중상자수,경상자수,부상신고자수,사고유형,법규위반,노면상태,기상상태,도로형태,가해운전자 차종,가해운전자 성별,가해운전자 연령,가해운전자 상해정도,피해운전자 차종,피해운전자 성별,피해운전자 연령,피해운전자 상해정도
15405,2019071800100081,2019년 7월 18일 07시,목요일,경기도 용인시 처인구 이동읍,중상사고,0,1,0,0,차대사람 - 횡단중,신호위반,포장 - 건조,맑음,교차로 - 교차로횡단보도내,건설기계,남,60세,상해없음,보행자,여,27세,중상
15406,2019071800100084,2019년 7월 18일 07시,목요일,경기도 성남시 분당구 금곡동,경상사고,0,0,1,0,차대사람 - 기타,안전운전불이행,포장 - 건조,맑음,교차로 - 교차로부근,승용,남,73세,상해없음,보행자,남,32세,경상
15407,2019071800100102,2019년 7월 18일 08시,목요일,경기도 부천시 춘의동,경상사고,0,0,1,0,차대사람 - 기타,안전운전불이행,포장 - 건조,맑음,단일로 - 기타,승용,여,41세,상해없음,보행자,여,19세,경상
15408,2019071800100107,2019년 7월 18일 08시,목요일,경기도 화성시 오산동,경상사고,0,0,1,0,차대사람 - 기타,안전운전불이행,포장 - 건조,맑음,단일로 - 기타,승용,여,34세,상해없음,보행자,남,44세,경상
15409,2019071800100135,2019년 7월 18일 08시,목요일,경기도 고양시 덕양구 원흥동,경상사고,0,0,1,0,차대사람 - 횡단중,보행자보호의무위반,포장 - 기타,맑음,교차로 - 교차로횡단보도내,건설기계,남,72세,상해없음,보행자,남,62세,경상
15410,2019071800100143,2019년 7월 18일 09시,목요일,경기도 용인시 처인구 남사면,경상사고,0,0,1,0,차대사람 - 기타,안전운전불이행,포장 - 건조,맑음,교차로 - 교차로부근,승합,남,45세,상해없음,보행자,여,80세,경상
15411,2019071800100226,2019년 7월 18일 11시,목요일,경기도 의정부시 가능동,중상사고,0,1,0,0,차대사람 - 기타,안전운전불이행,포장 - 건조,맑음,단일로 - 기타,화물,남,61세,상해없음,보행자,남,82세,중상
15412,2019071800100266,2019년 7월 18일 13시,목요일,경기도 광주시 역동,중상사고,0,1,0,0,차대사람 - 길가장자리구역통행중,안전운전불이행,포장 - 건조,맑음,단일로 - 기타,승용,남,58세,상해없음,보행자,여,67세,중상
15413,2019071800100301,2019년 7월 18일 14시,목요일,경기도 부천시 중동,경상사고,0,0,1,0,차대사람 - 횡단중,안전운전불이행,포장 - 건조,맑음,단일로 - 기타,승용,남,59세,상해없음,보행자,남,83세,경상
15414,2019071800100335,2019년 7월 18일 15시,목요일,경기도 성남시 수정구 태평동,중상사고,0,1,0,0,차대사람 - 보도통행중,안전운전불이행,포장 - 건조,맑음,단일로 - 기타,이륜,남,62세,기타불명,보행자,여,46세,중상
15415,2019071800100362,2019년 7월 18일 15시,목요일,경기도 고양시 일산서구 탄현동,경상사고,0,0,1,0,차대사람 - 횡단중,보행자보호의무위반,포장 - 건조,맑음,단일로 - 기타,승용,남,62세,상해없음,보행자,남,4세,경상
15416,2019071800100372,2019년 7월 18일 16시,목요일,경기도 성남시 수정구 단대동,경상사고,0,0,1,0,차대사람 - 기타,안전운전불이행,포장 - 건조,맑음,교차로 - 교차로부근,승합,남,69세,상해없음,보행자,남,41세,경상
15417,2019071800100374,2019년 7월 18일 16시,목요일,경기도 오산시 원동,경상사고,0,0,1,0,차대사람 - 횡단중,안전운전불이행,포장 - 건조,맑음,교차로 - 교차로안,화물,남,43세,상해없음,보행자,여,28세,경상
15418,2019071800100399,2019년 7월 18일 16시,목요일,경기도 구리시 수택동,경상사고,0,0,1,0,차대사람 - 보도통행중,안전운전불이행,포장 - 건조,맑음,교차로 - 교차로안,이륜,남,84세,상해없음,보행자,여,69세,경상
15419,2019071800100405,2019년 7월 18일 17시,목요일,경기도 용인시 기흥구 신갈동,경상사고,0,0,1,0,차대사람 - 횡단중,안전운전불이행,포장 - 건조,맑음,교차로 - 교차로부근,승용,여,45세,상해없음,보행자,남,9세,경상
15420,2019071800100406,2019년 7월 18일 17시,목요일,경기도 안산시 단원구 고잔동,중상사고,0,1,0,0,차대사람 - 기타,안전운전불이행,포장 - 건조,맑음,단일로 - 기타,승용,남,71세,상해없음,보행자,여,74세,중상
15421,2019071800100407,2019년 7월 18일 17시,목요일,경기도 군포시 금정동,중상사고,0,1,0,0,차대사람 - 기타,안전운전불이행,포장 - 건조,맑음,단일로 - 기타,승용,남,63세,상해없음,보행자,여,2세,중상
15422,2019071800100451,2019년 7월 18일 18시,목요일,경기도 군포시 산본동,경상사고,0,0,1,0,차대사람 - 기타,안전운전불이행,포장 - 건조,맑음,단일로 - 기타,승용,남,29세,상해없음,보행자,여,66세,경상
15423,2019071800100490,2019년 7월 18일 19시,목요일,경기도 김포시 운양동,경상사고,0,0,1,0,차대사람 - 횡단중,보행자보호의무위반,포장 - 건조,맑음,교차로 - 교차로안,승용,여,31세,상해없음,보행자,남,10세,경상
15424,2019071800100511,2019년 7월 18일 19시,목요일,경기도 고양시 덕양구 화정동,경상사고,0,0,1,0,차대사람 - 기타,기타,포장 - 건조,맑음,단일로 - 기타,이륜,남,18세,상해없음,보행자,여,50세,경상
15425,2019071800100559,2019년 7월 18일 21시,목요일,경기도 평택시 이충동,부상신고사고,0,0,0,2,차대사람 - 보도통행중,안전운전불이행,포장 - 건조,맑음,단일로 - 기타,자전거,남,18세,상해없음,보행자,여,51세,부상신고
15426,2019071800100561,2019년 7월 18일 21시,목요일,경기도 광주시 역동,중상사고,0,1,0,0,차대사람 - 길가장자리구역통행중,안전운전불이행,포장 - 건조,맑음,단일로 - 기타,승용,남,35세,상해없음,보행자,남,58세,중상
15427,2019071800100562,2019년 7월 18일 21시,목요일,경기도 부천시 괴안동,중상사고,0,1,0,0,차대사람 - 차도통행중,안전운전불이행,포장 - 건조,맑음,단일로 - 기타,승용,남,69세,상해없음,보행자,남,12세,중상
15428,2019071800100566,2019년 7월 18일 21시,목요일,경기도 용인시 수지구 상현동,경상사고,0,0,1,0,차대사람 - 횡단중,신호위반,포장 - 건조,맑음,교차로 - 교차로안,승용,여,39세,상해없음,보행자,남,16세,경상
15429,2019071800100581,2019년 7월 18일 21시,목요일,경기도 의정부시 금오동,경상사고,0,0,1,0,차대사람 - 횡단중,보행자보호의무위반,포장 - 건조,맑음,단일로 - 기타,승용,여,36세,상해없음,보행자,남,38세,경상
15430,2019071800100586,2019년 7월 18일 22시,목요일,경기도 수원시 장안구 송죽동,중상사고,0,1,0,0,차대사람 - 차도통행중,중앙선침범,포장 - 건조,맑음,교차로 - 교차로횡단보도내,승합,남,59세,기타불명,보행자,여,25세,중상
15431,2019071900100035,2019년 7월 19일 00시,금요일,경기도 군포시 산본동,경상사고,0,0,1,0,차대사람 - 기타,안전운전불이행,포장 - 건조,맑음,교차로 - 교차로안,화물,남,48세,상해없음,보행자,남,30세,경상
15432,2019071900100038,2019년 7월 19일 00시,금요일,경기도 화성시 기안동,경상사고,0,0,1,0,차대사람 - 기타,안전운전불이행,포장 - 건조,맑음,교차로 - 교차로안,승합,남,70세,상해없음,보행자,여,73세,경상
15433,2019071900100044,2019년 7월 19일 01시,금요일,경기도 안양시 동안구 호계동,경상사고,0,0,1,0,차대사람 - 기타,안전운전불이행,포장 - 건조,맑음,기타 - 기타,화물,남,33세,상해없음,보행자,남,58세,경상
15434,2019071900100077,2019년 7월 19일 04시,금요일,경기도 수원시 영통구 매탄동,경상사고,0,0,1,0,차대사람 - 보도통행중,보행자보호의무위반,포장 - 건조,맑음,교차로 - 교차로안,승용,남,28세,상해없음,보행자,남,25세,경상
15435,2019071900100095,2019년 7월 19일 05시,금요일,경기도 구리시 교문동,경상사고,0,0,1,0,차대사람 - 횡단중,신호위반,포장 - 건조,맑음,교차로 - 교차로안,승용,여,53세,상해없음,보행자,남,57세,경상
15436,2019071900100124,2019년 7월 19일 07시,금요일,경기도 파주시 조리읍,부상신고사고,0,0,0,1,차대사람 - 길가장자리구역통행중,안전운전불이행,포장 - 건조,맑음,단일로 - 기타,원동기,남,79세,상해없음,보행자,여,40세,부상신고
15437,2019071900100140,2019년 7월 19일 08시,금요일,경기도 안성시 계동,경상사고,0,0,1,0,차대사람 - 기타,안전운전불이행,포장 - 건조,맑음,기타 - 기타,화물,남,50세,상해없음,보행자,여,54세,경상
15438,2019071900100141,2019년 7월 19일 08시,금요일,경기도 안양시 동안구 관양동,경상사고,0,0,1,0,차대사람 - 횡단중,안전운전불이행,포장 - 건조,맑음,교차로 - 교차로부근,승용,남,74세,상해없음,보행자,남,29세,경상
15439,2019071900100145,2019년 7월 19일 08시,금요일,경기도 광주시 오포읍,경상사고,0,0,1,0,차대사람 - 기타,안전운전불이행,포장 - 기타,기타,기타 - 기타,승용,여,53세,기타불명,보행자,여,36세,경상
15440,2019071900100148,2019년 7월 19일 08시,금요일,경기도 성남시 분당구 서현동,경상사고,0,0,1,0,차대사람 - 보도통행중,안전운전불이행,포장 - 건조,맑음,교차로 - 교차로안,승용,남,39세,상해없음,보행자,여,27세,경상
15441,2019071900100213,2019년 7월 19일 09시,금요일,경기도 의정부시 민락동,경상사고,0,0,1,0,차대사람 - 기타,안전운전불이행,포장 - 건조,기타,단일로 - 기타,승합,남,56세,상해없음,보행자,여,36세,경상
15442,2019071900100225,2019년 7월 19일 10시,금요일,경기도 부천시 원미동,경상사고,0,0,1,0,차대사람 - 기타,기타,포장 - 건조,맑음,단일로 - 기타,승합,남,59세,상해없음,보행자,남,35세,경상
15443,2019071900100305,2019년 7월 19일 12시,금요일,경기도 오산시 세교동,경상사고,0,0,1,0,차대사람 - 횡단중,보행자보호의무위반,포장 - 건조,맑음,교차로 - 교차로횡단보도내,승용,남,73세,상해없음,보행자,남,79세,경상
15444,2019071900100310,2019년 7월 19일 12시,금요일,경기도 하남시 망월동,부상신고사고,0,0,0,1,차대사람 - 기타,교차로운행방법위반,포장 - 건조,맑음,교차로 - 교차로안,승용,남,28세,상해없음,보행자,남,44세,부상신고
15445,2019071900100338,2019년 7월 19일 12시,금요일,경기도 고양시 일산서구 탄현동,경상사고,0,0,1,0,차대사람 - 기타,안전운전불이행,포장 - 건조,맑음,단일로 - 기타,이륜,남,16세,상해없음,보행자,여,65세,경상
15446,2019071900100349,2019년 7월 19일 13시,금요일,경기도 수원시 팔달구 남수동,경상사고,0,0,1,0,차대사람 - 횡단중,안전운전불이행,포장 - 건조,맑음,교차로 - 교차로안,승용,남,66세,상해없음,보행자,여,7세,경상
15447,2019071900100592,2019년 7월 19일 19시,금요일,경기도 화성시 능동,중상사고,0,1,0,0,차대사람 - 횡단중,중앙선침범,포장 - 건조,흐림,단일로 - 기타,승용,남,37세,상해없음,보행자,여,58세,중상
15448,2019071900100620,2019년 7월 19일 20시,금요일,경기도 김포시 북변동,경상사고,0,0,1,0,차대사람 - 기타,기타,포장 - 건조,맑음,단일로 - 기타,승합,남,36세,상해없음,보행자,남,57세,경상
15449,2019071900100628,2019년 7월 19일 20시,금요일,경기도 화성시 서신면,중상사고,0,1,0,0,차대사람 - 기타,안전운전불이행,포장 - 건조,맑음,단일로 - 기타,화물,남,45세,상해없음,보행자,남,69세,중상
15450,2019071900100650,2019년 7월 19일 20시,금요일,경기도 의정부시 의정부동,경상사고,0,0,1,0,차대사람 - 기타,신호위반,포장 - 건조,맑음,교차로 - 교차로부근,승용,남,49세,상해없음,보행자,남,20세,경상
15451,2019071900100658,2019년 7월 19일 21시,금요일,경기도 평택시 서정동,경상사고,0,0,1,0,차대사람 - 기타,안전운전불이행,포장 - 건조,맑음,교차로 - 교차로안,승합,남,44세,상해없음,보행자,남,44세,경상
15452,2019071900100665,2019년 7월 19일 21시,금요일,경기도 화성시 진안동,경상사고,0,0,1,0,차대사람 - 횡단중,안전운전불이행,포장 - 건조,맑음,교차로 - 교차로부근,승용,여,33세,상해없음,보행자,남,41세,경상
15453,2019071900100700,2019년 7월 19일 22시,금요일,경기도 광명시 광명동,경상사고,0,0,1,0,차대사람 - 기타,안전운전불이행,포장 - 건조,맑음,단일로 - 기타,승용,여,41세,상해없음,보행자,여,43세,경상
15454,2019071900100727,2019년 7월 19일 23시,금요일,경기도 안산시 단원구 신길동,중상사고,0,1,0,0,차대사람 - 횡단중,기타,포장 - 건조,맑음,단일로 - 기타,원동기,남,52세,상해없음,보행자,여,49세,중상
15455,2019071900100730,2019년 7월 19일 23시,금요일,경기도 성남시 중원구 상대원동,경상사고,0,0,1,0,차대사람 - 기타,안전운전불이행,포장 - 건조,맑음,단일로 - 기타,승용,남,34세,상해없음,보행자,남,17세,경상
15456,2019072000100045,2019년 7월 20일 00시,토요일,경기도 고양시 덕양구 행신동,경상사고,0,0,1,0,차대사람 - 기타,보행자보호의무위반,포장 - 건조,맑음,단일로 - 기타,승합,남,28세,상해없음,보행자,남,72세,경상
15457,2019072000100081,2019년 7월 20일 02시,토요일,경기도 의정부시 의정부동,부상신고사고,0,0,0,1,차대사람 - 기타,안전운전불이행,포장 - 건조,맑음,단일로 - 기타,이륜,남,24세,상해없음,보행자,남,20세,부상신고
15458,2019072000100088,2019년 7월 20일 03시,토요일,경기도 성남시 수정구 수진동,경상사고,0,0,1,0,차대사람 - 기타,안전운전불이행,포장 - 건조,맑음,단일로 - 기타,승용,남,32세,상해없음,보행자,남,62세,경상
15459,2019072000100119,2019년 7월 20일 06시,토요일,경기도 남양주시 진건읍,중상사고,0,1,0,0,차대사람 - 기타,안전운전불이행,포장 - 건조,맑음,단일로 - 기타,기타불명,기타불명,미분류,기타불명,보행자,여,76세,중상
15460,2019072000100126,2019년 7월 20일 07시,토요일,경기도 파주시 월롱면,경상사고,0,0,1,0,차대사람 - 횡단중,신호위반,포장 - 건조,맑음,교차로 - 교차로안,승용,남,54세,상해없음,보행자,여,37세,경상
15461,2019072000100149,2019년 7월 20일 09시,토요일,경기도 수원시 팔달구 팔달로3가,중상사고,0,1,0,0,차대사람 - 기타,안전운전불이행,포장 - 젖음/습기,비,단일로 - 기타,승용,남,71세,상해없음,보행자,남,81세,중상
15462,2019072000100180,2019년 7월 20일 10시,토요일,경기도 수원시 영통구 영통동,중상사고,0,1,0,0,차대사람 - 횡단중,안전운전불이행,포장 - 젖음/습기,비,기타 - 기타,승용,남,42세,상해없음,보행자,여,11세,중상
15463,2019072000100316,2019년 7월 20일 13시,토요일,경기도 구리시 인창동,경상사고,0,0,1,0,차대사람 - 횡단중,보행자보호의무위반,포장 - 젖음/습기,흐림,단일로 - 기타,승용,여,47세,상해없음,보행자,남,6세,경상
15464,2019072000100318,2019년 7월 20일 13시,토요일,경기도 고양시 일산서구 일산동,경상사고,0,0,1,0,차대사람 - 횡단중,신호위반,포장 - 건조,맑음,교차로 - 교차로안,승용,여,53세,상해없음,보행자,여,21세,경상
15465,2019072000100356,2019년 7월 20일 14시,토요일,경기도 동두천시 지행동,중상사고,0,1,0,0,차대사람 - 기타,안전운전불이행,포장 - 건조,흐림,기타 - 기타,승용,남,24세,상해없음,보행자,남,79세,중상
15466,2019072000100380,2019년 7월 20일 15시,토요일,경기도 고양시 덕양구 성사동,경상사고,0,0,1,0,차대사람 - 횡단중,안전운전불이행,포장 - 건조,맑음,교차로 - 교차로횡단보도내,승용,남,68세,상해없음,보행자,여,63세,경상
15467,2019072000100385,2019년 7월 20일 15시,토요일,경기도 고양시 일산서구 일산동,경상사고,0,0,1,0,차대사람 - 횡단중,보행자보호의무위반,포장 - 건조,맑음,교차로 - 교차로부근,승용,여,36세,상해없음,보행자,남,9세,경상
15468,2019072000100421,2019년 7월 20일 17시,토요일,경기도 성남시 분당구 야탑동,경상사고,0,0,1,0,차대사람 - 기타,안전운전불이행,포장 - 건조,맑음,단일로 - 기타,승합,남,70세,상해없음,보행자,남,53세,경상
15469,2019072000100445,2019년 7월 20일 18시,토요일,경기도 수원시 장안구 영화동,경상사고,0,0,1,0,차대사람 - 횡단중,안전운전불이행,포장 - 건조,맑음,교차로 - 교차로안,승용,남,59세,상해없음,보행자,여,56세,경상
15470,2019072000100469,2019년 7월 20일 18시,토요일,경기도 남양주시 화도읍,경상사고,0,0,1,0,차대사람 - 기타,안전운전불이행,포장 - 건조,흐림,단일로 - 기타,승합,여,55세,상해없음,보행자,남,13세,경상
15471,2019072000100480,2019년 7월 20일 19시,토요일,경기도 수원시 팔달구 인계동,부상신고사고,0,0,0,1,차대사람 - 기타,안전운전불이행,포장 - 건조,맑음,단일로 - 기타,승용,여,43세,상해없음,보행자,남,38세,부상신고
15472,2019072000100531,2019년 7월 20일 20시,토요일,경기도 남양주시 와부읍,경상사고,0,0,1,0,차대사람 - 횡단중,보행자보호의무위반,포장 - 건조,맑음,교차로 - 교차로횡단보도내,승용,남,54세,상해없음,보행자,남,30세,경상
15473,2019072000100533,2019년 7월 20일 20시,토요일,경기도 고양시 일산서구 대화동,중상사고,0,1,0,0,차대사람 - 횡단중,안전운전불이행,포장 - 건조,맑음,교차로 - 교차로횡단보도내,승용,남,67세,상해없음,보행자,여,17세,중상
15474,2019072000100547,2019년 7월 20일 21시,토요일,경기도 수원시 장안구 조원동,중상사고,0,1,0,0,차대사람 - 기타,안전운전불이행,포장 - 건조,흐림,단일로 - 기타,승용,남,61세,상해없음,보행자,남,64세,중상
15475,2019072000100588,2019년 7월 20일 22시,토요일,경기도 수원시 팔달구 매산로2가,경상사고,0,0,1,0,차대사람 - 기타,안전운전불이행,포장 - 건조,맑음,단일로 - 기타,승용,남,36세,상해없음,보행자,남,29세,경상
15476,2019072000100619,2019년 7월 20일 22시,토요일,경기도 고양시 덕양구 주교동,경상사고,0,0,1,0,차대사람 - 길가장자리구역통행중,안전운전불이행,포장 - 건조,맑음,교차로 - 교차로부근,승용,남,32세,상해없음,보행자,남,50세,경상
15477,2019072100100042,2019년 7월 21일 01시,일요일,경기도 평택시 서정동,경상사고,0,0,1,0,차대사람 - 횡단중,안전운전불이행,포장 - 건조,맑음,단일로 - 기타,이륜,남,20세,상해없음,보행자,남,41세,경상
15478,2019072100100043,2019년 7월 21일 01시,일요일,경기도 용인시 기흥구 신갈동,경상사고,0,0,1,0,차대사람 - 횡단중,신호위반,포장 - 젖음/습기,비,교차로 - 교차로횡단보도내,승용,남,48세,상해없음,보행자,남,22세,경상
15479,2019072100100071,2019년 7월 21일 02시,일요일,경기도 구리시 인창동,사망사고,1,0,0,0,차대사람 - 기타,과속,포장 - 젖음/습기,비,단일로 - 기타,승용,남,42세,상해없음,보행자,남,44세,사망
15480,2019072100100092,2019년 7월 21일 04시,일요일,경기도 수원시 장안구 영화동,중상사고,0,1,1,0,차대사람 - 횡단중,안전운전불이행,포장 - 젖음/습기,비,교차로 - 교차로부근,승용,남,65세,상해없음,보행자,남,46세,경상
15481,2019072100100093,2019년 7월 21일 04시,일요일,경기도 오산시 오산동,중상사고,0,1,0,0,차대사람 - 기타,안전운전불이행,포장 - 젖음/습기,비,단일로 - 기타,승용,여,49세,상해없음,보행자,남,61세,중상
15482,2019072100100141,2019년 7월 21일 08시,일요일,경기도 안산시 상록구 이동,경상사고,0,0,1,0,차대사람 - 기타,안전운전불이행,포장 - 건조,맑음,단일로 - 기타,자전거,여,65세,기타불명,보행자,남,37세,경상
15483,2019072100100184,2019년 7월 21일 11시,일요일,경기도 수원시 팔달구 화서동,중상사고,0,1,0,0,차대사람 - 횡단중,보행자보호의무위반,포장 - 젖음/습기,흐림,교차로 - 교차로안,승용,여,60세,상해없음,보행자,여,64세,중상
15484,2019072100100185,2019년 7월 21일 11시,일요일,경기도 이천시 부발읍,경상사고,0,0,1,0,차대사람 - 횡단중,안전운전불이행,포장 - 젖음/습기,비,교차로 - 교차로안,승용,남,66세,상해없음,보행자,여,77세,경상
15485,2019072100100198,2019년 7월 21일 11시,일요일,경기도 의정부시 의정부동,경상사고,0,0,1,0,차대사람 - 길가장자리구역통행중,안전운전불이행,포장 - 건조,맑음,교차로 - 교차로부근,승용,남,24세,상해없음,보행자,여,14세,경상
15486,2019072100100250,2019년 7월 21일 13시,일요일,경기도 고양시 덕양구 화정동,경상사고,0,0,1,0,차대사람 - 횡단중,보행자보호의무위반,포장 - 젖음/습기,비,단일로 - 기타,이륜,남,25세,상해없음,보행자,남,8세,경상
15487,2019072100100276,2019년 7월 21일 14시,일요일,경기도 고양시 덕양구 고양동,중상사고,0,1,0,0,차대사람 - 횡단중,보행자보호의무위반,포장 - 건조,맑음,교차로 - 교차로횡단보도내,승합,남,52세,상해없음,보행자,여,87세,중상
15488,2019072100100284,2019년 7월 21일 15시,일요일,경기도 하남시 창우동,경상사고,0,0,1,0,차대사람 - 기타,안전운전불이행,포장 - 건조,맑음,기타 - 기타,승용,남,56세,기타불명,보행자,여,37세,경상
15489,2019072100100371,2019년 7월 21일 18시,일요일,경기도 부천시 심곡본동,경상사고,0,0,1,0,차대사람 - 길가장자리구역통행중,안전운전불이행,포장 - 건조,맑음,단일로 - 기타,승용,남,54세,상해없음,보행자,남,55세,경상
15490,2019072100100398,2019년 7월 21일 19시,일요일,경기도 성남시 분당구 정자동,경상사고,0,0,1,0,차대사람 - 기타,안전운전불이행,포장 - 건조,맑음,단일로 - 기타,자전거,남,42세,상해없음,보행자,여,54세,경상
15491,2019072100100426,2019년 7월 21일 20시,일요일,경기도 시흥시 거모동,중상사고,0,1,0,0,차대사람 - 횡단중,안전운전불이행,포장 - 건조,맑음,교차로 - 교차로횡단보도내,승용,남,52세,상해없음,보행자,남,62세,중상
15492,2019072100100455,2019년 7월 21일 21시,일요일,경기도 평택시 오성면,중상사고,0,1,0,0,차대사람 - 횡단중,안전운전불이행,포장 - 건조,맑음,교차로 - 교차로안,승용,남,44세,상해없음,보행자,여,85세,중상
15493,2019072100100459,2019년 7월 21일 21시,일요일,경기도 화성시 반월동,경상사고,0,0,1,0,차대사람 - 기타,안전운전불이행,포장 - 건조,맑음,교차로 - 교차로안,승용,남,35세,상해없음,보행자,남,55세,경상
15494,2019072100100474,2019년 7월 21일 22시,일요일,경기도 안산시 단원구 고잔동,경상사고,0,0,1,0,차대사람 - 기타,안전운전불이행,포장 - 건조,맑음,교차로 - 교차로부근,승용,남,32세,상해없음,보행자,남,41세,경상
15495,2019072100100475,2019년 7월 21일 22시,일요일,경기도 수원시 팔달구 인계동,부상신고사고,0,0,0,1,차대사람 - 기타,안전운전불이행,포장 - 건조,맑음,기타 - 기타,이륜,남,23세,상해없음,보행자,남,50세,부상신고
15496,2019072100100484,2019년 7월 21일 22시,일요일,경기도 연천군 청산면,중상사고,0,1,0,0,차대사람 - 기타,안전운전불이행,포장 - 건조,맑음,교차로 - 교차로안,승용,남,32세,상해없음,보행자,남,52세,중상
15497,2019072100100489,2019년 7월 21일 23시,일요일,경기도 평택시 고덕면,경상사고,0,0,1,0,차대사람 - 기타,안전운전불이행,포장 - 건조,맑음,교차로 - 교차로안,화물,남,55세,상해없음,보행자,남,58세,경상
15498,2019072200100078,2019년 7월 22일 06시,월요일,경기도 성남시 중원구 은행동,경상사고,0,0,1,0,차대사람 - 길가장자리구역통행중,안전운전불이행,포장 - 건조,맑음,단일로 - 기타,승용,남,66세,상해없음,보행자,여,51세,경상
15499,2019072200100092,2019년 7월 22일 07시,월요일,경기도 안양시 동안구 호계동,경상사고,0,0,1,0,차대사람 - 횡단중,안전운전불이행,포장 - 건조,맑음,단일로 - 기타,승용,여,44세,상해없음,보행자,남,29세,경상
15500,2019072200100095,2019년 7월 22일 07시,월요일,경기도 용인시 처인구 원삼면,중상사고,0,1,0,0,차대사람 - 길가장자리구역통행중,안전운전불이행,포장 - 젖음/습기,맑음,단일로 - 기타,이륜,남,31세,상해없음,보행자,여,83세,중상
15501,2019072200100151,2019년 7월 22일 08시,월요일,경기도 고양시 덕양구 오금동,경상사고,0,0,1,0,차대사람 - 기타,안전운전불이행,포장 - 건조,맑음,단일로 - 기타,승용,남,23세,상해없음,보행자,남,67세,경상
15502,2019072200100153,2019년 7월 22일 08시,월요일,경기도 파주시 군내면,중상사고,0,1,0,0,차대사람 - 길가장자리구역통행중,안전운전불이행,포장 - 건조,맑음,교차로 - 교차로부근,화물,남,62세,상해없음,보행자,여,59세,중상
15503,2019072200100227,2019년 7월 22일 10시,월요일,경기도 남양주시 화도읍,경상사고,0,0,1,0,차대사람 - 차도통행중,안전운전불이행,포장 - 건조,맑음,교차로 - 교차로부근,승용,남,47세,상해없음,보행자,남,51세,경상
15504,2019072200100229,2019년 7월 22일 10시,월요일,경기도 포천시 소흘읍,경상사고,0,0,1,0,차대사람 - 보도통행중,보행자보호의무위반,포장 - 건조,맑음,교차로 - 교차로횡단보도내,화물,남,62세,상해없음,보행자,남,55세,경상
15505,2019072200100239,2019년 7월 22일 11시,월요일,경기도 부천시 중동,중상사고,0,1,0,0,차대사람 - 길가장자리구역통행중,중앙선침범,포장 - 건조,맑음,단일로 - 기타,승용,남,34세,상해없음,보행자,남,73세,중상
15506,2019072200100299,2019년 7월 22일 12시,월요일,경기도 남양주시 화도읍,경상사고,0,0,1,0,차대사람 - 횡단중,안전운전불이행,포장 - 건조,맑음,교차로 - 교차로부근,자전거,남,13세,상해없음,보행자,남,9세,경상
15507,2019072200100319,2019년 7월 22일 13시,월요일,경기도 성남시 중원구 상대원동,경상사고,0,0,1,0,차대사람 - 길가장자리구역통행중,안전운전불이행,포장 - 건조,맑음,단일로 - 기타,승용,남,19세,상해없음,보행자,남,20세,경상
15508,2019072200100321,2019년 7월 22일 13시,월요일,경기도 수원시 팔달구 매산로2가,경상사고,0,0,1,0,차대사람 - 차도통행중,안전운전불이행,포장 - 건조,맑음,단일로 - 기타,승용,남,71세,상해없음,보행자,남,41세,경상
15509,2019072200100362,2019년 7월 22일 14시,월요일,경기도 성남시 중원구 하대원동,중상사고,0,1,0,0,차대사람 - 기타,안전운전불이행,포장 - 건조,맑음,교차로 - 교차로안,기타불명,기타불명,미분류,기타불명,보행자,남,75세,중상
15510,2019072200100398,2019년 7월 22일 15시,월요일,경기도 수원시 영통구 매탄동,경상사고,0,0,1,0,차대사람 - 차도통행중,안전운전불이행,포장 - 건조,맑음,단일로 - 기타,승용,여,64세,상해없음,보행자,남,10세,경상
15511,2019072200100444,2019년 7월 22일 16시,월요일,경기도 부천시 심곡본동,중상사고,0,1,0,0,차대사람 - 차도통행중,안전운전불이행,포장 - 건조,맑음,단일로 - 기타,승용,여,63세,상해없음,보행자,여,53세,중상
15512,2019072200100486,2019년 7월 22일 17시,월요일,경기도 평택시 고덕면,중상사고,0,1,0,0,차대사람 - 횡단중,안전운전불이행,포장 - 건조,맑음,교차로 - 교차로부근,이륜,남,65세,상해없음,보행자,여,69세,중상
15513,2019072200100488,2019년 7월 22일 17시,월요일,경기도 부천시 중동,부상신고사고,0,0,0,1,차대사람 - 기타,안전운전불이행,포장 - 건조,흐림,기타 - 기타,승용,남,65세,상해없음,보행자,남,79세,부상신고
15514,2019072200100489,2019년 7월 22일 17시,월요일,경기도 수원시 영통구 영통동,중상사고,0,1,0,0,차대사람 - 횡단중,신호위반,포장 - 건조,맑음,교차로 - 교차로횡단보도내,이륜,남,56세,상해없음,보행자,남,65세,중상
15515,2019072200100540,2019년 7월 22일 18시,월요일,경기도 안성시 일죽면,중상사고,0,1,0,1,차대사람 - 횡단중,안전운전불이행,포장 - 건조,맑음,교차로 - 교차로안,승용,남,55세,상해없음,보행자,여,38세,중상
15516,2019072200100541,2019년 7월 22일 18시,월요일,경기도 안양시 동안구 관양동,중상사고,0,1,0,0,차대사람 - 차도통행중,안전운전불이행,포장 - 건조,맑음,단일로 - 기타,승용,남,39세,상해없음,보행자,남,9세,중상