,사고번호,사고일시,요일,시군구,사고내용,사망자수,중상자수,경상자수,부상신고자수,사고유형,법규위반,노면상태,기상상태,도로형태,가해운전자 차종,가해운전자 성별,가해운전자 연령,가해운전자 상해정도,피해운전자 차종,피해운전자 성별,피해운전자 연령,피해운전자 상해정도
15517,2019072200100543,2019년 7월 22일 18시,월요일,경기도 용인시 처인구 역북동,부상신고사고,0,0,0,1,차대사람 - 횡단중,안전운전불이행,포장 - 건조,맑음,단일로 - 기타,이륜,남,41세,상해없음,보행자,여,16세,부상신고
15518,2019072200100549,2019년 7월 22일 18시,월요일,경기도 성남시 중원구 성남동,중상사고,0,1,0,0,차대사람 - 기타,안전운전불이행,포장 - 건조,맑음,단일로 - 기타,승용,여,54세,상해없음,보행자,남,58세,중상
15519,2019072200100554,2019년 7월 22일 18시,월요일,경기도 부천시 오정동,중상사고,0,1,0,0,차대사람 - 기타,안전운전불이행,포장 - 건조,맑음,교차로 - 교차로안,승용,남,53세,상해없음,보행자,여,74세,중상
15520,2019072200100601,2019년 7월 22일 19시,월요일,경기도 용인시 수지구 동천동,사망사고,1,0,0,0,차대사람 - 횡단중,보행자보호의무위반,포장 - 건조,맑음,단일로 - 기타,승합,남,60세,상해없음,보행자,남,58세,사망
15521,2019072200100642,2019년 7월 22일 20시,월요일,경기도 안산시 단원구 고잔동,경상사고,0,0,2,0,차대사람 - 횡단중,안전운전불이행,포장 - 건조,맑음,교차로 - 교차로부근,이륜,남,22세,경상,보행자,여,68세,경상
15522,2019072200100645,2019년 7월 22일 20시,월요일,경기도 시흥시 신천동,경상사고,0,0,1,0,차대사람 - 기타,안전운전불이행,포장 - 젖음/습기,흐림,단일로 - 기타,승용,남,50세,상해없음,보행자,남,35세,경상
15523,2019072200100654,2019년 7월 22일 20시,월요일,경기도 시흥시 금이동,사망사고,2,0,0,0,차대사람 - 기타,안전운전불이행,포장 - 건조,맑음,단일로 - 기타,승용,남,36세,상해없음,보행자,여,44세,사망
15524,2019072200100669,2019년 7월 22일 21시,월요일,경기도 수원시 팔달구 화서동,부상신고사고,0,0,0,1,차대사람 - 횡단중,신호위반,포장 - 건조,맑음,단일로 - 기타,이륜,남,44세,부상신고,보행자,남,15세,상해없음
15525,2019072200100670,2019년 7월 22일 21시,월요일,경기도 수원시 장안구 영화동,경상사고,0,0,1,0,차대사람 - 기타,안전운전불이행,포장 - 건조,맑음,단일로 - 기타,승용,남,20세,상해없음,보행자,여,18세,경상
15526,2019072200100701,2019년 7월 22일 22시,월요일,경기도 부천시 상동,중상사고,0,2,0,0,차대사람 - 기타,안전운전불이행,포장 - 건조,맑음,단일로 - 기타,이륜,남,16세,상해없음,보행자,여,61세,중상
15527,2019072200100704,2019년 7월 22일 22시,월요일,경기도 부천시 원종동,경상사고,0,0,1,0,차대사람 - 기타,안전운전불이행,포장 - 건조,맑음,단일로 - 기타,승용,남,56세,상해없음,보행자,남,26세,경상
15528,2019072200100717,2019년 7월 22일 22시,월요일,경기도 고양시 일산동구 장항동,중상사고,0,1,0,0,차대사람 - 횡단중,보행자보호의무위반,포장 - 건조,맑음,교차로 - 교차로횡단보도내,승용,남,58세,상해없음,보행자,남,53세,중상
15529,2019072200100727,2019년 7월 22일 23시,월요일,경기도 이천시 부발읍,중상사고,0,1,0,0,차대사람 - 횡단중,안전운전불이행,포장 - 건조,맑음,교차로 - 교차로안,승용,남,39세,상해없음,보행자,여,20세,중상
15530,2019072300100079,2019년 7월 23일 05시,화요일,경기도 수원시 팔달구 고등동,중상사고,0,1,0,0,차대사람 - 기타,안전운전불이행,포장 - 건조,맑음,단일로 - 기타,승용,남,52세,상해없음,보행자,남,67세,중상
15531,2019072300100094,2019년 7월 23일 06시,화요일,경기도 남양주시 다산동,중상사고,0,1,0,0,차대사람 - 기타,안전운전불이행,포장 - 건조,맑음,교차로 - 교차로횡단보도내,승용,여,44세,상해없음,보행자,남,19세,중상
15532,2019072300100111,2019년 7월 23일 07시,화요일,경기도 양주시 덕정동,경상사고,0,0,1,0,차대사람 - 기타,안전운전불이행,포장 - 건조,맑음,단일로 - 기타,기타불명,기타불명,미분류,기타불명,보행자,여,71세,경상
15533,2019072300100112,2019년 7월 23일 07시,화요일,경기도 가평군 청평면,중상사고,0,1,0,0,차대사람 - 횡단중,보행자보호의무위반,포장 - 젖음/습기,흐림,교차로 - 교차로횡단보도내,화물,남,46세,상해없음,보행자,남,56세,중상
15534,2019072300100121,2019년 7월 23일 08시,화요일,경기도 수원시 권선구 권선동,부상신고사고,0,0,0,1,차대사람 - 기타,안전운전불이행,포장 - 건조,맑음,단일로 - 기타,승용,남,53세,상해없음,보행자,남,9세,부상신고
15535,2019072300100122,2019년 7월 23일 08시,화요일,경기도 시흥시 정왕동,중상사고,0,1,0,0,차대사람 - 기타,안전운전불이행,포장 - 건조,맑음,교차로 - 교차로안,승용,남,28세,상해없음,보행자,남,63세,중상
15536,2019072300100123,2019년 7월 23일 08시,화요일,경기도 시흥시 정왕동,사망사고,1,0,0,0,차대사람 - 기타,안전운전불이행,포장 - 건조,맑음,교차로 - 교차로안,화물,남,42세,상해없음,보행자,여,60세,사망
15537,2019072300100191,2019년 7월 23일 10시,화요일,경기도 성남시 수정구 태평동,경상사고,0,0,1,0,차대사람 - 기타,안전운전불이행,포장 - 건조,맑음,단일로 - 기타,화물,남,35세,기타불명,보행자,여,14세,경상
15538,2019072300100194,2019년 7월 23일 10시,화요일,경기도 시흥시 정왕동,경상사고,0,0,1,0,차대사람 - 횡단중,안전운전불이행,포장 - 건조,맑음,교차로 - 교차로부근,승용,여,43세,상해없음,보행자,남,23세,경상
15539,2019072300100196,2019년 7월 23일 10시,화요일,경기도 수원시 팔달구 매산로1가,경상사고,0,0,1,0,차대사람 - 차도통행중,안전운전불이행,포장 - 건조,맑음,단일로 - 기타,승용,남,78세,상해없음,보행자,여,38세,경상
15540,2019072300100246,2019년 7월 23일 11시,화요일,경기도 남양주시 수동면,중상사고,0,1,0,0,차대사람 - 길가장자리구역통행중,안전운전불이행,포장 - 건조,맑음,단일로 - 기타,승용,남,63세,상해없음,보행자,여,71세,중상
15541,2019072300100253,2019년 7월 23일 12시,화요일,경기도 용인시 기흥구 상하동,중상사고,0,1,0,0,차대사람 - 차도통행중,안전운전불이행,포장 - 건조,맑음,단일로 - 기타,건설기계,남,57세,상해없음,보행자,여,80세,중상
15542,2019072300100257,2019년 7월 23일 12시,화요일,경기도 부천시 심곡동,경상사고,0,0,1,0,차대사람 - 차도통행중,안전운전불이행,포장 - 건조,맑음,단일로 - 기타,승용,여,66세,상해없음,보행자,여,24세,경상
15543,2019072300100298,2019년 7월 23일 13시,화요일,경기도 화성시 진안동,경상사고,0,0,1,0,차대사람 - 횡단중,안전운전불이행,포장 - 건조,맑음,교차로 - 교차로횡단보도내,승용,남,58세,상해없음,보행자,남,49세,경상
15544,2019072300100337,2019년 7월 23일 14시,화요일,경기도 광주시 역동,경상사고,0,0,1,0,차대사람 - 기타,안전운전불이행,포장 - 기타,기타,기타 - 기타,기타불명,기타불명,미분류,기타불명,보행자,여,27세,경상
15545,2019072300100381,2019년 7월 23일 15시,화요일,경기도 부천시 춘의동,경상사고,0,0,1,0,차대사람 - 기타,안전운전불이행,포장 - 건조,맑음,단일로 - 기타,승용,여,27세,상해없음,보행자,여,60세,경상
15546,2019072300100413,2019년 7월 23일 16시,화요일,경기도 수원시 장안구 조원동,중상사고,0,1,0,0,차대사람 - 횡단중,안전운전불이행,포장 - 건조,맑음,교차로 - 교차로안,승용,여,34세,상해없음,보행자,남,18세,중상
15547,2019072300100415,2019년 7월 23일 16시,화요일,경기도 용인시 기흥구 농서동,중상사고,0,1,0,0,차대사람 - 기타,안전운전불이행,포장 - 건조,맑음,단일로 - 기타,화물,남,45세,상해없음,보행자,남,40세,중상
15548,2019072300100468,2019년 7월 23일 17시,화요일,경기도 용인시 처인구 고림동,경상사고,0,0,1,0,차대사람 - 횡단중,안전운전불이행,포장 - 건조,맑음,단일로 - 기타,기타불명,기타불명,미분류,기타불명,보행자,남,5세,경상
15549,2019072300100504,2019년 7월 23일 17시,화요일,경기도 남양주시 평내동,중상사고,0,1,0,0,차대사람 - 횡단중,신호위반,포장 - 건조,흐림,교차로 - 교차로횡단보도내,승용,남,46세,상해없음,보행자,남,7세,중상
15550,2019072300100505,2019년 7월 23일 17시,화요일,경기도 파주시 조리읍,중상사고,0,1,1,0,차대사람 - 횡단중,안전운전불이행,포장 - 건조,맑음,단일로 - 기타,승용,남,56세,상해없음,보행자,여,50세,중상
15551,2019072300100542,2019년 7월 23일 18시,화요일,경기도 고양시 덕양구 고양동,경상사고,0,0,1,0,차대사람 - 길가장자리구역통행중,안전운전불이행,포장 - 건조,맑음,단일로 - 기타,승용,여,49세,기타불명,보행자,여,58세,경상
15552,2019072300100544,2019년 7월 23일 18시,화요일,경기도 포천시 신북면,중상사고,0,1,0,0,차대사람 - 기타,안전운전불이행,포장 - 건조,맑음,단일로 - 기타,승용,여,59세,상해없음,보행자,여,76세,중상
15553,2019072300100554,2019년 7월 23일 19시,화요일,경기도 이천시 마장면,경상사고,0,0,1,0,차대사람 - 기타,안전운전불이행,포장 - 건조,맑음,단일로 - 기타,화물,남,57세,상해없음,보행자,남,41세,경상
15554,2019072300100577,2019년 7월 23일 19시,화요일,경기도 고양시 덕양구 성사동,부상신고사고,0,0,0,1,차대사람 - 기타,안전운전불이행,포장 - 기타,맑음,주차장 - 주차장,승용,여,73세,상해없음,보행자,여,18세,부상신고
15555,2019072300100646,2019년 7월 23일 22시,화요일,경기도 부천시 중동,경상사고,0,0,1,0,차대사람 - 기타,신호위반,포장 - 건조,맑음,교차로 - 교차로안,승용,남,44세,상해없음,보행자,여,15세,경상
15556,2019072300100657,2019년 7월 23일 22시,화요일,경기도 고양시 일산동구 성석동,경상사고,0,0,1,0,차대사람 - 기타,안전운전불이행,포장 - 건조,맑음,단일로 - 기타,승용,남,41세,상해없음,보행자,남,55세,경상
15557,2019072300100658,2019년 7월 23일 22시,화요일,경기도 고양시 일산서구 주엽동,경상사고,0,0,1,0,차대사람 - 기타,안전운전불이행,포장 - 건조,흐림,단일로 - 교량,자전거,여,45세,상해없음,보행자,여,39세,경상
15558,2019072300100664,2019년 7월 23일 23시,화요일,경기도 안양시 동안구 관양동,경상사고,0,0,1,0,차대사람 - 보도통행중,기타,포장 - 건조,맑음,기타 - 기타,화물,남,59세,상해없음,보행자,남,40세,경상
15559,2019072300100665,2019년 7월 23일 23시,화요일,경기도 양평군 서종면,중상사고,0,1,0,0,차대사람 - 기타,안전운전불이행,포장 - 건조,맑음,단일로 - 기타,승용,남,41세,상해없음,보행자,남,33세,중상
15560,2019072400100042,2019년 7월 24일 01시,수요일,경기도 평택시 합정동,경상사고,0,0,1,0,차대사람 - 횡단중,신호위반,포장 - 건조,맑음,교차로 - 교차로안,승용,남,44세,상해없음,보행자,남,53세,경상
15561,2019072400100259,2019년 7월 24일 12시,수요일,경기도 안산시 상록구 성포동,중상사고,0,1,0,0,차대사람 - 횡단중,안전운전불이행,포장 - 건조,맑음,교차로 - 교차로횡단보도내,승용,남,78세,상해없음,보행자,남,79세,중상
15562,2019072400100293,2019년 7월 24일 13시,수요일,경기도 부천시 심곡본동,경상사고,0,0,1,0,차대사람 - 횡단중,안전운전불이행,포장 - 건조,맑음,교차로 - 교차로안,승용,여,37세,상해없음,보행자,여,60세,경상
15563,2019072400100294,2019년 7월 24일 13시,수요일,경기도 수원시 팔달구 매산로3가,경상사고,0,0,1,0,차대사람 - 기타,안전운전불이행,포장 - 건조,맑음,단일로 - 기타,승용,여,54세,상해없음,보행자,여,41세,경상
15564,2019072400100295,2019년 7월 24일 13시,수요일,경기도 화성시 송산면,사망사고,1,0,0,0,차대사람 - 횡단중,보행자보호의무위반,포장 - 건조,흐림,단일로 - 기타,건설기계,남,60세,상해없음,보행자,남,76세,사망
15565,2019072400100315,2019년 7월 24일 13시,수요일,경기도 의정부시 의정부동,중상사고,0,1,0,0,차대사람 - 횡단중,안전운전불이행,포장 - 젖음/습기,비,교차로 - 교차로부근,승용,여,45세,상해없음,보행자,남,70세,중상
15566,2019072400100318,2019년 7월 24일 13시,수요일,경기도 포천시 가산면,중상사고,0,1,0,0,차대사람 - 횡단중,안전운전불이행,포장 - 젖음/습기,맑음,교차로 - 교차로안,승용,남,70세,상해없음,보행자,여,78세,중상
15567,2019072400100358,2019년 7월 24일 14시,수요일,경기도 남양주시 화도읍,경상사고,0,0,1,0,차대사람 - 횡단중,안전운전불이행,포장 - 건조,맑음,교차로 - 교차로안,승용,여,38세,상해없음,보행자,여,50세,경상
15568,2019072400100360,2019년 7월 24일 14시,수요일,경기도 파주시 문산읍,중상사고,0,1,0,0,차대사람 - 기타,기타,포장 - 젖음/습기,맑음,교차로 - 교차로부근,승용,남,79세,상해없음,보행자,여,60세,중상
15569,2019072400100362,2019년 7월 24일 14시,수요일,경기도 동두천시 생연동,경상사고,0,0,1,0,차대사람 - 기타,안전운전불이행,포장 - 건조,맑음,교차로 - 교차로안,화물,여,51세,상해없음,보행자,여,68세,경상
15570,2019072400100372,2019년 7월 24일 15시,수요일,경기도 광명시 철산동,중상사고,0,1,0,0,차대사람 - 횡단중,안전운전불이행,포장 - 젖음/습기,비,교차로 - 교차로안,승용,남,30세,상해없음,보행자,여,71세,중상
15571,2019072400100373,2019년 7월 24일 15시,수요일,경기도 군포시 당동,경상사고,0,0,1,0,차대사람 - 기타,신호위반,포장 - 건조,맑음,단일로 - 기타,승용,남,62세,상해없음,보행자,남,66세,경상
15572,2019072400100374,2019년 7월 24일 15시,수요일,경기도 성남시 중원구 성남동,경상사고,0,0,1,0,차대사람 - 기타,안전운전불이행,포장 - 건조,맑음,단일로 - 기타,승용,남,24세,상해없음,보행자,남,60세,경상
15573,2019072400100407,2019년 7월 24일 15시,수요일,경기도 파주시 탄현면,중상사고,0,1,0,0,차대사람 - 횡단중,신호위반,포장 - 젖음/습기,비,교차로 - 교차로횡단보도내,화물,남,57세,상해없음,보행자,여,59세,중상
15574,2019072400100423,2019년 7월 24일 16시,수요일,경기도 시흥시 신천동,중상사고,0,1,0,0,차대사람 - 기타,기타,포장 - 건조,흐림,단일로 - 기타,승용,여,73세,상해없음,보행자,여,8세,중상
15575,2019072400100453,2019년 7월 24일 16시,수요일,경기도 가평군 가평읍,중상사고,0,1,0,0,차대사람 - 횡단중,보행자보호의무위반,포장 - 건조,맑음,단일로 - 교량,화물,남,86세,상해없음,보행자,남,80세,중상
15576,2019072400100469,2019년 7월 24일 17시,수요일,경기도 평택시 안중읍,경상사고,0,0,1,0,차대사람 - 횡단중,보행자보호의무위반,비포장 - 젖음/습기,비,교차로 - 교차로횡단보도내,기타불명,기타불명,미분류,기타불명,보행자,여,39세,경상
15577,2019072400100501,2019년 7월 24일 17시,수요일,경기도 고양시 일산동구 백석동,경상사고,0,0,1,0,차대사람 - 기타,안전운전불이행,포장 - 건조,맑음,교차로 - 교차로안,승용,여,49세,상해없음,보행자,여,57세,경상
15578,2019072400100601,2019년 7월 24일 20시,수요일,경기도 부천시 역곡동,경상사고,0,0,1,0,차대사람 - 횡단중,안전운전불이행,포장 - 건조,흐림,단일로 - 기타,이륜,남,48세,상해없음,보행자,여,39세,경상
15579,2019072400100631,2019년 7월 24일 21시,수요일,경기도 용인시 기흥구 중동,경상사고,0,0,1,0,차대사람 - 횡단중,보행자보호의무위반,포장 - 건조,맑음,교차로 - 교차로횡단보도내,자전거,여,60세,상해없음,보행자,여,17세,경상
15580,2019072400100635,2019년 7월 24일 21시,수요일,경기도 하남시 덕풍동,경상사고,0,0,1,0,차대사람 - 기타,안전운전불이행,포장 - 건조,맑음,교차로 - 교차로안,승용,남,57세,상해없음,보행자,여,80세,경상
15581,2019072400100644,2019년 7월 24일 21시,수요일,경기도 남양주시 와부읍,중상사고,0,1,0,0,차대사람 - 횡단중,안전운전불이행,포장 - 건조,맑음,교차로 - 교차로안,승용,남,64세,상해없음,보행자,여,56세,중상
15582,2019072400100667,2019년 7월 24일 23시,수요일,경기도 김포시 대곶면,중상사고,0,1,0,0,차대사람 - 기타,과속,포장 - 건조,맑음,단일로 - 기타,승용,남,27세,기타불명,보행자,남,46세,중상
15583,2019072400100668,2019년 7월 24일 23시,수요일,경기도 시흥시 정왕동,경상사고,0,0,1,0,차대사람 - 기타,신호위반,포장 - 젖음/습기,비,단일로 - 기타,기타불명,기타불명,미분류,기타불명,보행자,남,44세,경상
15584,2019072500100027,2019년 7월 25일 00시,목요일,경기도 성남시 분당구 구미동,중상사고,0,1,0,0,차대사람 - 횡단중,안전운전불이행,포장 - 건조,맑음,교차로 - 교차로횡단보도내,승용,남,30세,상해없음,보행자,남,56세,중상
15585,2019072500100074,2019년 7월 25일 05시,목요일,경기도 성남시 수정구 시흥동,경상사고,0,0,1,0,차대사람 - 차도통행중,안전운전불이행,포장 - 젖음/습기,비,단일로 - 기타,건설기계,남,60세,상해없음,보행자,남,63세,경상
15586,2019072500100101,2019년 7월 25일 07시,목요일,경기도 김포시 감정동,경상사고,0,0,1,0,차대사람 - 횡단중,보행자보호의무위반,포장 - 건조,맑음,기타 - 기타,승용,남,59세,상해없음,보행자,여,38세,경상
15587,2019072500100214,2019년 7월 25일 10시,목요일,경기도 파주시 파주읍,중상사고,0,1,0,0,차대사람 - 횡단중,안전운전불이행,포장 - 건조,맑음,교차로 - 교차로횡단보도내,승용,여,35세,상해없음,보행자,여,10세,중상
15588,2019072500100215,2019년 7월 25일 10시,목요일,경기도 양주시 덕계동,중상사고,0,1,0,0,차대사람 - 횡단중,신호위반,포장 - 젖음/습기,비,단일로 - 기타,승용,여,53세,상해없음,보행자,여,40세,중상
15589,2019072500100254,2019년 7월 25일 11시,목요일,경기도 남양주시 퇴계원면,중상사고,0,1,0,0,차대사람 - 횡단중,안전운전불이행,포장 - 건조,맑음,단일로 - 기타,승합,남,49세,상해없음,보행자,여,58세,중상
15590,2019072500100296,2019년 7월 25일 13시,목요일,경기도 용인시 기흥구 보정동,경상사고,0,0,1,0,차대사람 - 기타,안전운전불이행,포장 - 건조,맑음,기타 - 기타,승용,여,35세,상해없음,보행자,남,43세,경상
15591,2019072500100328,2019년 7월 25일 14시,목요일,경기도 용인시 기흥구 동백동,중상사고,0,1,0,0,차대사람 - 횡단중,안전운전불이행,포장 - 건조,맑음,단일로 - 기타,승용,여,43세,상해없음,보행자,남,78세,중상
15592,2019072500100471,2019년 7월 25일 18시,목요일,경기도 평택시 팽성읍,부상신고사고,0,0,0,1,차대사람 - 기타,안전운전불이행,포장 - 건조,맑음,교차로 - 교차로부근,화물,남,64세,상해없음,보행자,여,75세,부상신고
15593,2019072500100502,2019년 7월 25일 18시,목요일,경기도 의정부시 장암동,경상사고,0,0,1,0,차대사람 - 횡단중,보행자보호의무위반,포장 - 젖음/습기,흐림,단일로 - 기타,승합,남,57세,상해없음,보행자,남,62세,경상
15594,2019072500100546,2019년 7월 25일 20시,목요일,경기도 부천시 괴안동,경상사고,0,0,1,0,차대사람 - 횡단중,안전운전불이행,포장 - 젖음/습기,비,교차로 - 교차로안,이륜,남,26세,상해없음,보행자,남,55세,경상
15595,2019072500100572,2019년 7월 25일 21시,목요일,경기도 화성시 남양읍,경상사고,0,0,1,0,차대사람 - 횡단중,보행자보호의무위반,포장 - 젖음/습기,비,교차로 - 교차로부근,승용,남,45세,상해없음,보행자,여,30세,경상
15596,2019072500100585,2019년 7월 25일 21시,목요일,경기도 남양주시 오남읍,경상사고,0,0,1,0,차대사람 - 횡단중,안전운전불이행,포장 - 건조,맑음,단일로 - 기타,승용,남,32세,상해없음,보행자,남,64세,경상
15597,2019072500100586,2019년 7월 25일 21시,목요일,경기도 양주시 백석읍,경상사고,0,0,1,0,차대사람 - 보도통행중,보행자보호의무위반,포장 - 젖음/습기,비,단일로 - 기타,승용,여,51세,상해없음,보행자,남,44세,경상
15598,2019072500100597,2019년 7월 25일 22시,목요일,경기도 안산시 단원구 고잔동,경상사고,0,0,1,0,차대사람 - 횡단중,신호위반,포장 - 건조,맑음,교차로 - 교차로횡단보도내,승용,남,46세,상해없음,보행자,여,19세,경상
15599,2019072500100618,2019년 7월 25일 22시,목요일,경기도 의정부시 가능동,부상신고사고,0,0,0,1,차대사람 - 기타,보행자보호의무위반,포장 - 건조,맑음,단일로 - 기타,화물,남,41세,상해없음,보행자,여,48세,부상신고
15600,2019072600100041,2019년 7월 26일 00시,금요일,경기도 고양시 일산서구 대화동,사망사고,1,0,0,0,차대사람 - 횡단중,안전운전불이행,포장 - 젖음/습기,흐림,단일로 - 기타,승합,남,61세,상해없음,보행자,남,42세,사망
15601,2019072600100085,2019년 7월 26일 06시,금요일,경기도 김포시 사우동,부상신고사고,0,0,0,1,차대사람 - 기타,보행자보호의무위반,포장 - 건조,맑음,교차로 - 교차로안,승합,남,61세,기타불명,보행자,남,27세,부상신고
15602,2019072600100099,2019년 7월 26일 07시,금요일,경기도 안산시 상록구 사동,중상사고,0,1,0,0,차대사람 - 기타,안전운전불이행,포장 - 건조,맑음,교차로 - 교차로안,승용,여,43세,상해없음,보행자,남,72세,중상
15603,2019072600100123,2019년 7월 26일 08시,금요일,경기도 광주시 태전동,경상사고,0,0,2,0,차대사람 - 기타,안전운전불이행,포장 - 건조,맑음,교차로 - 교차로안,승용,남,42세,상해없음,보행자,여,46세,경상
15604,2019072600100127,2019년 7월 26일 08시,금요일,경기도 안산시 상록구 본오동,경상사고,0,0,1,0,차대사람 - 길가장자리구역통행중,중앙선침범,포장 - 젖음/습기,비,단일로 - 기타,승용,여,23세,상해없음,보행자,남,49세,경상
15605,2019072600100153,2019년 7월 26일 09시,금요일,경기도 안양시 만안구 안양동,중상사고,0,1,0,0,차대사람 - 기타,기타,포장 - 젖음/습기,비,단일로 - 기타,승용,여,61세,상해없음,보행자,남,61세,중상
15606,2019072600100226,2019년 7월 26일 11시,금요일,경기도 고양시 덕양구 행신동,중상사고,0,2,0,0,차대사람 - 기타,안전운전불이행,포장 - 젖음/습기,맑음,교차로 - 교차로안,승용,여,27세,상해없음,보행자,여,70세,중상
15607,2019072600100239,2019년 7월 26일 12시,금요일,경기도 수원시 권선구 금곡동,경상사고,0,0,1,0,차대사람 - 횡단중,보행자보호의무위반,포장 - 건조,흐림,교차로 - 교차로횡단보도내,기타불명,기타불명,미분류,기타불명,보행자,여,41세,경상
15608,2019072600100269,2019년 7월 26일 13시,금요일,경기도 안산시 상록구 월피동,중상사고,0,1,0,0,차대사람 - 보도통행중,보행자보호의무위반,포장 - 젖음/습기,비,교차로 - 교차로안,이륜,남,17세,상해없음,보행자,여,72세,중상
15609,2019072600100285,2019년 7월 26일 13시,금요일,경기도 고양시 덕양구 행신동,경상사고,0,0,1,0,차대사람 - 횡단중,보행자보호의무위반,포장 - 건조,맑음,교차로 - 교차로안,승용,남,27세,상해없음,보행자,여,75세,경상
15610,2019072600100299,2019년 7월 26일 14시,금요일,경기도 용인시 기흥구 보라동,경상사고,0,0,1,0,차대사람 - 기타,기타,포장 - 건조,맑음,단일로 - 기타,화물,남,50세,상해없음,보행자,여,70세,경상
15611,2019072600100301,2019년 7월 26일 14시,금요일,경기도 김포시 하성면,경상사고,0,0,1,0,차대사람 - 차도통행중,안전운전불이행,포장 - 건조,맑음,단일로 - 기타,화물,남,48세,상해없음,보행자,남,23세,경상
15612,2019072600100302,2019년 7월 26일 14시,금요일,경기도 안산시 단원구 고잔동,중상사고,0,3,4,1,차대사람 - 보도통행중,신호위반,포장 - 젖음/습기,비,교차로 - 교차로안,승용,여,57세,상해없음,보행자,여,45세,중상
15613,2019072600100304,2019년 7월 26일 14시,금요일,경기도 부천시 오정동,경상사고,0,0,1,0,차대사람 - 기타,안전운전불이행,포장 - 젖음/습기,비,단일로 - 기타,승용,여,52세,상해없음,보행자,여,9세,경상
15614,2019072600100327,2019년 7월 26일 14시,금요일,경기도 의정부시 의정부동,부상신고사고,0,0,0,1,차대사람 - 횡단중,안전운전불이행,포장 - 건조,맑음,단일로 - 기타,승용,남,53세,상해없음,보행자,남,12세,부상신고
15615,2019072600100342,2019년 7월 26일 15시,금요일,경기도 부천시 약대동,중상사고,0,1,0,0,차대사람 - 기타,안전운전불이행,포장 - 건조,맑음,교차로 - 교차로부근,승용,여,56세,상해없음,보행자,여,73세,중상
15616,2019072600100345,2019년 7월 26일 15시,금요일,경기도 안산시 상록구 부곡동,중상사고,0,1,0,0,차대사람 - 횡단중,안전운전불이행,포장 - 건조,맑음,단일로 - 기타,승용,여,37세,상해없음,보행자,남,7세,중상
15617,2019072600100459,2019년 7월 26일 18시,금요일,경기도 군포시 당정동,중상사고,0,1,0,0,차대사람 - 기타,안전운전불이행,포장 - 젖음/습기,흐림,교차로 - 교차로안,승용,남,35세,상해없음,보행자,남,63세,중상
15618,2019072600100508,2019년 7월 26일 19시,금요일,경기도 안산시 상록구 본오동,경상사고,0,0,1,0,차대사람 - 횡단중,안전운전불이행,포장 - 건조,맑음,단일로 - 기타,원동기,남,19세,상해없음,보행자,남,59세,경상
15619,2019072600100561,2019년 7월 26일 20시,금요일,경기도 의정부시 호원동,부상신고사고,0,0,0,1,차대사람 - 차도통행중,기타,포장 - 건조,맑음,단일로 - 기타,승합,남,53세,상해없음,보행자,남,76세,부상신고
15620,2019072600100575,2019년 7월 26일 21시,금요일,경기도 평택시 서정동,부상신고사고,0,0,0,1,차대사람 - 횡단중,안전운전불이행,포장 - 건조,맑음,단일로 - 기타,이륜,남,21세,부상신고,보행자,남,47세,상해없음
15621,2019072600100577,2019년 7월 26일 21시,금요일,경기도 오산시 수청동,중상사고,0,1,0,0,차대사람 - 기타,안전운전불이행,포장 - 건조,맑음,단일로 - 기타,승용,남,21세,상해없음,보행자,여,58세,중상
15622,2019072600100579,2019년 7월 26일 21시,금요일,경기도 안산시 단원구 고잔동,중상사고,0,1,0,0,차대사람 - 횡단중,신호위반,포장 - 젖음/습기,비,교차로 - 교차로횡단보도내,승용,남,23세,상해없음,보행자,여,60세,중상
15623,2019072600100580,2019년 7월 26일 21시,금요일,경기도 화성시 남양읍,중상사고,0,2,0,0,차대사람 - 횡단중,보행자보호의무위반,비포장 - 젖음/습기,맑음,교차로 - 교차로안,이륜,남,51세,상해없음,보행자,여,61세,중상
15624,2019072600100607,2019년 7월 26일 22시,금요일,경기도 안산시 단원구 고잔동,경상사고,0,0,2,0,차대사람 - 보도통행중,신호위반,포장 - 건조,맑음,교차로 - 교차로안,이륜,남,25세,경상,보행자,여,15세,경상
15625,2019072600100637,2019년 7월 26일 23시,금요일,경기도 안산시 단원구 고잔동,중상사고,0,1,0,0,차대사람 - 횡단중,안전운전불이행,포장 - 건조,맑음,교차로 - 교차로부근,승용,남,72세,상해없음,보행자,여,20세,중상
15626,2019072600100640,2019년 7월 26일 23시,금요일,경기도 시흥시 정왕동,경상사고,0,0,1,0,차대사람 - 횡단중,보행자보호의무위반,포장 - 젖음/습기,흐림,교차로 - 교차로횡단보도내,승용,여,32세,상해없음,보행자,남,55세,경상
15627,2019072700100061,2019년 7월 27일 01시,토요일,경기도 안양시 만안구 안양동,경상사고,0,0,1,0,차대사람 - 횡단중,안전운전불이행,포장 - 젖음/습기,비,교차로 - 교차로안,승용,남,51세,상해없음,보행자,여,62세,경상
15628,2019072700100075,2019년 7월 27일 01시,토요일,경기도 구리시 수택동,경상사고,0,0,1,0,차대사람 - 기타,안전운전불이행,포장 - 젖음/습기,비,단일로 - 기타,승용,남,64세,상해없음,보행자,남,43세,경상
15629,2019072700100083,2019년 7월 27일 02시,토요일,경기도 성남시 중원구 성남동,중상사고,0,1,0,0,차대사람 - 기타,안전운전불이행,포장 - 젖음/습기,비,단일로 - 기타,이륜,남,18세,기타불명,보행자,남,29세,중상