,사고번호,사고일시,요일,시군구,사고내용,사망자수,중상자수,경상자수,부상신고자수,사고유형,법규위반,노면상태,기상상태,도로형태,가해운전자 차종,가해운전자 성별,가해운전자 연령,가해운전자 상해정도,피해운전자 차종,피해운전자 성별,피해운전자 연령,피해운전자 상해정도
15743,2019080100100316,2019년 8월 1일 13시,목요일,경기도 김포시 장기동,중상사고,0,1,0,0,차대사람 - 횡단중,안전운전불이행,포장 - 건조,맑음,교차로 - 교차로안,승용,남,53세,상해없음,보행자,여,79세,중상
15744,2019080100100431,2019년 8월 1일 16시,목요일,경기도 용인시 기흥구 보라동,중상사고,0,1,0,0,차대사람 - 기타,보행자보호의무위반,포장 - 건조,맑음,교차로 - 교차로횡단보도내,승합,남,61세,상해없음,보행자,남,78세,중상
15745,2019080100100466,2019년 8월 1일 17시,목요일,경기도 수원시 영통구 매탄동,경상사고,0,0,1,0,차대사람 - 기타,안전운전불이행,포장 - 건조,맑음,단일로 - 기타,승용,남,27세,상해없음,보행자,남,28세,경상
15746,2019080100100493,2019년 8월 1일 17시,목요일,경기도 의정부시 의정부동,경상사고,0,0,1,0,차대사람 - 길가장자리구역통행중,안전운전불이행,포장 - 건조,맑음,단일로 - 기타,승용,남,53세,상해없음,보행자,여,57세,경상
15747,2019080100100494,2019년 8월 1일 17시,목요일,경기도 고양시 일산동구 성석동,경상사고,0,0,1,0,차대사람 - 횡단중,안전운전불이행,포장 - 건조,맑음,교차로 - 교차로안,승용,남,30세,상해없음,보행자,남,81세,경상
15748,2019080100100495,2019년 8월 1일 17시,목요일,경기도 양주시 백석읍,중상사고,0,1,0,0,차대사람 - 기타,신호위반,포장 - 건조,맑음,단일로 - 기타,승용,남,60세,상해없음,보행자,여,52세,중상
15749,2019080100100513,2019년 8월 1일 18시,목요일,경기도 김포시 운양동,중상사고,0,1,0,0,차대사람 - 기타,안전운전불이행,포장 - 건조,맑음,기타 - 기타,자전거,남,12세,상해없음,보행자,여,45세,중상
15750,2019080100100515,2019년 8월 1일 18시,목요일,경기도 양평군 양서면,경상사고,0,0,1,0,차대사람 - 기타,안전운전불이행,포장 - 건조,맑음,단일로 - 기타,승용,여,50세,상해없음,보행자,여,42세,경상
15751,2019080100100516,2019년 8월 1일 18시,목요일,경기도 양평군 양평읍,경상사고,0,0,1,0,차대사람 - 횡단중,보행자보호의무위반,포장 - 건조,맑음,교차로 - 교차로횡단보도내,승용,여,38세,상해없음,보행자,여,50세,경상
15752,2019080100100518,2019년 8월 1일 18시,목요일,경기도 안산시 단원구 와동,경상사고,0,0,1,0,차대사람 - 차도통행중,교차로운행방법위반,포장 - 건조,맑음,교차로 - 교차로안,승용,남,54세,상해없음,보행자,남,5세,경상
15753,2019080100100519,2019년 8월 1일 18시,목요일,경기도 성남시 분당구 구미동,중상사고,0,1,0,0,차대사람 - 기타,안전운전불이행,포장 - 젖음/습기,흐림,단일로 - 기타,승용,여,72세,상해없음,보행자,남,64세,중상
15754,2019080100100654,2019년 8월 1일 22시,목요일,경기도 평택시 지산동,경상사고,0,0,1,0,차대사람 - 차도통행중,안전운전불이행,포장 - 건조,맑음,기타 - 기타,기타불명,기타불명,미분류,기타불명,보행자,남,58세,경상
15755,2019080100100658,2019년 8월 1일 22시,목요일,경기도 성남시 분당구 삼평동,중상사고,0,1,0,0,차대사람 - 기타,기타,포장 - 건조,맑음,기타 - 기타,자전거,남,12세,상해없음,보행자,여,49세,중상
15756,2019080100100671,2019년 8월 1일 23시,목요일,경기도 용인시 처인구 포곡읍,중상사고,0,1,0,0,차대사람 - 횡단중,안전운전불이행,포장 - 건조,맑음,단일로 - 기타,특수,남,33세,상해없음,보행자,남,62세,중상
15757,2019080200100056,2019년 8월 2일 01시,금요일,경기도 포천시 소흘읍,경상사고,0,0,1,0,차대사람 - 횡단중,신호위반,포장 - 건조,맑음,교차로 - 교차로안,승용,남,19세,상해없음,보행자,여,59세,경상
15758,2019080200100094,2019년 8월 2일 07시,금요일,경기도 안성시 대덕면,경상사고,0,0,1,0,차대사람 - 차도통행중,안전운전불이행,포장 - 건조,맑음,교차로 - 교차로부근,승용,남,51세,상해없음,보행자,남,23세,경상
15759,2019080200100097,2019년 8월 2일 07시,금요일,경기도 이천시 중리동,경상사고,0,0,1,0,차대사람 - 횡단중,안전운전불이행,포장 - 건조,맑음,단일로 - 기타,승용,남,24세,상해없음,보행자,여,31세,경상
15760,2019080200100098,2019년 8월 2일 07시,금요일,경기도 성남시 중원구 성남동,중상사고,0,1,0,0,차대사람 - 기타,안전운전불이행,포장 - 건조,맑음,기타 - 기타,승용,남,24세,상해없음,보행자,여,78세,중상
15761,2019080200100114,2019년 8월 2일 08시,금요일,경기도 광명시 광명동,중상사고,0,1,0,0,차대사람 - 차도통행중,안전운전불이행,포장 - 건조,맑음,단일로 - 기타,승용,남,48세,상해없음,보행자,여,66세,중상
15762,2019080200100138,2019년 8월 2일 09시,금요일,경기도 광명시 옥길동,중상사고,0,1,0,0,차대사람 - 횡단중,안전운전불이행,포장 - 건조,맑음,단일로 - 기타,화물,남,39세,상해없음,보행자,남,77세,중상
15763,2019080200100141,2019년 8월 2일 09시,금요일,경기도 수원시 권선구 곡반정동,경상사고,0,0,1,0,차대사람 - 기타,안전운전불이행,포장 - 건조,맑음,단일로 - 기타,승합,기타불명,미분류,기타불명,보행자,여,77세,경상
15764,2019080200100204,2019년 8월 2일 11시,금요일,경기도 안산시 단원구 선부동,중상사고,0,1,0,0,차대사람 - 기타,안전운전불이행,포장 - 건조,맑음,교차로 - 교차로안,화물,남,63세,상해없음,보행자,남,87세,중상
15765,2019080200100208,2019년 8월 2일 11시,금요일,경기도 화성시 비봉면,경상사고,0,0,1,0,차대사람 - 기타,안전운전불이행,포장 - 건조,맑음,교차로 - 교차로부근,승합,남,58세,상해없음,보행자,여,56세,경상
15766,2019080200100248,2019년 8월 2일 12시,금요일,경기도 김포시 운양동,경상사고,0,0,1,0,차대사람 - 기타,신호위반,포장 - 건조,맑음,교차로 - 교차로횡단보도내,원동기,남,19세,상해없음,보행자,여,52세,경상
15767,2019080200100250,2019년 8월 2일 12시,금요일,경기도 수원시 권선구 세류동,부상신고사고,0,0,0,1,차대사람 - 차도통행중,안전운전불이행,포장 - 건조,맑음,기타 - 기타,승용,여,54세,상해없음,보행자,여,88세,부상신고
15768,2019080200100311,2019년 8월 2일 13시,금요일,경기도 의정부시 의정부동,경상사고,0,0,1,0,차대사람 - 기타,안전운전불이행,포장 - 건조,맑음,단일로 - 기타,승용,여,53세,기타불명,보행자,여,63세,경상
15769,2019080200100312,2019년 8월 2일 13시,금요일,경기도 고양시 덕양구 주교동,부상신고사고,0,0,0,1,차대사람 - 기타,안전운전불이행,포장 - 건조,맑음,교차로 - 교차로부근,승용,남,60세,상해없음,보행자,여,14세,부상신고
15770,2019080200100330,2019년 8월 2일 14시,금요일,경기도 수원시 장안구 영화동,경상사고,0,0,1,0,차대사람 - 길가장자리구역통행중,안전운전불이행,포장 - 건조,맑음,교차로 - 교차로부근,승합,남,78세,상해없음,보행자,남,46세,경상
15771,2019080200100332,2019년 8월 2일 14시,금요일,경기도 과천시 중앙동,경상사고,0,0,1,0,차대사람 - 횡단중,안전운전불이행,포장 - 건조,맑음,교차로 - 교차로안,승용,여,72세,상해없음,보행자,여,16세,경상
15772,2019080200100373,2019년 8월 2일 15시,금요일,경기도 평택시 평택동,경상사고,0,0,1,0,차대사람 - 기타,안전운전불이행,포장 - 건조,맑음,단일로 - 기타,승용,여,41세,상해없음,보행자,여,57세,경상
15773,2019080200100406,2019년 8월 2일 16시,금요일,경기도 수원시 장안구 율전동,경상사고,0,0,1,0,차대사람 - 기타,보행자보호의무위반,포장 - 건조,맑음,단일로 - 기타,승용,남,65세,상해없음,보행자,여,19세,경상
15774,2019080200100437,2019년 8월 2일 16시,금요일,경기도 남양주시 와부읍,경상사고,0,0,1,1,차대사람 - 길가장자리구역통행중,안전운전불이행,포장 - 건조,맑음,주차장 - 주차장,승용,남,35세,상해없음,보행자,여,3세,부상신고
15775,2019080200100451,2019년 8월 2일 17시,금요일,경기도 수원시 장안구 정자동,중상사고,0,1,0,0,차대사람 - 기타,안전운전불이행,포장 - 건조,맑음,교차로 - 교차로안,승용,남,47세,상해없음,보행자,여,40세,중상
15776,2019080200100496,2019년 8월 2일 17시,금요일,경기도 의정부시 의정부동,중상사고,0,1,0,0,차대사람 - 길가장자리구역통행중,안전운전불이행,포장 - 건조,맑음,단일로 - 기타,승용,남,60세,상해없음,보행자,남,76세,중상
15777,2019080200100497,2019년 8월 2일 17시,금요일,경기도 의정부시 의정부동,경상사고,0,0,1,0,차대사람 - 길가장자리구역통행중,안전운전불이행,포장 - 건조,맑음,단일로 - 기타,화물,남,48세,상해없음,보행자,여,12세,경상
15778,2019080200100519,2019년 8월 2일 18시,금요일,경기도 수원시 장안구 천천동,중상사고,0,1,1,0,차대사람 - 기타,안전운전불이행,포장 - 건조,맑음,단일로 - 기타,이륜,남,16세,경상,보행자,남,35세,중상
15779,2019080200100522,2019년 8월 2일 18시,금요일,경기도 안양시 동안구 관양동,중상사고,0,1,0,0,차대사람 - 차도통행중,안전운전불이행,포장 - 건조,맑음,교차로 - 교차로횡단보도내,승합,남,55세,상해없음,보행자,여,52세,중상
15780,2019080200100552,2019년 8월 2일 18시,금요일,경기도 의정부시 신곡동,경상사고,0,0,1,0,차대사람 - 기타,보행자보호의무위반,포장 - 건조,맑음,단일로 - 기타,승용,남,40세,상해없음,보행자,남,10세,경상
15781,2019080200100599,2019년 8월 2일 20시,금요일,경기도 성남시 수정구 신흥동,경상사고,0,0,1,0,차대사람 - 기타,안전운전불이행,포장 - 건조,맑음,단일로 - 기타,화물,남,55세,상해없음,보행자,여,37세,경상
15782,2019080200100670,2019년 8월 2일 22시,금요일,경기도 광주시 곤지암읍,사망사고,1,0,0,0,차대사람 - 기타,안전운전불이행,포장 - 건조,맑음,기타 - 기타,승용,남,36세,상해없음,보행자,여,68세,사망
15783,2019080200100674,2019년 8월 2일 22시,금요일,경기도 안산시 상록구 본오동,경상사고,0,0,1,0,차대사람 - 기타,기타,포장 - 건조,맑음,단일로 - 기타,승합,남,55세,상해없음,보행자,여,20세,경상
15784,2019080300100068,2019년 8월 3일 04시,토요일,경기도 오산시 오산동,부상신고사고,0,0,0,1,차대사람 - 기타,안전운전불이행,포장 - 건조,맑음,기타 - 기타,승용,남,50세,상해없음,보행자,남,68세,부상신고
15785,2019080300100124,2019년 8월 3일 09시,토요일,경기도 평택시 비전동,경상사고,0,0,1,0,차대사람 - 기타,기타,포장 - 건조,맑음,단일로 - 기타,승합,남,54세,상해없음,보행자,여,21세,경상
15786,2019080300100148,2019년 8월 3일 09시,토요일,경기도 의정부시 용현동,경상사고,0,0,1,0,차대사람 - 횡단중,보행자보호의무위반,포장 - 건조,맑음,교차로 - 교차로안,승용,남,71세,상해없음,보행자,남,70세,경상
15787,2019080300100163,2019년 8월 3일 10시,토요일,경기도 양평군 양동면,중상사고,0,1,0,0,차대사람 - 기타,안전운전불이행,포장 - 건조,맑음,단일로 - 기타,승용,여,41세,상해없음,보행자,남,15세,중상
15788,2019080300100221,2019년 8월 3일 12시,토요일,경기도 평택시 안중읍,중상사고,0,1,0,0,차대사람 - 기타,안전운전불이행,포장 - 건조,맑음,교차로 - 교차로안,승용,여,44세,상해없음,보행자,여,41세,중상
15789,2019080300100222,2019년 8월 3일 12시,토요일,경기도 평택시 평택동,경상사고,0,0,1,0,차대사람 - 기타,안전운전불이행,포장 - 건조,맑음,단일로 - 기타,승용,남,67세,상해없음,보행자,남,62세,경상
15790,2019080300100226,2019년 8월 3일 12시,토요일,경기도 성남시 중원구 금광동,부상신고사고,0,0,0,1,차대사람 - 길가장자리구역통행중,안전운전불이행,포장 - 건조,맑음,단일로 - 기타,이륜,남,45세,상해없음,보행자,남,59세,부상신고
15791,2019080300100262,2019년 8월 3일 13시,토요일,경기도 안산시 단원구 고잔동,중상사고,0,2,0,0,차대사람 - 횡단중,안전운전불이행,포장 - 건조,맑음,교차로 - 교차로부근,승용,여,24세,상해없음,보행자,여,48세,중상
15792,2019080300100289,2019년 8월 3일 13시,토요일,경기도 고양시 덕양구 토당동,경상사고,0,0,1,0,차대사람 - 기타,안전운전불이행,포장 - 건조,맑음,교차로 - 교차로안,승용,남,33세,상해없음,보행자,남,90세 이상,경상
15793,2019080300100349,2019년 8월 3일 15시,토요일,경기도 고양시 덕양구 행신동,경상사고,0,0,1,0,차대사람 - 차도통행중,안전운전불이행,포장 - 기타,맑음,교차로 - 교차로안,이륜,남,26세,상해없음,보행자,남,72세,경상
15794,2019080300100386,2019년 8월 3일 17시,토요일,경기도 수원시 장안구 율전동,경상사고,0,0,1,0,차대사람 - 기타,신호위반,포장 - 건조,맑음,단일로 - 기타,승합,남,61세,상해없음,보행자,여,25세,경상
15795,2019080300100390,2019년 8월 3일 17시,토요일,경기도 안산시 단원구 대부북동,경상사고,0,0,1,0,차대사람 - 길가장자리구역통행중,안전운전불이행,포장 - 건조,맑음,기타 - 기타,승용,남,63세,상해없음,보행자,여,57세,경상
15796,2019080300100421,2019년 8월 3일 18시,토요일,경기도 성남시 수정구 양지동,중상사고,0,1,0,0,차대사람 - 횡단중,안전운전불이행,포장 - 건조,맑음,단일로 - 기타,승용,남,52세,상해없음,보행자,남,56세,중상
15797,2019080300100424,2019년 8월 3일 18시,토요일,경기도 오산시 궐동,부상신고사고,0,0,0,1,차대사람 - 횡단중,안전운전불이행,포장 - 젖음/습기,비,기타 - 기타,자전거,남,39세,상해없음,보행자,여,56세,부상신고
15798,2019080300100495,2019년 8월 3일 20시,토요일,경기도 구리시 수택동,경상사고,0,0,1,0,차대사람 - 보도통행중,안전운전불이행,포장 - 젖음/습기,비,단일로 - 기타,승용,남,52세,상해없음,보행자,남,48세,경상
15799,2019080300100537,2019년 8월 3일 22시,토요일,경기도 화성시 서신면,경상사고,0,0,1,0,차대사람 - 차도통행중,안전운전불이행,포장 - 건조,맑음,교차로 - 교차로부근,승용,남,24세,상해없음,보행자,남,28세,경상
15800,2019080300100558,2019년 8월 3일 23시,토요일,경기도 오산시 궐동,경상사고,0,0,1,0,차대사람 - 횡단중,안전운전불이행,포장 - 건조,맑음,단일로 - 기타,승용,남,27세,상해없음,보행자,남,33세,경상
15801,2019080400100045,2019년 8월 4일 01시,일요일,경기도 부천시 소사본동,부상신고사고,0,0,0,1,차대사람 - 길가장자리구역통행중,중앙선침범,포장 - 건조,맑음,단일로 - 기타,이륜,남,51세,상해없음,보행자,남,50세,부상신고
15802,2019080400100063,2019년 8월 4일 02시,일요일,경기도 동두천시 지행동,중상사고,0,1,0,0,차대사람 - 차도통행중,안전운전불이행,포장 - 건조,맑음,단일로 - 기타,승용,남,18세,상해없음,보행자,남,52세,중상
15803,2019080400100088,2019년 8월 4일 05시,일요일,경기도 안양시 동안구 호계동,경상사고,0,0,1,0,차대사람 - 횡단중,신호위반,포장 - 건조,맑음,교차로 - 교차로횡단보도내,승용,남,39세,상해없음,보행자,남,22세,경상
15804,2019080400100090,2019년 8월 4일 05시,일요일,경기도 수원시 팔달구 인계동,경상사고,0,0,1,0,차대사람 - 기타,안전운전불이행,포장 - 건조,맑음,단일로 - 기타,승용,남,30세,상해없음,보행자,남,27세,경상
15805,2019080400100150,2019년 8월 4일 10시,일요일,경기도 김포시 장기동,중상사고,0,1,0,0,차대사람 - 기타,안전운전불이행,포장 - 건조,맑음,교차로 - 교차로안,승용,여,65세,상해없음,보행자,남,66세,중상
15806,2019080400100236,2019년 8월 4일 13시,일요일,경기도 오산시 외삼미동,부상신고사고,0,0,0,1,차대사람 - 기타,안전운전불이행,포장 - 건조,맑음,교차로 - 교차로횡단보도내,승용,남,42세,상해없음,보행자,남,48세,부상신고
15807,2019080400100318,2019년 8월 4일 15시,일요일,경기도 남양주시 오남읍,경상사고,0,0,1,0,차대사람 - 기타,안전운전불이행,포장 - 건조,맑음,교차로 - 교차로안,화물,남,65세,상해없음,보행자,여,16세,경상
15808,2019080400100347,2019년 8월 4일 16시,일요일,경기도 양주시 옥정동,중상사고,0,1,0,0,차대사람 - 횡단중,신호위반,포장 - 건조,맑음,교차로 - 교차로안,원동기,남,18세,기타불명,보행자,여,25세,중상
15809,2019080400100451,2019년 8월 4일 19시,일요일,경기도 남양주시 와부읍,중상사고,0,1,0,0,차대사람 - 기타,안전운전불이행,포장 - 건조,맑음,단일로 - 기타,승용,남,35세,상해없음,보행자,남,51세,중상
15810,2019080400100460,2019년 8월 4일 20시,일요일,경기도 이천시 대월면,경상사고,0,0,1,0,차대사람 - 기타,안전운전불이행,포장 - 건조,맑음,단일로 - 기타,승용,여,51세,상해없음,보행자,남,29세,경상
15811,2019080400100481,2019년 8월 4일 21시,일요일,경기도 부천시 원미동,중상사고,0,1,0,0,차대사람 - 횡단중,안전운전불이행,포장 - 건조,맑음,단일로 - 기타,승용,남,31세,상해없음,보행자,남,59세,중상
15812,2019080400100513,2019년 8월 4일 22시,일요일,경기도 의정부시 낙양동,경상사고,0,0,2,0,차대사람 - 횡단중,신호위반,포장 - 건조,맑음,교차로 - 교차로안,승용,남,25세,상해없음,보행자,여,17세,경상
15813,2019080400100518,2019년 8월 4일 23시,일요일,경기도 부천시 심곡본동,경상사고,0,0,1,0,차대사람 - 기타,안전운전불이행,포장 - 건조,맑음,단일로 - 기타,화물,남,50세,상해없음,보행자,여,53세,경상
15814,2019080500100046,2019년 8월 5일 04시,월요일,경기도 광주시 곤지암읍,중상사고,0,1,0,0,차대사람 - 횡단중,안전운전불이행,포장 - 건조,맑음,교차로 - 교차로횡단보도내,승용,남,57세,상해없음,보행자,남,81세,중상
15815,2019080500100057,2019년 8월 5일 05시,월요일,경기도 안산시 단원구 원곡동,부상신고사고,0,0,0,1,차대사람 - 횡단중,안전운전불이행,포장 - 건조,맑음,단일로 - 기타,승용,남,48세,상해없음,보행자,남,56세,부상신고
15816,2019080500100112,2019년 8월 5일 08시,월요일,경기도 군포시 산본동,경상사고,0,0,1,0,차대사람 - 기타,안전운전불이행,포장 - 건조,맑음,단일로 - 기타,기타불명,기타불명,미분류,기타불명,보행자,여,81세,경상
15817,2019080500100132,2019년 8월 5일 08시,월요일,경기도 의정부시 장암동,경상사고,0,0,1,0,차대사람 - 기타,안전운전불이행,포장 - 건조,맑음,단일로 - 기타,승용,여,58세,상해없음,보행자,여,47세,경상
15818,2019080500100146,2019년 8월 5일 09시,월요일,경기도 화성시 진안동,경상사고,0,0,1,0,차대사람 - 기타,교차로운행방법위반,포장 - 건조,맑음,교차로 - 교차로안,화물,남,72세,상해없음,보행자,남,50세,경상
15819,2019080500100174,2019년 8월 5일 09시,월요일,경기도 고양시 일산서구 탄현동,중상사고,0,1,0,0,차대사람 - 보도통행중,보행자보호의무위반,포장 - 건조,맑음,단일로 - 기타,기타불명,기타불명,미분류,기타불명,보행자,여,24세,중상
15820,2019080500100187,2019년 8월 5일 10시,월요일,경기도 화성시 향남읍,경상사고,0,0,1,0,차대사람 - 기타,안전운전불이행,포장 - 건조,맑음,단일로 - 기타,승합,남,43세,상해없음,보행자,남,83세,경상
15821,2019080500100218,2019년 8월 5일 11시,월요일,경기도 이천시 부발읍,중상사고,0,1,0,0,차대사람 - 기타,안전운전불이행,포장 - 건조,맑음,교차로 - 교차로안,승용,남,48세,상해없음,보행자,남,59세,중상
15822,2019080500100219,2019년 8월 5일 11시,월요일,경기도 부천시 심곡동,경상사고,0,0,1,0,차대사람 - 횡단중,안전운전불이행,포장 - 건조,맑음,단일로 - 기타,승용,남,42세,상해없음,보행자,남,25세,경상
15823,2019080500100221,2019년 8월 5일 11시,월요일,경기도 과천시 중앙동,경상사고,0,0,1,0,차대사람 - 기타,안전운전불이행,포장 - 건조,맑음,단일로 - 기타,승용,남,36세,상해없음,보행자,여,28세,경상
15824,2019080500100304,2019년 8월 5일 12시,월요일,경기도 남양주시 퇴계원면,경상사고,0,0,1,0,차대사람 - 보도통행중,기타,포장 - 건조,맑음,기타 - 기타,승용,남,60세,상해없음,보행자,여,34세,경상
15825,2019080500100428,2019년 8월 5일 16시,월요일,경기도 수원시 장안구 영화동,경상사고,0,0,1,0,차대사람 - 기타,신호위반,포장 - 건조,맑음,단일로 - 기타,승용,여,46세,상해없음,보행자,남,80세,경상
15826,2019080500100429,2019년 8월 5일 16시,월요일,경기도 성남시 수정구 창곡동,경상사고,0,0,1,0,차대사람 - 기타,신호위반,포장 - 건조,맑음,교차로 - 교차로횡단보도내,원동기,남,16세,상해없음,보행자,여,52세,경상
15827,2019080500100431,2019년 8월 5일 16시,월요일,경기도 용인시 기흥구 신갈동,경상사고,0,0,1,0,차대사람 - 횡단중,보행자보호의무위반,포장 - 건조,맑음,단일로 - 기타,승용,여,38세,상해없음,보행자,남,32세,경상
15828,2019080500100583,2019년 8월 5일 19시,월요일,경기도 남양주시 진접읍,경상사고,0,0,1,0,차대사람 - 기타,안전운전불이행,포장 - 건조,맑음,단일로 - 기타,승용,남,62세,상해없음,보행자,남,25세,경상
15829,2019080500100594,2019년 8월 5일 20시,월요일,경기도 안양시 동안구 호계동,경상사고,0,0,1,0,차대사람 - 차도통행중,안전운전불이행,포장 - 건조,맑음,단일로 - 기타,승용,남,49세,상해없음,보행자,여,53세,경상
15830,2019080500100620,2019년 8월 5일 21시,월요일,경기도 용인시 기흥구 중동,경상사고,0,0,1,0,차대사람 - 횡단중,신호위반,포장 - 건조,맑음,단일로 - 기타,이륜,남,16세,상해없음,보행자,남,14세,경상
15831,2019080500100623,2019년 8월 5일 21시,월요일,경기도 안산시 단원구 와동,중상사고,0,1,0,0,차대사람 - 기타,안전운전불이행,포장 - 건조,맑음,교차로 - 교차로안,자전거,남,50세,중상,보행자,남,52세,상해없음
15832,2019080500100647,2019년 8월 5일 22시,월요일,경기도 이천시 사음동,중상사고,0,1,0,0,차대사람 - 길가장자리구역통행중,안전운전불이행,포장 - 건조,맑음,단일로 - 기타,승용,남,34세,상해없음,보행자,남,44세,중상
15833,2019080600100060,2019년 8월 6일 02시,화요일,경기도 양주시 광사동,중상사고,0,1,0,0,차대사람 - 횡단중,신호위반,포장 - 건조,맑음,교차로 - 교차로부근,이륜,남,55세,기타불명,보행자,남,53세,중상
15834,2019080600100102,2019년 8월 6일 07시,화요일,경기도 광명시 하안동,중상사고,0,1,0,0,차대사람 - 횡단중,신호위반,포장 - 건조,맑음,교차로 - 교차로안,승합,남,54세,상해없음,보행자,여,22세,중상
15835,2019080600100144,2019년 8월 6일 09시,화요일,경기도 부천시 소사본동,경상사고,0,0,1,0,차대사람 - 기타,안전운전불이행,포장 - 건조,맑음,단일로 - 기타,승용,남,74세,상해없음,보행자,남,67세,경상
15836,2019080600100147,2019년 8월 6일 09시,화요일,경기도 화성시 새솔동,중상사고,0,1,0,0,차대사람 - 기타,안전운전불이행,포장 - 건조,맑음,기타 - 기타,화물,남,42세,상해없음,보행자,남,62세,중상
15837,2019080600100183,2019년 8월 6일 10시,화요일,경기도 수원시 팔달구 지동,경상사고,0,0,1,0,차대사람 - 기타,안전운전불이행,포장 - 건조,맑음,단일로 - 기타,승용,남,47세,상해없음,보행자,여,29세,경상
15838,2019080600100213,2019년 8월 6일 10시,화요일,경기도 고양시 일산서구 대화동,부상신고사고,0,0,0,1,차대사람 - 기타,신호위반,포장 - 건조,맑음,교차로 - 교차로횡단보도내,화물,남,60세,상해없음,보행자,여,36세,부상신고
15839,2019080600100219,2019년 8월 6일 11시,화요일,경기도 평택시 진위면,중상사고,0,1,1,0,차대사람 - 기타,안전운전불이행,포장 - 건조,맑음,교차로 - 교차로안,화물,남,37세,상해없음,보행자,남,46세,중상
15840,2019080600100257,2019년 8월 6일 12시,화요일,경기도 양평군 양동면,중상사고,0,1,0,0,차대사람 - 기타,안전운전불이행,비포장 - 기타,맑음,주차장 - 주차장,승용,여,83세,상해없음,보행자,여,77세,중상
15841,2019080600100326,2019년 8월 6일 14시,화요일,경기도 성남시 수정구 양지동,부상신고사고,0,0,0,1,차대사람 - 기타,안전운전불이행,포장 - 건조,맑음,단일로 - 기타,화물,남,20세,상해없음,보행자,남,27세,부상신고
15842,2019080600100328,2019년 8월 6일 14시,화요일,경기도 이천시 백사면,경상사고,0,0,1,0,차대사람 - 기타,안전운전불이행,포장 - 건조,맑음,단일로 - 기타,승합,남,44세,상해없음,보행자,여,22세,경상
15843,2019080600100332,2019년 8월 6일 14시,화요일,경기도 부천시 춘의동,경상사고,0,0,1,0,차대사람 - 횡단중,보행자보호의무위반,포장 - 건조,맑음,교차로 - 교차로횡단보도내,기타불명,기타불명,미분류,기타불명,보행자,여,36세,경상
15844,2019080600100334,2019년 8월 6일 14시,화요일,경기도 용인시 기흥구 마북동,중상사고,0,1,1,0,차대사람 - 횡단중,신호위반,포장 - 건조,맑음,교차로 - 교차로횡단보도내,승용,여,50세,상해없음,보행자,여,75세,중상
15845,2019080600100336,2019년 8월 6일 14시,화요일,경기도 화성시 영천동,경상사고,0,0,1,0,차대사람 - 횡단중,안전운전불이행,포장 - 건조,맑음,교차로 - 교차로안,화물,남,41세,상해없음,보행자,여,23세,경상
15846,2019080600100363,2019년 8월 6일 15시,화요일,경기도 김포시 고촌읍,경상사고,0,0,1,0,차대사람 - 기타,신호위반,포장 - 건조,맑음,교차로 - 교차로횡단보도내,승용,여,28세,상해없음,보행자,남,44세,경상
15847,2019080600100400,2019년 8월 6일 16시,화요일,경기도 안양시 동안구 비산동,경상사고,0,0,1,0,차대사람 - 횡단중,신호위반,포장 - 건조,맑음,교차로 - 교차로횡단보도내,승용,남,59세,상해없음,보행자,남,66세,경상
15848,2019080600100404,2019년 8월 6일 16시,화요일,경기도 군포시 산본동,중상사고,0,1,0,0,차대사람 - 횡단중,안전운전불이행,포장 - 건조,맑음,교차로 - 교차로안,승합,남,61세,상해없음,보행자,여,7세,중상
15849,2019080600100438,2019년 8월 6일 16시,화요일,경기도 파주시 문산읍,경상사고,0,0,1,0,차대사람 - 길가장자리구역통행중,교차로운행방법위반,포장 - 건조,맑음,교차로 - 교차로안,승합,남,58세,상해없음,보행자,남,74세,경상
15850,2019080600100497,2019년 8월 6일 18시,화요일,경기도 성남시 분당구 정자동,경상사고,0,0,1,0,차대사람 - 기타,보행자보호의무위반,포장 - 건조,맑음,단일로 - 기타,승용,여,42세,상해없음,보행자,남,52세,경상
15851,2019080600100625,2019년 8월 6일 21시,화요일,경기도 시흥시 정왕동,중상사고,0,1,0,0,차대사람 - 기타,안전운전불이행,포장 - 건조,맑음,단일로 - 기타,이륜,남,46세,상해없음,보행자,여,33세,중상
15852,2019080600100662,2019년 8월 6일 22시,화요일,경기도 화성시 반월동,경상사고,0,0,1,0,차대사람 - 횡단중,보행자보호의무위반,포장 - 건조,맑음,교차로 - 교차로횡단보도내,이륜,남,50세,상해없음,보행자,여,24세,경상
15853,2019080600100678,2019년 8월 6일 23시,화요일,경기도 이천시 중리동,부상신고사고,0,0,0,1,차대사람 - 기타,안전운전불이행,포장 - 건조,맑음,단일로 - 기타,승용,남,59세,상해없음,보행자,여,24세,부상신고
15854,2019080700100040,2019년 8월 7일 01시,수요일,경기도 안산시 단원구 고잔동,중상사고,0,1,0,0,차대사람 - 기타,안전운전불이행,포장 - 건조,맑음,교차로 - 교차로안,화물,남,23세,상해없음,보행자,남,53세,중상
15855,2019080700100069,2019년 8월 7일 04시,수요일,경기도 시흥시 정왕동,중상사고,0,1,0,0,차대사람 - 기타,신호위반,포장 - 건조,맑음,단일로 - 기타,승용,남,31세,상해없음,보행자,남,32세,중상
15856,2019080700100082,2019년 8월 7일 05시,수요일,경기도 부천시 송내동,중상사고,0,1,0,0,차대사람 - 횡단중,안전운전불이행,포장 - 젖음/습기,비,단일로 - 기타,승용,남,61세,상해없음,보행자,여,65세,중상