,사고번호,사고일시,요일,시군구,사고내용,사망자수,중상자수,경상자수,부상신고자수,사고유형,법규위반,노면상태,기상상태,도로형태,가해운전자 차종,가해운전자 성별,가해운전자 연령,가해운전자 상해정도,피해운전자 차종,피해운전자 성별,피해운전자 연령,피해운전자 상해정도
16196,2019082200100334,2019년 8월 22일 13시,목요일,경기도 가평군 가평읍,경상사고,0,0,1,0,차대사람 - 횡단중,기타,포장 - 건조,맑음,단일로 - 기타,승용,남,54세,상해없음,보행자,남,11세,경상
16197,2019082200100350,2019년 8월 22일 14시,목요일,경기도 이천시 관고동,중상사고,0,1,0,0,차대사람 - 기타,안전운전불이행,포장 - 건조,맑음,단일로 - 기타,승용,여,29세,상해없음,보행자,남,83세,중상
16198,2019082200100354,2019년 8월 22일 14시,목요일,경기도 화성시 봉담읍,경상사고,0,0,1,0,차대사람 - 기타,안전운전불이행,포장 - 건조,맑음,주차장 - 주차장,승합,남,60세,상해없음,보행자,여,47세,경상
16199,2019082200100355,2019년 8월 22일 14시,목요일,경기도 하남시 선동,경상사고,0,0,1,0,차대사람 - 기타,안전운전불이행,포장 - 건조,맑음,교차로 - 교차로안,승합,남,67세,상해없음,보행자,남,30세,경상
16200,2019082200100388,2019년 8월 22일 15시,목요일,경기도 오산시 오산동,중상사고,0,1,0,0,차대사람 - 횡단중,보행자보호의무위반,포장 - 건조,맑음,단일로 - 기타,승용,여,46세,상해없음,보행자,남,12세,중상
16201,2019082200100423,2019년 8월 22일 16시,목요일,경기도 안산시 상록구 사동,중상사고,0,1,0,0,차대사람 - 기타,안전운전불이행,포장 - 건조,맑음,단일로 - 기타,승용,여,57세,상해없음,보행자,남,37세,중상
16202,2019082200100463,2019년 8월 22일 17시,목요일,경기도 군포시 금정동,경상사고,0,0,1,0,차대사람 - 기타,안전운전불이행,포장 - 건조,맑음,단일로 - 기타,화물,남,49세,상해없음,보행자,남,65세,경상
16203,2019082200100466,2019년 8월 22일 17시,목요일,경기도 의왕시 삼동,경상사고,0,0,1,0,차대사람 - 길가장자리구역통행중,안전운전불이행,포장 - 건조,맑음,단일로 - 기타,화물,남,66세,상해없음,보행자,남,43세,경상
16204,2019082200100514,2019년 8월 22일 18시,목요일,경기도 이천시 대월면,경상사고,0,0,2,0,차대사람 - 기타,안전운전불이행,포장 - 건조,맑음,단일로 - 기타,자전거,남,17세,경상,보행자,여,62세,경상
16205,2019082200100517,2019년 8월 22일 18시,목요일,경기도 김포시 고촌읍,경상사고,0,0,1,0,차대사람 - 기타,기타,포장 - 건조,맑음,교차로 - 교차로부근,승합,여,52세,상해없음,보행자,여,36세,경상
16206,2019082200100565,2019년 8월 22일 19시,목요일,경기도 광명시 철산동,부상신고사고,0,0,0,1,차대사람 - 기타,안전운전불이행,포장 - 건조,맑음,단일로 - 기타,자전거,남,26세,상해없음,보행자,남,11세,부상신고
16207,2019082200100566,2019년 8월 22일 19시,목요일,경기도 용인시 수지구 상현동,경상사고,0,0,1,0,차대사람 - 기타,신호위반,포장 - 건조,맑음,교차로 - 교차로안,승용,남,70세,상해없음,보행자,남,22세,경상
16208,2019082200100598,2019년 8월 22일 20시,목요일,경기도 용인시 기흥구 영덕동,중상사고,0,1,0,0,차대사람 - 횡단중,안전운전불이행,포장 - 건조,맑음,단일로 - 기타,승용,남,38세,상해없음,보행자,여,56세,중상
16209,2019082200100599,2019년 8월 22일 20시,목요일,경기도 부천시 중동,중상사고,0,1,0,0,차대사람 - 횡단중,안전운전불이행,포장 - 건조,맑음,단일로 - 기타,승용,남,41세,상해없음,보행자,여,28세,중상
16210,2019082200100601,2019년 8월 22일 20시,목요일,경기도 부천시 중동,부상신고사고,0,0,0,2,차대사람 - 횡단중,보행자보호의무위반,포장 - 건조,맑음,기타 - 기타,승용,남,31세,부상신고,보행자,남,19세,부상신고
16211,2019082200100676,2019년 8월 22일 22시,목요일,경기도 연천군 전곡읍,부상신고사고,0,0,0,1,차대사람 - 기타,안전운전불이행,포장 - 건조,맑음,기타 - 기타,승용,여,59세,상해없음,보행자,남,57세,부상신고
16212,2019082200100679,2019년 8월 22일 23시,목요일,경기도 군포시 당정동,중상사고,0,1,0,0,차대사람 - 기타,안전운전불이행,포장 - 건조,맑음,교차로 - 교차로부근,승용,남,29세,상해없음,보행자,남,48세,중상
16213,2019082300100053,2019년 8월 23일 01시,금요일,경기도 고양시 일산서구 일산동,중상사고,0,1,0,0,차대사람 - 횡단중,교차로운행방법위반,포장 - 건조,흐림,교차로 - 교차로안,이륜,남,16세,상해없음,보행자,남,50세,중상
16214,2019082300100068,2019년 8월 23일 03시,금요일,경기도 부천시 원종동,경상사고,0,0,1,0,차대사람 - 길가장자리구역통행중,안전운전불이행,포장 - 건조,맑음,교차로 - 교차로부근,승용,여,41세,상해없음,보행자,남,16세,경상
16215,2019082300100080,2019년 8월 23일 04시,금요일,경기도 파주시 광탄면,중상사고,0,1,0,0,차대사람 - 길가장자리구역통행중,안전운전불이행,포장 - 건조,맑음,교차로 - 교차로부근,승용,남,45세,상해없음,보행자,여,67세,중상
16216,2019082300100084,2019년 8월 23일 05시,금요일,경기도 광명시 광명동,중상사고,0,2,1,0,차대사람 - 보도통행중,신호위반,포장 - 건조,맑음,교차로 - 교차로부근,승용,남,59세,상해없음,보행자,여,22세,중상
16217,2019082300100091,2019년 8월 23일 05시,금요일,경기도 의정부시 용현동,중상사고,0,1,0,0,차대사람 - 횡단중,안전운전불이행,포장 - 건조,맑음,교차로 - 교차로횡단보도내,승용,남,69세,상해없음,보행자,여,72세,중상
16218,2019082300100109,2019년 8월 23일 06시,금요일,경기도 고양시 일산서구 대화동,경상사고,0,0,1,0,차대사람 - 횡단중,보행자보호의무위반,포장 - 건조,맑음,교차로 - 교차로횡단보도내,화물,남,72세,상해없음,보행자,남,56세,경상
16219,2019082300100172,2019년 8월 23일 08시,금요일,경기도 남양주시 화도읍,경상사고,0,0,1,0,차대사람 - 기타,안전운전불이행,포장 - 건조,맑음,단일로 - 기타,자전거,남,52세,상해없음,보행자,남,8세,경상
16220,2019082300100267,2019년 8월 23일 11시,금요일,경기도 의정부시 신곡동,경상사고,0,0,1,0,차대사람 - 횡단중,신호위반,포장 - 건조,맑음,교차로 - 교차로횡단보도내,승용,남,56세,상해없음,보행자,여,10세,경상
16221,2019082300100268,2019년 8월 23일 11시,금요일,경기도 파주시 광탄면,중상사고,0,1,0,0,차대사람 - 기타,안전운전불이행,포장 - 건조,맑음,교차로 - 교차로안,건설기계,남,49세,상해없음,보행자,남,79세,중상
16222,2019082300100269,2019년 8월 23일 11시,금요일,경기도 고양시 일산서구 일산동,부상신고사고,0,0,0,1,차대사람 - 횡단중,교차로운행방법위반,포장 - 건조,맑음,교차로 - 교차로안,승용,남,59세,상해없음,보행자,여,58세,부상신고
16223,2019082300100312,2019년 8월 23일 13시,금요일,경기도 수원시 팔달구 매산로2가,부상신고사고,0,0,0,1,차대사람 - 기타,안전운전불이행,포장 - 건조,맑음,단일로 - 기타,승용,남,46세,상해없음,보행자,남,26세,부상신고
16224,2019082300100345,2019년 8월 23일 14시,금요일,경기도 하남시 학암동,경상사고,0,0,1,0,차대사람 - 보도통행중,안전운전불이행,포장 - 건조,맑음,단일로 - 기타,기타불명,기타불명,미분류,기타불명,보행자,남,10세,경상
16225,2019082300100349,2019년 8월 23일 14시,금요일,경기도 안산시 상록구 월피동,경상사고,0,0,1,0,차대사람 - 길가장자리구역통행중,안전운전불이행,포장 - 건조,맑음,기타 - 기타,승용,여,36세,상해없음,보행자,여,50세,경상
16226,2019082300100351,2019년 8월 23일 14시,금요일,경기도 화성시 병점동,경상사고,0,0,1,0,차대사람 - 횡단중,안전운전불이행,포장 - 건조,맑음,교차로 - 교차로횡단보도내,기타불명,기타불명,미분류,기타불명,보행자,여,62세,경상
16227,2019082300100376,2019년 8월 23일 15시,금요일,경기도 수원시 영통구 매탄동,경상사고,0,0,1,0,차대사람 - 기타,안전운전불이행,포장 - 건조,맑음,기타 - 기타,승용,남,66세,상해없음,보행자,여,58세,경상
16228,2019082300100377,2019년 8월 23일 15시,금요일,경기도 군포시 당동,경상사고,0,0,1,0,차대사람 - 차도통행중,안전운전불이행,포장 - 건조,맑음,교차로 - 교차로부근,기타불명,기타불명,미분류,기타불명,보행자,남,13세,경상
16229,2019082300100380,2019년 8월 23일 15시,금요일,경기도 화성시 능동,중상사고,0,1,0,0,차대사람 - 횡단중,보행자보호의무위반,포장 - 건조,맑음,교차로 - 교차로횡단보도내,승용,여,37세,상해없음,보행자,남,6세,중상
16230,2019082300100397,2019년 8월 23일 15시,금요일,경기도 양주시 고암동,경상사고,0,0,1,0,차대사람 - 횡단중,안전운전불이행,포장 - 건조,맑음,교차로 - 교차로횡단보도내,승용,여,26세,상해없음,보행자,여,76세,경상
16231,2019082300100417,2019년 8월 23일 16시,금요일,경기도 성남시 중원구 금광동,경상사고,0,0,1,0,차대사람 - 기타,안전운전불이행,포장 - 건조,맑음,단일로 - 기타,이륜,남,19세,기타불명,보행자,여,28세,경상
16232,2019082300100455,2019년 8월 23일 17시,금요일,경기도 수원시 장안구 천천동,경상사고,0,0,1,0,차대사람 - 횡단중,기타,포장 - 건조,맑음,단일로 - 기타,승용,여,31세,상해없음,보행자,여,10세,경상
16233,2019082300100529,2019년 8월 23일 18시,금요일,경기도 수원시 팔달구 교동,경상사고,0,0,1,0,차대사람 - 보도통행중,안전운전불이행,포장 - 건조,맑음,단일로 - 기타,자전거,남,60세,상해없음,보행자,여,61세,경상
16234,2019082300100576,2019년 8월 23일 19시,금요일,경기도 성남시 중원구 상대원동,중상사고,0,1,0,0,차대사람 - 기타,안전운전불이행,포장 - 건조,맑음,단일로 - 기타,승용,남,34세,상해없음,보행자,남,55세,중상
16235,2019082300100600,2019년 8월 23일 19시,금요일,경기도 남양주시 진건읍,중상사고,0,1,2,0,차대사람 - 기타,신호위반,포장 - 건조,맑음,교차로 - 교차로안,승합,남,52세,상해없음,보행자,여,9세,경상
16236,2019082300100602,2019년 8월 23일 19시,금요일,경기도 가평군 설악면,경상사고,0,0,1,0,차대사람 - 기타,안전운전불이행,포장 - 건조,맑음,단일로 - 교량,승용,남,28세,상해없음,보행자,남,53세,경상
16237,2019082300100615,2019년 8월 23일 20시,금요일,경기도 김포시 구래동,경상사고,0,0,1,0,차대사람 - 기타,안전운전불이행,포장 - 건조,맑음,기타 - 기타,자전거,남,52세,상해없음,보행자,남,4세,경상
16238,2019082300100617,2019년 8월 23일 20시,금요일,경기도 오산시 벌음동,중상사고,0,1,0,0,차대사람 - 횡단중,안전운전불이행,포장 - 건조,맑음,단일로 - 기타,승용,남,44세,상해없음,보행자,여,6세,중상
16239,2019082300100619,2019년 8월 23일 20시,금요일,경기도 부천시 중동,경상사고,0,0,1,0,차대사람 - 횡단중,신호위반,포장 - 건조,맑음,단일로 - 기타,자전거,여,22세,상해없음,보행자,여,33세,경상
16240,2019082300100650,2019년 8월 23일 21시,금요일,경기도 시흥시 정왕동,사망사고,1,0,0,0,차대사람 - 횡단중,안전운전불이행,포장 - 건조,맑음,교차로 - 교차로횡단보도내,승용,남,58세,상해없음,보행자,남,53세,사망
16241,2019082300100668,2019년 8월 23일 21시,금요일,경기도 의정부시 민락동,경상사고,0,0,1,0,차대사람 - 기타,안전운전불이행,포장 - 건조,맑음,교차로 - 교차로안,승용,남,55세,상해없음,보행자,남,51세,경상
16242,2019082300100669,2019년 8월 23일 21시,금요일,경기도 동두천시 생연동,경상사고,0,0,1,0,차대사람 - 횡단중,보행자보호의무위반,포장 - 건조,맑음,단일로 - 기타,이륜,남,22세,상해없음,보행자,여,61세,경상
16243,2019082300100677,2019년 8월 23일 22시,금요일,경기도 여주시 홍문동,중상사고,0,1,0,0,차대사람 - 횡단중,과속,포장 - 건조,맑음,단일로 - 기타,이륜,남,19세,상해없음,보행자,여,37세,중상
16244,2019082300100698,2019년 8월 23일 22시,금요일,경기도 파주시 금촌동,경상사고,0,0,1,0,차대사람 - 기타,안전운전불이행,포장 - 건조,맑음,단일로 - 기타,승합,남,36세,상해없음,보행자,여,25세,경상
16245,2019082300100709,2019년 8월 23일 23시,금요일,경기도 성남시 중원구 금광동,경상사고,0,0,1,0,차대사람 - 길가장자리구역통행중,안전운전불이행,포장 - 건조,맑음,단일로 - 기타,기타불명,기타불명,미분류,기타불명,보행자,여,31세,경상
16246,2019082400100036,2019년 8월 24일 00시,토요일,경기도 수원시 권선구 권선동,중상사고,0,1,0,0,차대사람 - 횡단중,안전운전불이행,포장 - 건조,맑음,단일로 - 기타,승용,남,23세,상해없음,보행자,남,49세,중상
16247,2019082400100051,2019년 8월 24일 01시,토요일,경기도 수원시 팔달구 인계동,경상사고,0,0,1,0,차대사람 - 기타,안전운전불이행,포장 - 건조,맑음,단일로 - 기타,승용,남,49세,상해없음,보행자,남,26세,경상
16248,2019082400100089,2019년 8월 24일 03시,토요일,경기도 용인시 처인구 김량장동,경상사고,0,0,1,0,차대사람 - 기타,안전운전불이행,포장 - 건조,맑음,교차로 - 교차로부근,승용,남,28세,상해없음,보행자,남,28세,경상
16249,2019082400100190,2019년 8월 24일 09시,토요일,경기도 남양주시 호평동,경상사고,0,0,1,0,차대사람 - 횡단중,안전운전불이행,포장 - 건조,맑음,교차로 - 교차로안,승합,남,33세,상해없음,보행자,여,80세,경상
16250,2019082400100221,2019년 8월 24일 10시,토요일,경기도 남양주시 별내동,경상사고,0,0,1,0,차대사람 - 기타,안전운전불이행,포장 - 건조,맑음,단일로 - 기타,승용,남,52세,상해없음,보행자,남,49세,경상
16251,2019082400100352,2019년 8월 24일 14시,토요일,경기도 수원시 권선구 세류동,경상사고,0,0,1,0,차대사람 - 기타,안전운전불이행,포장 - 건조,맑음,단일로 - 기타,승용,남,33세,상해없음,보행자,여,64세,경상
16252,2019082400100353,2019년 8월 24일 14시,토요일,경기도 성남시 중원구 성남동,중상사고,0,1,2,0,차대사람 - 기타,기타,포장 - 건조,맑음,주차장 - 주차장,승용,여,30세,상해없음,보행자,남,69세,중상
16253,2019082400100397,2019년 8월 24일 15시,토요일,경기도 구리시 수택동,경상사고,0,0,1,0,차대사람 - 차도통행중,안전운전불이행,포장 - 건조,맑음,교차로 - 교차로안,화물,남,38세,상해없음,보행자,남,60세,경상
16254,2019082400100447,2019년 8월 24일 17시,토요일,경기도 광명시 철산동,경상사고,0,0,1,0,차대사람 - 기타,안전거리미확보,포장 - 건조,맑음,단일로 - 기타,자전거,여,53세,상해없음,보행자,남,42세,경상
16255,2019082400100574,2019년 8월 24일 20시,토요일,경기도 의정부시 민락동,경상사고,0,0,1,0,차대사람 - 횡단중,보행자보호의무위반,포장 - 건조,맑음,단일로 - 기타,승용,남,58세,상해없음,보행자,남,52세,경상
16256,2019082400100586,2019년 8월 24일 21시,토요일,경기도 성남시 중원구 상대원동,경상사고,0,0,1,0,차대사람 - 보도통행중,기타,비포장 - 건조,맑음,기타 - 기타,이륜,남,61세,상해없음,보행자,여,3세,경상
16257,2019082400100588,2019년 8월 24일 21시,토요일,경기도 부천시 오정동,중상사고,0,2,0,0,차대사람 - 기타,안전운전불이행,포장 - 건조,맑음,교차로 - 교차로안,승용,남,55세,상해없음,보행자,여,35세,상해없음
16258,2019082400100589,2019년 8월 24일 21시,토요일,경기도 화성시 병점동,중상사고,0,1,0,0,차대사람 - 횡단중,안전운전불이행,포장 - 건조,맑음,단일로 - 기타,이륜,남,46세,상해없음,보행자,여,78세,중상
16259,2019082400100610,2019년 8월 24일 21시,토요일,경기도 양주시 옥정동,경상사고,0,0,1,0,차대사람 - 기타,보행자보호의무위반,포장 - 건조,맑음,교차로 - 교차로횡단보도내,승용,남,74세,상해없음,보행자,여,39세,경상
16260,2019082400100623,2019년 8월 24일 22시,토요일,경기도 시흥시 산현동,중상사고,0,1,0,0,차대사람 - 횡단중,안전운전불이행,포장 - 건조,맑음,교차로 - 교차로안,승합,남,54세,상해없음,보행자,여,63세,중상
16261,2019082400100624,2019년 8월 24일 22시,토요일,경기도 수원시 팔달구 매산로1가,사망사고,1,0,0,0,차대사람 - 횡단중,안전운전불이행,포장 - 건조,맑음,단일로 - 기타,화물,남,59세,상해없음,보행자,남,54세,사망
16262,2019082400100639,2019년 8월 24일 22시,토요일,경기도 의정부시 의정부동,경상사고,0,0,1,0,차대사람 - 기타,안전운전불이행,포장 - 건조,맑음,단일로 - 기타,승용,남,27세,상해없음,보행자,남,46세,경상
16263,2019082500100041,2019년 8월 25일 01시,일요일,경기도 가평군 청평면,경상사고,0,0,1,0,차대사람 - 기타,보행자보호의무위반,포장 - 건조,맑음,교차로 - 교차로횡단보도내,화물,남,33세,상해없음,보행자,남,25세,경상
16264,2019082500100044,2019년 8월 25일 02시,일요일,경기도 부천시 중동,중상사고,0,1,0,0,차대사람 - 횡단중,안전운전불이행,포장 - 건조,맑음,교차로 - 교차로부근,승용,남,62세,상해없음,보행자,남,19세,중상
16265,2019082500100109,2019년 8월 25일 08시,일요일,경기도 고양시 일산서구 주엽동,중상사고,0,1,0,0,차대사람 - 횡단중,안전운전불이행,포장 - 건조,맑음,단일로 - 기타,승용,남,76세,상해없음,보행자,남,81세,중상
16266,2019082500100138,2019년 8월 25일 10시,일요일,경기도 수원시 영통구 매탄동,경상사고,0,0,1,0,차대사람 - 차도통행중,안전운전불이행,포장 - 건조,맑음,단일로 - 기타,승용,남,52세,상해없음,보행자,남,18세,경상
16267,2019082500100224,2019년 8월 25일 13시,일요일,경기도 수원시 팔달구 매향동,중상사고,0,1,0,0,차대사람 - 기타,안전운전불이행,포장 - 건조,맑음,단일로 - 기타,승용,남,20세,상해없음,보행자,여,78세,중상
16268,2019082500100245,2019년 8월 25일 13시,일요일,경기도 남양주시 조안면,경상사고,0,0,1,0,차대사람 - 기타,안전운전불이행,포장 - 건조,맑음,주차장 - 주차장,승용,남,51세,상해없음,보행자,여,33세,경상
16269,2019082500100254,2019년 8월 25일 14시,일요일,경기도 수원시 장안구 조원동,경상사고,0,0,1,0,차대사람 - 기타,보행자보호의무위반,포장 - 건조,맑음,교차로 - 교차로부근,승용,여,53세,상해없음,보행자,남,23세,경상
16270,2019082500100350,2019년 8월 25일 16시,일요일,경기도 양주시 덕정동,부상신고사고,0,0,0,1,차대사람 - 기타,안전운전불이행,포장 - 건조,맑음,단일로 - 기타,승용,남,80세,상해없음,보행자,남,2세,부상신고
16271,2019082500100351,2019년 8월 25일 16시,일요일,경기도 구리시 수택동,경상사고,0,0,1,0,차대사람 - 보도통행중,기타,포장 - 건조,맑음,단일로 - 기타,이륜,남,54세,상해없음,보행자,남,9세,경상
16272,2019082500100374,2019년 8월 25일 17시,일요일,경기도 고양시 덕양구 행신동,중상사고,0,1,0,0,차대사람 - 차도통행중,안전운전불이행,포장 - 건조,맑음,교차로 - 교차로안,승용,남,46세,상해없음,보행자,여,61세,중상
16273,2019082500100422,2019년 8월 25일 19시,일요일,경기도 평택시 합정동,경상사고,0,0,1,0,차대사람 - 기타,안전운전불이행,포장 - 건조,맑음,단일로 - 기타,승용,남,76세,상해없음,보행자,남,62세,경상
16274,2019082500100425,2019년 8월 25일 19시,일요일,경기도 양평군 양평읍,부상신고사고,0,0,0,1,차대사람 - 보도통행중,안전운전불이행,포장 - 건조,맑음,단일로 - 기타,자전거,남,56세,기타불명,보행자,남,51세,부상신고
16275,2019082500100428,2019년 8월 25일 19시,일요일,경기도 화성시 장안면,중상사고,0,1,0,0,차대사람 - 기타,안전운전불이행,포장 - 건조,맑음,단일로 - 기타,화물,남,60세,상해없음,보행자,남,29세,중상
16276,2019082500100467,2019년 8월 25일 20시,일요일,경기도 화성시 마도면,중상사고,0,1,0,0,차대사람 - 길가장자리구역통행중,안전운전불이행,포장 - 건조,맑음,단일로 - 기타,승용,남,50세,상해없음,보행자,남,64세,중상
16277,2019082500100498,2019년 8월 25일 21시,일요일,경기도 평택시 안중읍,경상사고,0,0,1,0,차대사람 - 횡단중,신호위반,포장 - 건조,맑음,교차로 - 교차로횡단보도내,승용,남,26세,상해없음,보행자,여,26세,경상
16278,2019082500100513,2019년 8월 25일 22시,일요일,경기도 용인시 기흥구 신갈동,경상사고,0,0,1,0,차대사람 - 횡단중,안전운전불이행,포장 - 건조,맑음,단일로 - 기타,승용,남,32세,상해없음,보행자,남,71세,경상
16279,2019082600100032,2019년 8월 26일 00시,월요일,경기도 안산시 상록구 장상동,중상사고,0,1,0,0,차대사람 - 기타,안전운전불이행,포장 - 건조,맑음,주차장 - 주차장,승합,남,61세,상해없음,보행자,여,57세,중상
16280,2019082600100088,2019년 8월 26일 06시,월요일,경기도 수원시 권선구 오목천동,경상사고,0,0,1,0,차대사람 - 기타,안전운전불이행,포장 - 기타,맑음,주차장 - 주차장,승용,남,64세,상해없음,보행자,남,38세,경상
16281,2019082600100185,2019년 8월 26일 09시,월요일,경기도 평택시 신장동,경상사고,0,0,1,0,차대사람 - 횡단중,안전운전불이행,포장 - 건조,맑음,교차로 - 교차로안,기타불명,기타불명,미분류,기타불명,보행자,남,51세,경상
16282,2019082600100235,2019년 8월 26일 10시,월요일,경기도 시흥시 정왕동,경상사고,0,0,1,0,차대사람 - 기타,기타,포장 - 건조,맑음,단일로 - 기타,화물,남,56세,상해없음,보행자,남,51세,경상
16283,2019082600100262,2019년 8월 26일 11시,월요일,경기도 안양시 동안구 관양동,중상사고,0,1,0,0,차대사람 - 기타,안전운전불이행,포장 - 건조,맑음,교차로 - 교차로안,화물,남,36세,상해없음,보행자,남,44세,중상
16284,2019082600100271,2019년 8월 26일 11시,월요일,경기도 용인시 기흥구 마북동,부상신고사고,0,0,0,1,차대사람 - 기타,안전운전불이행,포장 - 건조,맑음,단일로 - 기타,기타불명,기타불명,미분류,기타불명,보행자,남,86세,부상신고
16285,2019082600100309,2019년 8월 26일 12시,월요일,경기도 평택시 안중읍,경상사고,0,0,1,0,차대사람 - 기타,안전운전불이행,포장 - 건조,맑음,교차로 - 교차로안,승용,여,33세,상해없음,보행자,남,24세,경상
16286,2019082600100346,2019년 8월 26일 13시,월요일,경기도 수원시 영통구 원천동,중상사고,0,1,0,0,차대사람 - 횡단중,안전운전불이행,포장 - 건조,맑음,교차로 - 교차로횡단보도내,승용,남,55세,상해없음,보행자,여,37세,중상
16287,2019082600100406,2019년 8월 26일 14시,월요일,경기도 구리시 수택동,경상사고,0,0,1,0,차대사람 - 기타,안전운전불이행,포장 - 건조,맑음,단일로 - 기타,승용,여,68세,상해없음,보행자,남,19세,경상
16288,2019082600100459,2019년 8월 26일 16시,월요일,경기도 부천시 원미동,중상사고,0,1,0,0,차대사람 - 보도통행중,기타,포장 - 건조,맑음,기타 - 기타,승용,여,46세,상해없음,보행자,남,54세,중상
16289,2019082600100464,2019년 8월 26일 16시,월요일,경기도 안양시 만안구 안양동,중상사고,0,1,0,0,차대사람 - 횡단중,안전운전불이행,포장 - 건조,맑음,단일로 - 기타,승용,남,26세,상해없음,보행자,여,7세,중상
16290,2019082600100465,2019년 8월 26일 16시,월요일,경기도 안양시 만안구 안양동,경상사고,0,0,1,0,차대사람 - 보도통행중,보행자보호의무위반,포장 - 건조,맑음,교차로 - 교차로횡단보도내,이륜,남,25세,상해없음,보행자,여,79세,경상
16291,2019082600100515,2019년 8월 26일 17시,월요일,경기도 성남시 중원구 성남동,경상사고,0,0,1,0,차대사람 - 기타,안전운전불이행,포장 - 건조,맑음,교차로 - 교차로부근,승용,남,76세,상해없음,보행자,여,19세,경상
16292,2019082600100560,2019년 8월 26일 18시,월요일,경기도 용인시 기흥구 보정동,중상사고,0,1,0,0,차대사람 - 횡단중,교차로운행방법위반,포장 - 건조,맑음,단일로 - 기타,승용,남,60세,상해없음,보행자,여,74세,중상
16293,2019082600100589,2019년 8월 26일 19시,월요일,경기도 안성시 양성면,중상사고,0,1,0,0,차대사람 - 길가장자리구역통행중,안전운전불이행,포장 - 건조,맑음,단일로 - 기타,승용,여,32세,상해없음,보행자,여,55세,중상
16294,2019082600100590,2019년 8월 26일 19시,월요일,경기도 용인시 처인구 양지면,경상사고,0,0,1,0,차대사람 - 횡단중,안전운전불이행,포장 - 건조,맑음,단일로 - 기타,승용,남,75세,상해없음,보행자,남,9세,경상
16295,2019082600100591,2019년 8월 26일 19시,월요일,경기도 용인시 기흥구 보라동,경상사고,0,0,1,0,차대사람 - 횡단중,신호위반,포장 - 건조,맑음,교차로 - 교차로안,승용,여,46세,상해없음,보행자,남,12세,경상
16296,2019082600100594,2019년 8월 26일 19시,월요일,경기도 성남시 중원구 상대원동,경상사고,0,0,1,0,차대사람 - 횡단중,보행자보호의무위반,포장 - 건조,맑음,교차로 - 교차로안,이륜,남,58세,상해없음,보행자,남,54세,경상
16297,2019082600100596,2019년 8월 26일 19시,월요일,경기도 성남시 중원구 성남동,사망사고,1,0,0,0,차대사람 - 횡단중,안전운전불이행,포장 - 건조,맑음,단일로 - 기타,승용,남,55세,상해없음,보행자,남,72세,사망
16298,2019082600100597,2019년 8월 26일 19시,월요일,경기도 용인시 수지구 상현동,경상사고,0,0,1,0,차대사람 - 횡단중,안전운전불이행,포장 - 건조,맑음,교차로 - 교차로안,승용,남,74세,상해없음,보행자,여,12세,경상
16299,2019082600100598,2019년 8월 26일 19시,월요일,경기도 용인시 수지구 풍덕천동,중상사고,0,1,0,0,차대사람 - 기타,보행자보호의무위반,포장 - 건조,맑음,교차로 - 교차로안,승용,남,63세,상해없음,보행자,남,45세,중상
16300,2019082600100626,2019년 8월 26일 20시,월요일,경기도 안성시 죽산면,중상사고,0,1,0,0,차대사람 - 기타,안전운전불이행,포장 - 건조,기타,단일로 - 기타,원동기,남,62세,상해없음,보행자,여,59세,중상
16301,2019082600100630,2019년 8월 26일 20시,월요일,경기도 수원시 팔달구 매산로1가,경상사고,0,0,1,0,차대사람 - 기타,안전운전불이행,포장 - 건조,맑음,단일로 - 기타,승용,남,37세,상해없음,보행자,여,26세,경상
16302,2019082600100673,2019년 8월 26일 21시,월요일,경기도 남양주시 오남읍,경상사고,0,0,1,0,차대사람 - 기타,안전운전불이행,포장 - 건조,맑음,단일로 - 기타,승용,남,57세,상해없음,보행자,여,34세,경상
16303,2019082600100683,2019년 8월 26일 22시,월요일,경기도 화성시 병점동,중상사고,0,1,0,0,차대사람 - 기타,안전운전불이행,포장 - 건조,맑음,단일로 - 기타,승합,남,42세,상해없음,보행자,여,64세,중상
16304,2019082600100713,2019년 8월 26일 23시,월요일,경기도 성남시 분당구 삼평동,부상신고사고,0,0,0,1,차대사람 - 횡단중,보행자보호의무위반,포장 - 건조,맑음,교차로 - 교차로횡단보도내,기타불명,기타불명,미분류,기타불명,보행자,남,27세,부상신고
16305,2019082700100058,2019년 8월 27일 02시,화요일,경기도 부천시 도당동,중상사고,0,1,0,1,차대사람 - 횡단중,안전운전불이행,포장 - 젖음/습기,맑음,교차로 - 교차로횡단보도내,승용,남,62세,상해없음,보행자,남,57세,중상
16306,2019082700100087,2019년 8월 27일 05시,화요일,경기도 이천시 중리동,중상사고,0,1,0,0,차대사람 - 기타,안전운전불이행,포장 - 건조,맑음,교차로 - 교차로안,승용,남,70세,상해없음,보행자,여,78세,중상
16307,2019082700100092,2019년 8월 27일 05시,화요일,경기도 파주시 동패동,중상사고,0,1,0,0,차대사람 - 횡단중,보행자보호의무위반,포장 - 건조,맑음,교차로 - 교차로횡단보도내,승용,남,67세,상해없음,보행자,남,66세,중상