,사고번호,사고일시,요일,시군구,사고내용,사망자수,중상자수,경상자수,부상신고자수,사고유형,법규위반,노면상태,기상상태,도로형태,가해운전자 차종,가해운전자 성별,가해운전자 연령,가해운전자 상해정도,피해운전자 차종,피해운전자 성별,피해운전자 연령,피해운전자 상해정도
16308,2019082700100094,2019년 8월 27일 06시,화요일,경기도 오산시 수청동,경상사고,0,0,1,0,차대사람 - 기타,안전운전불이행,포장 - 건조,흐림,단일로 - 기타,화물,남,54세,상해없음,보행자,남,30세,경상
16309,2019082700100142,2019년 8월 27일 08시,화요일,경기도 성남시 수정구 태평동,경상사고,0,0,1,0,차대사람 - 기타,안전운전불이행,포장 - 건조,맑음,단일로 - 기타,승용,남,35세,상해없음,보행자,여,32세,경상
16310,2019082700100144,2019년 8월 27일 08시,화요일,경기도 이천시 마장면,경상사고,0,0,1,0,차대사람 - 횡단중,보행자보호의무위반,포장 - 건조,맑음,단일로 - 기타,승용,남,37세,상해없음,보행자,남,6세,경상
16311,2019082700100200,2019년 8월 27일 09시,화요일,경기도 화성시 능동,경상사고,0,0,1,1,차대사람 - 기타,안전운전불이행,포장 - 건조,맑음,단일로 - 기타,승합,남,34세,상해없음,보행자,여,38세,경상
16312,2019082700100255,2019년 8월 27일 11시,화요일,경기도 성남시 수정구 수진동,경상사고,0,0,1,0,차대사람 - 기타,안전운전불이행,포장 - 건조,맑음,단일로 - 기타,승용,여,45세,상해없음,보행자,여,74세,경상
16313,2019082700100261,2019년 8월 27일 11시,화요일,경기도 화성시 진안동,중상사고,0,1,0,0,차대사람 - 기타,안전운전불이행,포장 - 건조,맑음,교차로 - 교차로부근,승용,여,27세,기타불명,보행자,남,50세,중상
16314,2019082700100281,2019년 8월 27일 11시,화요일,경기도 파주시 파주읍,경상사고,0,0,1,0,차대사람 - 길가장자리구역통행중,안전운전불이행,포장 - 건조,맑음,단일로 - 기타,기타불명,기타불명,미분류,기타불명,보행자,남,32세,경상
16315,2019082700100311,2019년 8월 27일 13시,화요일,경기도 군포시 당동,경상사고,0,0,1,0,차대사람 - 기타,안전운전불이행,포장 - 건조,맑음,단일로 - 기타,승용,여,34세,상해없음,보행자,여,59세,경상
16316,2019082700100312,2019년 8월 27일 13시,화요일,경기도 성남시 중원구 금광동,중상사고,0,1,0,0,차대사람 - 길가장자리구역통행중,안전운전불이행,포장 - 건조,맑음,단일로 - 기타,화물,남,58세,상해없음,보행자,여,69세,중상
16317,2019082700100352,2019년 8월 27일 14시,화요일,경기도 시흥시 신천동,부상신고사고,0,0,0,1,차대사람 - 길가장자리구역통행중,안전운전불이행,포장 - 건조,맑음,기타 - 기타,승용,여,67세,상해없음,보행자,여,48세,부상신고
16318,2019082700100392,2019년 8월 27일 15시,화요일,경기도 의왕시 왕곡동,경상사고,0,0,1,0,차대사람 - 횡단중,안전운전불이행,포장 - 건조,맑음,단일로 - 기타,화물,남,48세,상해없음,보행자,여,73세,경상
16319,2019082700100393,2019년 8월 27일 15시,화요일,경기도 하남시 신장동,중상사고,0,1,0,1,차대사람 - 횡단중,신호위반,포장 - 건조,맑음,단일로 - 기타,이륜,남,20세,상해없음,보행자,여,72세,중상
16320,2019082700100395,2019년 8월 27일 15시,화요일,경기도 용인시 수지구 상현동,경상사고,0,0,1,0,차대사람 - 기타,안전운전불이행,포장 - 건조,맑음,교차로 - 교차로안,승합,남,58세,상해없음,보행자,남,69세,경상
16321,2019082700100468,2019년 8월 27일 17시,화요일,경기도 성남시 분당구 운중동,경상사고,0,0,1,0,차대사람 - 횡단중,안전운전불이행,포장 - 건조,맑음,단일로 - 기타,승용,남,28세,상해없음,보행자,남,6세,경상
16322,2019082700100507,2019년 8월 27일 18시,화요일,경기도 군포시 당동,경상사고,0,0,1,0,차대사람 - 기타,안전운전불이행,포장 - 건조,맑음,교차로 - 교차로안,승용,여,64세,상해없음,보행자,여,11세,경상
16323,2019082700100541,2019년 8월 27일 19시,화요일,경기도 이천시 창전동,경상사고,0,0,2,0,차대사람 - 횡단중,중앙선침범,포장 - 건조,맑음,단일로 - 기타,이륜,남,26세,상해없음,보행자,여,41세,경상
16324,2019082700100542,2019년 8월 27일 19시,화요일,경기도 용인시 처인구 모현읍,경상사고,0,0,1,0,차대사람 - 보도통행중,기타,포장 - 건조,맑음,단일로 - 기타,화물,남,46세,상해없음,보행자,여,58세,경상
16325,2019082700100576,2019년 8월 27일 19시,화요일,경기도 구리시 아천동,중상사고,0,1,0,0,차대사람 - 차도통행중,과속,포장 - 건조,맑음,단일로 - 기타,승용,남,18세,상해없음,보행자,여,66세,중상
16326,2019082700100592,2019년 8월 27일 20시,화요일,경기도 안양시 동안구 평촌동,경상사고,0,0,1,0,차대사람 - 횡단중,보행자보호의무위반,포장 - 건조,맑음,교차로 - 교차로횡단보도내,승용,여,59세,상해없음,보행자,여,51세,경상
16327,2019082700100595,2019년 8월 27일 20시,화요일,경기도 안산시 상록구 사동,경상사고,0,0,1,0,차대사람 - 횡단중,안전운전불이행,포장 - 건조,맑음,단일로 - 기타,승용,여,55세,상해없음,보행자,남,6세,경상
16328,2019082700100625,2019년 8월 27일 21시,화요일,경기도 광명시 광명동,중상사고,0,1,0,0,차대사람 - 기타,안전운전불이행,포장 - 건조,맑음,기타 - 기타,원동기,남,39세,상해없음,보행자,여,63세,중상
16329,2019082700100637,2019년 8월 27일 21시,화요일,경기도 가평군 상면,중상사고,0,1,0,0,차대사람 - 차도통행중,안전운전불이행,포장 - 건조,맑음,교차로 - 교차로안,승용,여,67세,상해없음,보행자,남,65세,중상
16330,2019082800100037,2019년 8월 28일 00시,수요일,경기도 고양시 일산동구 장항동,경상사고,0,0,1,0,차대사람 - 기타,안전운전불이행,포장 - 건조,맑음,교차로 - 교차로횡단보도내,승용,남,25세,상해없음,보행자,남,43세,경상
16331,2019082800100129,2019년 8월 28일 08시,수요일,경기도 이천시 장호원읍,중상사고,0,1,0,0,차대사람 - 기타,안전운전불이행,포장 - 건조,맑음,단일로 - 기타,기타불명,기타불명,미분류,기타불명,보행자,남,80세,중상
16332,2019082800100137,2019년 8월 28일 08시,수요일,경기도 수원시 영통구 이의동,경상사고,0,0,1,0,차대사람 - 횡단중,안전운전불이행,포장 - 건조,맑음,교차로 - 교차로안,승용,남,40세,상해없음,보행자,여,26세,경상
16333,2019082800100138,2019년 8월 28일 08시,수요일,경기도 성남시 분당구 수내동,경상사고,0,0,1,0,차대사람 - 기타,기타,포장 - 건조,맑음,단일로 - 기타,승용,여,47세,상해없음,보행자,남,14세,경상
16334,2019082800100174,2019년 8월 28일 09시,수요일,경기도 용인시 기흥구 신갈동,중상사고,0,1,0,0,차대사람 - 기타,신호위반,포장 - 건조,맑음,기타 - 기타,승용,남,34세,상해없음,보행자,남,48세,중상
16335,2019082800100175,2019년 8월 28일 09시,수요일,경기도 용인시 처인구 역북동,중상사고,0,1,0,0,차대사람 - 기타,안전운전불이행,포장 - 건조,맑음,단일로 - 기타,화물,여,30세,상해없음,보행자,여,61세,중상
16336,2019082800100178,2019년 8월 28일 09시,수요일,경기도 수원시 영통구 매탄동,경상사고,0,0,1,0,차대사람 - 차도통행중,안전운전불이행,포장 - 건조,맑음,교차로 - 교차로안,승용,여,53세,상해없음,보행자,여,76세,경상
16337,2019082800100204,2019년 8월 28일 10시,수요일,경기도 안양시 동안구 관양동,중상사고,0,1,0,0,차대사람 - 횡단중,신호위반,포장 - 건조,맑음,교차로 - 교차로횡단보도내,승용,남,69세,상해없음,보행자,여,41세,중상
16338,2019082800100236,2019년 8월 28일 11시,수요일,경기도 광주시 목현동,중상사고,0,1,0,0,차대사람 - 기타,안전운전불이행,포장 - 건조,맑음,단일로 - 기타,승합,남,61세,상해없음,보행자,여,75세,중상
16339,2019082800100238,2019년 8월 28일 11시,수요일,경기도 화성시 청계동,경상사고,0,0,1,0,차대사람 - 횡단중,안전운전불이행,포장 - 건조,맑음,단일로 - 기타,이륜,남,53세,상해없음,보행자,여,58세,경상
16340,2019082800100263,2019년 8월 28일 12시,수요일,경기도 안산시 단원구 고잔동,중상사고,0,1,0,0,차대사람 - 횡단중,보행자보호의무위반,포장 - 건조,맑음,교차로 - 교차로횡단보도내,승용,남,60세,상해없음,보행자,여,75세,중상
16341,2019082800100286,2019년 8월 28일 12시,수요일,경기도 남양주시 금곡동,경상사고,0,0,1,0,차대사람 - 차도통행중,안전운전불이행,포장 - 건조,맑음,교차로 - 교차로부근,화물,여,64세,상해없음,보행자,남,84세,경상
16342,2019082800100296,2019년 8월 28일 13시,수요일,경기도 광주시 중대동,중상사고,0,1,0,0,차대사람 - 차도통행중,안전운전불이행,포장 - 건조,맑음,교차로 - 교차로부근,승용,여,44세,상해없음,보행자,남,36세,중상
16343,2019082800100364,2019년 8월 28일 15시,수요일,경기도 성남시 분당구 백현동,경상사고,0,0,1,0,차대사람 - 횡단중,보행자보호의무위반,포장 - 건조,맑음,교차로 - 교차로횡단보도내,승합,남,54세,상해없음,보행자,남,23세,경상
16344,2019082800100401,2019년 8월 28일 16시,수요일,경기도 안산시 단원구 고잔동,경상사고,0,0,1,0,차대사람 - 횡단중,안전운전불이행,포장 - 건조,맑음,단일로 - 기타,승용,여,46세,상해없음,보행자,남,18세,경상
16345,2019082800100433,2019년 8월 28일 17시,수요일,경기도 용인시 처인구 김량장동,경상사고,0,0,1,0,차대사람 - 횡단중,안전운전불이행,포장 - 건조,맑음,단일로 - 기타,승용,남,39세,상해없음,보행자,남,49세,경상
16346,2019082800100459,2019년 8월 28일 17시,수요일,경기도 파주시 조리읍,중상사고,0,1,0,0,차대사람 - 횡단중,안전운전불이행,포장 - 건조,맑음,단일로 - 기타,승용,남,61세,상해없음,보행자,여,60세,중상
16347,2019082800100460,2019년 8월 28일 17시,수요일,경기도 양주시 백석읍,경상사고,0,0,1,0,차대사람 - 기타,안전운전불이행,포장 - 건조,맑음,기타 - 기타,승합,남,40세,상해없음,보행자,여,79세,경상
16348,2019082800100475,2019년 8월 28일 18시,수요일,경기도 수원시 장안구 조원동,경상사고,0,0,1,0,차대사람 - 횡단중,안전운전불이행,포장 - 건조,맑음,교차로 - 교차로부근,승용,남,18세,상해없음,보행자,남,8세,경상
16349,2019082800100513,2019년 8월 28일 18시,수요일,경기도 동두천시 지행동,경상사고,0,0,1,0,차대사람 - 기타,안전운전불이행,포장 - 건조,맑음,기타 - 기타,승용,남,52세,상해없음,보행자,여,61세,경상
16350,2019082800100522,2019년 8월 28일 19시,수요일,경기도 평택시 평택동,경상사고,0,0,1,0,차대사람 - 기타,안전운전불이행,포장 - 건조,맑음,단일로 - 기타,승용,남,66세,상해없음,보행자,남,40세,경상
16351,2019082800100529,2019년 8월 28일 19시,수요일,경기도 부천시 심곡동,경상사고,0,0,1,0,차대사람 - 횡단중,안전운전불이행,포장 - 건조,맑음,단일로 - 기타,화물,남,69세,상해없음,보행자,남,57세,경상
16352,2019082800100530,2019년 8월 28일 19시,수요일,경기도 부천시 심곡동,중상사고,0,1,0,0,차대사람 - 기타,안전운전불이행,포장 - 건조,맑음,기타 - 기타,자전거,남,40세,상해없음,보행자,여,27세,중상
16353,2019082800100532,2019년 8월 28일 19시,수요일,경기도 시흥시 정왕동,중상사고,0,1,0,0,차대사람 - 횡단중,보행자보호의무위반,포장 - 건조,맑음,교차로 - 교차로횡단보도내,승용,남,29세,기타불명,보행자,여,8세,중상
16354,2019082800100533,2019년 8월 28일 19시,수요일,경기도 부천시 원종동,경상사고,0,0,1,0,차대사람 - 횡단중,보행자보호의무위반,포장 - 건조,맑음,교차로 - 교차로횡단보도내,승용,여,36세,상해없음,보행자,남,81세,경상
16355,2019082800100569,2019년 8월 28일 20시,수요일,경기도 성남시 수정구 산성동,경상사고,0,0,1,0,차대사람 - 기타,안전운전불이행,포장 - 건조,맑음,기타 - 기타,승용,남,42세,상해없음,보행자,남,70세,경상
16356,2019082800100588,2019년 8월 28일 21시,수요일,경기도 안양시 동안구 호계동,중상사고,0,1,0,0,차대사람 - 보도통행중,보행자보호의무위반,포장 - 건조,맑음,교차로 - 교차로횡단보도내,승용,여,34세,상해없음,보행자,여,29세,중상
16357,2019082800100590,2019년 8월 28일 21시,수요일,경기도 수원시 영통구 망포동,경상사고,0,0,1,0,차대사람 - 길가장자리구역통행중,안전운전불이행,포장 - 건조,맑음,단일로 - 기타,승용,남,29세,상해없음,보행자,여,77세,경상
16358,2019082800100614,2019년 8월 28일 22시,수요일,경기도 평택시 팽성읍,경상사고,0,0,1,0,차대사람 - 길가장자리구역통행중,안전운전불이행,포장 - 건조,맑음,단일로 - 기타,승용,여,46세,상해없음,보행자,남,56세,경상
16359,2019082800100631,2019년 8월 28일 22시,수요일,경기도 의정부시 용현동,경상사고,0,0,1,0,차대사람 - 횡단중,보행자보호의무위반,포장 - 건조,맑음,교차로 - 교차로안,승용,여,46세,상해없음,보행자,여,22세,경상
16360,2019082800100657,2019년 8월 28일 23시,수요일,경기도 고양시 일산서구 일산동,중상사고,0,1,0,0,차대사람 - 횡단중,안전운전불이행,포장 - 건조,맑음,교차로 - 교차로부근,승용,남,36세,상해없음,보행자,여,52세,중상
16361,2019082900100044,2019년 8월 29일 01시,목요일,경기도 광주시 삼동,중상사고,0,1,0,0,차대사람 - 기타,안전운전불이행,포장 - 건조,맑음,단일로 - 기타,승용,남,50세,상해없음,보행자,남,68세,중상
16362,2019082900100065,2019년 8월 29일 05시,목요일,경기도 안성시 공도읍,사망사고,1,0,0,0,차대사람 - 횡단중,안전운전불이행,포장 - 건조,맑음,단일로 - 기타,승용,남,66세,상해없음,보행자,여,79세,사망
16363,2019082900100104,2019년 8월 29일 08시,목요일,경기도 성남시 분당구 야탑동,중상사고,0,1,0,0,차대사람 - 차도통행중,신호위반,포장 - 건조,맑음,교차로 - 교차로안,승용,남,60세,상해없음,보행자,남,62세,중상
16364,2019082900100106,2019년 8월 29일 08시,목요일,경기도 시흥시 매화동,경상사고,0,0,1,0,차대사람 - 기타,안전운전불이행,포장 - 건조,맑음,단일로 - 기타,승용,여,37세,상해없음,보행자,여,9세,경상
16365,2019082900100108,2019년 8월 29일 08시,목요일,경기도 부천시 오정동,경상사고,0,0,1,0,차대사람 - 차도통행중,교차로운행방법위반,포장 - 건조,흐림,교차로 - 교차로안,승합,남,55세,상해없음,보행자,여,13세,경상
16366,2019082900100149,2019년 8월 29일 09시,목요일,경기도 김포시 통진읍,경상사고,0,0,1,0,차대사람 - 기타,안전운전불이행,포장 - 건조,맑음,기타 - 기타,승합,남,54세,기타불명,보행자,여,23세,경상
16367,2019082900100206,2019년 8월 29일 11시,목요일,경기도 하남시 풍산동,중상사고,0,1,0,0,차대사람 - 기타,보행자보호의무위반,포장 - 건조,맑음,교차로 - 교차로안,승용,남,60세,상해없음,보행자,남,80세,중상
16368,2019082900100232,2019년 8월 29일 12시,목요일,경기도 용인시 기흥구 중동,중상사고,0,1,0,0,차대사람 - 횡단중,보행자보호의무위반,포장 - 젖음/습기,비,교차로 - 교차로횡단보도내,승합,남,55세,상해없음,보행자,여,59세,중상
16369,2019082900100233,2019년 8월 29일 12시,목요일,경기도 수원시 영통구 영통동,경상사고,0,0,1,0,차대사람 - 횡단중,신호위반,포장 - 건조,맑음,교차로 - 교차로횡단보도내,이륜,남,22세,상해없음,보행자,여,25세,경상
16370,2019082900100237,2019년 8월 29일 12시,목요일,경기도 시흥시 대야동,경상사고,0,0,1,0,차대사람 - 기타,안전운전불이행,포장 - 건조,맑음,단일로 - 기타,승용,여,67세,상해없음,보행자,남,45세,경상
16371,2019082900100262,2019년 8월 29일 13시,목요일,경기도 안성시 서운면,중상사고,0,1,0,0,차대사람 - 기타,안전운전불이행,포장 - 젖음/습기,비,교차로 - 교차로안,화물,남,27세,상해없음,보행자,여,78세,중상
16372,2019082900100266,2019년 8월 29일 13시,목요일,경기도 화성시 팔탄면,중상사고,0,1,0,0,차대사람 - 기타,안전운전불이행,포장 - 건조,맑음,교차로 - 교차로부근,승합,여,53세,상해없음,보행자,남,58세,중상
16373,2019082900100295,2019년 8월 29일 14시,목요일,경기도 성남시 수정구 태평동,경상사고,0,0,1,0,차대사람 - 길가장자리구역통행중,안전운전불이행,포장 - 건조,맑음,단일로 - 기타,승용,여,47세,상해없음,보행자,여,53세,경상
16374,2019082900100296,2019년 8월 29일 14시,목요일,경기도 평택시 지산동,중상사고,0,1,0,0,차대사람 - 차도통행중,안전운전불이행,포장 - 건조,맑음,단일로 - 기타,승용,여,52세,상해없음,보행자,남,76세,중상
16375,2019082900100297,2019년 8월 29일 14시,목요일,경기도 부천시 심곡동,경상사고,0,0,2,0,차대사람 - 횡단중,안전운전불이행,포장 - 건조,맑음,단일로 - 기타,이륜,남,22세,경상,보행자,여,51세,경상
16376,2019082900100329,2019년 8월 29일 15시,목요일,경기도 용인시 처인구 모현읍,경상사고,0,0,1,0,차대사람 - 횡단중,보행자보호의무위반,포장 - 건조,맑음,단일로 - 기타,승용,여,28세,상해없음,보행자,여,11세,경상
16377,2019082900100330,2019년 8월 29일 15시,목요일,경기도 군포시 금정동,경상사고,0,0,1,0,차대사람 - 횡단중,안전운전불이행,포장 - 건조,맑음,교차로 - 교차로안,화물,남,50세,상해없음,보행자,남,87세,경상
16378,2019082900100368,2019년 8월 29일 16시,목요일,경기도 안산시 상록구 본오동,경상사고,0,0,1,0,차대사람 - 차도통행중,안전운전불이행,포장 - 건조,맑음,단일로 - 기타,화물,여,45세,상해없음,보행자,남,22세,경상
16379,2019082900100464,2019년 8월 29일 18시,목요일,경기도 의왕시 포일동,경상사고,0,0,1,0,차대사람 - 횡단중,안전운전불이행,포장 - 건조,맑음,단일로 - 기타,승용,남,48세,상해없음,보행자,여,73세,경상
16380,2019082900100465,2019년 8월 29일 18시,목요일,경기도 용인시 수지구 죽전동,경상사고,0,0,3,0,차대사람 - 횡단중,보행자보호의무위반,포장 - 건조,맑음,교차로 - 교차로횡단보도내,승용,남,36세,상해없음,보행자,남,52세,경상
16381,2019082900100523,2019년 8월 29일 19시,목요일,경기도 가평군 설악면,경상사고,0,0,1,0,차대사람 - 기타,안전운전불이행,포장 - 건조,맑음,주차장 - 주차장,승용,남,47세,상해없음,보행자,남,33세,경상
16382,2019082900100563,2019년 8월 29일 20시,목요일,경기도 수원시 장안구 파장동,중상사고,0,1,0,0,차대사람 - 차도통행중,안전운전불이행,포장 - 젖음/습기,비,교차로 - 교차로안,이륜,남,44세,상해없음,보행자,여,80세,중상
16383,2019082900100565,2019년 8월 29일 20시,목요일,경기도 성남시 수정구 수진동,사망사고,1,0,0,0,차대사람 - 차도통행중,안전운전불이행,포장 - 젖음/습기,비,단일로 - 기타,승용,남,46세,상해없음,보행자,남,75세,사망
16384,2019082900100571,2019년 8월 29일 20시,목요일,경기도 성남시 분당구 정자동,경상사고,0,0,1,0,차대사람 - 보도통행중,안전운전불이행,포장 - 건조,맑음,단일로 - 기타,승용,남,47세,상해없음,보행자,남,46세,경상
16385,2019082900100573,2019년 8월 29일 20시,목요일,경기도 시흥시 장곡동,부상신고사고,0,0,0,1,차대사람 - 기타,안전운전불이행,포장 - 건조,맑음,단일로 - 기타,승용,남,46세,상해없음,보행자,남,49세,부상신고
16386,2019082900100574,2019년 8월 29일 20시,목요일,경기도 화성시 병점동,경상사고,0,0,1,0,차대사람 - 횡단중,중앙선침범,포장 - 젖음/습기,비,교차로 - 교차로부근,승용,남,19세,상해없음,보행자,여,19세,경상
16387,2019082900100606,2019년 8월 29일 21시,목요일,경기도 이천시 호법면,중상사고,0,1,0,0,차대사람 - 기타,안전운전불이행,포장 - 젖음/습기,비,단일로 - 기타,기타불명,기타불명,미분류,기타불명,보행자,남,57세,중상
16388,2019082900100647,2019년 8월 29일 22시,목요일,경기도 용인시 처인구 포곡읍,경상사고,0,0,1,0,차대사람 - 횡단중,안전운전불이행,포장 - 건조,맑음,교차로 - 교차로횡단보도내,승용,남,52세,상해없음,보행자,남,44세,경상
16389,2019082900100650,2019년 8월 29일 22시,목요일,경기도 수원시 권선구 세류동,경상사고,0,0,2,0,차대사람 - 기타,보행자보호의무위반,포장 - 건조,맑음,교차로 - 교차로부근,승용,여,49세,상해없음,보행자,남,52세,경상
16390,2019082900100673,2019년 8월 29일 23시,목요일,경기도 용인시 기흥구 서천동,경상사고,0,0,1,0,차대사람 - 횡단중,안전운전불이행,포장 - 건조,맑음,교차로 - 교차로안,승용,여,19세,상해없음,보행자,남,41세,경상
16391,2019083000100031,2019년 8월 30일 00시,금요일,경기도 화성시 반송동,경상사고,0,0,1,0,차대사람 - 기타,안전운전불이행,포장 - 건조,흐림,단일로 - 기타,승용,남,51세,상해없음,보행자,남,49세,경상
16392,2019083000100059,2019년 8월 30일 03시,금요일,경기도 용인시 기흥구 청덕동,사망사고,1,0,0,0,차대사람 - 기타,안전운전불이행,포장 - 건조,맑음,단일로 - 기타,승용,여,48세,상해없음,보행자,남,50세,사망
16393,2019083000100136,2019년 8월 30일 08시,금요일,경기도 이천시 부발읍,경상사고,0,0,1,0,차대사람 - 기타,안전운전불이행,포장 - 건조,맑음,교차로 - 교차로안,화물,남,30세,상해없음,보행자,여,80세,경상
16394,2019083000100172,2019년 8월 30일 08시,금요일,경기도 고양시 일산동구 백석동,부상신고사고,0,0,0,1,차대사람 - 기타,안전운전불이행,포장 - 건조,맑음,주차장 - 주차장,승용,남,50세,상해없음,보행자,남,10세,부상신고
16395,2019083000100211,2019년 8월 30일 10시,금요일,경기도 용인시 처인구 마평동,중상사고,0,2,1,0,차대사람 - 기타,신호위반,포장 - 건조,맑음,단일로 - 기타,이륜,남,16세,중상,보행자,여,27세,중상
16396,2019083000100215,2019년 8월 30일 10시,금요일,경기도 성남시 중원구 중앙동,중상사고,0,1,0,0,차대사람 - 기타,안전운전불이행,포장 - 건조,맑음,기타 - 기타,승용,남,38세,상해없음,보행자,여,67세,중상
16397,2019083000100218,2019년 8월 30일 10시,금요일,경기도 부천시 원종동,사망사고,1,0,0,0,차대사람 - 횡단중,안전운전불이행,포장 - 건조,맑음,교차로 - 교차로부근,화물,남,56세,상해없음,보행자,여,79세,사망
16398,2019083000100243,2019년 8월 30일 10시,금요일,경기도 파주시 목동동,경상사고,0,0,1,0,차대사람 - 횡단중,안전운전불이행,포장 - 건조,맑음,단일로 - 기타,승용,여,24세,상해없음,보행자,여,51세,경상
16399,2019083000100257,2019년 8월 30일 11시,금요일,경기도 부천시 상동,경상사고,0,0,2,0,차대사람 - 횡단중,안전운전불이행,포장 - 건조,맑음,단일로 - 기타,화물,남,45세,상해없음,보행자,남,44세,경상
16400,2019083000100367,2019년 8월 30일 14시,금요일,경기도 김포시 양촌읍,중상사고,0,1,0,0,차대사람 - 기타,안전운전불이행,포장 - 건조,맑음,단일로 - 기타,화물,남,59세,상해없음,보행자,남,71세,중상
16401,2019083000100370,2019년 8월 30일 14시,금요일,경기도 성남시 분당구 이매동,중상사고,0,1,0,0,차대사람 - 횡단중,안전운전불이행,포장 - 건조,맑음,교차로 - 교차로부근,승용,여,36세,상해없음,보행자,여,46세,중상
16402,2019083000100373,2019년 8월 30일 14시,금요일,경기도 안산시 상록구 부곡동,중상사고,0,1,0,0,차대사람 - 횡단중,안전운전불이행,포장 - 건조,맑음,단일로 - 기타,승용,남,22세,상해없음,보행자,여,81세,중상
16403,2019083000100415,2019년 8월 30일 15시,금요일,경기도 여주시 가남읍,중상사고,0,1,0,0,차대사람 - 횡단중,안전운전불이행,포장 - 건조,맑음,기타 - 기타,승용,남,43세,상해없음,보행자,남,66세,중상
16404,2019083000100417,2019년 8월 30일 15시,금요일,경기도 부천시 소사동,중상사고,0,1,0,0,차대사람 - 차도통행중,보행자보호의무위반,포장 - 건조,맑음,교차로 - 교차로횡단보도내,자전거,여,52세,상해없음,보행자,여,72세,중상
16405,2019083000100419,2019년 8월 30일 15시,금요일,경기도 부천시 심곡동,경상사고,0,0,1,0,차대사람 - 횡단중,보행자보호의무위반,포장 - 건조,맑음,교차로 - 교차로횡단보도내,승용,여,25세,상해없음,보행자,남,5세,경상
16406,2019083000100453,2019년 8월 30일 15시,금요일,경기도 고양시 일산동구 중산동,중상사고,0,1,0,0,차대사람 - 횡단중,안전운전불이행,포장 - 건조,흐림,단일로 - 기타,승용,남,45세,상해없음,보행자,여,8세,중상
16407,2019083000100469,2019년 8월 30일 16시,금요일,경기도 화성시 매송면,중상사고,0,1,0,0,차대사람 - 기타,안전운전불이행,포장 - 건조,맑음,단일로 - 기타,화물,남,26세,상해없음,보행자,남,29세,중상
16408,2019083000100521,2019년 8월 30일 17시,금요일,경기도 성남시 수정구 신흥동,경상사고,0,0,1,0,차대사람 - 기타,안전운전불이행,포장 - 건조,맑음,단일로 - 기타,화물,남,45세,상해없음,보행자,남,77세,경상
16409,2019083000100531,2019년 8월 30일 17시,금요일,경기도 용인시 수지구 상현동,중상사고,0,1,0,0,차대사람 - 기타,안전운전불이행,포장 - 건조,맑음,단일로 - 기타,승용,여,30세,상해없음,보행자,여,69세,중상
16410,2019083000100564,2019년 8월 30일 17시,금요일,경기도 남양주시 화도읍,경상사고,0,0,1,0,차대사람 - 차도통행중,안전운전불이행,포장 - 젖음/습기,비,단일로 - 기타,승용,남,64세,상해없음,보행자,여,15세,경상
16411,2019083000100630,2019년 8월 30일 18시,금요일,경기도 의정부시 호원동,경상사고,0,0,1,0,차대사람 - 기타,보행자보호의무위반,포장 - 건조,맑음,단일로 - 기타,승합,여,49세,상해없음,보행자,여,15세,경상
16412,2019083000100631,2019년 8월 30일 18시,금요일,경기도 고양시 덕양구 삼송동,경상사고,0,0,1,0,차대사람 - 기타,안전운전불이행,포장 - 젖음/습기,흐림,단일로 - 기타,승용,남,85세,상해없음,보행자,남,41세,경상
16413,2019083000100695,2019년 8월 30일 19시,금요일,경기도 남양주시 화도읍,중상사고,0,1,0,0,차대사람 - 차도통행중,안전운전불이행,포장 - 건조,맑음,교차로 - 교차로부근,승용,여,51세,상해없음,보행자,남,72세,중상
16414,2019083000100705,2019년 8월 30일 20시,금요일,경기도 성남시 중원구 금광동,경상사고,0,0,1,0,차대사람 - 횡단중,안전운전불이행,포장 - 건조,맑음,단일로 - 기타,이륜,남,20세,상해없음,보행자,여,54세,경상
16415,2019083000100707,2019년 8월 30일 20시,금요일,경기도 수원시 팔달구 교동,경상사고,0,0,1,0,차대사람 - 기타,안전운전불이행,포장 - 건조,맑음,단일로 - 기타,화물,남,64세,상해없음,보행자,남,71세,경상
16416,2019083000100728,2019년 8월 30일 20시,금요일,경기도 의정부시 의정부동,경상사고,0,0,1,0,차대사람 - 기타,안전운전불이행,포장 - 건조,맑음,단일로 - 기타,승용,남,29세,상해없음,보행자,남,39세,경상
16417,2019083000100739,2019년 8월 30일 21시,금요일,경기도 시흥시 정왕동,부상신고사고,0,0,0,1,차대사람 - 기타,안전운전불이행,포장 - 건조,맑음,단일로 - 기타,승합,남,57세,상해없음,보행자,남,16세,부상신고
16418,2019083000100740,2019년 8월 30일 21시,금요일,경기도 시흥시 계수동,경상사고,0,0,1,0,차대사람 - 횡단중,안전운전불이행,포장 - 건조,맑음,교차로 - 교차로안,이륜,남,29세,상해없음,보행자,남,12세,경상
16419,2019083000100776,2019년 8월 30일 22시,금요일,경기도 성남시 분당구 서현동,부상신고사고,0,0,0,2,차대사람 - 기타,안전운전불이행,포장 - 건조,맑음,교차로 - 교차로부근,승합,남,74세,상해없음,보행자,남,49세,부상신고
16420,2019083000100791,2019년 8월 30일 22시,금요일,경기도 고양시 덕양구 주교동,경상사고,0,0,1,0,차대사람 - 횡단중,신호위반,포장 - 건조,맑음,교차로 - 교차로안,승용,남,52세,상해없음,보행자,남,46세,경상