,사고번호,사고일시,요일,시군구,사고내용,사망자수,중상자수,경상자수,부상신고자수,사고유형,법규위반,노면상태,기상상태,도로형태,가해운전자 차종,가해운전자 성별,가해운전자 연령,가해운전자 상해정도,피해운전자 차종,피해운전자 성별,피해운전자 연령,피해운전자 상해정도
16421,2019083000100821,2019년 8월 30일 23시,금요일,경기도 파주시 파주읍,부상신고사고,0,0,0,1,차대사람 - 기타,기타,포장 - 건조,맑음,교차로 - 교차로부근,승용,남,64세,상해없음,보행자,남,54세,부상신고
16422,2019083000100823,2019년 8월 30일 23시,금요일,경기도 가평군 청평면,중상사고,0,1,0,0,차대사람 - 횡단중,과속,포장 - 건조,맑음,교차로 - 교차로횡단보도내,승용,남,43세,상해없음,보행자,남,68세,중상
16423,2019083100100056,2019년 8월 31일 01시,토요일,경기도 안양시 동안구 평촌동,경상사고,0,0,1,0,차대사람 - 횡단중,신호위반,포장 - 건조,맑음,교차로 - 교차로횡단보도내,승용,남,61세,상해없음,보행자,남,16세,경상
16424,2019083100100080,2019년 8월 31일 02시,토요일,경기도 부천시 상동,경상사고,0,0,2,0,차대사람 - 횡단중,안전운전불이행,포장 - 건조,맑음,교차로 - 교차로안,승용,남,66세,상해없음,보행자,남,39세,경상
16425,2019083100100117,2019년 8월 31일 05시,토요일,경기도 수원시 팔달구 인계동,경상사고,0,0,1,0,차대사람 - 차도통행중,안전운전불이행,포장 - 건조,맑음,단일로 - 기타,승용,남,38세,상해없음,보행자,남,24세,경상
16426,2019083100100118,2019년 8월 31일 05시,토요일,경기도 부천시 여월동,중상사고,0,1,0,0,차대사람 - 횡단중,신호위반,포장 - 건조,맑음,교차로 - 교차로횡단보도내,이륜,남,27세,상해없음,보행자,여,58세,중상
16427,2019083100100165,2019년 8월 31일 07시,토요일,경기도 부천시 오정동,경상사고,0,0,1,0,차대사람 - 기타,안전운전불이행,포장 - 건조,맑음,단일로 - 기타,승용,남,67세,상해없음,보행자,남,58세,경상
16428,2019083100100241,2019년 8월 31일 09시,토요일,경기도 고양시 덕양구 주교동,중상사고,0,1,0,0,차대사람 - 횡단중,교차로운행방법위반,포장 - 건조,맑음,교차로 - 교차로안,화물,남,36세,상해없음,보행자,여,61세,중상
16429,2019083100100261,2019년 8월 31일 10시,토요일,경기도 수원시 권선구 호매실동,경상사고,0,0,1,0,차대사람 - 기타,기타,포장 - 건조,맑음,단일로 - 기타,승용,남,29세,상해없음,보행자,여,22세,경상
16430,2019083100100294,2019년 8월 31일 11시,토요일,경기도 안산시 상록구 성포동,부상신고사고,0,0,0,1,차대사람 - 차도통행중,안전운전불이행,포장 - 건조,맑음,단일로 - 기타,승용,남,60세,상해없음,보행자,남,65세,부상신고
16431,2019083100100322,2019년 8월 31일 12시,토요일,경기도 이천시 중리동,중상사고,0,1,0,0,차대사람 - 길가장자리구역통행중,안전운전불이행,포장 - 건조,맑음,단일로 - 기타,승용,여,56세,상해없음,보행자,여,64세,중상
16432,2019083100100326,2019년 8월 31일 12시,토요일,경기도 광명시 소하동,부상신고사고,0,0,0,1,차대사람 - 횡단중,보행자보호의무위반,포장 - 건조,맑음,단일로 - 기타,승용,남,76세,상해없음,보행자,여,5세,부상신고
16433,2019083100100370,2019년 8월 31일 13시,토요일,경기도 이천시 중리동,경상사고,0,0,1,0,차대사람 - 횡단중,보행자보호의무위반,포장 - 건조,맑음,교차로 - 교차로횡단보도내,승용,남,49세,상해없음,보행자,여,21세,경상
16434,2019083100100378,2019년 8월 31일 13시,토요일,경기도 부천시 고강동,경상사고,0,0,1,0,차대사람 - 기타,안전운전불이행,포장 - 건조,맑음,단일로 - 기타,승용,남,48세,상해없음,보행자,남,11세,경상
16435,2019083100100413,2019년 8월 31일 14시,토요일,경기도 수원시 장안구 조원동,경상사고,0,0,1,0,차대사람 - 기타,안전운전불이행,포장 - 건조,맑음,단일로 - 기타,승용,남,50세,상해없음,보행자,여,19세,경상
16436,2019083100100443,2019년 8월 31일 14시,토요일,경기도 동두천시 지행동,경상사고,0,0,1,0,차대사람 - 차도통행중,안전운전불이행,포장 - 건조,맑음,교차로 - 교차로안,이륜,남,40세,상해없음,보행자,여,10세,경상
16437,2019083100100480,2019년 8월 31일 15시,토요일,경기도 남양주시 별내동,경상사고,0,0,1,0,차대사람 - 횡단중,안전운전불이행,포장 - 건조,맑음,단일로 - 기타,승용,여,64세,상해없음,보행자,남,73세,경상
16438,2019083100100486,2019년 8월 31일 16시,토요일,경기도 성남시 수정구 신흥동,경상사고,0,0,1,0,차대사람 - 기타,안전운전불이행,포장 - 건조,맑음,단일로 - 기타,원동기,남,65세,상해없음,보행자,남,37세,경상
16439,2019083100100492,2019년 8월 31일 16시,토요일,경기도 시흥시 정왕동,경상사고,0,0,1,0,차대사람 - 횡단중,안전운전불이행,포장 - 건조,맑음,단일로 - 기타,승합,남,38세,상해없음,보행자,여,36세,경상
16440,2019083100100534,2019년 8월 31일 17시,토요일,경기도 수원시 장안구 영화동,경상사고,0,0,1,0,차대사람 - 횡단중,안전운전불이행,포장 - 건조,맑음,교차로 - 교차로안,자전거,남,83세,경상,보행자,남,61세,상해없음
16441,2019083100100541,2019년 8월 31일 17시,토요일,경기도 군포시 금정동,부상신고사고,0,0,0,1,차대사람 - 기타,안전운전불이행,포장 - 건조,맑음,단일로 - 기타,승용,여,64세,기타불명,보행자,남,49세,부상신고
16442,2019083100100578,2019년 8월 31일 18시,토요일,경기도 수원시 권선구 권선동,경상사고,0,0,1,0,차대사람 - 기타,안전운전불이행,포장 - 건조,맑음,단일로 - 기타,자전거,남,15세,상해없음,보행자,남,74세,경상
16443,2019083100100580,2019년 8월 31일 18시,토요일,경기도 수원시 권선구 서둔동,경상사고,0,0,1,0,차대사람 - 기타,기타,포장 - 건조,맑음,단일로 - 기타,자전거,남,34세,상해없음,보행자,남,51세,경상
16444,2019083100100672,2019년 8월 31일 20시,토요일,경기도 부천시 소사본동,중상사고,0,1,0,0,차대사람 - 기타,안전운전불이행,포장 - 건조,맑음,교차로 - 교차로안,승용,남,67세,상해없음,보행자,여,74세,중상
16445,2019083100100675,2019년 8월 31일 20시,토요일,경기도 용인시 기흥구 고매동,경상사고,0,0,1,0,차대사람 - 기타,안전운전불이행,포장 - 건조,맑음,주차장 - 주차장,승용,남,44세,상해없음,보행자,여,75세,경상
16446,2019083100100676,2019년 8월 31일 20시,토요일,경기도 화성시 송산동,경상사고,0,0,1,0,차대사람 - 기타,안전운전불이행,포장 - 건조,맑음,기타 - 기타,화물,여,45세,상해없음,보행자,남,49세,경상
16447,2019083100100686,2019년 8월 31일 20시,토요일,경기도 의정부시 민락동,경상사고,0,0,1,0,차대사람 - 횡단중,신호위반,포장 - 건조,맑음,교차로 - 교차로횡단보도내,이륜,남,56세,상해없음,보행자,여,74세,경상
16448,2019083100100687,2019년 8월 31일 20시,토요일,경기도 고양시 덕양구 대자동,사망사고,1,0,0,0,차대사람 - 기타,안전운전불이행,포장 - 건조,맑음,단일로 - 기타,승합,여,42세,상해없음,보행자,여,49세,사망
16449,2019083100100695,2019년 8월 31일 21시,토요일,경기도 수원시 장안구 영화동,중상사고,0,1,0,0,차대사람 - 기타,안전운전불이행,포장 - 건조,맑음,단일로 - 기타,화물,남,49세,상해없음,보행자,남,47세,중상
16450,2019083100100718,2019년 8월 31일 22시,토요일,경기도 수원시 팔달구 인계동,중상사고,0,1,0,0,차대사람 - 기타,안전운전불이행,포장 - 건조,맑음,기타 - 기타,승용,남,19세,상해없음,보행자,남,37세,중상
16451,2019083100100731,2019년 8월 31일 22시,토요일,경기도 고양시 덕양구 신원동,경상사고,0,0,1,0,차대사람 - 보도통행중,기타,포장 - 건조,맑음,기타 - 기타,이륜,남,61세,상해없음,보행자,남,20세,경상
16452,2019090100100016,2019년 9월 1일 00시,일요일,경기도 평택시 신장동,중상사고,0,1,0,0,차대사람 - 기타,보행자보호의무위반,포장 - 건조,맑음,교차로 - 교차로안,승용,남,68세,상해없음,보행자,남,42세,중상
16453,2019090100100017,2019년 9월 1일 00시,일요일,경기도 광명시 광명동,중상사고,0,1,0,0,차대사람 - 차도통행중,안전운전불이행,포장 - 건조,맑음,단일로 - 기타,승합,남,43세,상해없음,보행자,남,36세,중상
16454,2019090100100037,2019년 9월 1일 01시,일요일,경기도 이천시 증포동,경상사고,0,0,1,0,차대사람 - 차도통행중,신호위반,포장 - 건조,맑음,교차로 - 교차로안,기타불명,기타불명,미분류,기타불명,보행자,남,17세,경상
16455,2019090100100055,2019년 9월 1일 02시,일요일,경기도 부천시 상동,경상사고,0,0,1,0,차대사람 - 기타,안전운전불이행,포장 - 건조,맑음,교차로 - 교차로부근,기타불명,기타불명,미분류,기타불명,보행자,남,42세,경상
16456,2019090100100056,2019년 9월 1일 02시,일요일,경기도 수원시 팔달구 인계동,중상사고,0,1,0,0,차대사람 - 기타,안전운전불이행,포장 - 건조,맑음,교차로 - 교차로안,승용,남,22세,상해없음,보행자,여,28세,중상
16457,2019090100100057,2019년 9월 1일 02시,일요일,경기도 안양시 만안구 안양동,경상사고,0,0,1,0,차대사람 - 길가장자리구역통행중,안전운전불이행,포장 - 건조,맑음,단일로 - 기타,승용,남,65세,상해없음,보행자,남,32세,경상
16458,2019090100100072,2019년 9월 1일 03시,일요일,경기도 성남시 수정구 신흥동,경상사고,0,0,1,0,차대사람 - 기타,안전운전불이행,포장 - 건조,맑음,단일로 - 기타,승용,남,35세,상해없음,보행자,남,37세,경상
16459,2019090100100073,2019년 9월 1일 03시,일요일,경기도 성남시 수정구 수진동,중상사고,0,1,0,0,차대사람 - 기타,안전운전불이행,포장 - 건조,맑음,단일로 - 기타,승용,남,76세,상해없음,보행자,여,37세,중상
16460,2019090100100091,2019년 9월 1일 05시,일요일,경기도 수원시 영통구 원천동,중상사고,0,1,0,0,차대사람 - 기타,안전운전불이행,포장 - 건조,맑음,교차로 - 교차로부근,승용,남,54세,상해없음,보행자,남,51세,중상
16461,2019090100100126,2019년 9월 1일 09시,일요일,경기도 평택시 서정동,중상사고,0,1,0,0,차대사람 - 기타,기타,포장 - 건조,맑음,단일로 - 기타,승용,남,63세,상해없음,보행자,남,78세,중상
16462,2019090100100170,2019년 9월 1일 11시,일요일,경기도 김포시 북변동,중상사고,0,1,0,0,차대사람 - 횡단중,보행자보호의무위반,포장 - 건조,맑음,기타 - 기타,승용,남,48세,상해없음,보행자,여,72세,중상
16463,2019090100100216,2019년 9월 1일 13시,일요일,경기도 평택시 이충동,중상사고,0,1,0,0,차대사람 - 기타,안전운전불이행,포장 - 건조,맑음,교차로 - 교차로부근,승용,여,50세,상해없음,보행자,여,40세,중상
16464,2019090100100305,2019년 9월 1일 15시,일요일,경기도 파주시 문산읍,경상사고,0,0,1,0,차대사람 - 기타,안전운전불이행,포장 - 건조,맑음,교차로 - 교차로안,화물,남,80세,상해없음,보행자,남,36세,경상
16465,2019090100100372,2019년 9월 1일 17시,일요일,경기도 의정부시 민락동,경상사고,0,0,1,0,차대사람 - 횡단중,보행자보호의무위반,포장 - 건조,맑음,단일로 - 기타,승용,남,49세,상해없음,보행자,남,20세,경상
16466,2019090100100383,2019년 9월 1일 18시,일요일,경기도 하남시 덕풍동,경상사고,0,0,1,0,차대사람 - 차도통행중,안전운전불이행,포장 - 건조,맑음,교차로 - 교차로부근,승용,여,61세,상해없음,보행자,여,23세,경상
16467,2019090100100412,2019년 9월 1일 19시,일요일,경기도 부천시 춘의동,경상사고,0,0,1,0,차대사람 - 횡단중,보행자보호의무위반,포장 - 건조,맑음,교차로 - 교차로횡단보도내,승용,남,69세,상해없음,보행자,여,21세,경상
16468,2019090100100456,2019년 9월 1일 20시,일요일,경기도 수원시 팔달구 인계동,경상사고,0,0,1,0,차대사람 - 차도통행중,안전운전불이행,포장 - 건조,맑음,단일로 - 기타,승용,여,20세,상해없음,보행자,남,38세,경상
16469,2019090100100457,2019년 9월 1일 20시,일요일,경기도 성남시 분당구 운중동,중상사고,0,1,0,0,차대사람 - 기타,안전운전불이행,포장 - 건조,흐림,교차로 - 교차로부근,승용,남,70세,상해없음,보행자,남,66세,중상
16470,2019090100100477,2019년 9월 1일 20시,일요일,경기도 의정부시 의정부동,경상사고,0,0,2,0,차대사람 - 기타,기타,포장 - 건조,맑음,단일로 - 기타,자전거,남,65세,상해없음,보행자,남,57세,경상
16471,2019090100100483,2019년 9월 1일 21시,일요일,경기도 안산시 단원구 선부동,경상사고,0,0,1,0,차대사람 - 기타,안전운전불이행,포장 - 건조,맑음,기타 - 기타,승합,남,51세,상해없음,보행자,남,54세,경상
16472,2019090100100496,2019년 9월 1일 22시,일요일,경기도 성남시 수정구 복정동,중상사고,0,1,0,0,차대사람 - 횡단중,신호위반,포장 - 건조,흐림,단일로 - 기타,이륜,남,18세,상해없음,보행자,남,51세,중상
16473,2019090100100499,2019년 9월 1일 22시,일요일,경기도 안산시 단원구 원곡동,부상신고사고,0,0,0,1,차대사람 - 기타,안전운전불이행,포장 - 건조,맑음,단일로 - 기타,승용,남,33세,상해없음,보행자,남,29세,부상신고
16474,2019090200100067,2019년 9월 2일 06시,월요일,경기도 이천시 장록동,경상사고,0,0,1,0,차대사람 - 기타,안전운전불이행,포장 - 건조,맑음,단일로 - 기타,승용,남,41세,상해없음,보행자,여,79세,경상
16475,2019090200100084,2019년 9월 2일 06시,월요일,경기도 구리시 수택동,경상사고,0,0,1,0,차대사람 - 횡단중,안전운전불이행,포장 - 건조,맑음,교차로 - 교차로안,승용,남,59세,상해없음,보행자,여,57세,경상
16476,2019090200100088,2019년 9월 2일 07시,월요일,경기도 수원시 장안구 영화동,경상사고,0,0,1,0,차대사람 - 횡단중,신호위반,포장 - 건조,맑음,단일로 - 기타,승용,남,46세,상해없음,보행자,남,55세,경상
16477,2019090200100125,2019년 9월 2일 08시,월요일,경기도 여주시 가남읍,경상사고,0,0,1,0,차대사람 - 길가장자리구역통행중,안전운전불이행,포장 - 건조,맑음,단일로 - 기타,승용,여,34세,상해없음,보행자,여,40세,경상
16478,2019090200100130,2019년 9월 2일 08시,월요일,경기도 성남시 중원구 성남동,중상사고,0,1,0,0,차대사람 - 횡단중,안전운전불이행,포장 - 건조,맑음,교차로 - 교차로부근,자전거,남,63세,상해없음,보행자,여,84세,중상
16479,2019090200100170,2019년 9월 2일 08시,월요일,경기도 남양주시 일패동,부상신고사고,0,0,0,1,차대사람 - 기타,안전운전불이행,포장 - 건조,맑음,단일로 - 기타,화물,남,30세,상해없음,보행자,여,67세,부상신고
16480,2019090200100184,2019년 9월 2일 09시,월요일,경기도 수원시 권선구 세류동,중상사고,0,1,0,0,차대사람 - 횡단중,안전운전불이행,포장 - 건조,맑음,교차로 - 교차로횡단보도내,승용,남,50세,상해없음,보행자,여,78세,중상
16481,2019090200100209,2019년 9월 2일 09시,월요일,경기도 의정부시 용현동,경상사고,0,0,1,0,차대사람 - 길가장자리구역통행중,안전운전불이행,포장 - 건조,맑음,단일로 - 기타,승용,여,51세,상해없음,보행자,남,40세,경상
16482,2019090200100213,2019년 9월 2일 09시,월요일,경기도 남양주시 진접읍,중상사고,0,1,0,0,차대사람 - 보도통행중,안전운전불이행,포장 - 건조,맑음,단일로 - 기타,자전거,남,21세,상해없음,보행자,여,56세,중상
16483,2019090200100246,2019년 9월 2일 10시,월요일,경기도 고양시 덕양구 화정동,중상사고,0,1,0,0,차대사람 - 횡단중,안전운전불이행,포장 - 건조,맑음,교차로 - 교차로안,화물,여,42세,상해없음,보행자,여,57세,중상
16484,2019090200100258,2019년 9월 2일 11시,월요일,경기도 광주시 오포읍,경상사고,0,0,1,0,차대사람 - 기타,안전운전불이행,포장 - 건조,맑음,단일로 - 기타,승용,남,43세,기타불명,보행자,여,81세,경상
16485,2019090200100259,2019년 9월 2일 11시,월요일,경기도 용인시 처인구 양지면,경상사고,0,0,1,0,차대사람 - 횡단중,안전운전불이행,포장 - 건조,맑음,기타 - 기타,승용,여,59세,상해없음,보행자,여,72세,경상
16486,2019090200100287,2019년 9월 2일 11시,월요일,경기도 파주시 금촌동,경상사고,0,0,1,0,차대사람 - 기타,안전운전불이행,포장 - 건조,맑음,단일로 - 기타,특수,남,36세,상해없음,보행자,남,50세,경상
16487,2019090200100288,2019년 9월 2일 11시,월요일,경기도 고양시 일산서구 주엽동,부상신고사고,0,0,0,1,차대사람 - 횡단중,안전운전불이행,포장 - 건조,맑음,교차로 - 교차로안,기타불명,기타불명,미분류,기타불명,보행자,여,78세,부상신고
16488,2019090200100299,2019년 9월 2일 12시,월요일,경기도 안산시 단원구 선부동,경상사고,0,0,1,0,차대사람 - 보도통행중,기타,포장 - 건조,맑음,단일로 - 기타,자전거,남,68세,상해없음,보행자,여,68세,경상
16489,2019090200100323,2019년 9월 2일 12시,월요일,경기도 남양주시 진접읍,경상사고,0,0,1,0,차대사람 - 차도통행중,안전운전불이행,포장 - 건조,맑음,단일로 - 기타,승용,여,55세,상해없음,보행자,여,75세,경상
16490,2019090200100337,2019년 9월 2일 13시,월요일,경기도 안양시 만안구 석수동,중상사고,0,1,0,0,차대사람 - 기타,안전운전불이행,포장 - 건조,맑음,단일로 - 교량,승용,남,59세,상해없음,보행자,남,58세,중상
16491,2019090200100374,2019년 9월 2일 14시,월요일,경기도 평택시 평택동,경상사고,0,0,1,0,차대사람 - 차도통행중,안전운전불이행,포장 - 건조,맑음,교차로 - 교차로부근,승용,여,61세,상해없음,보행자,여,61세,경상
16492,2019090200100375,2019년 9월 2일 14시,월요일,경기도 안성시 신건지동,중상사고,0,1,0,0,차대사람 - 기타,안전운전불이행,포장 - 건조,맑음,단일로 - 기타,승용,남,39세,상해없음,보행자,여,79세,중상
16493,2019090200100378,2019년 9월 2일 14시,월요일,경기도 시흥시 신천동,중상사고,0,1,0,0,차대사람 - 횡단중,안전운전불이행,포장 - 건조,맑음,교차로 - 교차로부근,승용,남,55세,상해없음,보행자,여,63세,중상
16494,2019090200100434,2019년 9월 2일 15시,월요일,경기도 남양주시 다산동,경상사고,0,0,1,0,차대사람 - 횡단중,신호위반,포장 - 건조,맑음,교차로 - 교차로횡단보도내,승용,남,62세,상해없음,보행자,남,8세,경상
16495,2019090200100448,2019년 9월 2일 16시,월요일,경기도 용인시 수지구 성복동,경상사고,0,0,1,0,차대사람 - 기타,안전운전불이행,포장 - 건조,맑음,교차로 - 교차로부근,건설기계,남,56세,상해없음,보행자,남,60세,경상
16496,2019090200100466,2019년 9월 2일 16시,월요일,경기도 고양시 일산동구 백석동,경상사고,0,0,1,0,차대사람 - 횡단중,안전운전불이행,포장 - 건조,맑음,교차로 - 교차로안,승용,여,67세,상해없음,보행자,남,8세,경상
16497,2019090200100480,2019년 9월 2일 17시,월요일,경기도 수원시 영통구 원천동,중상사고,0,1,0,0,차대사람 - 차도통행중,안전운전불이행,포장 - 건조,맑음,기타 - 기타,승용,여,42세,상해없음,보행자,여,23세,중상
16498,2019090200100519,2019년 9월 2일 18시,월요일,경기도 양평군 용문면,경상사고,0,0,1,0,차대사람 - 횡단중,안전운전불이행,포장 - 건조,맑음,교차로 - 교차로안,승용,남,69세,상해없음,보행자,남,68세,경상
16499,2019090200100520,2019년 9월 2일 18시,월요일,경기도 부천시 심곡동,경상사고,0,0,1,0,차대사람 - 기타,기타,포장 - 건조,맑음,단일로 - 기타,승용,여,38세,상해없음,보행자,남,37세,경상
16500,2019090200100573,2019년 9월 2일 19시,월요일,경기도 안양시 동안구 관양동,중상사고,0,1,0,0,차대사람 - 차도통행중,안전운전불이행,포장 - 건조,맑음,단일로 - 기타,자전거,남,61세,상해없음,보행자,여,57세,중상
16501,2019090200100576,2019년 9월 2일 19시,월요일,경기도 안산시 상록구 사동,경상사고,0,0,1,0,차대사람 - 보도통행중,보행자보호의무위반,포장 - 건조,맑음,교차로 - 교차로횡단보도내,기타불명,기타불명,미분류,기타불명,보행자,남,29세,경상
16502,2019090200100618,2019년 9월 2일 19시,월요일,경기도 파주시 금촌동,경상사고,0,0,1,0,차대사람 - 횡단중,교차로운행방법위반,포장 - 건조,맑음,교차로 - 교차로횡단보도내,승용,남,62세,상해없음,보행자,여,51세,경상
16503,2019090200100619,2019년 9월 2일 19시,월요일,경기도 양주시 덕계동,경상사고,0,0,1,0,차대사람 - 기타,기타,포장 - 건조,맑음,기타 - 기타,승용,남,47세,상해없음,보행자,남,15세,경상
16504,2019090200100639,2019년 9월 2일 20시,월요일,경기도 부천시 송내동,중상사고,0,1,0,0,차대사람 - 기타,안전운전불이행,포장 - 건조,맑음,교차로 - 교차로안,승용,남,57세,상해없음,보행자,남,51세,중상
16505,2019090200100642,2019년 9월 2일 20시,월요일,경기도 수원시 권선구 세류동,경상사고,0,0,1,0,차대사람 - 보도통행중,과속,포장 - 건조,맑음,단일로 - 기타,원동기,남,33세,상해없음,보행자,여,72세,경상
16506,2019090200100643,2019년 9월 2일 20시,월요일,경기도 화성시 남양읍,중상사고,0,1,0,0,차대사람 - 횡단중,안전운전불이행,포장 - 건조,맑음,교차로 - 교차로부근,승용,남,47세,상해없음,보행자,남,14세,중상
16507,2019090200100644,2019년 9월 2일 20시,월요일,경기도 화성시 봉담읍,부상신고사고,0,0,0,1,차대사람 - 횡단중,안전운전불이행,포장 - 건조,맑음,교차로 - 교차로안,승용,남,67세,상해없음,보행자,남,57세,부상신고
16508,2019090200100676,2019년 9월 2일 21시,월요일,경기도 수원시 장안구 이목동,중상사고,0,1,0,0,차대사람 - 기타,과속,포장 - 건조,맑음,단일로 - 기타,승용,남,34세,상해없음,보행자,여,32세,중상
16509,2019090200100734,2019년 9월 2일 22시,월요일,경기도 고양시 일산서구 덕이동,경상사고,0,0,1,0,차대사람 - 기타,기타,포장 - 건조,기타,기타 - 기타,승합,남,62세,상해없음,보행자,여,55세,경상
16510,2019090200100738,2019년 9월 2일 23시,월요일,경기도 군포시 금정동,부상신고사고,0,0,0,1,차대사람 - 길가장자리구역통행중,안전운전불이행,포장 - 건조,맑음,단일로 - 기타,승용,남,22세,상해없음,보행자,남,49세,부상신고
16511,2019090300100060,2019년 9월 3일 03시,화요일,경기도 안산시 단원구 고잔동,중상사고,0,1,0,0,차대사람 - 차도통행중,안전운전불이행,포장 - 건조,맑음,단일로 - 기타,화물,남,61세,상해없음,보행자,남,59세,중상
16512,2019090300100083,2019년 9월 3일 06시,화요일,경기도 안산시 단원구 원곡동,중상사고,0,1,0,0,차대사람 - 기타,안전운전불이행,포장 - 건조,맑음,단일로 - 기타,승용,남,65세,상해없음,보행자,남,56세,중상
16513,2019090300100099,2019년 9월 3일 07시,화요일,경기도 안산시 단원구 고잔동,중상사고,0,1,0,0,차대사람 - 횡단중,보행자보호의무위반,포장 - 건조,맑음,교차로 - 교차로횡단보도내,화물,남,55세,상해없음,보행자,여,46세,중상
16514,2019090300100100,2019년 9월 3일 07시,화요일,경기도 군포시 당동,경상사고,0,0,1,0,차대사람 - 기타,안전운전불이행,포장 - 건조,맑음,교차로 - 교차로안,승용,남,47세,상해없음,보행자,남,42세,경상
16515,2019090300100118,2019년 9월 3일 07시,화요일,경기도 남양주시 진접읍,부상신고사고,0,0,0,1,차대사람 - 차도통행중,안전운전불이행,포장 - 건조,맑음,교차로 - 교차로부근,화물,남,30세,상해없음,보행자,여,72세,부상신고
16516,2019090300100131,2019년 9월 3일 08시,화요일,경기도 평택시 비전동,중상사고,0,1,0,0,차대사람 - 기타,안전운전불이행,포장 - 건조,맑음,단일로 - 기타,화물,남,37세,상해없음,보행자,여,34세,중상
16517,2019090300100132,2019년 9월 3일 08시,화요일,경기도 안양시 동안구 관양동,경상사고,0,0,1,0,차대사람 - 횡단중,보행자보호의무위반,포장 - 건조,맑음,교차로 - 교차로횡단보도내,기타불명,기타불명,미분류,기타불명,보행자,남,21세,경상
16518,2019090300100134,2019년 9월 3일 08시,화요일,경기도 이천시 창전동,경상사고,0,0,1,0,차대사람 - 기타,안전운전불이행,포장 - 건조,맑음,단일로 - 기타,승용,남,32세,상해없음,보행자,남,39세,경상
16519,2019090300100135,2019년 9월 3일 08시,화요일,경기도 군포시 산본동,경상사고,0,0,1,0,차대사람 - 횡단중,보행자보호의무위반,포장 - 건조,맑음,교차로 - 교차로안,승용,여,53세,상해없음,보행자,여,63세,경상
16520,2019090300100161,2019년 9월 3일 08시,화요일,경기도 남양주시 화도읍,경상사고,0,0,1,0,차대사람 - 기타,안전운전불이행,포장 - 건조,맑음,단일로 - 기타,화물,남,60세,상해없음,보행자,여,36세,경상
16521,2019090300100198,2019년 9월 3일 10시,화요일,경기도 평택시 신장동,경상사고,0,0,1,0,차대사람 - 횡단중,보행자보호의무위반,포장 - 건조,맑음,교차로 - 교차로안,화물,남,44세,상해없음,보행자,여,70세,경상
16522,2019090300100230,2019년 9월 3일 11시,화요일,경기도 오산시 세교동,경상사고,0,0,1,0,차대사람 - 기타,안전운전불이행,포장 - 건조,맑음,단일로 - 기타,승합,남,58세,상해없음,보행자,여,64세,경상
16523,2019090300100262,2019년 9월 3일 12시,화요일,경기도 광주시 오포읍,중상사고,0,1,0,0,차대사람 - 차도통행중,안전운전불이행,포장 - 건조,흐림,교차로 - 교차로부근,승용,여,40세,상해없음,보행자,여,74세,중상
16524,2019090300100266,2019년 9월 3일 12시,화요일,경기도 부천시 심곡본동,경상사고,0,0,1,0,차대사람 - 차도통행중,보행자보호의무위반,포장 - 건조,맑음,단일로 - 기타,이륜,남,19세,상해없음,보행자,여,1세,경상
16525,2019090300100267,2019년 9월 3일 12시,화요일,경기도 오산시 오산동,경상사고,0,0,1,0,차대사람 - 기타,안전운전불이행,포장 - 건조,맑음,기타 - 기타,기타불명,기타불명,미분류,기타불명,보행자,여,66세,경상
16526,2019090300100270,2019년 9월 3일 12시,화요일,경기도 화성시 장안면,경상사고,0,0,1,0,차대사람 - 기타,안전운전불이행,포장 - 건조,맑음,단일로 - 기타,승용,여,57세,상해없음,보행자,남,23세,경상
16527,2019090300100298,2019년 9월 3일 13시,화요일,경기도 평택시 비전동,경상사고,0,0,1,0,차대사람 - 기타,안전운전불이행,포장 - 건조,맑음,단일로 - 기타,승용,여,26세,상해없음,보행자,남,19세,경상
16528,2019090300100299,2019년 9월 3일 13시,화요일,경기도 평택시 지산동,중상사고,0,1,0,0,차대사람 - 차도통행중,안전운전불이행,포장 - 건조,맑음,기타 - 기타,승용,여,68세,상해없음,보행자,남,77세,중상
16529,2019090300100335,2019년 9월 3일 14시,화요일,경기도 수원시 팔달구 지동,경상사고,0,0,1,0,차대사람 - 기타,안전운전불이행,포장 - 건조,맑음,단일로 - 기타,화물,여,66세,상해없음,보행자,여,54세,상해없음
16530,2019090300100338,2019년 9월 3일 14시,화요일,경기도 오산시 원동,중상사고,0,2,0,0,차대사람 - 횡단중,신호위반,포장 - 건조,맑음,교차로 - 교차로횡단보도내,승용,여,49세,상해없음,보행자,여,34세,중상
16531,2019090300100374,2019년 9월 3일 15시,화요일,경기도 부천시 소사본동,중상사고,0,1,0,0,차대사람 - 횡단중,보행자보호의무위반,포장 - 건조,맑음,교차로 - 교차로횡단보도내,승합,남,67세,상해없음,보행자,여,87세,중상
16532,2019090300100375,2019년 9월 3일 15시,화요일,경기도 부천시 옥길동,경상사고,0,0,1,0,차대사람 - 기타,안전운전불이행,포장 - 건조,맑음,교차로 - 교차로안,승용,여,43세,상해없음,보행자,남,67세,경상
16533,2019090300100419,2019년 9월 3일 16시,화요일,경기도 부천시 원미동,경상사고,0,0,1,0,차대사람 - 횡단중,안전운전불이행,포장 - 건조,맑음,교차로 - 교차로안,승용,여,67세,상해없음,보행자,여,29세,경상
16534,2019090300100422,2019년 9월 3일 16시,화요일,경기도 용인시 기흥구 마북동,경상사고,0,0,1,0,차대사람 - 기타,안전운전불이행,포장 - 건조,맑음,단일로 - 기타,승합,남,53세,상해없음,보행자,여,47세,경상