,사고번호,사고일시,요일,시군구,사고내용,사망자수,중상자수,경상자수,부상신고자수,사고유형,법규위반,노면상태,기상상태,도로형태,가해운전자 차종,가해운전자 성별,가해운전자 연령,가해운전자 상해정도,피해운전자 차종,피해운전자 성별,피해운전자 연령,피해운전자 상해정도
16648,2019090600100638,2019년 9월 6일 21시,금요일,경기도 안산시 상록구 건건동,경상사고,0,0,1,0,차대사람 - 기타,안전운전불이행,포장 - 젖음/습기,비,단일로 - 기타,승합,남,62세,상해없음,보행자,남,55세,경상
16649,2019090600100639,2019년 9월 6일 21시,금요일,경기도 화성시 팔탄면,경상사고,0,0,1,0,차대사람 - 횡단중,안전운전불이행,포장 - 젖음/습기,비,교차로 - 교차로횡단보도내,승용,남,25세,상해없음,보행자,남,51세,경상
16650,2019090600100672,2019년 9월 6일 22시,금요일,경기도 평택시 도일동,중상사고,0,1,0,0,차대사람 - 기타,안전운전불이행,포장 - 건조,맑음,단일로 - 기타,승용,남,36세,상해없음,보행자,여,26세,중상
16651,2019090600100679,2019년 9월 6일 22시,금요일,경기도 시흥시 정왕동,중상사고,0,1,0,0,차대사람 - 보도통행중,보행자보호의무위반,포장 - 건조,맑음,교차로 - 교차로안,승용,여,41세,상해없음,보행자,여,50세,중상
16652,2019090600100707,2019년 9월 6일 23시,금요일,경기도 성남시 수정구 신흥동,경상사고,0,0,1,0,차대사람 - 횡단중,신호위반,포장 - 건조,맑음,단일로 - 기타,원동기,남,33세,상해없음,보행자,남,51세,경상
16653,2019090600100709,2019년 9월 6일 23시,금요일,경기도 김포시 사우동,경상사고,0,0,1,0,차대사람 - 횡단중,보행자보호의무위반,포장 - 젖음/습기,비,교차로 - 교차로부근,승용,남,24세,상해없음,보행자,남,55세,경상
16654,2019090700100030,2019년 9월 7일 00시,토요일,경기도 김포시 감정동,경상사고,0,0,1,0,차대사람 - 기타,기타,포장 - 젖음/습기,비,단일로 - 기타,승합,남,55세,기타불명,보행자,남,60세,경상
16655,2019090700100031,2019년 9월 7일 00시,토요일,경기도 안산시 단원구 고잔동,경상사고,0,0,1,0,차대사람 - 횡단중,신호위반,포장 - 젖음/습기,비,교차로 - 교차로안,이륜,남,18세,상해없음,보행자,남,30세,경상
16656,2019090700100034,2019년 9월 7일 00시,토요일,경기도 화성시 산척동,중상사고,0,1,0,0,차대사람 - 기타,기타,포장 - 건조,맑음,단일로 - 기타,승합,남,66세,상해없음,보행자,남,41세,중상
16657,2019090700100060,2019년 9월 7일 01시,토요일,경기도 평택시 서정동,중상사고,0,1,0,0,차대사람 - 기타,안전운전불이행,포장 - 젖음/습기,비,단일로 - 기타,승용,남,64세,상해없음,보행자,남,55세,중상
16658,2019090700100087,2019년 9월 7일 02시,토요일,경기도 의정부시 의정부동,경상사고,0,0,1,0,차대사람 - 기타,안전운전불이행,포장 - 건조,맑음,단일로 - 기타,승용,남,32세,상해없음,보행자,여,22세,경상
16659,2019090700100095,2019년 9월 7일 03시,토요일,경기도 수원시 팔달구 인계동,경상사고,0,0,1,0,차대사람 - 기타,안전운전불이행,포장 - 건조,흐림,단일로 - 기타,승용,남,60세,상해없음,보행자,남,21세,경상
16660,2019090700100114,2019년 9월 7일 05시,토요일,경기도 용인시 처인구 포곡읍,경상사고,0,0,1,0,차대사람 - 차도통행중,안전운전불이행,포장 - 건조,맑음,단일로 - 기타,승용,남,64세,상해없음,보행자,남,22세,경상
16661,2019090700100123,2019년 9월 7일 06시,토요일,경기도 평택시 합정동,중상사고,0,1,0,0,차대사람 - 기타,안전운전불이행,포장 - 건조,흐림,단일로 - 기타,승용,남,22세,상해없음,보행자,여,77세,중상
16662,2019090700100142,2019년 9월 7일 07시,토요일,경기도 남양주시 와부읍,경상사고,0,0,1,0,차대사람 - 기타,안전운전불이행,포장 - 건조,맑음,기타 - 기타,승용,남,70세,상해없음,보행자,남,36세,경상
16663,2019090700100160,2019년 9월 7일 08시,토요일,경기도 남양주시 화도읍,경상사고,0,0,1,0,차대사람 - 기타,안전운전불이행,포장 - 건조,맑음,단일로 - 기타,기타불명,기타불명,미분류,기타불명,보행자,남,35세,경상
16664,2019090700100168,2019년 9월 7일 09시,토요일,경기도 성남시 중원구 상대원동,경상사고,0,0,1,0,차대사람 - 길가장자리구역통행중,안전운전불이행,포장 - 건조,맑음,교차로 - 교차로안,승용,남,29세,상해없음,보행자,여,47세,경상
16665,2019090700100190,2019년 9월 7일 10시,토요일,경기도 수원시 장안구 정자동,경상사고,0,0,1,0,차대사람 - 횡단중,안전운전불이행,포장 - 건조,맑음,교차로 - 교차로안,승용,남,33세,상해없음,보행자,여,43세,경상
16666,2019090700100218,2019년 9월 7일 11시,토요일,경기도 안양시 동안구 비산동,경상사고,0,0,1,0,차대사람 - 보도통행중,신호위반,포장 - 건조,맑음,교차로 - 교차로횡단보도내,승용,남,62세,상해없음,보행자,여,28세,경상
16667,2019090700100219,2019년 9월 7일 11시,토요일,경기도 안산시 단원구 원곡동,부상신고사고,0,0,0,1,차대사람 - 보도통행중,안전운전불이행,포장 - 건조,맑음,교차로 - 교차로안,승용,남,56세,상해없음,보행자,여,7세,부상신고
16668,2019090700100276,2019년 9월 7일 12시,토요일,경기도 고양시 일산서구 대화동,중상사고,0,1,0,0,차대사람 - 횡단중,보행자보호의무위반,포장 - 젖음/습기,비,교차로 - 교차로안,승용,여,40세,상해없음,보행자,여,76세,중상
16669,2019090700100286,2019년 9월 7일 13시,토요일,경기도 시흥시 정왕동,경상사고,0,0,1,0,차대사람 - 길가장자리구역통행중,안전운전불이행,포장 - 건조,맑음,단일로 - 기타,승용,남,46세,상해없음,보행자,남,13세,경상
16670,2019090700100331,2019년 9월 7일 16시,토요일,경기도 안양시 동안구 호계동,경상사고,0,0,1,0,차대사람 - 기타,안전운전불이행,포장 - 젖음/습기,흐림,단일로 - 기타,이륜,남,35세,상해없음,보행자,여,33세,경상
16671,2019090700100332,2019년 9월 7일 16시,토요일,경기도 광명시 광명동,부상신고사고,0,0,0,1,차대사람 - 횡단중,신호위반,포장 - 젖음/습기,비,교차로 - 교차로횡단보도내,특수,남,62세,상해없음,보행자,여,24세,부상신고
16672,2019090700100335,2019년 9월 7일 16시,토요일,경기도 화성시 봉담읍,경상사고,0,0,1,0,차대사람 - 횡단중,교차로운행방법위반,포장 - 건조,맑음,교차로 - 교차로안,승용,남,31세,상해없음,보행자,여,79세,경상
16673,2019090700100353,2019년 9월 7일 16시,토요일,경기도 고양시 일산동구 장항동,경상사고,0,0,1,0,차대사람 - 횡단중,신호위반,포장 - 젖음/습기,비,단일로 - 기타,승용,남,22세,상해없음,보행자,남,27세,경상
16674,2019090700100363,2019년 9월 7일 17시,토요일,경기도 안양시 동안구 호계동,중상사고,0,1,0,0,차대사람 - 차도통행중,안전운전불이행,포장 - 건조,맑음,교차로 - 교차로부근,화물,남,59세,상해없음,보행자,남,65세,중상
16675,2019090700100391,2019년 9월 7일 18시,토요일,경기도 김포시 구래동,경상사고,0,0,1,0,차대사람 - 기타,안전운전불이행,포장 - 젖음/습기,비,단일로 - 기타,승용,남,52세,상해없음,보행자,여,27세,경상
16676,2019090700100413,2019년 9월 7일 19시,토요일,경기도 김포시 하성면,사망사고,1,0,0,0,차대사람 - 기타,안전운전불이행,포장 - 젖음/습기,비,단일로 - 기타,승용,남,40세,상해없음,보행자,남,55세,사망
16677,2019090700100415,2019년 9월 7일 19시,토요일,경기도 부천시 춘의동,중상사고,0,1,0,0,차대사람 - 횡단중,안전운전불이행,포장 - 건조,맑음,단일로 - 기타,승용,남,55세,상해없음,보행자,남,54세,중상
16678,2019090700100431,2019년 9월 7일 19시,토요일,경기도 남양주시 와부읍,경상사고,0,0,1,0,차대사람 - 횡단중,안전운전불이행,포장 - 젖음/습기,비,단일로 - 기타,승용,여,39세,상해없음,보행자,남,34세,경상
16679,2019090700100462,2019년 9월 7일 21시,토요일,경기도 안양시 동안구 호계동,사망사고,2,0,0,0,차대사람 - 횡단중,안전운전불이행,포장 - 젖음/습기,맑음,교차로 - 교차로부근,승용,남,57세,상해없음,보행자,남,53세,사망
16680,2019090700100478,2019년 9월 7일 21시,토요일,경기도 고양시 일산동구 백석동,경상사고,0,0,1,0,차대사람 - 기타,기타,포장 - 젖음/습기,비,단일로 - 기타,승합,남,47세,상해없음,보행자,여,71세,경상
16681,2019090700100479,2019년 9월 7일 21시,토요일,경기도 남양주시 와부읍,사망사고,1,0,0,0,차대사람 - 횡단중,안전운전불이행,포장 - 젖음/습기,비,단일로 - 기타,승용,남,50세,상해없음,보행자,여,65세,사망
16682,2019090700100486,2019년 9월 7일 22시,토요일,경기도 김포시 사우동,경상사고,0,0,1,0,차대사람 - 기타,안전운전불이행,포장 - 건조,맑음,교차로 - 교차로부근,승용,남,50세,상해없음,보행자,여,58세,경상
16683,2019090700100488,2019년 9월 7일 22시,토요일,경기도 수원시 영통구 망포동,경상사고,0,0,1,0,차대사람 - 횡단중,보행자보호의무위반,포장 - 건조,흐림,교차로 - 교차로횡단보도내,승용,남,59세,상해없음,보행자,여,18세,경상
16684,2019090700100505,2019년 9월 7일 23시,토요일,경기도 안양시 동안구 호계동,경상사고,0,0,2,0,차대사람 - 횡단중,신호위반,포장 - 젖음/습기,흐림,교차로 - 교차로횡단보도내,이륜,남,27세,상해없음,보행자,남,19세,경상
16685,2019090800100052,2019년 9월 8일 03시,일요일,경기도 오산시 궐동,경상사고,0,0,1,0,차대사람 - 기타,안전운전불이행,포장 - 건조,맑음,주차장 - 주차장,승용,남,59세,상해없음,보행자,남,31세,경상
16686,2019090800100067,2019년 9월 8일 05시,일요일,경기도 광주시 회덕동,경상사고,0,0,1,0,차대사람 - 길가장자리구역통행중,안전운전불이행,포장 - 건조,흐림,단일로 - 기타,기타불명,기타불명,미분류,기타불명,보행자,여,22세,경상
16687,2019090800100092,2019년 9월 8일 07시,일요일,경기도 의정부시 민락동,경상사고,0,0,1,0,차대사람 - 횡단중,보행자보호의무위반,포장 - 건조,맑음,교차로 - 교차로횡단보도내,승용,남,84세,상해없음,보행자,남,38세,경상
16688,2019090800100124,2019년 9월 8일 10시,일요일,경기도 광주시 탄벌동,경상사고,0,0,1,0,차대사람 - 기타,안전운전불이행,포장 - 건조,맑음,교차로 - 교차로부근,승용,여,60세,상해없음,보행자,여,65세,경상
16689,2019090800100146,2019년 9월 8일 10시,일요일,경기도 남양주시 진접읍,부상신고사고,0,0,0,1,차대사람 - 보도통행중,안전운전불이행,포장 - 건조,맑음,단일로 - 기타,승용,남,56세,기타불명,보행자,남,34세,부상신고
16690,2019090800100154,2019년 9월 8일 11시,일요일,경기도 화성시 비봉면,중상사고,0,1,0,0,차대사람 - 기타,안전운전불이행,포장 - 건조,맑음,단일로 - 기타,승용,남,40세,상해없음,보행자,여,68세,중상
16691,2019090800100199,2019년 9월 8일 12시,일요일,경기도 의정부시 장암동,경상사고,0,0,1,0,차대사람 - 차도통행중,안전운전불이행,포장 - 건조,맑음,단일로 - 기타,이륜,남,56세,상해없음,보행자,남,7세,경상
16692,2019090800100277,2019년 9월 8일 15시,일요일,경기도 부천시 옥길동,경상사고,0,0,1,0,차대사람 - 기타,안전운전불이행,포장 - 건조,맑음,단일로 - 기타,개인형이동수단(PM),여,31세,상해없음,보행자,남,38세,경상
16693,2019090800100307,2019년 9월 8일 16시,일요일,경기도 이천시 대포동,경상사고,0,0,1,0,차대사람 - 길가장자리구역통행중,안전운전불이행,포장 - 건조,맑음,단일로 - 기타,승용,남,33세,상해없음,보행자,남,21세,경상
16694,2019090800100310,2019년 9월 8일 16시,일요일,경기도 안산시 단원구 고잔동,경상사고,0,0,1,0,차대사람 - 차도통행중,안전운전불이행,포장 - 건조,맑음,단일로 - 기타,승용,여,65세,기타불명,보행자,남,17세,경상
16695,2019090800100313,2019년 9월 8일 16시,일요일,경기도 수원시 권선구 고색동,중상사고,0,1,0,0,차대사람 - 기타,안전운전불이행,포장 - 건조,맑음,단일로 - 기타,승용,남,32세,상해없음,보행자,남,70세,중상
16696,2019090800100341,2019년 9월 8일 16시,일요일,경기도 고양시 덕양구 성사동,경상사고,0,0,1,0,차대사람 - 기타,보행자보호의무위반,포장 - 건조,맑음,교차로 - 교차로횡단보도내,기타불명,남,47세,상해없음,보행자,여,69세,경상
16697,2019090800100351,2019년 9월 8일 17시,일요일,경기도 광주시 곤지암읍,중상사고,0,1,0,0,차대사람 - 횡단중,안전운전불이행,포장 - 기타,기타,기타 - 기타,승용,여,18세,상해없음,보행자,여,83세,중상
16698,2019090800100357,2019년 9월 8일 17시,일요일,경기도 화성시 반송동,경상사고,0,0,1,0,차대사람 - 기타,안전운전불이행,포장 - 건조,맑음,단일로 - 기타,원동기,남,39세,상해없음,보행자,남,26세,경상
16699,2019090800100413,2019년 9월 8일 19시,일요일,경기도 안산시 단원구 대부북동,중상사고,0,1,0,0,차대사람 - 기타,안전운전불이행,포장 - 젖음/습기,맑음,단일로 - 기타,특수,남,23세,상해없음,보행자,남,50세,중상
16700,2019090800100444,2019년 9월 8일 20시,일요일,경기도 수원시 장안구 연무동,경상사고,0,0,1,0,차대사람 - 길가장자리구역통행중,안전운전불이행,포장 - 건조,맑음,교차로 - 교차로안,이륜,남,37세,상해없음,보행자,여,7세,경상
16701,2019090800100445,2019년 9월 8일 20시,일요일,경기도 안양시 동안구 관양동,중상사고,0,1,0,0,차대사람 - 차도통행중,안전운전불이행,포장 - 건조,맑음,단일로 - 기타,승용,남,69세,상해없음,보행자,남,62세,중상
16702,2019090800100451,2019년 9월 8일 20시,일요일,경기도 시흥시 거모동,경상사고,0,0,1,0,차대사람 - 기타,안전운전불이행,포장 - 건조,맑음,교차로 - 교차로부근,승용,남,18세,상해없음,보행자,남,52세,경상
16703,2019090800100474,2019년 9월 8일 20시,일요일,경기도 양주시 고읍동,중상사고,0,1,0,0,차대사람 - 횡단중,안전운전불이행,포장 - 건조,맑음,교차로 - 교차로안,승용,남,47세,상해없음,보행자,남,21세,중상
16704,2019090800100482,2019년 9월 8일 21시,일요일,경기도 안양시 만안구 안양동,경상사고,0,0,1,0,차대사람 - 차도통행중,안전운전불이행,포장 - 건조,맑음,교차로 - 교차로부근,승용,남,59세,상해없음,보행자,남,16세,경상
16705,2019090800100503,2019년 9월 8일 22시,일요일,경기도 광주시 역동,경상사고,0,0,1,0,차대사람 - 기타,안전운전불이행,포장 - 기타,기타,기타 - 기타,승용,남,50세,상해없음,보행자,남,49세,경상
16706,2019090800100504,2019년 9월 8일 22시,일요일,경기도 군포시 금정동,경상사고,0,0,1,0,차대사람 - 기타,안전운전불이행,포장 - 건조,맑음,단일로 - 기타,승합,여,52세,상해없음,보행자,여,59세,경상
16707,2019090800100519,2019년 9월 8일 23시,일요일,경기도 안양시 동안구 비산동,사망사고,1,0,0,0,차대사람 - 횡단중,안전운전불이행,포장 - 건조,맑음,교차로 - 교차로횡단보도내,승용,남,62세,상해없음,보행자,남,41세,사망
16708,2019090800100520,2019년 9월 8일 23시,일요일,경기도 수원시 팔달구 인계동,경상사고,0,0,1,0,차대사람 - 기타,안전운전불이행,포장 - 건조,맑음,단일로 - 기타,승용,남,26세,상해없음,보행자,남,27세,경상
16709,2019090900100036,2019년 9월 9일 01시,월요일,경기도 부천시 원미동,경상사고,0,0,1,0,차대사람 - 차도통행중,안전운전불이행,포장 - 건조,맑음,교차로 - 교차로안,승용,남,67세,상해없음,보행자,남,35세,경상
16710,2019090900100044,2019년 9월 9일 03시,월요일,경기도 광명시 광명동,경상사고,0,0,1,0,차대사람 - 차도통행중,안전운전불이행,포장 - 건조,맑음,단일로 - 기타,승용,남,38세,상해없음,보행자,남,31세,경상
16711,2019090900100071,2019년 9월 9일 05시,월요일,경기도 고양시 일산동구 사리현동,중상사고,0,1,0,1,차대사람 - 횡단중,안전운전불이행,포장 - 건조,맑음,단일로 - 기타,승용,여,59세,부상신고,보행자,여,81세,중상
16712,2019090900100103,2019년 9월 9일 07시,월요일,경기도 수원시 영통구 원천동,경상사고,0,0,1,0,차대사람 - 횡단중,신호위반,포장 - 젖음/습기,비,교차로 - 교차로횡단보도내,화물,남,41세,상해없음,보행자,여,25세,경상
16713,2019090900100105,2019년 9월 9일 07시,월요일,경기도 군포시 금정동,경상사고,0,0,1,0,차대사람 - 기타,안전운전불이행,포장 - 건조,맑음,단일로 - 기타,화물,남,52세,상해없음,보행자,남,56세,경상
16714,2019090900100134,2019년 9월 9일 08시,월요일,경기도 안산시 단원구 원시동,중상사고,0,1,0,0,차대사람 - 횡단중,안전운전불이행,포장 - 건조,맑음,단일로 - 기타,승용,남,29세,상해없음,보행자,여,51세,중상
16715,2019090900100167,2019년 9월 9일 08시,월요일,경기도 의정부시 의정부동,경상사고,0,0,1,0,차대사람 - 기타,안전운전불이행,포장 - 건조,맑음,단일로 - 기타,승합,남,78세,상해없음,보행자,여,51세,경상
16716,2019090900100184,2019년 9월 9일 09시,월요일,경기도 안산시 단원구 선부동,경상사고,0,0,1,0,차대사람 - 횡단중,안전운전불이행,포장 - 건조,맑음,교차로 - 교차로안,승용,남,28세,상해없음,보행자,남,68세,경상
16717,2019090900100188,2019년 9월 9일 09시,월요일,경기도 성남시 분당구 야탑동,경상사고,0,0,1,0,차대사람 - 횡단중,보행자보호의무위반,포장 - 젖음/습기,비,교차로 - 교차로안,승용,남,50세,상해없음,보행자,여,57세,경상
16718,2019090900100225,2019년 9월 9일 10시,월요일,경기도 화성시 봉담읍,경상사고,0,0,1,0,차대사람 - 기타,안전운전불이행,포장 - 젖음/습기,비,단일로 - 기타,승합,남,41세,상해없음,보행자,여,55세,경상
16719,2019090900100267,2019년 9월 9일 11시,월요일,경기도 수원시 팔달구 인계동,경상사고,0,0,1,0,차대사람 - 횡단중,안전운전불이행,포장 - 건조,맑음,단일로 - 기타,승용,여,36세,상해없음,보행자,여,51세,경상
16720,2019090900100270,2019년 9월 9일 11시,월요일,경기도 성남시 분당구 구미동,중상사고,0,1,0,0,차대사람 - 횡단중,기타,포장 - 건조,맑음,기타 - 기타,화물,남,49세,상해없음,보행자,여,27세,중상
16721,2019090900100358,2019년 9월 9일 13시,월요일,경기도 평택시 용이동,경상사고,0,0,1,0,차대사람 - 기타,안전운전불이행,포장 - 건조,맑음,단일로 - 기타,승용,여,44세,상해없음,보행자,여,47세,경상
16722,2019090900100360,2019년 9월 9일 13시,월요일,경기도 광주시 곤지암읍,경상사고,0,0,1,0,차대사람 - 횡단중,안전운전불이행,포장 - 건조,맑음,단일로 - 기타,승용,여,21세,상해없음,보행자,남,22세,경상
16723,2019090900100361,2019년 9월 9일 13시,월요일,경기도 용인시 처인구 이동읍,경상사고,0,0,1,0,차대사람 - 횡단중,안전운전불이행,포장 - 건조,맑음,단일로 - 기타,승용,남,55세,상해없음,보행자,여,50세,경상
16724,2019090900100412,2019년 9월 9일 14시,월요일,경기도 남양주시 와부읍,경상사고,0,0,1,0,차대사람 - 차도통행중,안전운전불이행,포장 - 건조,맑음,단일로 - 기타,자전거,여,30세,경상,보행자,여,62세,상해없음
16725,2019090900100429,2019년 9월 9일 15시,월요일,경기도 용인시 수지구 동천동,경상사고,0,0,1,0,차대사람 - 기타,보행자보호의무위반,포장 - 젖음/습기,비,교차로 - 교차로안,승합,여,56세,상해없음,보행자,여,40세,경상
16726,2019090900100474,2019년 9월 9일 16시,월요일,경기도 부천시 옥길동,경상사고,0,0,1,0,차대사람 - 기타,안전운전불이행,포장 - 건조,맑음,단일로 - 기타,승합,남,63세,상해없음,보행자,여,72세,경상
16727,2019090900100519,2019년 9월 9일 17시,월요일,경기도 부천시 소사본동,경상사고,0,0,1,0,차대사람 - 횡단중,보행자보호의무위반,포장 - 건조,맑음,교차로 - 교차로횡단보도내,승합,여,46세,상해없음,보행자,남,8세,경상
16728,2019090900100547,2019년 9월 9일 17시,월요일,경기도 파주시 문산읍,경상사고,0,0,1,0,차대사람 - 기타,기타,포장 - 건조,흐림,단일로 - 기타,승합,남,58세,상해없음,보행자,남,23세,경상
16729,2019090900100561,2019년 9월 9일 18시,월요일,경기도 성남시 수정구 태평동,경상사고,0,0,1,0,차대사람 - 기타,안전운전불이행,포장 - 건조,맑음,기타 - 기타,화물,남,48세,상해없음,보행자,남,11세,경상
16730,2019090900100563,2019년 9월 9일 18시,월요일,경기도 오산시 수청동,경상사고,0,0,1,0,차대사람 - 기타,신호위반,포장 - 젖음/습기,비,교차로 - 교차로횡단보도내,승용,여,46세,상해없음,보행자,남,10세,경상
16731,2019090900100567,2019년 9월 9일 18시,월요일,경기도 화성시 병점동,부상신고사고,0,0,0,1,차대사람 - 횡단중,보행자보호의무위반,포장 - 건조,맑음,교차로 - 교차로횡단보도내,승용,남,39세,상해없음,보행자,남,71세,부상신고
16732,2019090900100601,2019년 9월 9일 18시,월요일,경기도 고양시 덕양구 동산동,경상사고,0,0,1,0,차대사람 - 횡단중,보행자보호의무위반,포장 - 건조,맑음,단일로 - 기타,승용,남,71세,상해없음,보행자,여,40세,경상
16733,2019090900100660,2019년 9월 9일 19시,월요일,경기도 고양시 덕양구 고양동,경상사고,0,0,1,0,차대사람 - 횡단중,보행자보호의무위반,포장 - 기타,맑음,교차로 - 교차로횡단보도내,이륜,남,22세,상해없음,보행자,여,16세,경상
16734,2019090900100681,2019년 9월 9일 20시,월요일,경기도 성남시 분당구 금곡동,중상사고,0,1,0,0,차대사람 - 기타,신호위반,포장 - 건조,맑음,기타 - 기타,승용,여,37세,상해없음,보행자,여,66세,중상
16735,2019090900100682,2019년 9월 9일 20시,월요일,경기도 시흥시 장현동,중상사고,0,1,0,0,차대사람 - 횡단중,보행자보호의무위반,포장 - 건조,맑음,교차로 - 교차로안,승용,남,27세,상해없음,보행자,남,78세,중상
16736,2019090900100684,2019년 9월 9일 20시,월요일,경기도 안산시 상록구 본오동,경상사고,0,0,1,0,차대사람 - 보도통행중,안전운전불이행,포장 - 건조,맑음,단일로 - 기타,화물,남,55세,기타불명,보행자,남,37세,경상
16737,2019090900100714,2019년 9월 9일 21시,월요일,경기도 이천시 갈산동,경상사고,0,0,1,0,차대사람 - 기타,신호위반,포장 - 건조,맑음,교차로 - 교차로안,화물,남,39세,상해없음,보행자,남,13세,경상
16738,2019090900100715,2019년 9월 9일 21시,월요일,경기도 이천시 관고동,중상사고,0,1,0,0,차대사람 - 기타,안전운전불이행,포장 - 건조,맑음,교차로 - 교차로안,승용,여,28세,상해없음,보행자,남,55세,중상
16739,2019090900100733,2019년 9월 9일 21시,월요일,경기도 파주시 탄현면,중상사고,0,2,0,0,차대사람 - 기타,안전운전불이행,포장 - 건조,맑음,단일로 - 기타,승용,남,45세,상해없음,보행자,남,46세,중상
16740,2019090900100748,2019년 9월 9일 22시,월요일,경기도 성남시 중원구 중앙동,경상사고,0,0,2,0,차대사람 - 기타,안전운전불이행,비포장 - 젖음/습기,비,단일로 - 기타,승용,남,26세,상해없음,보행자,여,15세,경상
16741,2019090900100769,2019년 9월 9일 23시,월요일,경기도 용인시 기흥구 마북동,중상사고,0,1,0,0,차대사람 - 차도통행중,안전운전불이행,포장 - 젖음/습기,비,교차로 - 교차로부근,화물,남,40세,상해없음,보행자,남,58세,중상
16742,2019091000100056,2019년 9월 10일 02시,화요일,경기도 수원시 팔달구 인계동,경상사고,0,0,1,0,차대사람 - 횡단중,보행자보호의무위반,포장 - 건조,맑음,교차로 - 교차로횡단보도내,승용,남,26세,상해없음,보행자,남,72세,경상
16743,2019091000100080,2019년 9월 10일 04시,화요일,경기도 고양시 덕양구 대자동,중상사고,0,1,0,0,차대사람 - 길가장자리구역통행중,안전운전불이행,포장 - 젖음/습기,비,단일로 - 기타,승용,남,50세,상해없음,보행자,남,65세,중상
16744,2019091000100090,2019년 9월 10일 05시,화요일,경기도 수원시 영통구 이의동,중상사고,0,1,0,0,차대사람 - 횡단중,신호위반,포장 - 젖음/습기,비,교차로 - 교차로횡단보도내,승용,남,64세,상해없음,보행자,남,68세,중상
16745,2019091000100104,2019년 9월 10일 06시,화요일,경기도 안산시 상록구 사동,경상사고,0,0,1,0,차대사람 - 횡단중,보행자보호의무위반,포장 - 젖음/습기,비,교차로 - 교차로횡단보도내,승용,남,44세,상해없음,보행자,여,24세,경상
16746,2019091000100124,2019년 9월 10일 07시,화요일,경기도 평택시 합정동,경상사고,0,0,1,0,차대사람 - 기타,안전운전불이행,포장 - 건조,흐림,단일로 - 기타,기타불명,기타불명,미분류,기타불명,보행자,남,25세,경상
16747,2019091000100129,2019년 9월 10일 07시,화요일,경기도 군포시 부곡동,경상사고,0,0,1,0,차대사람 - 기타,안전운전불이행,포장 - 건조,맑음,교차로 - 교차로안,화물,남,48세,상해없음,보행자,남,69세,경상
16748,2019091000100130,2019년 9월 10일 07시,화요일,경기도 성남시 분당구 서현동,중상사고,0,1,0,0,차대사람 - 보도통행중,보행자보호의무위반,포장 - 젖음/습기,비,교차로 - 교차로안,승용,남,54세,상해없음,보행자,남,90세 이상,중상
16749,2019091000100148,2019년 9월 10일 07시,화요일,경기도 파주시 금촌동,경상사고,0,0,1,0,차대사람 - 기타,안전운전불이행,포장 - 젖음/습기,비,교차로 - 교차로안,승용,남,44세,상해없음,보행자,남,51세,경상
16750,2019091000100156,2019년 9월 10일 08시,화요일,경기도 평택시 평택동,경상사고,0,0,1,0,차대사람 - 기타,안전운전불이행,포장 - 건조,맑음,주차장 - 주차장,승용,남,72세,상해없음,보행자,여,20세,경상
16751,2019091000100158,2019년 9월 10일 08시,화요일,경기도 용인시 기흥구 구갈동,경상사고,0,0,1,0,차대사람 - 횡단중,보행자보호의무위반,포장 - 젖음/습기,비,교차로 - 교차로횡단보도내,승용,여,45세,상해없음,보행자,여,23세,경상
16752,2019091000100197,2019년 9월 10일 08시,화요일,경기도 고양시 덕양구 고양동,중상사고,0,1,0,0,차대사람 - 횡단중,안전운전불이행,포장 - 젖음/습기,흐림,교차로 - 교차로횡단보도내,승용,남,49세,상해없음,보행자,여,69세,중상
16753,2019091000100223,2019년 9월 10일 09시,화요일,경기도 수원시 권선구 권선동,중상사고,0,1,0,0,차대사람 - 횡단중,보행자보호의무위반,포장 - 건조,맑음,교차로 - 교차로안,승용,남,63세,상해없음,보행자,여,72세,중상
16754,2019091000100224,2019년 9월 10일 09시,화요일,경기도 수원시 팔달구 인계동,경상사고,0,0,1,0,차대사람 - 횡단중,보행자보호의무위반,포장 - 젖음/습기,비,기타 - 기타,승용,여,31세,상해없음,보행자,여,22세,경상
16755,2019091000100257,2019년 9월 10일 09시,화요일,경기도 동두천시 지행동,경상사고,0,0,1,0,차대사람 - 횡단중,보행자보호의무위반,포장 - 젖음/습기,비,교차로 - 교차로부근,승합,여,42세,상해없음,보행자,남,80세,경상
16756,2019091000100268,2019년 9월 10일 10시,화요일,경기도 안산시 상록구 사동,경상사고,0,0,1,0,차대사람 - 기타,안전운전불이행,포장 - 건조,맑음,단일로 - 기타,화물,남,42세,상해없음,보행자,여,62세,경상
16757,2019091000100301,2019년 9월 10일 10시,화요일,경기도 의정부시 민락동,사망사고,1,0,0,0,차대사람 - 횡단중,안전운전불이행,포장 - 젖음/습기,비,단일로 - 기타,화물,남,45세,상해없음,보행자,여,84세,사망
16758,2019091000100302,2019년 9월 10일 10시,화요일,경기도 고양시 일산동구 정발산동,경상사고,0,0,1,0,차대사람 - 횡단중,신호위반,포장 - 건조,맑음,단일로 - 기타,승용,여,46세,상해없음,보행자,남,72세,경상
16759,2019091000100381,2019년 9월 10일 13시,화요일,경기도 이천시 창전동,경상사고,0,0,1,0,차대사람 - 길가장자리구역통행중,안전운전불이행,포장 - 건조,맑음,단일로 - 기타,승용,여,35세,상해없음,보행자,여,33세,경상
16760,2019091000100382,2019년 9월 10일 13시,화요일,경기도 용인시 기흥구 상갈동,중상사고,0,1,0,0,차대사람 - 기타,안전운전불이행,포장 - 건조,맑음,교차로 - 교차로횡단보도내,화물,남,57세,상해없음,보행자,여,64세,중상