,사고번호,사고일시,요일,시군구,사고내용,사망자수,중상자수,경상자수,부상신고자수,사고유형,법규위반,노면상태,기상상태,도로형태,가해운전자 차종,가해운전자 성별,가해운전자 연령,가해운전자 상해정도,피해운전자 차종,피해운전자 성별,피해운전자 연령,피해운전자 상해정도
16761,2019091000100517,2019년 9월 10일 16시,화요일,경기도 부천시 중동,경상사고,0,0,1,0,차대사람 - 기타,보행자보호의무위반,포장 - 젖음/습기,맑음,단일로 - 기타,승용,여,45세,상해없음,보행자,여,25세,경상
16762,2019091000100518,2019년 9월 10일 16시,화요일,경기도 안산시 단원구 고잔동,부상신고사고,0,0,0,1,차대사람 - 기타,기타,포장 - 젖음/습기,비,기타 - 기타,기타불명,기타불명,미분류,기타불명,보행자,여,32세,부상신고
16763,2019091000100521,2019년 9월 10일 16시,화요일,경기도 부천시 고강동,부상신고사고,0,0,0,1,차대사람 - 기타,안전운전불이행,포장 - 젖음/습기,비,교차로 - 교차로안,화물,남,60세,상해없음,보행자,남,53세,부상신고
16764,2019091000100552,2019년 9월 10일 17시,화요일,경기도 평택시 이충동,경상사고,0,0,1,0,차대사람 - 기타,보행자보호의무위반,포장 - 건조,맑음,단일로 - 기타,승용,여,37세,상해없음,보행자,남,9세,경상
16765,2019091000100596,2019년 9월 10일 18시,화요일,경기도 김포시 운양동,경상사고,0,0,1,0,차대사람 - 횡단중,보행자보호의무위반,포장 - 젖음/습기,비,단일로 - 기타,승용,여,60세,상해없음,보행자,여,67세,경상
16766,2019091000100606,2019년 9월 10일 18시,화요일,경기도 의왕시 고천동,중상사고,0,1,0,0,차대사람 - 기타,안전운전불이행,포장 - 젖음/습기,흐림,교차로 - 교차로횡단보도내,승합,여,56세,상해없음,보행자,남,56세,중상
16767,2019091000100650,2019년 9월 10일 19시,화요일,경기도 평택시 포승읍,사망사고,1,0,0,0,차대사람 - 기타,안전운전불이행,포장 - 젖음/습기,맑음,단일로 - 기타,승용,남,51세,상해없음,보행자,남,85세,사망
16768,2019091000100651,2019년 9월 10일 19시,화요일,경기도 광주시 초월읍,경상사고,0,0,1,0,차대사람 - 횡단중,보행자보호의무위반,포장 - 건조,맑음,교차로 - 교차로부근,화물,여,52세,상해없음,보행자,남,49세,경상
16769,2019091000100652,2019년 9월 10일 19시,화요일,경기도 용인시 처인구 마평동,중상사고,0,1,0,0,차대사람 - 횡단중,안전운전불이행,포장 - 젖음/습기,비,단일로 - 기타,승용,남,33세,상해없음,보행자,여,50세,중상
16770,2019091000100655,2019년 9월 10일 19시,화요일,경기도 부천시 도당동,중상사고,0,1,0,0,차대사람 - 기타,보행자보호의무위반,포장 - 건조,맑음,교차로 - 교차로횡단보도내,승용,남,24세,상해없음,보행자,남,55세,중상
16771,2019091000100656,2019년 9월 10일 19시,화요일,경기도 안산시 단원구 신길동,경상사고,0,0,1,0,차대사람 - 횡단중,보행자보호의무위반,포장 - 젖음/습기,비,교차로 - 교차로안,승용,남,49세,상해없음,보행자,남,60세,경상
16772,2019091000100705,2019년 9월 10일 20시,화요일,경기도 평택시 평택동,경상사고,0,0,1,0,차대사람 - 기타,기타,포장 - 건조,맑음,단일로 - 기타,승용,남,50세,상해없음,보행자,남,39세,경상
16773,2019091000100709,2019년 9월 10일 20시,화요일,경기도 부천시 심곡동,경상사고,0,0,1,0,차대사람 - 기타,보행자보호의무위반,포장 - 젖음/습기,비,교차로 - 교차로횡단보도내,승용,여,52세,상해없음,보행자,남,42세,경상
16774,2019091000100710,2019년 9월 10일 20시,화요일,경기도 안산시 상록구 본오동,경상사고,0,0,1,0,차대사람 - 횡단중,보행자보호의무위반,포장 - 건조,맑음,교차로 - 교차로안,승용,여,53세,상해없음,보행자,여,15세,경상
16775,2019091000100737,2019년 9월 10일 20시,화요일,경기도 고양시 일산동구 백석동,부상신고사고,0,0,0,1,차대사람 - 횡단중,안전운전불이행,포장 - 젖음/습기,비,교차로 - 교차로안,승용,남,49세,상해없음,보행자,여,28세,부상신고
16776,2019091000100738,2019년 9월 10일 20시,화요일,경기도 남양주시 진접읍,경상사고,0,0,1,0,차대사람 - 기타,안전운전불이행,포장 - 건조,맑음,단일로 - 기타,승용,여,55세,상해없음,보행자,남,42세,경상
16777,2019091000100755,2019년 9월 10일 21시,화요일,경기도 평택시 신대동,중상사고,0,1,0,1,차대사람 - 횡단중,안전운전불이행,포장 - 젖음/습기,비,단일로 - 기타,이륜,남,41세,부상신고,보행자,여,79세,중상
16778,2019091000100756,2019년 9월 10일 21시,화요일,경기도 용인시 기흥구 영덕동,경상사고,0,0,1,0,차대사람 - 횡단중,보행자보호의무위반,포장 - 젖음/습기,비,교차로 - 교차로횡단보도내,승용,남,63세,상해없음,보행자,남,36세,경상
16779,2019091000100804,2019년 9월 10일 22시,화요일,경기도 시흥시 정왕동,중상사고,0,2,0,0,차대사람 - 기타,안전운전불이행,포장 - 젖음/습기,비,교차로 - 교차로안,승용,남,39세,상해없음,보행자,남,50세,중상
16780,2019091000100805,2019년 9월 10일 22시,화요일,경기도 안산시 상록구 본오동,중상사고,0,1,0,0,차대사람 - 횡단중,신호위반,포장 - 젖음/습기,비,단일로 - 기타,승용,남,43세,상해없음,보행자,남,52세,중상
16781,2019091000100806,2019년 9월 10일 22시,화요일,경기도 화성시 마도면,중상사고,0,2,0,0,차대사람 - 기타,안전운전불이행,포장 - 젖음/습기,비,단일로 - 기타,화물,남,55세,상해없음,보행자,남,55세,중상
16782,2019091000100809,2019년 9월 10일 22시,화요일,경기도 용인시 수지구 죽전동,경상사고,0,0,1,0,차대사람 - 길가장자리구역통행중,안전운전불이행,포장 - 젖음/습기,비,교차로 - 교차로안,승용,남,21세,상해없음,보행자,여,21세,경상
16783,2019091000100825,2019년 9월 10일 22시,화요일,경기도 양주시 광적면,경상사고,0,0,2,0,차대사람 - 차도통행중,안전운전불이행,포장 - 젖음/습기,비,교차로 - 교차로안,화물,남,30세,상해없음,보행자,남,46세,경상
16784,2019091000100838,2019년 9월 10일 23시,화요일,경기도 부천시 소사본동,경상사고,0,0,1,0,차대사람 - 기타,신호위반,포장 - 젖음/습기,비,단일로 - 기타,이륜,남,22세,상해없음,보행자,남,44세,경상
16785,2019091000100842,2019년 9월 10일 23시,화요일,경기도 화성시 진안동,경상사고,0,0,1,0,차대사람 - 횡단중,기타,포장 - 젖음/습기,비,단일로 - 기타,이륜,남,24세,상해없음,보행자,남,61세,경상
16786,2019091100100040,2019년 9월 11일 00시,수요일,경기도 부천시 심곡본동,경상사고,0,0,1,0,차대사람 - 길가장자리구역통행중,안전운전불이행,포장 - 건조,맑음,단일로 - 기타,승용,남,35세,상해없음,보행자,남,42세,경상
16787,2019091100100051,2019년 9월 11일 00시,수요일,경기도 의정부시 의정부동,경상사고,0,0,1,0,차대사람 - 횡단중,안전운전불이행,포장 - 젖음/습기,비,교차로 - 교차로부근,화물,남,23세,상해없음,보행자,남,29세,경상
16788,2019091100100091,2019년 9월 11일 03시,수요일,경기도 고양시 덕양구 화정동,경상사고,0,0,1,1,차대사람 - 횡단중,안전운전불이행,포장 - 건조,맑음,단일로 - 기타,이륜,남,26세,부상신고,보행자,남,26세,경상
16789,2019091100100096,2019년 9월 11일 04시,수요일,경기도 수원시 장안구 영화동,경상사고,0,0,1,0,차대사람 - 길가장자리구역통행중,교차로운행방법위반,포장 - 젖음/습기,비,교차로 - 교차로부근,승용,여,57세,상해없음,보행자,남,53세,경상
16790,2019091100100106,2019년 9월 11일 05시,수요일,경기도 이천시 신둔면,중상사고,0,1,0,0,차대사람 - 기타,안전운전불이행,포장 - 젖음/습기,맑음,단일로 - 기타,승용,남,50세,상해없음,보행자,여,71세,중상
16791,2019091100100107,2019년 9월 11일 05시,수요일,경기도 용인시 기흥구 영덕동,경상사고,0,0,1,0,차대사람 - 기타,안전운전불이행,포장 - 젖음/습기,비,교차로 - 교차로안,기타불명,기타불명,미분류,기타불명,보행자,남,25세,경상
16792,2019091100100119,2019년 9월 11일 06시,수요일,경기도 하남시 풍산동,사망사고,1,0,0,0,차대사람 - 횡단중,보행자보호의무위반,포장 - 젖음/습기,흐림,교차로 - 교차로안,승용,남,67세,상해없음,보행자,여,65세,사망
16793,2019091100100131,2019년 9월 11일 07시,수요일,경기도 시흥시 목감동,중상사고,0,1,0,0,차대사람 - 횡단중,안전운전불이행,포장 - 건조,맑음,교차로 - 교차로안,승용,남,35세,상해없음,보행자,여,48세,중상
16794,2019091100100194,2019년 9월 11일 08시,수요일,경기도 의정부시 용현동,경상사고,0,0,1,0,차대사람 - 횡단중,신호위반,포장 - 건조,맑음,교차로 - 교차로횡단보도내,승용,남,37세,상해없음,보행자,여,42세,경상
16795,2019091100100197,2019년 9월 11일 08시,수요일,경기도 포천시 소흘읍,경상사고,0,0,1,0,차대사람 - 횡단중,신호위반,포장 - 건조,맑음,교차로 - 교차로안,승용,남,27세,상해없음,보행자,남,42세,경상
16796,2019091100100208,2019년 9월 11일 09시,수요일,경기도 수원시 장안구 송죽동,경상사고,0,0,1,0,차대사람 - 기타,안전운전불이행,포장 - 건조,맑음,단일로 - 기타,승용,여,54세,상해없음,보행자,여,52세,경상
16797,2019091100100244,2019년 9월 11일 10시,수요일,경기도 안산시 상록구 일동,경상사고,0,0,1,0,차대사람 - 횡단중,보행자보호의무위반,포장 - 건조,맑음,교차로 - 교차로횡단보도내,승용,남,66세,상해없음,보행자,남,75세,경상
16798,2019091100100267,2019년 9월 11일 10시,수요일,경기도 남양주시 오남읍,중상사고,0,1,0,0,차대사람 - 횡단중,보행자보호의무위반,포장 - 건조,맑음,교차로 - 교차로횡단보도내,승용,여,55세,상해없음,보행자,여,75세,중상
16799,2019091100100269,2019년 9월 11일 10시,수요일,경기도 구리시 인창동,중상사고,0,1,0,0,차대사람 - 차도통행중,안전운전불이행,포장 - 건조,맑음,단일로 - 기타,승용,여,36세,상해없음,보행자,여,74세,중상
16800,2019091100100282,2019년 9월 11일 11시,수요일,경기도 평택시 포승읍,경상사고,0,0,1,0,차대사람 - 횡단중,안전운전불이행,포장 - 건조,맑음,단일로 - 기타,화물,남,45세,상해없음,보행자,남,42세,경상
16801,2019091100100288,2019년 9월 11일 11시,수요일,경기도 수원시 권선구 세류동,경상사고,0,0,1,0,차대사람 - 기타,안전운전불이행,포장 - 건조,맑음,교차로 - 교차로안,화물,남,54세,상해없음,보행자,여,68세,경상
16802,2019091100100323,2019년 9월 11일 11시,수요일,경기도 고양시 일산동구 중산동,중상사고,0,1,0,0,차대사람 - 횡단중,안전운전불이행,포장 - 건조,맑음,교차로 - 교차로횡단보도내,승용,남,64세,상해없음,보행자,여,56세,중상
16803,2019091100100417,2019년 9월 11일 14시,수요일,경기도 부천시 삼정동,경상사고,0,0,1,0,차대사람 - 기타,안전운전불이행,포장 - 건조,맑음,단일로 - 기타,승용,남,71세,상해없음,보행자,남,57세,경상
16804,2019091100100475,2019년 9월 11일 15시,수요일,경기도 화성시 목동,경상사고,0,0,1,0,차대사람 - 기타,안전운전불이행,포장 - 건조,맑음,단일로 - 기타,승용,남,77세,상해없음,보행자,남,31세,경상
16805,2019091100100531,2019년 9월 11일 16시,수요일,경기도 수원시 영통구 망포동,경상사고,0,0,1,0,차대사람 - 차도통행중,안전운전불이행,포장 - 건조,맑음,단일로 - 기타,승용,여,32세,상해없음,보행자,남,63세,경상
16806,2019091100100571,2019년 9월 11일 16시,수요일,경기도 양주시 덕계동,경상사고,0,0,1,0,차대사람 - 횡단중,신호위반,포장 - 건조,맑음,교차로 - 교차로안,승용,남,64세,상해없음,보행자,남,9세,경상
16807,2019091100100585,2019년 9월 11일 17시,수요일,경기도 광주시 오포읍,경상사고,0,0,1,0,차대사람 - 기타,안전운전불이행,포장 - 건조,맑음,단일로 - 기타,승용,여,63세,상해없음,보행자,남,16세,경상
16808,2019091100100652,2019년 9월 11일 18시,수요일,경기도 군포시 당동,중상사고,0,1,0,0,차대사람 - 기타,안전운전불이행,포장 - 건조,맑음,단일로 - 기타,승용,남,69세,상해없음,보행자,여,67세,중상
16809,2019091100100682,2019년 9월 11일 18시,수요일,경기도 고양시 일산동구 백석동,경상사고,0,0,1,0,차대사람 - 차도통행중,안전운전불이행,포장 - 건조,맑음,단일로 - 기타,이륜,남,23세,상해없음,보행자,남,72세,경상
16810,2019091100100684,2019년 9월 11일 18시,수요일,경기도 동두천시 생연동,경상사고,0,0,1,0,차대사람 - 횡단중,안전운전불이행,포장 - 건조,맑음,교차로 - 교차로안,화물,남,47세,상해없음,보행자,여,37세,경상
16811,2019091100100699,2019년 9월 11일 19시,수요일,경기도 용인시 처인구 김량장동,경상사고,0,0,1,0,차대사람 - 횡단중,안전운전불이행,포장 - 건조,맑음,교차로 - 교차로부근,승용,남,47세,상해없음,보행자,남,26세,경상
16812,2019091100100701,2019년 9월 11일 19시,수요일,경기도 오산시 세교동,중상사고,0,1,0,0,차대사람 - 기타,안전운전불이행,포장 - 건조,맑음,단일로 - 기타,승용,여,59세,상해없음,보행자,여,79세,중상
16813,2019091100100705,2019년 9월 11일 19시,수요일,경기도 안산시 단원구 대부북동,중상사고,0,1,0,0,차대사람 - 기타,안전운전불이행,포장 - 건조,맑음,단일로 - 기타,승용,남,67세,상해없음,보행자,여,71세,중상
16814,2019091100100707,2019년 9월 11일 19시,수요일,경기도 성남시 중원구 성남동,경상사고,0,0,1,0,차대사람 - 보도통행중,안전운전불이행,포장 - 건조,맑음,단일로 - 기타,화물,남,51세,상해없음,보행자,남,56세,경상
16815,2019091100100713,2019년 9월 11일 19시,수요일,경기도 용인시 수지구 죽전동,부상신고사고,0,0,0,1,차대사람 - 기타,안전운전불이행,포장 - 건조,맑음,단일로 - 기타,승합,남,59세,상해없음,보행자,남,65세,부상신고
16816,2019091100100756,2019년 9월 11일 20시,수요일,경기도 성남시 수정구 신흥동,경상사고,0,0,1,0,차대사람 - 기타,안전운전불이행,포장 - 건조,맑음,단일로 - 기타,승용,여,52세,상해없음,보행자,남,35세,경상
16817,2019091100100761,2019년 9월 11일 20시,수요일,경기도 수원시 권선구 세류동,경상사고,0,0,1,0,차대사람 - 기타,안전운전불이행,포장 - 건조,맑음,교차로 - 교차로부근,승용,여,47세,상해없음,보행자,남,17세,경상
16818,2019091100100784,2019년 9월 11일 20시,수요일,경기도 파주시 문산읍,사망사고,1,0,0,0,차대사람 - 횡단중,중앙선침범,포장 - 건조,흐림,단일로 - 기타,승용,남,34세,상해없음,보행자,남,83세,사망
16819,2019091100100793,2019년 9월 11일 21시,수요일,경기도 성남시 중원구 성남동,경상사고,0,0,1,0,차대사람 - 기타,안전운전불이행,포장 - 건조,맑음,기타 - 기타,승용,남,25세,상해없음,보행자,남,38세,경상
16820,2019091100100814,2019년 9월 11일 21시,수요일,경기도 남양주시 다산동,경상사고,0,0,1,0,차대사람 - 횡단중,보행자보호의무위반,포장 - 건조,맑음,교차로 - 교차로횡단보도내,승용,여,25세,상해없음,보행자,남,8세,경상
16821,2019091100100815,2019년 9월 11일 21시,수요일,경기도 파주시 야당동,중상사고,0,1,0,0,차대사람 - 기타,안전운전불이행,포장 - 건조,맑음,단일로 - 기타,승합,남,70세,상해없음,보행자,남,21세,중상
16822,2019091100100850,2019년 9월 11일 23시,수요일,경기도 평택시 서정동,경상사고,0,0,1,0,차대사람 - 기타,안전운전불이행,포장 - 건조,맑음,단일로 - 기타,승용,남,27세,상해없음,보행자,남,23세,경상
16823,2019091200100014,2019년 9월 12일 00시,목요일,경기도 부천시 심곡동,중상사고,0,1,0,0,차대사람 - 횡단중,안전운전불이행,포장 - 건조,맑음,단일로 - 기타,승용,남,71세,상해없음,보행자,남,63세,중상
16824,2019091200100049,2019년 9월 12일 01시,목요일,경기도 포천시 소흘읍,경상사고,0,0,1,0,차대사람 - 기타,안전운전불이행,포장 - 건조,맑음,교차로 - 교차로부근,승용,남,19세,상해없음,보행자,남,36세,경상
16825,2019091200100062,2019년 9월 12일 03시,목요일,경기도 부천시 심곡동,경상사고,0,0,1,0,차대사람 - 보도통행중,기타,포장 - 건조,맑음,기타 - 기타,사륜오토바이(ATV),남,56세,상해없음,보행자,남,40세,경상
16826,2019091200100100,2019년 9월 12일 06시,목요일,경기도 성남시 중원구 중앙동,경상사고,0,0,1,0,차대사람 - 기타,안전운전불이행,포장 - 건조,맑음,기타 - 기타,승용,남,34세,상해없음,보행자,남,24세,경상
16827,2019091200100115,2019년 9월 12일 07시,목요일,경기도 안산시 단원구 선부동,부상신고사고,0,0,0,1,차대사람 - 차도통행중,안전운전불이행,포장 - 건조,맑음,단일로 - 기타,기타불명,기타불명,미분류,기타불명,보행자,남,58세,부상신고
16828,2019091200100149,2019년 9월 12일 09시,목요일,경기도 광주시 오포읍,경상사고,0,0,1,0,차대사람 - 횡단중,안전운전불이행,포장 - 건조,맑음,단일로 - 기타,승용,남,31세,상해없음,보행자,여,65세,경상
16829,2019091200100150,2019년 9월 12일 09시,목요일,경기도 양평군 용문면,중상사고,0,1,0,0,차대사람 - 기타,안전운전불이행,포장 - 건조,맑음,기타 - 기타,승용,여,57세,기타불명,보행자,남,76세,중상
16830,2019091200100159,2019년 9월 12일 09시,목요일,경기도 고양시 일산동구 백석동,중상사고,0,1,0,0,차대사람 - 기타,기타,포장 - 건조,맑음,단일로 - 기타,자전거,남,55세,상해없음,보행자,여,72세,중상
16831,2019091200100277,2019년 9월 12일 13시,목요일,경기도 남양주시 와부읍,경상사고,0,0,2,0,차대사람 - 기타,안전운전불이행,포장 - 젖음/습기,흐림,단일로 - 기타,승용,여,66세,상해없음,보행자,여,51세,경상
16832,2019091200100312,2019년 9월 12일 15시,목요일,경기도 부천시 도당동,경상사고,0,0,1,0,차대사람 - 횡단중,안전운전불이행,포장 - 건조,맑음,교차로 - 교차로부근,승용,여,29세,상해없음,보행자,여,64세,경상
16833,2019091200100314,2019년 9월 12일 15시,목요일,경기도 안양시 만안구 박달동,중상사고,0,1,0,0,차대사람 - 기타,안전운전불이행,포장 - 건조,맑음,단일로 - 기타,자전거,남,43세,상해없음,보행자,여,66세,중상
16834,2019091200100388,2019년 9월 12일 18시,목요일,경기도 성남시 수정구 산성동,경상사고,0,0,1,0,차대사람 - 기타,안전운전불이행,포장 - 건조,맑음,단일로 - 기타,승합,남,50세,상해없음,보행자,남,40세,경상
16835,2019091200100395,2019년 9월 12일 18시,목요일,경기도 화성시 정남면,중상사고,0,1,0,0,차대사람 - 기타,안전운전불이행,포장 - 젖음/습기,비,교차로 - 교차로부근,승용,남,70세,상해없음,보행자,남,43세,중상
16836,2019091200100406,2019년 9월 12일 18시,목요일,경기도 동두천시 보산동,부상신고사고,0,0,0,1,차대사람 - 횡단중,안전운전불이행,포장 - 건조,맑음,단일로 - 기타,승용,여,41세,상해없음,보행자,남,36세,부상신고
16837,2019091200100407,2019년 9월 12일 18시,목요일,경기도 구리시 교문동,중상사고,0,1,0,0,차대사람 - 기타,신호위반,포장 - 젖음/습기,흐림,교차로 - 교차로횡단보도내,승용,남,35세,상해없음,보행자,여,78세,중상
16838,2019091200100421,2019년 9월 12일 19시,목요일,경기도 평택시 서정동,경상사고,0,0,2,0,차대사람 - 횡단중,보행자보호의무위반,포장 - 젖음/습기,비,교차로 - 교차로횡단보도내,승용,남,46세,상해없음,보행자,남,60세,경상
16839,2019091200100422,2019년 9월 12일 19시,목요일,경기도 성남시 중원구 금광동,경상사고,0,0,1,0,차대사람 - 기타,안전운전불이행,포장 - 젖음/습기,비,교차로 - 교차로부근,승용,남,66세,상해없음,보행자,남,66세,경상
16840,2019091200100461,2019년 9월 12일 20시,목요일,경기도 부천시 옥길동,중상사고,0,1,0,0,차대사람 - 횡단중,신호위반,포장 - 젖음/습기,비,교차로 - 교차로횡단보도내,이륜,남,25세,기타불명,보행자,여,25세,중상
16841,2019091200100464,2019년 9월 12일 20시,목요일,경기도 성남시 분당구 서현동,중상사고,0,1,1,2,차대사람 - 횡단중,안전운전불이행,포장 - 젖음/습기,비,단일로 - 기타,승용,남,26세,상해없음,보행자,남,22세,중상
16842,2019091200100485,2019년 9월 12일 20시,목요일,경기도 의정부시 의정부동,부상신고사고,0,0,0,1,차대사람 - 길가장자리구역통행중,안전운전불이행,포장 - 젖음/습기,비,교차로 - 교차로안,승용,남,29세,상해없음,보행자,남,44세,부상신고
16843,2019091200100486,2019년 9월 12일 20시,목요일,경기도 남양주시 화도읍,경상사고,0,0,1,0,차대사람 - 기타,불법유턴,포장 - 젖음/습기,비,교차로 - 교차로안,화물,남,59세,상해없음,보행자,여,76세,경상
16844,2019091200100511,2019년 9월 12일 21시,목요일,경기도 포천시 선단동,부상신고사고,0,0,0,1,차대사람 - 기타,기타,포장 - 건조,맑음,주차장 - 주차장,원동기,남,58세,상해없음,보행자,남,51세,부상신고
16845,2019091200100534,2019년 9월 12일 23시,목요일,경기도 의왕시 오전동,경상사고,0,0,1,0,차대사람 - 기타,기타,포장 - 건조,기타,기타 - 기타,승합,남,50세,상해없음,보행자,여,19세,경상
16846,2019091300100030,2019년 9월 13일 00시,금요일,경기도 구리시 수택동,경상사고,0,0,1,0,차대사람 - 횡단중,신호위반,포장 - 건조,맑음,교차로 - 교차로횡단보도내,이륜,여,22세,상해없음,보행자,여,19세,경상
16847,2019091300100031,2019년 9월 13일 01시,금요일,경기도 평택시 안중읍,사망사고,1,0,0,1,차대사람 - 기타,안전운전불이행,포장 - 젖음/습기,흐림,단일로 - 기타,승용,남,27세,상해없음,보행자,남,31세,사망
16848,2019091300100032,2019년 9월 13일 01시,금요일,경기도 광주시 회덕동,부상신고사고,0,0,0,1,차대사람 - 보도통행중,안전운전불이행,포장 - 건조,맑음,단일로 - 기타,승용,남,21세,상해없음,보행자,남,36세,부상신고
16849,2019091300100036,2019년 9월 13일 01시,금요일,경기도 의정부시 의정부동,경상사고,0,0,1,0,차대사람 - 길가장자리구역통행중,안전운전불이행,포장 - 건조,맑음,단일로 - 기타,승용,여,51세,상해없음,보행자,남,27세,경상
16850,2019091300100091,2019년 9월 13일 09시,금요일,경기도 부천시 도당동,부상신고사고,0,0,0,1,차대사람 - 횡단중,안전운전불이행,포장 - 건조,맑음,단일로 - 기타,이륜,남,28세,상해없음,보행자,여,59세,부상신고
16851,2019091300100273,2019년 9월 13일 15시,금요일,경기도 광주시 탄벌동,중상사고,0,1,0,0,차대사람 - 기타,기타,포장 - 건조,맑음,단일로 - 기타,승합,남,44세,상해없음,보행자,남,60세,중상
16852,2019091300100317,2019년 9월 13일 16시,금요일,경기도 의정부시 신곡동,중상사고,0,1,0,0,차대사람 - 기타,안전운전불이행,포장 - 건조,맑음,단일로 - 기타,승합,남,39세,상해없음,보행자,여,71세,중상
16853,2019091300100326,2019년 9월 13일 17시,금요일,경기도 군포시 금정동,경상사고,0,0,1,0,차대사람 - 길가장자리구역통행중,안전운전불이행,포장 - 건조,맑음,단일로 - 기타,승용,남,61세,상해없음,보행자,남,7세,경상
16854,2019091300100356,2019년 9월 13일 17시,금요일,경기도 양주시 산북동,경상사고,0,0,1,0,차대사람 - 기타,안전운전불이행,포장 - 건조,맑음,단일로 - 기타,화물,남,62세,상해없음,보행자,여,62세,경상
16855,2019091300100362,2019년 9월 13일 18시,금요일,경기도 안성시 숭인동,경상사고,0,0,1,0,차대사람 - 기타,안전운전불이행,포장 - 건조,맑음,단일로 - 기타,승용,남,34세,상해없음,보행자,남,54세,경상
16856,2019091300100364,2019년 9월 13일 18시,금요일,경기도 안양시 동안구 평촌동,중상사고,0,1,0,0,차대사람 - 횡단중,신호위반,포장 - 건조,맑음,교차로 - 교차로부근,승용,여,31세,상해없음,보행자,여,52세,중상
16857,2019091300100395,2019년 9월 13일 20시,금요일,경기도 군포시 산본동,중상사고,0,1,0,0,차대사람 - 횡단중,신호위반,포장 - 건조,맑음,단일로 - 기타,승용,남,23세,상해없음,보행자,여,27세,중상
16858,2019091300100406,2019년 9월 13일 20시,금요일,경기도 남양주시 화도읍,경상사고,0,0,1,0,차대사람 - 기타,신호위반,포장 - 건조,맑음,단일로 - 기타,승용,남,21세,상해없음,보행자,남,51세,경상
16859,2019091300100413,2019년 9월 13일 21시,금요일,경기도 성남시 분당구 백현동,경상사고,0,0,1,0,차대사람 - 횡단중,신호위반,포장 - 건조,맑음,교차로 - 교차로횡단보도내,승용,여,48세,상해없음,보행자,남,16세,경상
16860,2019091300100415,2019년 9월 13일 21시,금요일,경기도 안양시 만안구 안양동,경상사고,0,0,1,0,차대사람 - 기타,안전운전불이행,포장 - 건조,맑음,단일로 - 기타,이륜,남,28세,상해없음,보행자,여,25세,경상
16861,2019091300100433,2019년 9월 13일 22시,금요일,경기도 의정부시 의정부동,경상사고,0,0,1,0,차대사람 - 기타,안전운전불이행,포장 - 건조,맑음,교차로 - 교차로부근,승용,남,20세,상해없음,보행자,여,20세,경상
16862,2019091300100440,2019년 9월 13일 23시,금요일,경기도 부천시 상동,경상사고,0,0,3,0,차대사람 - 횡단중,신호위반,포장 - 건조,맑음,교차로 - 교차로안,이륜,남,61세,경상,보행자,여,27세,경상
16863,2019091400100066,2019년 9월 14일 05시,토요일,경기도 의정부시 민락동,경상사고,0,0,1,0,차대사람 - 횡단중,안전운전불이행,포장 - 건조,맑음,교차로 - 교차로안,승용,남,68세,상해없음,보행자,여,33세,경상
16864,2019091400100088,2019년 9월 14일 09시,토요일,경기도 고양시 덕양구 토당동,중상사고,0,1,0,0,차대사람 - 횡단중,보행자보호의무위반,포장 - 건조,흐림,교차로 - 교차로횡단보도내,화물,남,71세,상해없음,보행자,여,90세 이상,중상
16865,2019091400100096,2019년 9월 14일 10시,토요일,경기도 수원시 팔달구 매산로1가,중상사고,0,1,0,0,차대사람 - 기타,안전운전불이행,포장 - 건조,맑음,교차로 - 교차로안,승용,남,61세,상해없음,보행자,남,60세,중상
16866,2019091400100107,2019년 9월 14일 11시,토요일,경기도 시흥시 거모동,경상사고,0,0,1,0,차대사람 - 보도통행중,안전운전불이행,포장 - 건조,맑음,단일로 - 기타,화물,남,64세,상해없음,보행자,여,50세,경상
16867,2019091400100118,2019년 9월 14일 11시,토요일,경기도 남양주시 수석동,경상사고,0,0,1,0,차대사람 - 기타,안전운전불이행,포장 - 건조,맑음,단일로 - 기타,기타불명,기타불명,미분류,기타불명,보행자,남,67세,경상
16868,2019091400100194,2019년 9월 14일 14시,토요일,경기도 여주시 가남읍,사망사고,1,0,0,0,차대사람 - 길가장자리구역통행중,안전운전불이행,포장 - 건조,맑음,단일로 - 기타,화물,남,49세,상해없음,보행자,여,65세,사망
16869,2019091400100195,2019년 9월 14일 14시,토요일,경기도 김포시 통진읍,중상사고,0,1,0,0,차대사람 - 기타,안전운전불이행,포장 - 건조,맑음,단일로 - 기타,승합,남,63세,상해없음,보행자,남,47세,중상
16870,2019091400100306,2019년 9월 14일 18시,토요일,경기도 양평군 양평읍,중상사고,0,1,0,0,차대사람 - 보도통행중,기타,포장 - 건조,맑음,교차로 - 교차로부근,자전거,남,34세,상해없음,보행자,여,71세,중상
16871,2019091400100406,2019년 9월 14일 22시,토요일,경기도 오산시 금암동,중상사고,0,1,0,0,차대사람 - 횡단중,신호위반,포장 - 건조,맑음,교차로 - 교차로횡단보도내,이륜,남,18세,상해없음,보행자,여,20세,중상
16872,2019091500100022,2019년 9월 15일 00시,일요일,경기도 수원시 팔달구 매산로1가,경상사고,0,0,1,0,차대사람 - 횡단중,신호위반,포장 - 건조,맑음,교차로 - 교차로부근,승용,남,38세,상해없음,보행자,남,50세,경상