,사고번호,사고일시,요일,시군구,사고내용,사망자수,중상자수,경상자수,부상신고자수,사고유형,법규위반,노면상태,기상상태,도로형태,가해운전자 차종,가해운전자 성별,가해운전자 연령,가해운전자 상해정도,피해운전자 차종,피해운전자 성별,피해운전자 연령,피해운전자 상해정도
16986,2019091800100452,2019년 9월 18일 17시,수요일,경기도 수원시 장안구 조원동,중상사고,0,1,0,0,차대사람 - 횡단중,보행자보호의무위반,포장 - 건조,맑음,교차로 - 교차로안,승용,남,51세,상해없음,보행자,남,7세,중상
16987,2019091800100517,2019년 9월 18일 18시,수요일,경기도 용인시 처인구 모현읍,경상사고,0,0,1,0,차대사람 - 기타,안전운전불이행,포장 - 건조,맑음,기타 - 기타,승용,남,19세,상해없음,보행자,남,16세,경상
16988,2019091800100569,2019년 9월 18일 18시,수요일,경기도 고양시 일산동구 중산동,경상사고,0,0,1,0,차대사람 - 횡단중,안전운전불이행,포장 - 건조,맑음,단일로 - 기타,승용,여,47세,상해없음,보행자,남,31세,경상
16989,2019091800100570,2019년 9월 18일 18시,수요일,경기도 고양시 일산동구 마두동,경상사고,0,0,1,0,차대사람 - 기타,보행자보호의무위반,포장 - 건조,맑음,교차로 - 교차로부근,승용,남,44세,상해없음,보행자,남,56세,경상
16990,2019091800100584,2019년 9월 18일 19시,수요일,경기도 안산시 단원구 선부동,중상사고,0,1,0,0,차대사람 - 차도통행중,안전운전불이행,포장 - 건조,맑음,단일로 - 기타,승용,여,57세,상해없음,보행자,남,12세,중상
16991,2019091800100586,2019년 9월 18일 19시,수요일,경기도 시흥시 목감동,중상사고,0,1,0,0,차대사람 - 기타,안전운전불이행,포장 - 건조,맑음,기타 - 기타,승용,여,60세,상해없음,보행자,남,8세,중상
16992,2019091800100589,2019년 9월 18일 19시,수요일,경기도 화성시 안녕동,경상사고,0,0,1,0,차대사람 - 기타,안전운전불이행,포장 - 건조,맑음,단일로 - 기타,이륜,남,59세,상해없음,보행자,남,12세,경상
16993,2019091800100624,2019년 9월 18일 19시,수요일,경기도 고양시 일산서구 덕이동,중상사고,0,1,0,0,차대사람 - 횡단중,신호위반,포장 - 건조,맑음,교차로 - 교차로안,승용,남,57세,상해없음,보행자,여,78세,중상
16994,2019091800100634,2019년 9월 18일 20시,수요일,경기도 수원시 장안구 영화동,중상사고,0,1,0,0,차대사람 - 기타,안전운전불이행,포장 - 건조,맑음,단일로 - 기타,승용,남,81세,상해없음,보행자,남,73세,중상
16995,2019091800100641,2019년 9월 18일 20시,수요일,경기도 안양시 만안구 안양동,중상사고,0,1,0,0,차대사람 - 기타,보행자보호의무위반,포장 - 건조,맑음,교차로 - 교차로횡단보도내,승합,남,65세,상해없음,보행자,남,53세,중상
16996,2019091800100662,2019년 9월 18일 20시,수요일,경기도 파주시 야당동,중상사고,0,1,0,0,차대사람 - 횡단중,중앙선침범,포장 - 건조,맑음,단일로 - 기타,이륜,남,51세,상해없음,보행자,남,16세,중상
16997,2019091800100671,2019년 9월 18일 21시,수요일,경기도 안양시 동안구 관양동,중상사고,0,1,0,0,차대사람 - 횡단중,보행자보호의무위반,포장 - 건조,맑음,교차로 - 교차로횡단보도내,승용,여,47세,상해없음,보행자,여,58세,중상
16998,2019091800100675,2019년 9월 18일 21시,수요일,경기도 하남시 초이동,중상사고,0,1,0,0,차대사람 - 기타,안전운전불이행,포장 - 건조,맑음,기타 - 기타,승합,여,55세,상해없음,보행자,남,61세,중상
16999,2019091900100035,2019년 9월 19일 00시,목요일,경기도 시흥시 월곶동,경상사고,0,0,1,0,차대사람 - 차도통행중,안전운전불이행,포장 - 건조,맑음,주차장 - 주차장,승용,남,56세,상해없음,보행자,남,35세,경상
17000,2019091900100041,2019년 9월 19일 00시,목요일,경기도 고양시 덕양구 행신동,경상사고,0,0,1,0,차대사람 - 기타,안전운전불이행,포장 - 건조,맑음,단일로 - 기타,승용,남,23세,상해없음,보행자,남,38세,경상
17001,2019091900100045,2019년 9월 19일 01시,목요일,경기도 부천시 상동,중상사고,0,1,0,0,차대사람 - 횡단중,안전운전불이행,포장 - 건조,맑음,단일로 - 기타,승용,남,69세,상해없음,보행자,남,50세,중상
17002,2019091900100050,2019년 9월 19일 01시,목요일,경기도 고양시 덕양구 행신동,중상사고,0,1,0,0,차대사람 - 횡단중,안전운전불이행,포장 - 건조,맑음,교차로 - 교차로부근,이륜,남,25세,상해없음,보행자,기타불명,미분류,기타불명
17003,2019091900100068,2019년 9월 19일 04시,목요일,경기도 고양시 일산동구 마두동,경상사고,0,0,1,0,차대사람 - 기타,불법유턴,포장 - 건조,맑음,교차로 - 교차로안,승용,남,41세,상해없음,보행자,여,35세,경상
17004,2019091900100101,2019년 9월 19일 07시,목요일,경기도 시흥시 계수동,중상사고,0,1,0,0,차대사람 - 길가장자리구역통행중,안전운전불이행,포장 - 건조,맑음,단일로 - 기타,승용,남,61세,상해없음,보행자,남,44세,중상
17005,2019091900100141,2019년 9월 19일 08시,목요일,경기도 안양시 만안구 안양동,경상사고,0,0,1,0,차대사람 - 기타,기타,포장 - 건조,맑음,단일로 - 기타,승용,남,40세,상해없음,보행자,남,56세,경상
17006,2019091900100193,2019년 9월 19일 09시,목요일,경기도 이천시 창전동,경상사고,0,0,1,0,차대사람 - 기타,안전운전불이행,포장 - 건조,맑음,단일로 - 기타,승용,여,54세,상해없음,보행자,남,24세,경상
17007,2019091900100197,2019년 9월 19일 09시,목요일,경기도 성남시 중원구 상대원동,경상사고,0,0,1,0,차대사람 - 기타,기타,포장 - 건조,맑음,단일로 - 기타,승합,남,42세,상해없음,보행자,여,32세,경상
17008,2019091900100200,2019년 9월 19일 09시,목요일,경기도 부천시 내동,중상사고,0,1,0,0,차대사람 - 기타,안전운전불이행,포장 - 건조,맑음,단일로 - 기타,화물,남,64세,상해없음,보행자,남,58세,중상
17009,2019091900100228,2019년 9월 19일 10시,목요일,경기도 이천시 장호원읍,중상사고,0,1,0,0,차대사람 - 차도통행중,안전운전불이행,포장 - 건조,맑음,단일로 - 기타,승용,남,79세,상해없음,보행자,여,67세,중상
17010,2019091900100249,2019년 9월 19일 10시,목요일,경기도 고양시 덕양구 화정동,중상사고,0,1,0,0,차대사람 - 횡단중,안전운전불이행,포장 - 건조,맑음,단일로 - 기타,화물,남,65세,상해없음,보행자,여,65세,중상
17011,2019091900100257,2019년 9월 19일 11시,목요일,경기도 안산시 상록구 사동,중상사고,0,1,0,0,차대사람 - 횡단중,보행자보호의무위반,포장 - 건조,맑음,교차로 - 교차로횡단보도내,화물,남,50세,상해없음,보행자,여,48세,중상
17012,2019091900100280,2019년 9월 19일 11시,목요일,경기도 고양시 일산서구 가좌동,경상사고,0,0,1,0,차대사람 - 횡단중,안전운전불이행,포장 - 건조,맑음,교차로 - 교차로부근,승용,남,44세,상해없음,보행자,여,57세,경상
17013,2019091900100292,2019년 9월 19일 12시,목요일,경기도 김포시 장기동,경상사고,0,0,1,0,차대사람 - 기타,안전운전불이행,포장 - 건조,맑음,기타 - 기타,승용,여,38세,상해없음,보행자,여,53세,경상
17014,2019091900100317,2019년 9월 19일 13시,목요일,경기도 광주시 곤지암읍,경상사고,0,0,1,0,차대사람 - 차도통행중,안전운전불이행,포장 - 건조,맑음,교차로 - 교차로안,승용,남,46세,상해없음,보행자,남,25세,경상
17015,2019091900100371,2019년 9월 19일 14시,목요일,경기도 고양시 덕양구 성사동,중상사고,0,1,0,0,차대사람 - 횡단중,안전운전불이행,포장 - 건조,맑음,교차로 - 교차로안,승합,여,57세,상해없음,보행자,남,77세,중상
17016,2019091900100387,2019년 9월 19일 15시,목요일,경기도 용인시 기흥구 마북동,부상신고사고,0,0,0,1,차대사람 - 횡단중,보행자보호의무위반,포장 - 건조,맑음,교차로 - 교차로안,승용,여,36세,상해없음,보행자,여,76세,부상신고
17017,2019091900100415,2019년 9월 19일 15시,목요일,경기도 남양주시 호평동,부상신고사고,0,0,0,1,차대사람 - 기타,안전운전불이행,포장 - 건조,맑음,교차로 - 교차로부근,승용,여,50세,상해없음,보행자,남,55세,부상신고
17018,2019091900100429,2019년 9월 19일 16시,목요일,경기도 부천시 역곡동,중상사고,0,1,0,0,차대사람 - 횡단중,안전운전불이행,포장 - 건조,맑음,단일로 - 기타,승용,남,45세,상해없음,보행자,여,60세,중상
17019,2019091900100433,2019년 9월 19일 16시,목요일,경기도 용인시 수지구 풍덕천동,부상신고사고,0,0,0,1,차대사람 - 기타,신호위반,포장 - 건조,맑음,단일로 - 기타,승용,여,51세,상해없음,보행자,남,33세,부상신고
17020,2019091900100465,2019년 9월 19일 17시,목요일,경기도 광주시 오포읍,중상사고,0,1,0,0,차대사람 - 횡단중,보행자보호의무위반,포장 - 건조,맑음,교차로 - 교차로부근,승용,남,40세,상해없음,보행자,여,8세,중상
17021,2019091900100472,2019년 9월 19일 17시,목요일,경기도 부천시 오정동,경상사고,0,0,1,0,차대사람 - 길가장자리구역통행중,안전운전불이행,포장 - 건조,맑음,단일로 - 기타,승용,여,32세,상해없음,보행자,남,13세,경상
17022,2019091900100496,2019년 9월 19일 17시,목요일,경기도 남양주시 진건읍,경상사고,0,0,2,1,차대사람 - 횡단중,신호위반,포장 - 건조,맑음,교차로 - 교차로횡단보도내,승용,남,52세,상해없음,보행자,여,16세,경상
17023,2019091900100497,2019년 9월 19일 17시,목요일,경기도 남양주시 와부읍,경상사고,0,0,1,0,차대사람 - 횡단중,안전운전불이행,포장 - 건조,맑음,단일로 - 기타,승용,여,35세,상해없음,보행자,남,12세,경상
17024,2019091900100506,2019년 9월 19일 18시,목요일,경기도 김포시 북변동,중상사고,0,1,0,0,차대사람 - 기타,기타,포장 - 건조,맑음,기타 - 기타,승합,남,43세,상해없음,보행자,남,78세,중상
17025,2019091900100544,2019년 9월 19일 18시,목요일,경기도 남양주시 오남읍,중상사고,0,1,0,0,차대사람 - 보도통행중,기타,포장 - 건조,맑음,단일로 - 기타,승용,남,66세,상해없음,보행자,여,51세,중상
17026,2019091900100546,2019년 9월 19일 18시,목요일,경기도 포천시 어룡동,경상사고,0,0,1,0,차대사람 - 기타,안전운전불이행,포장 - 건조,맑음,단일로 - 기타,승용,남,64세,상해없음,보행자,남,22세,경상
17027,2019091900100557,2019년 9월 19일 19시,목요일,경기도 오산시 금암동,중상사고,0,1,0,0,차대사람 - 횡단중,안전운전불이행,포장 - 건조,맑음,교차로 - 교차로안,승용,여,36세,상해없음,보행자,남,9세,중상
17028,2019091900100559,2019년 9월 19일 19시,목요일,경기도 수원시 팔달구 인계동,사망사고,1,0,0,0,차대사람 - 차도통행중,안전운전불이행,포장 - 건조,맑음,단일로 - 기타,승용,여,34세,상해없음,보행자,남,63세,사망
17029,2019091900100560,2019년 9월 19일 19시,목요일,경기도 군포시 당동,중상사고,0,1,0,0,차대사람 - 기타,보행자보호의무위반,포장 - 건조,맑음,교차로 - 교차로횡단보도내,승용,남,50세,상해없음,보행자,남,66세,중상
17030,2019091900100584,2019년 9월 19일 20시,목요일,경기도 용인시 기흥구 보라동,중상사고,0,1,0,0,차대사람 - 횡단중,안전운전불이행,포장 - 건조,맑음,단일로 - 기타,승용,여,57세,상해없음,보행자,여,62세,중상
17031,2019091900100585,2019년 9월 19일 20시,목요일,경기도 김포시 하성면,사망사고,1,0,0,0,차대사람 - 횡단중,안전운전불이행,포장 - 건조,맑음,단일로 - 기타,승용,남,61세,상해없음,보행자,남,58세,사망
17032,2019091900100616,2019년 9월 19일 21시,목요일,경기도 안양시 만안구 안양동,경상사고,0,0,1,0,차대사람 - 기타,안전운전불이행,포장 - 건조,맑음,단일로 - 기타,승용,남,48세,상해없음,보행자,남,26세,경상
17033,2019091900100669,2019년 9월 19일 23시,목요일,경기도 부천시 중동,경상사고,0,0,1,0,차대사람 - 기타,안전운전불이행,포장 - 건조,맑음,단일로 - 기타,승용,남,29세,상해없음,보행자,남,37세,경상
17034,2019092000100038,2019년 9월 20일 01시,금요일,경기도 성남시 수정구 오야동,경상사고,0,0,1,0,차대사람 - 기타,안전운전불이행,포장 - 건조,맑음,단일로 - 기타,기타불명,기타불명,미분류,기타불명,보행자,남,65세,경상
17035,2019092000100060,2019년 9월 20일 04시,금요일,경기도 수원시 팔달구 매산로1가,중상사고,0,1,0,0,차대사람 - 기타,안전운전불이행,포장 - 건조,맑음,기타 - 기타,승용,남,62세,상해없음,보행자,남,28세,중상
17036,2019092000100073,2019년 9월 20일 05시,금요일,경기도 김포시 걸포동,중상사고,0,1,0,0,차대사람 - 차도통행중,안전운전불이행,포장 - 건조,맑음,단일로 - 기타,화물,남,66세,상해없음,보행자,여,48세,중상
17037,2019092000100086,2019년 9월 20일 06시,금요일,경기도 부천시 춘의동,중상사고,0,1,0,0,차대사람 - 기타,안전운전불이행,포장 - 건조,맑음,기타 - 기타,승용,여,53세,상해없음,보행자,남,84세,중상
17038,2019092000100106,2019년 9월 20일 07시,금요일,경기도 양평군 용문면,중상사고,0,1,0,0,차대사람 - 기타,기타,포장 - 건조,맑음,단일로 - 기타,승합,남,53세,상해없음,보행자,여,64세,중상
17039,2019092000100107,2019년 9월 20일 07시,금요일,경기도 부천시 중동,경상사고,0,0,1,0,차대사람 - 횡단중,안전운전불이행,포장 - 건조,맑음,기타 - 기타,승합,남,65세,상해없음,보행자,남,50세,경상
17040,2019092000100108,2019년 9월 20일 07시,금요일,경기도 광명시 하안동,경상사고,0,0,1,0,차대사람 - 횡단중,안전운전불이행,포장 - 건조,맑음,교차로 - 교차로안,승용,여,62세,상해없음,보행자,여,64세,경상
17041,2019092000100142,2019년 9월 20일 08시,금요일,경기도 광주시 태전동,경상사고,0,0,1,0,차대사람 - 횡단중,보행자보호의무위반,포장 - 건조,맑음,교차로 - 교차로횡단보도내,승용,여,49세,기타불명,보행자,남,14세,경상
17042,2019092000100144,2019년 9월 20일 08시,금요일,경기도 군포시 금정동,경상사고,0,0,1,0,차대사람 - 횡단중,보행자보호의무위반,포장 - 건조,맑음,단일로 - 기타,승용,남,51세,상해없음,보행자,남,21세,경상
17043,2019092000100148,2019년 9월 20일 08시,금요일,경기도 화성시 반송동,중상사고,0,1,0,0,차대사람 - 횡단중,보행자보호의무위반,포장 - 건조,맑음,교차로 - 교차로횡단보도내,승용,여,43세,상해없음,보행자,남,8세,중상
17044,2019092000100186,2019년 9월 20일 09시,금요일,경기도 평택시 비전동,경상사고,0,0,1,0,차대사람 - 차도통행중,안전운전불이행,포장 - 건조,맑음,단일로 - 기타,승용,남,34세,상해없음,보행자,남,69세,경상
17045,2019092000100193,2019년 9월 20일 09시,금요일,경기도 안양시 만안구 안양동,경상사고,0,0,1,0,차대사람 - 기타,안전운전불이행,포장 - 건조,맑음,단일로 - 기타,승합,남,58세,상해없음,보행자,여,33세,경상
17046,2019092000100216,2019년 9월 20일 09시,금요일,경기도 구리시 인창동,경상사고,0,0,1,0,차대사람 - 보도통행중,보행자보호의무위반,포장 - 건조,맑음,단일로 - 기타,승용,여,26세,상해없음,보행자,여,38세,경상
17047,2019092000100222,2019년 9월 20일 10시,금요일,경기도 김포시 통진읍,중상사고,0,1,0,0,차대사람 - 횡단중,신호위반,포장 - 건조,맑음,교차로 - 교차로횡단보도내,승용,여,70세,상해없음,보행자,여,73세,중상
17048,2019092000100224,2019년 9월 20일 10시,금요일,경기도 광명시 철산동,중상사고,0,1,0,0,차대사람 - 횡단중,신호위반,포장 - 건조,맑음,교차로 - 교차로안,원동기,남,69세,상해없음,보행자,남,31세,중상
17049,2019092000100229,2019년 9월 20일 10시,금요일,경기도 용인시 수지구 성복동,경상사고,0,0,1,0,차대사람 - 횡단중,안전운전불이행,포장 - 건조,맑음,단일로 - 기타,승용,남,33세,상해없음,보행자,여,25세,경상
17050,2019092000100300,2019년 9월 20일 12시,금요일,경기도 이천시 창전동,경상사고,0,0,1,0,차대사람 - 횡단중,안전운전불이행,포장 - 건조,맑음,교차로 - 교차로부근,승용,여,19세,상해없음,보행자,여,48세,경상
17051,2019092000100302,2019년 9월 20일 12시,금요일,경기도 광주시 회덕동,경상사고,0,0,1,0,차대사람 - 기타,안전운전불이행,포장 - 건조,맑음,기타 - 기타,승용,남,42세,상해없음,보행자,여,81세,경상
17052,2019092000100337,2019년 9월 20일 13시,금요일,경기도 광주시 오포읍,경상사고,0,0,1,0,차대사람 - 기타,안전운전불이행,포장 - 건조,맑음,단일로 - 기타,승용,남,64세,상해없음,보행자,남,20세,경상
17053,2019092000100353,2019년 9월 20일 14시,금요일,경기도 광주시 도척면,경상사고,0,0,1,0,차대사람 - 차도통행중,안전운전불이행,포장 - 건조,맑음,단일로 - 기타,승용,남,59세,상해없음,보행자,여,85세,경상
17054,2019092000100356,2019년 9월 20일 14시,금요일,경기도 시흥시 은행동,중상사고,0,1,0,0,차대사람 - 횡단중,안전운전불이행,포장 - 건조,맑음,단일로 - 기타,승용,여,42세,상해없음,보행자,남,13세,중상
17055,2019092000100461,2019년 9월 20일 17시,금요일,경기도 수원시 팔달구 매향동,경상사고,0,0,1,0,차대사람 - 기타,안전운전불이행,포장 - 건조,흐림,교차로 - 교차로안,승용,남,33세,기타불명,보행자,남,71세,경상
17056,2019092000100462,2019년 9월 20일 17시,금요일,경기도 수원시 팔달구 우만동,경상사고,0,0,1,0,차대사람 - 기타,안전운전불이행,포장 - 건조,맑음,단일로 - 기타,승용,여,61세,상해없음,보행자,여,17세,경상
17057,2019092000100472,2019년 9월 20일 17시,금요일,경기도 화성시 오산동,부상신고사고,0,0,0,1,차대사람 - 기타,안전운전불이행,포장 - 건조,맑음,교차로 - 교차로안,승합,남,76세,상해없음,보행자,남,16세,부상신고
17058,2019092000100474,2019년 9월 20일 17시,금요일,경기도 화성시 산척동,경상사고,0,0,1,0,차대사람 - 횡단중,안전운전불이행,포장 - 건조,맑음,단일로 - 기타,승용,남,31세,상해없음,보행자,남,8세,경상
17059,2019092000100501,2019년 9월 20일 17시,금요일,경기도 고양시 일산서구 탄현동,중상사고,0,1,0,1,차대사람 - 횡단중,신호위반,포장 - 건조,맑음,교차로 - 교차로횡단보도내,이륜,남,16세,상해없음,보행자,여,6세,중상
17060,2019092000100509,2019년 9월 20일 18시,금요일,경기도 수원시 장안구 조원동,경상사고,0,0,1,0,차대사람 - 횡단중,안전운전불이행,포장 - 건조,맑음,교차로 - 교차로안,승용,남,24세,상해없음,보행자,남,82세,경상
17061,2019092000100511,2019년 9월 20일 18시,금요일,경기도 성남시 분당구 수내동,부상신고사고,0,0,0,1,차대사람 - 기타,안전운전불이행,포장 - 건조,맑음,단일로 - 기타,이륜,기타불명,미분류,기타불명,보행자,여,25세,부상신고
17062,2019092000100542,2019년 9월 20일 18시,금요일,경기도 의정부시 장암동,중상사고,0,1,0,0,차대사람 - 횡단중,안전운전불이행,포장 - 건조,흐림,교차로 - 교차로안,승용,여,40세,상해없음,보행자,여,16세,중상
17063,2019092000100560,2019년 9월 20일 19시,금요일,경기도 오산시 궐동,중상사고,0,1,0,0,차대사람 - 횡단중,보행자보호의무위반,포장 - 건조,맑음,단일로 - 기타,승용,남,21세,상해없음,보행자,남,75세,중상
17064,2019092000100598,2019년 9월 20일 19시,금요일,경기도 의정부시 민락동,중상사고,0,1,0,0,차대사람 - 횡단중,안전운전불이행,포장 - 건조,흐림,단일로 - 기타,승용,남,64세,상해없음,보행자,남,60세,중상
17065,2019092000100609,2019년 9월 20일 20시,금요일,경기도 안양시 동안구 평촌동,경상사고,0,0,1,0,차대사람 - 기타,안전운전불이행,포장 - 건조,맑음,단일로 - 기타,승합,남,63세,상해없음,보행자,여,71세,경상
17066,2019092000100612,2019년 9월 20일 20시,금요일,경기도 성남시 중원구 성남동,부상신고사고,0,0,0,1,차대사람 - 기타,안전운전불이행,포장 - 건조,맑음,단일로 - 기타,승용,남,32세,상해없음,보행자,남,48세,부상신고
17067,2019092000100631,2019년 9월 20일 20시,금요일,경기도 의정부시 용현동,중상사고,0,1,0,0,차대사람 - 횡단중,신호위반,포장 - 건조,맑음,교차로 - 교차로부근,승용,남,55세,상해없음,보행자,남,52세,중상
17068,2019092000100655,2019년 9월 20일 21시,금요일,경기도 고양시 일산동구 장항동,부상신고사고,0,0,0,1,차대사람 - 기타,안전운전불이행,포장 - 건조,맑음,단일로 - 기타,승용,남,38세,상해없음,보행자,남,58세,부상신고
17069,2019092000100657,2019년 9월 20일 21시,금요일,경기도 파주시 야당동,중상사고,0,1,0,0,차대사람 - 보도통행중,신호위반,포장 - 건조,맑음,교차로 - 교차로안,이륜,남,49세,상해없음,보행자,여,12세,중상
17070,2019092000100673,2019년 9월 20일 22시,금요일,경기도 군포시 산본동,경상사고,0,0,1,0,차대사람 - 기타,안전운전불이행,포장 - 건조,맑음,단일로 - 기타,원동기,남,23세,상해없음,보행자,남,77세,경상
17071,2019092000100676,2019년 9월 20일 22시,금요일,경기도 안산시 상록구 본오동,경상사고,0,0,1,0,차대사람 - 횡단중,보행자보호의무위반,포장 - 건조,맑음,교차로 - 교차로횡단보도내,승용,남,68세,상해없음,보행자,남,52세,경상
17072,2019092000100677,2019년 9월 20일 22시,금요일,경기도 안산시 상록구 본오동,경상사고,0,0,1,0,차대사람 - 보도통행중,보행자보호의무위반,포장 - 건조,맑음,교차로 - 교차로횡단보도내,기타불명,기타불명,미분류,기타불명,보행자,남,27세,경상
17073,2019092000100679,2019년 9월 20일 22시,금요일,경기도 화성시 마도면,중상사고,0,1,0,0,차대사람 - 기타,안전운전불이행,포장 - 건조,맑음,단일로 - 기타,승용,남,36세,상해없음,보행자,남,24세,중상
17074,2019092100100035,2019년 9월 21일 00시,토요일,경기도 수원시 팔달구 인계동,경상사고,0,0,2,0,차대사람 - 기타,안전운전불이행,포장 - 건조,맑음,단일로 - 기타,승용,남,34세,상해없음,보행자,남,28세,경상
17075,2019092100100059,2019년 9월 21일 01시,토요일,경기도 용인시 수지구 성복동,부상신고사고,0,0,0,1,차대사람 - 보도통행중,안전운전불이행,포장 - 건조,맑음,교차로 - 교차로부근,승용,남,33세,상해없음,보행자,남,18세,부상신고
17076,2019092100100081,2019년 9월 21일 02시,토요일,경기도 구리시 수택동,경상사고,0,0,1,0,차대사람 - 차도통행중,안전운전불이행,포장 - 건조,맑음,단일로 - 기타,승용,남,25세,상해없음,보행자,남,26세,경상
17077,2019092100100111,2019년 9월 21일 05시,토요일,경기도 성남시 중원구 성남동,경상사고,0,0,1,0,차대사람 - 길가장자리구역통행중,안전운전불이행,포장 - 건조,맑음,단일로 - 기타,승용,여,50세,상해없음,보행자,남,34세,경상
17078,2019092100100142,2019년 9월 21일 07시,토요일,경기도 성남시 중원구 성남동,부상신고사고,0,0,0,1,차대사람 - 기타,안전운전불이행,포장 - 건조,맑음,단일로 - 기타,승용,남,51세,상해없음,보행자,남,29세,부상신고
17079,2019092100100152,2019년 9월 21일 07시,토요일,경기도 양주시 삼숭동,경상사고,0,0,1,0,차대사람 - 횡단중,안전운전불이행,포장 - 건조,맑음,교차로 - 교차로안,승용,여,48세,상해없음,보행자,남,50세,경상
17080,2019092100100171,2019년 9월 21일 08시,토요일,경기도 동두천시 동두천동,사망사고,1,0,0,0,차대사람 - 차도통행중,과속,포장 - 건조,흐림,단일로 - 기타,승용,남,61세,상해없음,보행자,남,88세,사망
17081,2019092100100178,2019년 9월 21일 09시,토요일,경기도 광주시 경안동,경상사고,0,0,1,0,차대사람 - 횡단중,보행자보호의무위반,포장 - 건조,맑음,기타 - 기타,승용,남,63세,상해없음,보행자,남,30세,경상
17082,2019092100100180,2019년 9월 21일 09시,토요일,경기도 용인시 기흥구 언남동,부상신고사고,0,0,0,1,차대사람 - 횡단중,안전운전불이행,포장 - 건조,흐림,교차로 - 교차로횡단보도내,기타불명,기타불명,미분류,기타불명,보행자,여,67세,부상신고
17083,2019092100100205,2019년 9월 21일 10시,토요일,경기도 시흥시 정왕동,경상사고,0,0,1,0,차대사람 - 차도통행중,안전운전불이행,포장 - 건조,맑음,단일로 - 기타,승용,남,52세,상해없음,보행자,남,27세,경상
17084,2019092100100230,2019년 9월 21일 11시,토요일,경기도 성남시 중원구 상대원동,경상사고,0,0,1,0,차대사람 - 횡단중,신호위반,포장 - 건조,맑음,단일로 - 기타,승용,남,60세,상해없음,보행자,여,35세,경상
17085,2019092100100268,2019년 9월 21일 11시,토요일,경기도 구리시 토평동,중상사고,0,1,0,0,차대사람 - 차도통행중,안전운전불이행,포장 - 건조,맑음,교차로 - 교차로부근,승합,남,45세,상해없음,보행자,여,78세,중상
17086,2019092100100315,2019년 9월 21일 13시,토요일,경기도 여주시 대신면,경상사고,0,0,1,0,차대사람 - 횡단중,중앙선침범,포장 - 젖음/습기,비,기타 - 기타,승용,남,32세,상해없음,보행자,남,65세,경상
17087,2019092100100316,2019년 9월 21일 13시,토요일,경기도 양평군 양평읍,중상사고,0,2,0,0,차대사람 - 보도통행중,보행자보호의무위반,포장 - 건조,맑음,교차로 - 교차로횡단보도내,승용,남,66세,상해없음,보행자,여,54세,중상
17088,2019092100100345,2019년 9월 21일 14시,토요일,경기도 성남시 수정구 태평동,중상사고,0,1,0,0,차대사람 - 차도통행중,안전운전불이행,포장 - 건조,맑음,단일로 - 기타,화물,남,23세,상해없음,보행자,여,79세,중상
17089,2019092100100346,2019년 9월 21일 14시,토요일,경기도 평택시 평택동,경상사고,0,0,1,0,차대사람 - 횡단중,안전운전불이행,포장 - 젖음/습기,비,단일로 - 기타,승용,남,68세,상해없음,보행자,여,44세,경상
17090,2019092100100384,2019년 9월 21일 15시,토요일,경기도 안양시 동안구 호계동,부상신고사고,0,0,0,1,차대사람 - 기타,안전운전불이행,포장 - 건조,흐림,교차로 - 교차로안,승합,남,50세,상해없음,보행자,남,52세,부상신고
17091,2019092100100406,2019년 9월 21일 15시,토요일,경기도 파주시 금촌동,중상사고,0,1,0,0,차대사람 - 기타,안전운전불이행,포장 - 건조,맑음,주차장 - 주차장,승용,남,49세,상해없음,보행자,여,80세,중상
17092,2019092100100417,2019년 9월 21일 16시,토요일,경기도 수원시 팔달구 북수동,경상사고,0,0,1,0,차대사람 - 차도통행중,안전운전불이행,포장 - 건조,맑음,단일로 - 기타,승용,남,45세,상해없음,보행자,남,55세,경상
17093,2019092100100444,2019년 9월 21일 16시,토요일,경기도 포천시 관인면,경상사고,0,0,1,0,차대사람 - 기타,안전운전불이행,포장 - 건조,맑음,단일로 - 기타,승합,남,51세,상해없음,보행자,여,90세 이상,경상
17094,2019092100100455,2019년 9월 21일 17시,토요일,경기도 광주시 태전동,중상사고,0,1,0,0,차대사람 - 차도통행중,안전운전불이행,포장 - 건조,맑음,단일로 - 기타,이륜,남,29세,상해없음,보행자,여,72세,중상
17095,2019092100100458,2019년 9월 21일 17시,토요일,경기도 안산시 단원구 신길동,중상사고,0,1,0,0,차대사람 - 차도통행중,안전운전불이행,포장 - 건조,맑음,단일로 - 기타,승용,남,31세,상해없음,보행자,남,59세,중상
17096,2019092100100543,2019년 9월 21일 18시,토요일,경기도 남양주시 진접읍,중상사고,0,1,0,0,차대사람 - 차도통행중,안전운전불이행,포장 - 건조,맑음,교차로 - 교차로안,승용,여,57세,상해없음,보행자,남,10세,중상
17097,2019092100100606,2019년 9월 21일 19시,토요일,경기도 파주시 광탄면,경상사고,0,0,2,0,차대사람 - 길가장자리구역통행중,안전운전불이행,포장 - 건조,맑음,단일로 - 기타,승용,남,79세,상해없음,보행자,여,13세,경상
17098,2019092100100608,2019년 9월 21일 19시,토요일,경기도 가평군 설악면,중상사고,0,1,0,0,차대사람 - 기타,안전운전불이행,포장 - 건조,맑음,단일로 - 기타,승용,남,59세,상해없음,보행자,남,63세,중상