,사고번호,사고일시,요일,시군구,사고내용,사망자수,중상자수,경상자수,부상신고자수,사고유형,법규위반,노면상태,기상상태,도로형태,가해운전자 차종,가해운전자 성별,가해운전자 연령,가해운전자 상해정도,피해운전자 차종,피해운전자 성별,피해운전자 연령,피해운전자 상해정도
17099,2019092100100617,2019년 9월 21일 20시,토요일,경기도 안양시 동안구 관양동,경상사고,0,0,1,0,차대사람 - 기타,안전운전불이행,포장 - 건조,맑음,단일로 - 기타,승용,남,49세,상해없음,보행자,남,46세,경상
17100,2019092100100659,2019년 9월 21일 21시,토요일,경기도 평택시 서정동,경상사고,0,0,1,0,차대사람 - 횡단중,안전운전불이행,포장 - 젖음/습기,비,단일로 - 기타,이륜,남,49세,상해없음,보행자,남,49세,경상
17101,2019092100100661,2019년 9월 21일 21시,토요일,경기도 평택시 팽성읍,중상사고,0,1,0,0,차대사람 - 보도통행중,중앙선침범,포장 - 젖음/습기,비,교차로 - 교차로부근,화물,남,67세,기타불명,보행자,여,21세,중상
17102,2019092100100691,2019년 9월 21일 21시,토요일,경기도 고양시 덕양구 내유동,중상사고,0,1,0,0,차대사람 - 차도통행중,안전운전불이행,포장 - 건조,맑음,교차로 - 교차로부근,승용,남,58세,상해없음,보행자,남,53세,중상
17103,2019092100100702,2019년 9월 21일 22시,토요일,경기도 김포시 북변동,경상사고,0,0,1,0,차대사람 - 기타,안전운전불이행,포장 - 건조,맑음,단일로 - 기타,승합,남,60세,상해없음,보행자,남,61세,경상
17104,2019092100100703,2019년 9월 21일 22시,토요일,경기도 화성시 마도면,부상신고사고,0,0,0,1,차대사람 - 기타,안전운전불이행,포장 - 기타,기타,기타 - 기타,승용,남,58세,상해없음,보행자,남,54세,부상신고
17105,2019092100100729,2019년 9월 21일 23시,토요일,경기도 수원시 권선구 곡반정동,부상신고사고,0,0,0,1,차대사람 - 기타,안전운전불이행,포장 - 젖음/습기,비,교차로 - 교차로안,승용,남,57세,상해없음,보행자,남,35세,부상신고
17106,2019092100100741,2019년 9월 21일 23시,토요일,경기도 남양주시 별내면,경상사고,0,0,1,0,차대사람 - 보도통행중,기타,포장 - 건조,맑음,단일로 - 기타,승용,남,58세,상해없음,보행자,남,59세,경상
17107,2019092200100044,2019년 9월 22일 01시,일요일,경기도 평택시 서정동,중상사고,0,1,0,0,차대사람 - 횡단중,안전운전불이행,포장 - 젖음/습기,비,교차로 - 교차로안,승용,남,40세,상해없음,보행자,남,36세,중상
17108,2019092200100099,2019년 9월 22일 04시,일요일,경기도 의왕시 오전동,중상사고,0,1,0,0,차대사람 - 기타,안전운전불이행,포장 - 건조,기타,단일로 - 기타,승용,남,36세,상해없음,보행자,남,48세,중상
17109,2019092200100119,2019년 9월 22일 06시,일요일,경기도 남양주시 오남읍,중상사고,0,1,0,0,차대사람 - 차도통행중,안전운전불이행,포장 - 젖음/습기,비,단일로 - 기타,승용,여,74세,상해없음,보행자,여,85세,중상
17110,2019092200100129,2019년 9월 22일 07시,일요일,경기도 파주시 조리읍,중상사고,0,1,0,0,차대사람 - 기타,안전운전불이행,포장 - 건조,맑음,단일로 - 기타,화물,남,67세,상해없음,보행자,여,80세,중상
17111,2019092200100150,2019년 9월 22일 09시,일요일,경기도 평택시 평택동,중상사고,0,1,0,0,차대사람 - 기타,기타,포장 - 건조,맑음,단일로 - 기타,승합,남,49세,상해없음,보행자,여,66세,중상
17112,2019092200100221,2019년 9월 22일 13시,일요일,경기도 안산시 단원구 초지동,경상사고,0,0,1,0,차대사람 - 횡단중,신호위반,포장 - 젖음/습기,비,교차로 - 교차로횡단보도내,승용,남,60세,상해없음,보행자,남,31세,경상
17113,2019092200100248,2019년 9월 22일 14시,일요일,경기도 김포시 구래동,중상사고,0,1,0,1,차대사람 - 횡단중,보행자보호의무위반,포장 - 건조,흐림,교차로 - 교차로횡단보도내,승용,남,59세,부상신고,보행자,여,61세,중상
17114,2019092200100276,2019년 9월 22일 15시,일요일,경기도 시흥시 신천동,경상사고,0,0,1,0,차대사람 - 기타,안전운전불이행,포장 - 건조,흐림,교차로 - 교차로안,승용,남,54세,상해없음,보행자,여,48세,경상
17115,2019092200100357,2019년 9월 22일 18시,일요일,경기도 수원시 권선구 구운동,중상사고,0,1,0,0,차대사람 - 횡단중,신호위반,포장 - 젖음/습기,비,교차로 - 교차로횡단보도내,화물,남,58세,상해없음,보행자,여,59세,중상
17116,2019092200100424,2019년 9월 22일 20시,일요일,경기도 김포시 운양동,경상사고,0,0,1,0,차대사람 - 횡단중,신호위반,포장 - 건조,맑음,교차로 - 교차로안,승용,남,54세,상해없음,보행자,남,17세,경상
17117,2019092200100425,2019년 9월 22일 20시,일요일,경기도 성남시 분당구 구미동,부상신고사고,0,0,0,1,차대사람 - 차도통행중,안전운전불이행,포장 - 건조,흐림,단일로 - 기타,승용,남,50세,상해없음,보행자,남,48세,부상신고
17118,2019092200100461,2019년 9월 22일 21시,일요일,경기도 김포시 북변동,경상사고,0,0,1,0,차대사람 - 기타,안전운전불이행,포장 - 건조,맑음,단일로 - 기타,화물,남,51세,상해없음,보행자,남,58세,경상
17119,2019092200100463,2019년 9월 22일 21시,일요일,경기도 수원시 권선구 세류동,경상사고,0,0,1,0,차대사람 - 기타,기타,포장 - 건조,맑음,단일로 - 기타,승용,남,51세,상해없음,보행자,남,71세,경상
17120,2019092200100481,2019년 9월 22일 22시,일요일,경기도 용인시 처인구 김량장동,경상사고,0,0,1,0,차대사람 - 기타,안전운전불이행,포장 - 젖음/습기,비,기타 - 기타,승용,남,49세,상해없음,보행자,남,46세,경상
17121,2019092300100043,2019년 9월 23일 02시,월요일,경기도 오산시 원동,경상사고,0,0,1,0,차대사람 - 기타,안전운전불이행,포장 - 건조,맑음,단일로 - 기타,승용,남,70세,상해없음,보행자,여,29세,경상
17122,2019092300100113,2019년 9월 23일 07시,월요일,경기도 남양주시 진건읍,중상사고,0,1,0,0,차대사람 - 횡단중,안전운전불이행,포장 - 건조,맑음,교차로 - 교차로부근,승용,남,47세,상해없음,보행자,남,67세,중상
17123,2019092300100127,2019년 9월 23일 08시,월요일,경기도 광주시 오포읍,경상사고,0,0,1,0,차대사람 - 기타,안전운전불이행,포장 - 건조,맑음,단일로 - 기타,승용,여,55세,기타불명,보행자,남,33세,경상
17124,2019092300100129,2019년 9월 23일 08시,월요일,경기도 부천시 상동,중상사고,0,1,0,0,차대사람 - 횡단중,보행자보호의무위반,포장 - 건조,맑음,교차로 - 교차로횡단보도내,승용,남,42세,상해없음,보행자,여,17세,중상
17125,2019092300100195,2019년 9월 23일 09시,월요일,경기도 동두천시 생연동,부상신고사고,0,0,0,1,차대사람 - 횡단중,안전운전불이행,포장 - 건조,맑음,단일로 - 지하차도(도로)내,화물,남,45세,상해없음,보행자,남,86세,부상신고
17126,2019092300100197,2019년 9월 23일 09시,월요일,경기도 구리시 교문동,경상사고,0,0,1,0,차대사람 - 기타,안전운전불이행,포장 - 건조,맑음,단일로 - 기타,승용,여,41세,상해없음,보행자,여,55세,경상
17127,2019092300100206,2019년 9월 23일 10시,월요일,경기도 평택시 세교동,경상사고,0,0,2,0,차대사람 - 횡단중,보행자보호의무위반,포장 - 건조,맑음,교차로 - 교차로안,승용,여,60세,상해없음,보행자,남,74세,경상
17128,2019092300100229,2019년 9월 23일 10시,월요일,경기도 파주시 금촌동,경상사고,0,0,1,0,차대사람 - 횡단중,안전운전불이행,포장 - 건조,맑음,단일로 - 기타,승용,여,32세,상해없음,보행자,남,80세,경상
17129,2019092300100245,2019년 9월 23일 11시,월요일,경기도 부천시 원종동,경상사고,0,0,1,0,차대사람 - 기타,안전운전불이행,포장 - 건조,맑음,단일로 - 기타,승용,여,52세,기타불명,보행자,여,44세,경상
17130,2019092300100273,2019년 9월 23일 12시,월요일,경기도 화성시 안녕동,경상사고,0,0,1,0,차대사람 - 기타,안전운전불이행,포장 - 건조,맑음,단일로 - 기타,승용,여,58세,상해없음,보행자,여,49세,경상
17131,2019092300100304,2019년 9월 23일 13시,월요일,경기도 오산시 오산동,중상사고,0,1,0,0,차대사람 - 횡단중,안전운전불이행,포장 - 건조,맑음,교차로 - 교차로횡단보도내,화물,남,48세,상해없음,보행자,여,68세,중상
17132,2019092300100306,2019년 9월 23일 13시,월요일,경기도 성남시 분당구 판교동,중상사고,0,1,0,0,차대사람 - 횡단중,신호위반,포장 - 건조,맑음,교차로 - 교차로횡단보도내,승용,남,44세,상해없음,보행자,여,40세,중상
17133,2019092300100307,2019년 9월 23일 13시,월요일,경기도 하남시 창우동,경상사고,0,0,1,0,차대사람 - 기타,신호위반,포장 - 건조,맑음,교차로 - 교차로부근,이륜,남,72세,상해없음,보행자,여,7세,경상
17134,2019092300100339,2019년 9월 23일 14시,월요일,경기도 성남시 분당구 서현동,중상사고,0,1,0,0,차대사람 - 횡단중,보행자보호의무위반,포장 - 건조,맑음,교차로 - 교차로횡단보도내,승합,남,67세,상해없음,보행자,여,54세,중상
17135,2019092300100376,2019년 9월 23일 15시,월요일,경기도 안성시 공도읍,경상사고,0,0,1,0,차대사람 - 횡단중,보행자보호의무위반,포장 - 건조,맑음,기타 - 기타,승합,남,50세,상해없음,보행자,남,8세,경상
17136,2019092300100401,2019년 9월 23일 15시,월요일,경기도 파주시 금촌동,경상사고,0,0,1,0,차대사람 - 기타,기타,포장 - 건조,맑음,교차로 - 교차로부근,승용,여,44세,상해없음,보행자,남,28세,경상
17137,2019092300100402,2019년 9월 23일 15시,월요일,경기도 연천군 전곡읍,중상사고,0,1,0,0,차대사람 - 기타,안전운전불이행,포장 - 건조,맑음,단일로 - 기타,승합,남,67세,상해없음,보행자,남,78세,중상
17138,2019092300100442,2019년 9월 23일 17시,월요일,경기도 오산시 가수동,경상사고,0,0,1,0,차대사람 - 기타,안전운전불이행,포장 - 건조,맑음,기타 - 기타,자전거,남,49세,경상,보행자,여,62세,상해없음
17139,2019092300100445,2019년 9월 23일 17시,월요일,경기도 안산시 상록구 건건동,경상사고,0,0,1,0,차대사람 - 차도통행중,안전운전불이행,포장 - 건조,맑음,교차로 - 교차로부근,승합,남,61세,상해없음,보행자,여,48세,경상
17140,2019092300100499,2019년 9월 23일 18시,월요일,경기도 부천시 심곡동,경상사고,0,0,1,0,차대사람 - 기타,안전운전불이행,포장 - 건조,맑음,단일로 - 기타,승용,남,60세,상해없음,보행자,남,48세,경상
17141,2019092300100502,2019년 9월 23일 18시,월요일,경기도 화성시 봉담읍,경상사고,0,0,1,0,차대사람 - 보도통행중,안전운전불이행,포장 - 건조,맑음,기타 - 기타,기타불명,기타불명,미분류,기타불명,보행자,여,18세,경상
17142,2019092300100504,2019년 9월 23일 18시,월요일,경기도 용인시 수지구 신봉동,경상사고,0,0,1,0,차대사람 - 기타,안전운전불이행,포장 - 건조,맑음,단일로 - 기타,승합,남,43세,상해없음,보행자,여,10세,경상
17143,2019092300100505,2019년 9월 23일 18시,월요일,경기도 화성시 병점동,부상신고사고,0,0,0,1,차대사람 - 횡단중,안전운전불이행,포장 - 건조,맑음,단일로 - 기타,승용,여,53세,상해없음,보행자,남,6세,부상신고
17144,2019092300100579,2019년 9월 23일 20시,월요일,경기도 수원시 장안구 연무동,경상사고,0,0,1,0,차대사람 - 기타,보행자보호의무위반,포장 - 건조,맑음,교차로 - 교차로횡단보도내,승용,남,53세,상해없음,보행자,여,51세,경상
17145,2019092300100610,2019년 9월 23일 20시,월요일,경기도 남양주시 진접읍,경상사고,0,0,1,0,차대사람 - 횡단중,안전운전불이행,포장 - 건조,맑음,단일로 - 기타,기타불명,기타불명,미분류,기타불명,보행자,남,37세,경상
17146,2019092300100643,2019년 9월 23일 22시,월요일,경기도 오산시 궐동,중상사고,0,1,0,0,차대사람 - 횡단중,교차로운행방법위반,포장 - 건조,맑음,교차로 - 교차로안,승용,남,54세,상해없음,보행자,여,70세,중상
17147,2019092300100655,2019년 9월 23일 22시,월요일,경기도 고양시 일산동구 설문동,중상사고,0,1,0,0,차대사람 - 기타,안전운전불이행,포장 - 건조,맑음,단일로 - 기타,화물,남,28세,상해없음,보행자,남,37세,중상
17148,2019092300100668,2019년 9월 23일 23시,월요일,경기도 성남시 분당구 삼평동,경상사고,0,0,1,0,차대사람 - 기타,보행자보호의무위반,포장 - 건조,맑음,교차로 - 교차로부근,승용,남,34세,상해없음,보행자,여,48세,경상
17149,2019092300100676,2019년 9월 23일 23시,월요일,경기도 남양주시 별내동,부상신고사고,0,0,0,1,차대사람 - 횡단중,보행자보호의무위반,포장 - 건조,맑음,교차로 - 교차로횡단보도내,기타불명,기타불명,미분류,기타불명,보행자,남,29세,부상신고
17150,2019092400100034,2019년 9월 24일 01시,화요일,경기도 화성시 팔탄면,중상사고,0,1,0,0,차대사람 - 기타,안전운전불이행,포장 - 건조,맑음,단일로 - 기타,승용,남,41세,상해없음,보행자,여,66세,중상
17151,2019092400100071,2019년 9월 24일 05시,화요일,경기도 부천시 역곡동,중상사고,0,1,0,0,차대사람 - 횡단중,보행자보호의무위반,포장 - 건조,맑음,교차로 - 교차로횡단보도내,승용,남,55세,상해없음,보행자,남,27세,중상
17152,2019092400100085,2019년 9월 24일 06시,화요일,경기도 용인시 기흥구 청덕동,경상사고,0,0,1,0,차대사람 - 보도통행중,보행자보호의무위반,포장 - 건조,맑음,교차로 - 교차로횡단보도내,승용,여,53세,상해없음,보행자,남,81세,경상
17153,2019092400100108,2019년 9월 24일 07시,화요일,경기도 용인시 기흥구 중동,경상사고,0,0,1,0,차대사람 - 보도통행중,안전운전불이행,포장 - 건조,맑음,기타 - 기타,화물,남,26세,상해없음,보행자,여,55세,경상
17154,2019092400100136,2019년 9월 24일 08시,화요일,경기도 평택시 서정동,중상사고,0,1,0,0,차대사람 - 횡단중,보행자보호의무위반,포장 - 건조,맑음,교차로 - 교차로횡단보도내,승용,남,66세,상해없음,보행자,여,56세,중상
17155,2019092400100137,2019년 9월 24일 08시,화요일,경기도 광주시 역동,부상신고사고,0,0,0,1,차대사람 - 기타,안전운전불이행,포장 - 기타,기타,기타 - 기타,기타불명,기타불명,미분류,기타불명,보행자,남,22세,부상신고
17156,2019092400100181,2019년 9월 24일 09시,화요일,경기도 김포시 운양동,경상사고,0,0,1,0,차대사람 - 횡단중,신호위반,포장 - 건조,맑음,교차로 - 교차로횡단보도내,승합,남,36세,상해없음,보행자,남,4세,경상
17157,2019092400100183,2019년 9월 24일 09시,화요일,경기도 부천시 심곡본동,중상사고,0,1,0,0,차대사람 - 기타,신호위반,포장 - 건조,맑음,단일로 - 기타,승용,남,72세,상해없음,보행자,여,77세,중상
17158,2019092400100254,2019년 9월 24일 11시,화요일,경기도 수원시 장안구 율전동,경상사고,0,0,1,0,차대사람 - 기타,안전운전불이행,포장 - 건조,맑음,단일로 - 기타,승용,여,47세,상해없음,보행자,여,24세,경상
17159,2019092400100289,2019년 9월 24일 12시,화요일,경기도 성남시 수정구 태평동,중상사고,0,1,0,0,차대사람 - 횡단중,신호위반,포장 - 건조,맑음,단일로 - 기타,승용,여,38세,상해없음,보행자,여,33세,중상
17160,2019092400100457,2019년 9월 24일 15시,화요일,경기도 포천시 소흘읍,중상사고,0,1,0,0,차대사람 - 보도통행중,안전운전불이행,포장 - 건조,맑음,교차로 - 교차로안,승용,여,47세,상해없음,보행자,여,66세,중상
17161,2019092400100475,2019년 9월 24일 16시,화요일,경기도 부천시 도당동,중상사고,0,1,0,0,차대사람 - 기타,안전운전불이행,포장 - 건조,맑음,단일로 - 기타,화물,남,34세,상해없음,보행자,남,15세,중상
17162,2019092400100478,2019년 9월 24일 16시,화요일,경기도 안양시 만안구 석수동,중상사고,0,1,0,0,차대사람 - 횡단중,안전운전불이행,포장 - 건조,맑음,단일로 - 기타,자전거,남,34세,상해없음,보행자,남,59세,중상
17163,2019092400100508,2019년 9월 24일 17시,화요일,경기도 성남시 수정구 산성동,경상사고,0,0,1,0,차대사람 - 기타,안전운전불이행,포장 - 건조,맑음,단일로 - 기타,승용,여,33세,상해없음,보행자,남,65세,경상
17164,2019092400100511,2019년 9월 24일 17시,화요일,경기도 부천시 심곡본동,중상사고,0,1,0,0,차대사람 - 기타,안전운전불이행,포장 - 건조,맑음,단일로 - 기타,승용,남,54세,상해없음,보행자,여,75세,중상
17165,2019092400100515,2019년 9월 24일 17시,화요일,경기도 안산시 단원구 선부동,경상사고,0,0,1,0,차대사람 - 횡단중,안전운전불이행,포장 - 건조,맑음,단일로 - 기타,자전거,남,25세,상해없음,보행자,여,3세,경상
17166,2019092400100517,2019년 9월 24일 17시,화요일,경기도 군포시 금정동,부상신고사고,0,0,0,1,차대사람 - 기타,안전운전불이행,포장 - 건조,맑음,단일로 - 기타,화물,남,60세,상해없음,보행자,여,39세,부상신고
17167,2019092400100572,2019년 9월 24일 18시,화요일,경기도 수원시 영통구 매탄동,중상사고,0,1,0,0,차대사람 - 횡단중,보행자보호의무위반,포장 - 건조,맑음,교차로 - 교차로횡단보도내,승용,남,34세,상해없음,보행자,남,33세,중상
17168,2019092400100610,2019년 9월 24일 18시,화요일,경기도 고양시 일산서구 주엽동,경상사고,0,0,1,0,차대사람 - 보도통행중,기타,포장 - 건조,맑음,기타 - 기타,이륜,남,52세,상해없음,보행자,여,6세,경상
17169,2019092400100625,2019년 9월 24일 19시,화요일,경기도 부천시 도당동,경상사고,0,0,1,0,차대사람 - 길가장자리구역통행중,안전운전불이행,포장 - 건조,맑음,교차로 - 교차로안,승용,여,50세,상해없음,보행자,여,31세,경상
17170,2019092400100626,2019년 9월 24일 19시,화요일,경기도 성남시 중원구 여수동,경상사고,0,0,1,0,차대사람 - 횡단중,신호위반,포장 - 건조,맑음,교차로 - 교차로안,승합,남,51세,상해없음,보행자,남,7세,경상
17171,2019092400100664,2019년 9월 24일 19시,화요일,경기도 남양주시 이패동,중상사고,0,1,0,0,차대사람 - 기타,안전운전불이행,포장 - 건조,맑음,기타 - 기타,승용,남,31세,상해없음,보행자,여,67세,중상
17172,2019092400100691,2019년 9월 24일 20시,화요일,경기도 의정부시 의정부동,경상사고,0,0,1,0,차대사람 - 길가장자리구역통행중,안전운전불이행,포장 - 건조,맑음,단일로 - 기타,승용,남,60세,기타불명,보행자,여,23세,경상
17173,2019092400100692,2019년 9월 24일 20시,화요일,경기도 파주시 목동동,경상사고,0,0,1,0,차대사람 - 기타,기타,포장 - 건조,맑음,단일로 - 기타,승합,남,59세,상해없음,보행자,여,16세,경상
17174,2019092400100700,2019년 9월 24일 21시,화요일,경기도 부천시 춘의동,중상사고,0,1,0,0,차대사람 - 기타,안전운전불이행,포장 - 건조,맑음,교차로 - 교차로안,화물,남,46세,상해없음,보행자,남,57세,중상
17175,2019092400100744,2019년 9월 24일 22시,화요일,경기도 동두천시 생연동,경상사고,0,0,1,0,차대사람 - 횡단중,보행자보호의무위반,포장 - 건조,맑음,교차로 - 교차로횡단보도내,원동기,남,33세,상해없음,보행자,여,62세,경상
17176,2019092500100036,2019년 9월 25일 00시,수요일,경기도 안산시 상록구 성포동,중상사고,0,1,0,0,차대사람 - 횡단중,신호위반,포장 - 건조,맑음,교차로 - 교차로횡단보도내,승용,남,62세,상해없음,보행자,남,45세,중상
17177,2019092500100049,2019년 9월 25일 01시,수요일,경기도 안산시 상록구 사동,중상사고,0,1,0,0,차대사람 - 차도통행중,안전운전불이행,포장 - 건조,맑음,단일로 - 기타,승용,남,22세,상해없음,보행자,남,51세,중상
17178,2019092500100058,2019년 9월 25일 02시,수요일,경기도 부천시 약대동,중상사고,0,1,0,0,차대사람 - 기타,안전운전불이행,포장 - 건조,맑음,교차로 - 교차로안,승용,남,61세,상해없음,보행자,여,46세,중상
17179,2019092500100077,2019년 9월 25일 05시,수요일,경기도 성남시 분당구 백현동,경상사고,0,0,1,0,차대사람 - 횡단중,보행자보호의무위반,포장 - 건조,맑음,교차로 - 교차로횡단보도내,승용,남,43세,상해없음,보행자,여,39세,경상
17180,2019092500100104,2019년 9월 25일 07시,수요일,경기도 광주시 도척면,사망사고,1,0,0,0,차대사람 - 횡단중,안전운전불이행,포장 - 건조,맑음,교차로 - 교차로안,화물,남,67세,상해없음,보행자,여,74세,사망
17181,2019092500100161,2019년 9월 25일 08시,수요일,경기도 고양시 덕양구 행신동,경상사고,0,0,1,0,차대사람 - 차도통행중,안전운전불이행,포장 - 건조,맑음,단일로 - 기타,승용,남,80세,상해없음,보행자,남,7세,경상
17182,2019092500100180,2019년 9월 25일 09시,수요일,경기도 안산시 단원구 선부동,중상사고,0,1,0,0,차대사람 - 횡단중,신호위반,포장 - 건조,맑음,교차로 - 교차로안,승용,남,46세,기타불명,보행자,남,58세,중상
17183,2019092500100227,2019년 9월 25일 10시,수요일,경기도 안성시 죽산면,부상신고사고,0,0,0,1,차대사람 - 길가장자리구역통행중,안전운전불이행,포장 - 건조,기타,단일로 - 기타,승합,남,52세,상해없음,보행자,남,74세,부상신고
17184,2019092500100232,2019년 9월 25일 10시,수요일,경기도 용인시 수지구 죽전동,경상사고,0,0,1,0,차대사람 - 기타,안전운전불이행,포장 - 건조,맑음,단일로 - 기타,승합,남,55세,상해없음,보행자,여,31세,경상
17185,2019092500100258,2019년 9월 25일 11시,수요일,경기도 용인시 기흥구 서천동,경상사고,0,0,1,0,차대사람 - 횡단중,안전운전불이행,포장 - 건조,맑음,교차로 - 교차로횡단보도내,승용,여,37세,상해없음,보행자,여,27세,경상
17186,2019092500100259,2019년 9월 25일 11시,수요일,경기도 부천시 중동,중상사고,0,1,0,0,차대사람 - 기타,안전운전불이행,포장 - 건조,맑음,교차로 - 교차로횡단보도내,승용,여,59세,상해없음,보행자,남,44세,중상
17187,2019092500100315,2019년 9월 25일 13시,수요일,경기도 수원시 팔달구 우만동,중상사고,0,1,0,0,차대사람 - 횡단중,보행자보호의무위반,포장 - 건조,맑음,교차로 - 교차로안,승합,남,68세,상해없음,보행자,남,75세,중상
17188,2019092500100333,2019년 9월 25일 13시,수요일,경기도 파주시 적성면,중상사고,0,1,0,0,차대사람 - 기타,안전운전불이행,포장 - 건조,맑음,단일로 - 기타,승용,남,81세,상해없음,보행자,여,61세,중상
17189,2019092500100349,2019년 9월 25일 14시,수요일,경기도 양평군 용문면,중상사고,0,1,0,0,차대사람 - 보도통행중,보행자보호의무위반,포장 - 건조,맑음,교차로 - 교차로안,승용,여,43세,상해없음,보행자,남,41세,중상
17190,2019092500100385,2019년 9월 25일 15시,수요일,경기도 시흥시 정왕동,중상사고,0,1,0,0,차대사람 - 기타,안전운전불이행,포장 - 건조,맑음,단일로 - 기타,승용,여,35세,상해없음,보행자,남,9세,중상
17191,2019092500100413,2019년 9월 25일 15시,수요일,경기도 의정부시 의정부동,경상사고,0,0,1,0,차대사람 - 길가장자리구역통행중,안전운전불이행,포장 - 건조,맑음,단일로 - 기타,승용,남,24세,상해없음,보행자,여,49세,경상
17192,2019092500100435,2019년 9월 25일 16시,수요일,경기도 김포시 통진읍,경상사고,0,0,1,0,차대사람 - 기타,안전운전불이행,포장 - 건조,맑음,기타 - 기타,화물,여,60세,상해없음,보행자,남,64세,경상
17193,2019092500100436,2019년 9월 25일 16시,수요일,경기도 군포시 금정동,경상사고,0,0,1,0,차대사람 - 기타,안전운전불이행,포장 - 건조,맑음,교차로 - 교차로안,승용,남,47세,상해없음,보행자,남,40세,경상
17194,2019092500100456,2019년 9월 25일 16시,수요일,경기도 의정부시 가능동,경상사고,0,0,1,0,차대사람 - 길가장자리구역통행중,안전운전불이행,포장 - 건조,맑음,단일로 - 기타,승용,남,51세,기타불명,보행자,여,61세,경상
17195,2019092500100469,2019년 9월 25일 17시,수요일,경기도 의왕시 내손동,경상사고,0,0,1,0,차대사람 - 기타,안전운전불이행,포장 - 건조,맑음,단일로 - 기타,승용,여,50세,상해없음,보행자,여,6세,경상
17196,2019092500100470,2019년 9월 25일 17시,수요일,경기도 하남시 덕풍동,경상사고,0,0,1,0,차대사람 - 기타,안전운전불이행,포장 - 건조,맑음,교차로 - 교차로부근,승용,여,64세,상해없음,보행자,남,2세,경상
17197,2019092500100518,2019년 9월 25일 18시,수요일,경기도 광주시 경안동,경상사고,0,0,1,0,차대사람 - 기타,기타,포장 - 건조,맑음,단일로 - 기타,승합,남,43세,기타불명,보행자,남,19세,경상
17198,2019092500100522,2019년 9월 25일 18시,수요일,경기도 시흥시 정왕동,경상사고,0,0,1,0,차대사람 - 차도통행중,안전운전불이행,포장 - 건조,맑음,교차로 - 교차로부근,원동기,남,17세,상해없음,보행자,여,6세,경상
17199,2019092500100524,2019년 9월 25일 18시,수요일,경기도 수원시 권선구 권선동,부상신고사고,0,0,0,1,차대사람 - 횡단중,안전운전불이행,포장 - 건조,맑음,교차로 - 교차로안,승용,남,25세,상해없음,보행자,여,64세,부상신고
17200,2019092500100564,2019년 9월 25일 18시,수요일,경기도 양주시 백석읍,중상사고,0,1,0,0,차대사람 - 보도통행중,기타,포장 - 건조,맑음,교차로 - 교차로안,화물,남,61세,상해없음,보행자,남,47세,중상
17201,2019092500100608,2019년 9월 25일 19시,수요일,경기도 남양주시 화도읍,경상사고,0,0,1,0,차대사람 - 길가장자리구역통행중,안전운전불이행,포장 - 건조,맑음,단일로 - 기타,화물,남,54세,상해없음,보행자,여,36세,경상
17202,2019092500100618,2019년 9월 25일 20시,수요일,경기도 광명시 광명동,경상사고,0,0,1,0,차대사람 - 기타,안전운전불이행,포장 - 건조,맑음,단일로 - 기타,승용,여,47세,상해없음,보행자,남,44세,경상
17203,2019092500100621,2019년 9월 25일 20시,수요일,경기도 화성시 석우동,경상사고,0,0,1,0,차대사람 - 횡단중,보행자보호의무위반,포장 - 건조,맑음,교차로 - 교차로횡단보도내,이륜,남,61세,상해없음,보행자,남,41세,경상
17204,2019092500100637,2019년 9월 25일 20시,수요일,경기도 파주 파평면,부상신고사고,0,0,0,1,차대사람 - 기타,안전운전불이행,포장 - 건조,맑음,단일로 - 기타,기타불명,기타불명,미분류,기타불명,보행자,남,43세,부상신고
17205,2019092500100646,2019년 9월 25일 21시,수요일,경기도 평택시 서정동,경상사고,0,0,1,0,차대사람 - 차도통행중,안전운전불이행,포장 - 건조,맑음,단일로 - 기타,화물,남,44세,상해없음,보행자,남,52세,경상
17206,2019092500100653,2019년 9월 25일 21시,수요일,경기도 화성시 향남읍,경상사고,0,0,1,0,차대사람 - 기타,보행자보호의무위반,포장 - 건조,맑음,교차로 - 교차로안,승용,여,38세,상해없음,보행자,남,34세,경상
17207,2019092500100654,2019년 9월 25일 21시,수요일,경기도 화성시 마도면,경상사고,0,0,1,0,차대사람 - 기타,안전운전불이행,포장 - 기타,기타,기타 - 기타,승용,여,66세,상해없음,보행자,남,59세,경상
17208,2019092500100655,2019년 9월 25일 21시,수요일,경기도 의왕시 오전동,경상사고,0,0,1,0,차대사람 - 기타,안전운전불이행,포장 - 건조,맑음,단일로 - 기타,승용,남,38세,상해없음,보행자,남,70세,경상
17209,2019092500100656,2019년 9월 25일 21시,수요일,경기도 화성시 송산동,중상사고,0,1,0,0,차대사람 - 횡단중,안전운전불이행,포장 - 건조,맑음,교차로 - 교차로안,화물,남,22세,상해없음,보행자,여,82세,중상
17210,2019092500100677,2019년 9월 25일 22시,수요일,경기도 안양시 동안구 호계동,중상사고,0,1,0,0,차대사람 - 기타,보행자보호의무위반,포장 - 건조,맑음,교차로 - 교차로횡단보도내,승용,남,63세,상해없음,보행자,남,50세,중상
17211,2019092500100679,2019년 9월 25일 22시,수요일,경기도 하남시 신장동,중상사고,0,1,0,0,차대사람 - 횡단중,중앙선침범,포장 - 건조,맑음,교차로 - 교차로부근,승용,여,46세,상해없음,보행자,남,60세,중상