,사고번호,사고일시,요일,시군구,사고내용,사망자수,중상자수,경상자수,부상신고자수,사고유형,법규위반,노면상태,기상상태,도로형태,가해운전자 차종,가해운전자 성별,가해운전자 연령,가해운전자 상해정도,피해운전자 차종,피해운전자 성별,피해운전자 연령,피해운전자 상해정도
17325,2019092900100510,2019년 9월 29일 20시,일요일,경기도 부천시 심곡동,부상신고사고,0,0,0,1,차대사람 - 차도통행중,안전운전불이행,포장 - 건조,맑음,단일로 - 기타,승용,남,26세,상해없음,보행자,남,49세,부상신고
17326,2019092900100513,2019년 9월 29일 20시,일요일,경기도 군포시 당동,사망사고,1,0,0,0,차대사람 - 기타,안전운전불이행,포장 - 건조,맑음,단일로 - 기타,승용,남,31세,상해없음,보행자,남,56세,사망
17327,2019092900100531,2019년 9월 29일 20시,일요일,경기도 의정부시 의정부동,부상신고사고,0,0,0,1,차대사람 - 기타,안전운전불이행,포장 - 건조,맑음,단일로 - 기타,기타불명,기타불명,미분류,기타불명,보행자,여,20세,부상신고
17328,2019092900100540,2019년 9월 29일 21시,일요일,경기도 성남시 수정구 태평동,경상사고,0,0,1,0,차대사람 - 기타,안전운전불이행,포장 - 건조,맑음,단일로 - 기타,이륜,남,46세,상해없음,보행자,여,28세,경상
17329,2019092900100555,2019년 9월 29일 21시,일요일,경기도 의정부시 산곡동,사망사고,1,0,0,0,차대사람 - 횡단중,신호위반,포장 - 건조,맑음,단일로 - 기타,승용,여,27세,상해없음,보행자,남,23세,사망
17330,2019093000100036,2019년 9월 30일 01시,월요일,경기도 포천시 소흘읍,중상사고,0,1,0,0,차대사람 - 기타,안전운전불이행,포장 - 건조,맑음,교차로 - 교차로안,승용,여,58세,상해없음,보행자,여,27세,중상
17331,2019093000100058,2019년 9월 30일 05시,월요일,경기도 수원시 권선구 세류동,중상사고,0,1,0,0,차대사람 - 횡단중,신호위반,포장 - 건조,맑음,단일로 - 기타,승용,남,63세,상해없음,보행자,남,75세,중상
17332,2019093000100068,2019년 9월 30일 05시,월요일,경기도 남양주시 수석동,중상사고,0,1,0,0,차대사람 - 횡단중,안전운전불이행,포장 - 건조,맑음,단일로 - 기타,자전거,남,60세,상해없음,보행자,남,76세,중상
17333,2019093000100074,2019년 9월 30일 06시,월요일,경기도 안성시 명륜동,중상사고,0,1,0,0,차대사람 - 기타,안전운전불이행,포장 - 건조,맑음,단일로 - 기타,승용,남,48세,상해없음,보행자,여,60세,중상
17334,2019093000100127,2019년 9월 30일 07시,월요일,경기도 동두천시 하봉암동,사망사고,1,0,0,0,차대사람 - 횡단중,안전운전불이행,포장 - 건조,맑음,단일로 - 기타,승합,남,70세,상해없음,보행자,여,49세,사망
17335,2019093000100142,2019년 9월 30일 08시,월요일,경기도 성남시 분당구 야탑동,경상사고,0,0,1,0,차대사람 - 기타,안전운전불이행,포장 - 건조,맑음,교차로 - 교차로안,승용,남,75세,상해없음,보행자,여,43세,경상
17336,2019093000100168,2019년 9월 30일 08시,월요일,경기도 고양시 덕양구 원흥동,경상사고,0,0,1,0,차대사람 - 횡단중,안전운전불이행,포장 - 건조,맑음,교차로 - 교차로횡단보도내,승용,여,48세,상해없음,보행자,여,13세,경상
17337,2019093000100201,2019년 9월 30일 09시,월요일,경기도 남양주시 진건읍,중상사고,0,1,0,0,차대사람 - 횡단중,보행자보호의무위반,포장 - 건조,맑음,교차로 - 교차로횡단보도내,승용,여,57세,상해없음,보행자,여,77세,중상
17338,2019093000100268,2019년 9월 30일 11시,월요일,경기도 고양시 일산서구 덕이동,경상사고,0,0,1,0,차대사람 - 보도통행중,기타,포장 - 건조,맑음,단일로 - 기타,화물,남,41세,상해없음,보행자,여,38세,경상
17339,2019093000100280,2019년 9월 30일 12시,월요일,경기도 용인시 기흥구 구갈동,중상사고,0,1,0,0,차대사람 - 기타,안전운전불이행,포장 - 건조,맑음,단일로 - 기타,승용,여,41세,상해없음,보행자,여,7세,중상
17340,2019093000100281,2019년 9월 30일 12시,월요일,경기도 안산시 단원구 초지동,경상사고,0,0,1,0,차대사람 - 기타,보행자보호의무위반,포장 - 건조,맑음,교차로 - 교차로횡단보도내,화물,남,61세,상해없음,보행자,남,31세,경상
17341,2019093000100284,2019년 9월 30일 12시,월요일,경기도 성남시 분당구 야탑동,중상사고,0,1,0,0,차대사람 - 횡단중,보행자보호의무위반,포장 - 건조,맑음,단일로 - 기타,승용,여,57세,상해없음,보행자,여,70세,중상
17342,2019093000100320,2019년 9월 30일 13시,월요일,경기도 시흥시 거모동,경상사고,0,0,1,0,차대사람 - 차도통행중,안전운전불이행,포장 - 건조,맑음,단일로 - 기타,승용,여,60세,상해없음,보행자,여,71세,경상
17343,2019093000100347,2019년 9월 30일 13시,월요일,경기도 고양시 덕양구 화전동,경상사고,0,0,1,0,차대사람 - 횡단중,안전운전불이행,포장 - 건조,맑음,교차로 - 교차로안,건설기계,남,59세,상해없음,보행자,여,74세,경상
17344,2019093000100349,2019년 9월 30일 13시,월요일,경기도 남양주시 평내동,중상사고,0,1,0,1,차대사람 - 횡단중,안전운전불이행,포장 - 건조,맑음,교차로 - 교차로안,승용,여,33세,기타불명,보행자,여,89세,중상
17345,2019093000100398,2019년 9월 30일 15시,월요일,경기도 수원시 팔달구 북수동,부상신고사고,0,0,0,1,차대사람 - 횡단중,기타,포장 - 건조,맑음,단일로 - 기타,자전거,남,64세,기타불명,보행자,남,51세,부상신고
17346,2019093000100399,2019년 9월 30일 15시,월요일,경기도 평택시 세교동,중상사고,0,1,0,0,차대사람 - 횡단중,보행자보호의무위반,포장 - 건조,맑음,교차로 - 교차로안,승합,남,56세,상해없음,보행자,여,65세,중상
17347,2019093000100429,2019년 9월 30일 15시,월요일,경기도 파주시 금촌동,중상사고,0,1,0,0,차대사람 - 기타,안전운전불이행,포장 - 건조,맑음,단일로 - 기타,승용,남,45세,상해없음,보행자,여,5세,중상
17348,2019093000100441,2019년 9월 30일 16시,월요일,경기도 수원시 팔달구 팔달로2가,경상사고,0,0,1,0,차대사람 - 기타,안전운전불이행,포장 - 건조,맑음,교차로 - 교차로안,승합,남,50세,상해없음,보행자,여,60세,경상
17349,2019093000100448,2019년 9월 30일 16시,월요일,경기도 의왕시 삼동,부상신고사고,0,0,0,1,차대사람 - 기타,보행자보호의무위반,포장 - 건조,맑음,기타 - 기타,화물,남,42세,상해없음,보행자,남,62세,부상신고
17350,2019093000100481,2019년 9월 30일 16시,월요일,경기도 파주시 법원읍,중상사고,0,1,0,0,차대사람 - 기타,안전운전불이행,포장 - 건조,맑음,단일로 - 기타,승용,남,43세,상해없음,보행자,남,39세,중상
17351,2019093000100494,2019년 9월 30일 17시,월요일,경기도 수원시 장안구 정자동,경상사고,0,0,1,0,차대사람 - 횡단중,안전운전불이행,포장 - 건조,맑음,단일로 - 기타,승합,남,47세,상해없음,보행자,남,7세,경상
17352,2019093000100501,2019년 9월 30일 17시,월요일,경기도 안산시 상록구 본오동,경상사고,0,0,1,0,차대사람 - 횡단중,안전운전불이행,포장 - 건조,맑음,단일로 - 기타,승용,남,53세,상해없음,보행자,남,72세,경상
17353,2019093000100544,2019년 9월 30일 18시,월요일,경기도 수원시 팔달구 중동,경상사고,0,0,1,0,차대사람 - 횡단중,신호위반,포장 - 건조,맑음,단일로 - 기타,승용,남,23세,상해없음,보행자,남,65세,경상
17354,2019093000100549,2019년 9월 30일 18시,월요일,경기도 군포시 당동,중상사고,0,1,0,0,차대사람 - 횡단중,보행자보호의무위반,포장 - 건조,맑음,교차로 - 교차로안,승합,남,67세,상해없음,보행자,여,7세,중상
17355,2019093000100612,2019년 9월 30일 19시,월요일,경기도 부천시 원미동,경상사고,0,0,1,0,차대사람 - 횡단중,보행자보호의무위반,포장 - 건조,맑음,단일로 - 기타,자전거,여,54세,상해없음,보행자,여,49세,경상
17356,2019093000100642,2019년 9월 30일 19시,월요일,경기도 파주시 와동,중상사고,0,1,0,0,차대사람 - 기타,안전운전불이행,포장 - 건조,맑음,단일로 - 기타,승용,남,49세,상해없음,보행자,남,8세,중상
17357,2019093000100645,2019년 9월 30일 19시,월요일,경기도 포천시 신북면,중상사고,0,1,0,0,차대사람 - 기타,안전운전불이행,포장 - 건조,맑음,단일로 - 기타,승용,남,79세,상해없음,보행자,남,54세,중상
17358,2019093000100648,2019년 9월 30일 20시,월요일,경기도 성남시 수정구 수진동,경상사고,0,0,1,0,차대사람 - 횡단중,신호위반,포장 - 건조,맑음,교차로 - 교차로부근,승용,남,69세,상해없음,보행자,여,55세,경상
17359,2019093000100649,2019년 9월 30일 20시,월요일,경기도 성남시 수정구 신흥동,경상사고,0,0,1,0,차대사람 - 기타,안전운전불이행,포장 - 건조,맑음,교차로 - 교차로안,기타불명,기타불명,미분류,기타불명,보행자,여,15세,경상
17360,2019093000100650,2019년 9월 30일 20시,월요일,경기도 평택시 장당동,중상사고,0,1,0,0,차대사람 - 기타,기타,포장 - 건조,맑음,교차로 - 교차로부근,승용,여,46세,상해없음,보행자,남,27세,중상
17361,2019093000100670,2019년 9월 30일 20시,월요일,경기도 파주시 목동동,경상사고,0,0,1,0,차대사람 - 횡단중,신호위반,포장 - 건조,맑음,단일로 - 기타,이륜,남,50세,상해없음,보행자,여,77세,경상
17362,2019093000100726,2019년 9월 30일 23시,월요일,경기도 화성시 향남읍,중상사고,0,1,0,0,차대사람 - 횡단중,안전운전불이행,포장 - 건조,맑음,교차로 - 교차로횡단보도내,승용,남,31세,상해없음,보행자,남,44세,중상
17363,2019093000100742,2019년 9월 30일 23시,월요일,경기도 고양시 일산동구 장항동,중상사고,0,1,0,0,차대사람 - 기타,안전운전불이행,포장 - 건조,맑음,주차장 - 주차장,승용,남,54세,상해없음,보행자,남,37세,중상
17364,2019100100100070,2019년 10월 1일 05시,화요일,경기도 부천시 중동,중상사고,0,1,0,0,차대사람 - 횡단중,안전운전불이행,포장 - 건조,맑음,교차로 - 교차로안,승용,남,61세,상해없음,보행자,남,72세,중상
17365,2019100100100137,2019년 10월 1일 08시,화요일,경기도 광명시 광명동,중상사고,0,1,0,0,차대사람 - 횡단중,보행자보호의무위반,포장 - 건조,맑음,교차로 - 교차로안,승합,남,46세,상해없음,보행자,남,13세,중상
17366,2019100100100212,2019년 10월 1일 10시,화요일,경기도 광주시 태전동,중상사고,0,1,0,0,차대사람 - 횡단중,신호위반,포장 - 건조,맑음,교차로 - 교차로횡단보도내,승용,여,38세,상해없음,보행자,여,52세,중상
17367,2019100100100216,2019년 10월 1일 10시,화요일,경기도 하남시 미사동,부상신고사고,0,0,0,1,차대사람 - 기타,안전운전불이행,포장 - 건조,맑음,단일로 - 기타,화물,남,55세,상해없음,보행자,남,39세,부상신고
17368,2019100100100217,2019년 10월 1일 10시,화요일,경기도 용인시 기흥구 언남동,경상사고,0,0,1,0,차대사람 - 기타,안전운전불이행,포장 - 건조,맑음,단일로 - 기타,승용,여,23세,상해없음,보행자,남,58세,경상
17369,2019100100100278,2019년 10월 1일 12시,화요일,경기도 평택시 세교동,경상사고,0,0,1,0,차대사람 - 기타,안전운전불이행,포장 - 건조,맑음,단일로 - 기타,승용,남,66세,상해없음,보행자,여,73세,경상
17370,2019100100100283,2019년 10월 1일 12시,화요일,경기도 시흥시 신천동,중상사고,0,1,0,0,차대사람 - 기타,안전운전불이행,포장 - 건조,맑음,단일로 - 기타,승용,남,23세,상해없음,보행자,여,74세,중상
17371,2019100100100378,2019년 10월 1일 15시,화요일,경기도 평택시 세교동,경상사고,0,0,1,0,차대사람 - 기타,신호위반,포장 - 건조,맑음,교차로 - 교차로횡단보도내,승용,여,63세,상해없음,보행자,여,8세,경상
17372,2019100100100415,2019년 10월 1일 16시,화요일,경기도 수원시 팔달구 팔달로1가,경상사고,0,0,1,0,차대사람 - 기타,기타,포장 - 건조,맑음,단일로 - 기타,승용,여,22세,상해없음,보행자,여,64세,경상
17373,2019100100100435,2019년 10월 1일 16시,화요일,경기도 고양시 일산동구 장항동,중상사고,0,1,0,0,차대사람 - 횡단중,신호위반,포장 - 건조,맑음,교차로 - 교차로횡단보도내,승용,여,58세,상해없음,보행자,여,37세,중상
17374,2019100100100459,2019년 10월 1일 17시,화요일,경기도 안산시 단원구 선부동,경상사고,0,0,1,0,차대사람 - 횡단중,신호위반,포장 - 기타,맑음,교차로 - 교차로횡단보도내,이륜,남,17세,상해없음,보행자,여,60세,경상
17375,2019100100100506,2019년 10월 1일 18시,화요일,경기도 용인시 기흥구 상하동,부상신고사고,0,0,0,1,차대사람 - 기타,안전운전불이행,포장 - 건조,맑음,단일로 - 기타,승용,남,31세,상해없음,보행자,여,63세,부상신고
17376,2019100100100568,2019년 10월 1일 19시,화요일,경기도 부천시 심곡동,경상사고,0,0,1,0,차대사람 - 기타,교차로운행방법위반,포장 - 건조,맑음,교차로 - 교차로안,승용,남,53세,상해없음,보행자,남,49세,경상
17377,2019100100100571,2019년 10월 1일 19시,화요일,경기도 수원시 권선구 서둔동,경상사고,0,0,1,0,차대사람 - 횡단중,보행자보호의무위반,포장 - 건조,맑음,기타 - 기타,승용,남,24세,상해없음,보행자,남,61세,경상
17378,2019100100100608,2019년 10월 1일 19시,화요일,경기도 고양시 덕양구 지축동,중상사고,0,1,0,0,차대사람 - 횡단중,보행자보호의무위반,포장 - 건조,흐림,단일로 - 기타,승합,남,62세,상해없음,보행자,남,61세,중상
17379,2019100100100673,2019년 10월 1일 21시,화요일,경기도 남양주시 진건읍,경상사고,0,0,2,0,차대사람 - 횡단중,안전운전불이행,포장 - 건조,맑음,교차로 - 교차로횡단보도내,승용,남,58세,상해없음,보행자,남,16세,경상
17380,2019100100100674,2019년 10월 1일 21시,화요일,경기도 파주시 목동동,경상사고,0,0,1,0,차대사람 - 기타,안전운전불이행,포장 - 건조,맑음,교차로 - 교차로안,승용,남,62세,상해없음,보행자,남,25세,경상
17381,2019100100100684,2019년 10월 1일 22시,화요일,경기도 안산시 단원구 고잔동,중상사고,0,1,0,0,차대사람 - 기타,신호위반,포장 - 건조,맑음,교차로 - 교차로안,승용,남,64세,상해없음,보행자,여,19세,중상
17382,2019100100100686,2019년 10월 1일 22시,화요일,경기도 성남시 중원구 성남동,경상사고,0,0,1,0,차대사람 - 길가장자리구역통행중,안전운전불이행,포장 - 건조,맑음,기타 - 기타,승용,남,23세,기타불명,보행자,여,21세,경상
17383,2019100100100699,2019년 10월 1일 22시,화요일,경기도 의정부시 신곡동,부상신고사고,0,0,0,1,차대사람 - 기타,안전운전불이행,포장 - 건조,맑음,단일로 - 기타,승용,여,28세,기타불명,보행자,남,49세,부상신고
17384,2019100100100702,2019년 10월 1일 22시,화요일,경기도 양주시 은현면,중상사고,0,1,0,0,차대사람 - 횡단중,안전운전불이행,포장 - 건조,맑음,교차로 - 교차로안,승용,남,21세,상해없음,보행자,남,51세,중상
17385,2019100100100721,2019년 10월 1일 23시,화요일,경기도 남양주시 진접읍,경상사고,0,0,2,0,차대사람 - 횡단중,불법유턴,포장 - 건조,맑음,교차로 - 교차로안,승용,남,58세,상해없음,보행자,남,20세,경상
17386,2019100200100028,2019년 10월 2일 00시,수요일,경기도 안양시 동안구 평촌동,중상사고,0,1,0,0,차대사람 - 횡단중,안전운전불이행,포장 - 건조,맑음,교차로 - 교차로횡단보도내,승용,남,58세,상해없음,보행자,남,50세,중상
17387,2019100200100030,2019년 10월 2일 00시,수요일,경기도 화성시 남양읍,중상사고,0,1,0,0,차대사람 - 기타,기타,포장 - 건조,맑음,단일로 - 기타,승합,남,51세,상해없음,보행자,여,53세,중상
17388,2019100200100060,2019년 10월 2일 02시,수요일,경기도 의정부시 가능동,사망사고,1,0,0,0,차대사람 - 기타,안전운전불이행,포장 - 건조,맑음,단일로 - 기타,승용,남,28세,상해없음,보행자,남,41세,사망
17389,2019100200100061,2019년 10월 2일 02시,수요일,경기도 구리시 수택동,중상사고,0,1,0,0,차대사람 - 차도통행중,안전운전불이행,포장 - 건조,맑음,단일로 - 기타,승용,남,62세,상해없음,보행자,여,58세,중상
17390,2019100200100103,2019년 10월 2일 06시,수요일,경기도 구리시 갈매동,중상사고,0,1,0,0,차대사람 - 보도통행중,신호위반,포장 - 젖음/습기,비,교차로 - 교차로안,승용,남,24세,상해없음,보행자,남,31세,중상
17391,2019100200100130,2019년 10월 2일 08시,수요일,경기도 수원시 장안구 파장동,경상사고,0,0,1,0,차대사람 - 횡단중,안전운전불이행,포장 - 건조,맑음,단일로 - 기타,승용,남,27세,기타불명,보행자,여,69세,경상
17392,2019100200100172,2019년 10월 2일 08시,수요일,경기도 남양주시 화도읍,경상사고,0,0,1,0,차대사람 - 횡단중,안전운전불이행,포장 - 건조,맑음,단일로 - 기타,승용,여,27세,상해없음,보행자,남,10세,경상
17393,2019100200100174,2019년 10월 2일 08시,수요일,경기도 파주시 동패동,중상사고,0,1,0,0,차대사람 - 횡단중,안전운전불이행,포장 - 건조,맑음,단일로 - 기타,승용,여,52세,상해없음,보행자,여,60세,중상
17394,2019100200100176,2019년 10월 2일 08시,수요일,경기도 양주시 삼숭동,중상사고,0,1,0,0,차대사람 - 기타,안전운전불이행,포장 - 건조,맑음,교차로 - 교차로부근,승합,남,48세,상해없음,보행자,여,78세,중상
17395,2019100200100242,2019년 10월 2일 10시,수요일,경기도 의정부시 의정부동,경상사고,0,0,1,0,차대사람 - 길가장자리구역통행중,안전운전불이행,포장 - 건조,맑음,단일로 - 기타,승용,남,59세,상해없음,보행자,여,67세,경상
17396,2019100200100279,2019년 10월 2일 11시,수요일,경기도 파주시 문산읍,중상사고,0,1,0,0,차대사람 - 횡단중,신호위반,포장 - 건조,맑음,교차로 - 교차로안,승용,여,19세,상해없음,보행자,여,75세,중상
17397,2019100200100295,2019년 10월 2일 12시,수요일,경기도 화성시 반월동,경상사고,0,0,1,0,차대사람 - 기타,안전운전불이행,포장 - 건조,맑음,단일로 - 기타,승용,남,45세,상해없음,보행자,남,27세,경상
17398,2019100200100322,2019년 10월 2일 12시,수요일,경기도 구리시 교문동,경상사고,0,0,2,0,차대사람 - 횡단중,신호위반,포장 - 젖음/습기,비,기타 - 기타,승용,여,51세,상해없음,보행자,남,31세,경상
17399,2019100200100352,2019년 10월 2일 13시,수요일,경기도 고양시 덕양구 주교동,경상사고,0,0,2,0,차대사람 - 횡단중,신호위반,포장 - 젖음/습기,비,교차로 - 교차로횡단보도내,승용,남,67세,상해없음,보행자,여,49세,경상
17400,2019100200100367,2019년 10월 2일 14시,수요일,경기도 수원시 권선구 세류동,경상사고,0,0,1,0,차대사람 - 횡단중,안전운전불이행,포장 - 건조,맑음,교차로 - 교차로횡단보도내,승용,남,36세,상해없음,보행자,남,8세,경상
17401,2019100200100410,2019년 10월 2일 15시,수요일,경기도 성남시 수정구 신흥동,중상사고,0,1,0,0,차대사람 - 기타,안전운전불이행,포장 - 건조,맑음,기타 - 기타,승용,남,22세,상해없음,보행자,남,14세,중상
17402,2019100200100417,2019년 10월 2일 15시,수요일,경기도 안산시 단원구 신길동,경상사고,0,0,1,0,차대사람 - 차도통행중,안전운전불이행,포장 - 건조,맑음,기타 - 기타,기타불명,기타불명,미분류,기타불명,보행자,여,28세,경상
17403,2019100200100423,2019년 10월 2일 15시,수요일,경기도 부천시 고강동,중상사고,0,1,0,0,차대사람 - 차도통행중,안전운전불이행,포장 - 젖음/습기,비,교차로 - 교차로안,화물,남,33세,상해없음,보행자,여,59세,중상
17404,2019100200100443,2019년 10월 2일 15시,수요일,경기도 파주시 금촌동,경상사고,0,0,1,0,차대사람 - 길가장자리구역통행중,안전운전불이행,포장 - 젖음/습기,비,단일로 - 기타,승용,여,54세,상해없음,보행자,남,54세,경상
17405,2019100200100458,2019년 10월 2일 16시,수요일,경기도 용인시 처인구 포곡읍,경상사고,0,0,1,0,차대사람 - 횡단중,신호위반,포장 - 젖음/습기,비,교차로 - 교차로횡단보도내,승합,남,50세,상해없음,보행자,여,18세,경상
17406,2019100200100460,2019년 10월 2일 16시,수요일,경기도 성남시 분당구 야탑동,중상사고,0,1,0,0,차대사람 - 횡단중,보행자보호의무위반,포장 - 젖음/습기,비,교차로 - 교차로안,승합,남,60세,상해없음,보행자,여,20세,중상
17407,2019100200100461,2019년 10월 2일 16시,수요일,경기도 안산시 상록구 본오동,경상사고,0,0,1,0,차대사람 - 기타,안전운전불이행,포장 - 젖음/습기,비,단일로 - 기타,승용,여,57세,상해없음,보행자,남,10세,경상
17408,2019100200100462,2019년 10월 2일 16시,수요일,경기도 하남시 풍산동,경상사고,0,0,1,0,차대사람 - 횡단중,신호위반,포장 - 건조,맑음,교차로 - 교차로횡단보도내,화물,남,56세,상해없음,보행자,여,26세,경상
17409,2019100200100466,2019년 10월 2일 16시,수요일,경기도 화성시 병점동,경상사고,0,0,1,0,차대사람 - 보도통행중,보행자보호의무위반,포장 - 젖음/습기,비,단일로 - 기타,승용,남,49세,상해없음,보행자,남,79세,경상
17410,2019100200100499,2019년 10월 2일 17시,수요일,경기도 수원시 팔달구 화서동,경상사고,0,0,1,0,차대사람 - 기타,보행자보호의무위반,포장 - 건조,맑음,단일로 - 기타,이륜,남,47세,상해없음,보행자,여,18세,경상
17411,2019100200100500,2019년 10월 2일 17시,수요일,경기도 평택시 팽성읍,중상사고,0,1,0,0,차대사람 - 기타,보행자보호의무위반,포장 - 젖음/습기,비,교차로 - 교차로부근,승용,남,66세,상해없음,보행자,남,7세,중상
17412,2019100200100506,2019년 10월 2일 17시,수요일,경기도 성남시 중원구 성남동,경상사고,0,0,1,0,차대사람 - 기타,안전운전불이행,포장 - 건조,흐림,단일로 - 기타,화물,남,52세,상해없음,보행자,여,69세,경상
17413,2019100200100511,2019년 10월 2일 17시,수요일,경기도 화성시 반월동,중상사고,0,1,0,0,차대사람 - 횡단중,신호위반,포장 - 젖음/습기,비,교차로 - 교차로안,화물,남,58세,상해없음,보행자,여,46세,중상
17414,2019100200100573,2019년 10월 2일 18시,수요일,경기도 수원시 영통구 원천동,경상사고,0,0,1,0,차대사람 - 기타,안전운전불이행,포장 - 젖음/습기,비,기타 - 기타,승합,남,68세,상해없음,보행자,여,55세,경상
17415,2019100200100580,2019년 10월 2일 18시,수요일,경기도 부천시 원종동,경상사고,0,0,1,0,차대사람 - 기타,안전운전불이행,포장 - 젖음/습기,비,단일로 - 기타,승합,남,58세,기타불명,보행자,여,62세,경상
17416,2019100200100625,2019년 10월 2일 18시,수요일,경기도 양주시 광적면,부상신고사고,0,0,0,1,차대사람 - 횡단중,안전운전불이행,포장 - 젖음/습기,비,교차로 - 교차로횡단보도내,승용,남,58세,상해없음,보행자,남,58세,부상신고
17417,2019100200100626,2019년 10월 2일 18시,수요일,경기도 연천군 전곡읍,중상사고,0,1,0,0,차대사람 - 횡단중,안전운전불이행,포장 - 젖음/습기,흐림,단일로 - 지하차도(도로)내,승용,남,74세,상해없음,보행자,여,57세,중상
17418,2019100200100627,2019년 10월 2일 18시,수요일,경기도 고양시 일산서구 대화동,부상신고사고,0,0,0,1,차대사람 - 기타,안전운전불이행,포장 - 젖음/습기,비,단일로 - 기타,승합,남,61세,상해없음,보행자,남,70세,부상신고
17419,2019100200100649,2019년 10월 2일 19시,수요일,경기도 광주시 송정동,부상신고사고,0,0,0,1,차대사람 - 기타,안전운전불이행,포장 - 젖음/습기,비,단일로 - 기타,승용,남,48세,상해없음,보행자,여,52세,부상신고
17420,2019100200100654,2019년 10월 2일 19시,수요일,경기도 부천시 괴안동,중상사고,0,1,0,0,차대사람 - 횡단중,보행자보호의무위반,포장 - 건조,맑음,단일로 - 기타,승용,남,37세,상해없음,보행자,여,69세,중상
17421,2019100200100655,2019년 10월 2일 19시,수요일,경기도 부천시 괴안동,경상사고,0,0,1,0,차대사람 - 횡단중,보행자보호의무위반,포장 - 젖음/습기,비,교차로 - 교차로안,승용,여,64세,상해없음,보행자,여,19세,경상
17422,2019100200100657,2019년 10월 2일 19시,수요일,경기도 부천시 심곡동,중상사고,0,1,0,0,차대사람 - 횡단중,보행자보호의무위반,포장 - 젖음/습기,비,기타 - 기타,승용,남,42세,상해없음,보행자,남,64세,중상
17423,2019100200100663,2019년 10월 2일 19시,수요일,경기도 수원시 권선구 호매실동,경상사고,0,0,1,0,차대사람 - 보도통행중,신호위반,포장 - 젖음/습기,비,단일로 - 기타,이륜,남,19세,상해없음,보행자,남,30세,경상
17424,2019100200100666,2019년 10월 2일 19시,수요일,경기도 화성시 매송면,중상사고,0,1,0,0,차대사람 - 기타,안전운전불이행,포장 - 젖음/습기,비,단일로 - 기타,승용,여,58세,상해없음,보행자,남,42세,중상
17425,2019100200100716,2019년 10월 2일 19시,수요일,경기도 의정부시 의정부동,경상사고,0,0,1,0,차대사람 - 횡단중,보행자보호의무위반,포장 - 젖음/습기,비,단일로 - 기타,승용,남,26세,상해없음,보행자,남,47세,경상
17426,2019100200100717,2019년 10월 2일 19시,수요일,경기도 고양시 덕양구 성사동,경상사고,0,0,1,0,차대사람 - 기타,안전운전불이행,포장 - 젖음/습기,비,교차로 - 교차로안,승용,여,38세,상해없음,보행자,남,55세,경상
17427,2019100200100743,2019년 10월 2일 20시,수요일,경기도 수원시 영통구 망포동,경상사고,0,0,1,0,차대사람 - 기타,보행자보호의무위반,포장 - 젖음/습기,맑음,기타 - 기타,승용,남,58세,기타불명,보행자,여,47세,경상
17428,2019100200100747,2019년 10월 2일 20시,수요일,경기도 의왕시 고천동,중상사고,0,1,0,0,차대사람 - 차도통행중,안전운전불이행,포장 - 젖음/습기,비,단일로 - 기타,승용,남,33세,상해없음,보행자,남,62세,중상
17429,2019100200100748,2019년 10월 2일 20시,수요일,경기도 하남시 풍산동,경상사고,0,0,1,0,차대사람 - 기타,안전운전불이행,포장 - 건조,맑음,기타 - 기타,승합,남,59세,상해없음,보행자,여,67세,경상
17430,2019100200100751,2019년 10월 2일 20시,수요일,경기도 화성시 능동,중상사고,0,1,0,0,차대사람 - 횡단중,신호위반,포장 - 젖음/습기,비,교차로 - 교차로횡단보도내,이륜,남,61세,상해없음,보행자,남,30세,중상
17431,2019100200100806,2019년 10월 2일 21시,수요일,경기도 수원시 영통구 매탄동,경상사고,0,0,1,0,차대사람 - 기타,안전운전불이행,포장 - 젖음/습기,비,교차로 - 교차로횡단보도내,승용,남,25세,상해없음,보행자,여,55세,경상
17432,2019100200100808,2019년 10월 2일 21시,수요일,경기도 화성시 봉담읍,중상사고,0,1,0,0,차대사람 - 횡단중,안전운전불이행,포장 - 기타,비,단일로 - 기타,화물,남,62세,상해없음,보행자,남,62세,중상
17433,2019100200100837,2019년 10월 2일 21시,수요일,경기도 의정부시 의정부동,경상사고,0,0,1,0,차대사람 - 횡단중,보행자보호의무위반,포장 - 젖음/습기,비,교차로 - 교차로횡단보도내,승용,남,36세,상해없음,보행자,여,48세,경상
17434,2019100200100860,2019년 10월 2일 22시,수요일,경기도 시흥시 정왕동,중상사고,0,1,0,0,차대사람 - 횡단중,신호위반,포장 - 젖음/습기,비,단일로 - 기타,이륜,남,49세,상해없음,보행자,여,29세,중상
17435,2019100200100863,2019년 10월 2일 22시,수요일,경기도 하남시 풍산동,중상사고,0,1,0,0,차대사람 - 기타,안전운전불이행,포장 - 젖음/습기,비,교차로 - 교차로부근,승용,여,55세,상해없음,보행자,남,50세,중상
17436,2019100200100904,2019년 10월 2일 23시,수요일,경기도 부천시 범박동,경상사고,0,0,1,0,차대사람 - 횡단중,신호위반,포장 - 젖음/습기,비,단일로 - 기타,기타불명,기타불명,미분류,기타불명,보행자,남,27세,경상
17437,2019100200100905,2019년 10월 2일 23시,수요일,경기도 수원시 팔달구 인계동,경상사고,0,0,1,0,차대사람 - 기타,신호위반,포장 - 젖음/습기,비,기타 - 기타,이륜,남,35세,상해없음,보행자,남,30세,경상