,사고번호,사고일시,요일,시군구,사고내용,사망자수,중상자수,경상자수,부상신고자수,사고유형,법규위반,노면상태,기상상태,도로형태,가해운전자 차종,가해운전자 성별,가해운전자 연령,가해운전자 상해정도,피해운전자 차종,피해운전자 성별,피해운전자 연령,피해운전자 상해정도
17438,2019100200100907,2019년 10월 2일 23시,수요일,경기도 성남시 분당구 수내동,중상사고,0,1,0,0,차대사람 - 횡단중,신호위반,포장 - 젖음/습기,비,단일로 - 기타,승용,남,21세,상해없음,보행자,남,24세,중상
17439,2019100200100908,2019년 10월 2일 23시,수요일,경기도 수원시 권선구 호매실동,경상사고,0,0,1,0,차대사람 - 횡단중,보행자보호의무위반,포장 - 젖음/습기,비,교차로 - 교차로횡단보도내,승용,남,57세,기타불명,보행자,남,28세,경상
17440,2019100200100940,2019년 10월 2일 23시,수요일,경기도 고양시 일산동구 마두동,경상사고,0,0,1,0,차대사람 - 횡단중,안전운전불이행,포장 - 젖음/습기,비,교차로 - 교차로부근,승합,남,78세,상해없음,보행자,여,30세,경상
17441,2019100200100942,2019년 10월 2일 23시,수요일,경기도 고양시 일산서구 탄현동,경상사고,0,0,1,0,차대사람 - 횡단중,신호위반,포장 - 젖음/습기,비,교차로 - 교차로안,이륜,남,24세,상해없음,보행자,여,18세,경상
17442,2019100200100943,2019년 10월 2일 23시,수요일,경기도 고양시 일산서구 일산동,중상사고,0,1,0,0,차대사람 - 횡단중,과속,포장 - 젖음/습기,비,교차로 - 교차로횡단보도내,승용,남,33세,상해없음,보행자,남,59세,중상
17443,2019100300100032,2019년 10월 3일 00시,목요일,경기도 용인시 처인구 삼가동,경상사고,0,0,1,0,차대사람 - 횡단중,신호위반,포장 - 젖음/습기,비,교차로 - 교차로횡단보도내,이륜,남,27세,상해없음,보행자,남,19세,경상
17444,2019100300100036,2019년 10월 3일 00시,목요일,경기도 안산시 단원구 고잔동,중상사고,0,1,0,0,차대사람 - 횡단중,보행자보호의무위반,포장 - 젖음/습기,비,교차로 - 교차로안,승용,남,61세,상해없음,보행자,남,47세,중상
17445,2019100300100037,2019년 10월 3일 00시,목요일,경기도 안산시 상록구 월피동,경상사고,0,0,1,1,차대사람 - 횡단중,신호위반,포장 - 젖음/습기,비,교차로 - 교차로횡단보도내,이륜,남,16세,부상신고,보행자,남,38세,경상
17446,2019100300100038,2019년 10월 3일 00시,목요일,경기도 수원시 팔달구 매산로1가,경상사고,0,0,2,0,차대사람 - 횡단중,안전운전불이행,포장 - 젖음/습기,비,단일로 - 기타,승용,남,42세,기타불명,보행자,남,58세,경상
17447,2019100300100105,2019년 10월 3일 02시,목요일,경기도 수원시 팔달구 인계동,중상사고,0,1,0,0,차대사람 - 기타,안전운전불이행,포장 - 젖음/습기,비,단일로 - 기타,승용,남,64세,상해없음,보행자,남,53세,중상
17448,2019100300100143,2019년 10월 3일 04시,목요일,경기도 성남시 수정구 신흥동,중상사고,0,1,0,0,차대사람 - 기타,안전운전불이행,포장 - 젖음/습기,맑음,단일로 - 기타,승용,남,51세,상해없음,보행자,남,57세,중상
17449,2019100300100146,2019년 10월 3일 04시,목요일,경기도 부천시 원종동,경상사고,0,0,1,0,차대사람 - 기타,안전운전불이행,포장 - 건조,맑음,교차로 - 교차로안,승용,남,67세,상해없음,보행자,여,68세,경상
17450,2019100300100159,2019년 10월 3일 05시,목요일,경기도 수원시 팔달구 인계동,경상사고,0,0,1,0,차대사람 - 기타,안전운전불이행,포장 - 젖음/습기,비,교차로 - 교차로부근,승용,여,22세,상해없음,보행자,남,29세,경상
17451,2019100300100197,2019년 10월 3일 08시,목요일,경기도 김포시 통진읍,중상사고,0,1,0,0,차대사람 - 기타,안전운전불이행,포장 - 건조,맑음,교차로 - 교차로부근,승합,남,54세,상해없음,보행자,여,78세,중상
17452,2019100300100280,2019년 10월 3일 12시,목요일,경기도 부천시 범박동,중상사고,0,2,0,0,차대사람 - 길가장자리구역통행중,안전운전불이행,포장 - 건조,맑음,단일로 - 기타,승용,여,61세,상해없음,보행자,남,64세,중상
17453,2019100300100376,2019년 10월 3일 15시,목요일,경기도 성남시 수정구 신흥동,경상사고,0,0,1,0,차대사람 - 차도통행중,안전운전불이행,포장 - 건조,맑음,교차로 - 교차로안,승용,남,55세,상해없음,보행자,여,51세,경상
17454,2019100300100379,2019년 10월 3일 15시,목요일,경기도 오산시 오산동,중상사고,0,1,0,0,차대사람 - 횡단중,보행자보호의무위반,포장 - 건조,맑음,기타 - 기타,승용,여,59세,상해없음,보행자,여,68세,중상
17455,2019100300100402,2019년 10월 3일 15시,목요일,경기도 의정부시 민락동,경상사고,0,0,1,0,차대사람 - 횡단중,신호위반,포장 - 건조,맑음,교차로 - 교차로안,이륜,남,17세,상해없음,보행자,여,23세,경상
17456,2019100300100408,2019년 10월 3일 15시,목요일,경기도 구리시 토평동,경상사고,0,0,1,0,차대사람 - 기타,안전운전불이행,포장 - 건조,맑음,기타 - 기타,기타불명,기타불명,미분류,기타불명,보행자,여,57세,경상
17457,2019100300100418,2019년 10월 3일 16시,목요일,경기도 성남시 분당구 수내동,중상사고,0,1,0,0,차대사람 - 기타,기타,포장 - 건조,맑음,교차로 - 교차로안,승합,남,55세,상해없음,보행자,남,76세,중상
17458,2019100300100446,2019년 10월 3일 17시,목요일,경기도 안양시 동안구 비산동,중상사고,0,1,0,1,차대사람 - 기타,안전운전불이행,포장 - 건조,맑음,기타 - 기타,자전거,남,48세,부상신고,보행자,남,74세,중상
17459,2019100300100447,2019년 10월 3일 17시,목요일,경기도 광명시 광명동,경상사고,0,0,1,0,차대사람 - 횡단중,신호위반,포장 - 건조,맑음,교차로 - 교차로횡단보도내,승용,남,36세,상해없음,보행자,여,14세,경상
17460,2019100300100531,2019년 10월 3일 20시,목요일,경기도 평택시 오성면,중상사고,0,1,0,0,차대사람 - 기타,신호위반,포장 - 건조,맑음,단일로 - 기타,기타불명,기타불명,미분류,기타불명,보행자,남,51세,중상
17461,2019100300100532,2019년 10월 3일 20시,목요일,경기도 광주시 목현동,중상사고,0,1,0,0,차대사람 - 기타,안전운전불이행,포장 - 건조,맑음,단일로 - 기타,승용,여,29세,상해없음,보행자,여,64세,중상
17462,2019100400100033,2019년 10월 4일 01시,금요일,경기도 부천시 소사동,경상사고,0,0,1,0,차대사람 - 횡단중,신호위반,포장 - 건조,맑음,교차로 - 교차로횡단보도내,승용,여,50세,상해없음,보행자,남,52세,경상
17463,2019100400100034,2019년 10월 4일 01시,금요일,경기도 시흥시 신천동,경상사고,0,0,1,0,차대사람 - 길가장자리구역통행중,안전운전불이행,포장 - 건조,맑음,단일로 - 기타,기타불명,기타불명,미분류,기타불명,보행자,남,8세,경상
17464,2019100400100075,2019년 10월 4일 05시,금요일,경기도 양주시 산북동,경상사고,0,0,1,0,차대사람 - 기타,안전운전불이행,포장 - 건조,맑음,단일로 - 기타,화물,남,50세,상해없음,보행자,여,80세,경상
17465,2019100400100083,2019년 10월 4일 06시,금요일,경기도 김포시 구래동,경상사고,0,0,1,0,차대사람 - 기타,안전운전불이행,포장 - 건조,맑음,기타 - 기타,화물,남,56세,상해없음,보행자,남,52세,경상
17466,2019100400100170,2019년 10월 4일 08시,금요일,경기도 고양시 일산동구 장항동,중상사고,0,1,0,0,차대사람 - 횡단중,신호위반,포장 - 건조,맑음,교차로 - 교차로안,자전거,남,45세,상해없음,보행자,남,81세,중상
17467,2019100400100238,2019년 10월 4일 11시,금요일,경기도 안성시 봉산동,중상사고,0,1,0,0,차대사람 - 기타,안전운전불이행,포장 - 건조,맑음,단일로 - 기타,승합,여,52세,상해없음,보행자,남,18세,중상
17468,2019100400100239,2019년 10월 4일 11시,금요일,경기도 안양시 동안구 호계동,중상사고,0,1,0,0,차대사람 - 차도통행중,안전운전불이행,포장 - 건조,맑음,단일로 - 기타,화물,남,29세,상해없음,보행자,남,77세,중상
17469,2019100400100241,2019년 10월 4일 11시,금요일,경기도 오산시 오산동,중상사고,0,1,0,0,차대사람 - 차도통행중,안전운전불이행,포장 - 건조,맑음,단일로 - 기타,승용,여,64세,상해없음,보행자,여,48세,중상
17470,2019100400100268,2019년 10월 4일 11시,금요일,경기도 남양주시 진접읍,중상사고,0,1,0,0,차대사람 - 기타,안전운전불이행,포장 - 건조,맑음,단일로 - 기타,승합,남,60세,상해없음,보행자,여,80세,중상
17471,2019100400100281,2019년 10월 4일 12시,금요일,경기도 광주시 초월읍,중상사고,0,1,0,0,차대사람 - 기타,보행자보호의무위반,포장 - 건조,맑음,교차로 - 교차로횡단보도내,화물,남,40세,상해없음,보행자,남,80세,중상
17472,2019100400100282,2019년 10월 4일 12시,금요일,경기도 김포시 북변동,경상사고,0,0,1,0,차대사람 - 횡단중,보행자보호의무위반,포장 - 건조,맑음,단일로 - 기타,승용,여,66세,상해없음,보행자,여,7세,경상
17473,2019100400100330,2019년 10월 4일 13시,금요일,경기도 광주시 오포읍,경상사고,0,0,1,0,차대사람 - 횡단중,안전운전불이행,포장 - 건조,맑음,기타 - 기타,승용,여,47세,상해없음,보행자,여,8세,경상
17474,2019100400100369,2019년 10월 4일 13시,금요일,경기도 파주시 문산읍,부상신고사고,0,0,0,1,차대사람 - 기타,안전운전불이행,포장 - 건조,맑음,교차로 - 교차로안,승용,남,53세,상해없음,보행자,여,85세,부상신고
17475,2019100400100380,2019년 10월 4일 14시,금요일,경기도 김포시 사우동,중상사고,0,1,0,0,차대사람 - 횡단중,안전운전불이행,포장 - 건조,맑음,교차로 - 교차로안,승용,여,66세,상해없음,보행자,여,77세,중상
17476,2019100400100383,2019년 10월 4일 14시,금요일,경기도 수원시 영통구 이의동,부상신고사고,0,0,0,1,차대사람 - 기타,안전운전불이행,포장 - 건조,맑음,기타 - 기타,승용,여,37세,상해없음,보행자,남,7세,부상신고
17477,2019100400100389,2019년 10월 4일 14시,금요일,경기도 안산시 상록구 본오동,경상사고,0,0,1,0,차대사람 - 횡단중,안전운전불이행,포장 - 건조,맑음,교차로 - 교차로부근,승용,여,49세,상해없음,보행자,여,48세,경상
17478,2019100400100392,2019년 10월 4일 14시,금요일,경기도 부천시 여월동,중상사고,0,1,0,0,차대사람 - 횡단중,보행자보호의무위반,포장 - 건조,맑음,교차로 - 교차로안,승용,남,70세,상해없음,보행자,여,62세,중상
17479,2019100400100415,2019년 10월 4일 14시,금요일,경기도 남양주시 다산동,경상사고,0,0,1,0,차대사람 - 횡단중,신호위반,포장 - 건조,맑음,교차로 - 교차로안,화물,남,67세,상해없음,보행자,여,19세,경상
17480,2019100400100434,2019년 10월 4일 15시,금요일,경기도 용인시 처인구 역북동,경상사고,0,0,1,0,차대사람 - 보도통행중,안전운전불이행,포장 - 건조,맑음,교차로 - 교차로횡단보도내,승용,남,83세,상해없음,보행자,여,49세,경상
17481,2019100400100459,2019년 10월 4일 15시,금요일,경기도 의정부시 의정부동,경상사고,0,0,1,0,차대사람 - 기타,안전운전불이행,포장 - 건조,맑음,단일로 - 기타,승용,여,58세,상해없음,보행자,남,72세,경상
17482,2019100400100460,2019년 10월 4일 15시,금요일,경기도 남양주시 퇴계원면,경상사고,0,0,1,0,차대사람 - 보도통행중,기타,포장 - 건조,맑음,기타 - 기타,승용,여,51세,상해없음,보행자,여,76세,경상
17483,2019100400100473,2019년 10월 4일 16시,금요일,경기도 용인시 기흥구 영덕동,경상사고,0,0,1,0,차대사람 - 기타,안전운전불이행,포장 - 건조,맑음,기타 - 기타,승합,남,56세,상해없음,보행자,여,76세,경상
17484,2019100400100508,2019년 10월 4일 17시,금요일,경기도 평택시 장당동,경상사고,0,0,1,0,차대사람 - 횡단중,보행자보호의무위반,포장 - 건조,맑음,교차로 - 교차로안,승용,남,63세,상해없음,보행자,남,50세,경상
17485,2019100400100556,2019년 10월 4일 18시,금요일,경기도 시흥시 정왕동,중상사고,0,1,0,0,차대사람 - 횡단중,안전운전불이행,포장 - 건조,맑음,교차로 - 교차로안,승용,남,67세,상해없음,보행자,여,67세,중상
17486,2019100400100560,2019년 10월 4일 18시,금요일,경기도 화성시 남양읍,중상사고,0,1,0,0,차대사람 - 기타,안전운전불이행,포장 - 건조,맑음,단일로 - 기타,건설기계,남,42세,상해없음,보행자,여,37세,중상
17487,2019100400100561,2019년 10월 4일 18시,금요일,경기도 화성시 방교동,경상사고,0,0,1,0,차대사람 - 횡단중,보행자보호의무위반,포장 - 건조,맑음,교차로 - 교차로횡단보도내,화물,남,56세,상해없음,보행자,여,20세,경상
17488,2019100400100603,2019년 10월 4일 18시,금요일,경기도 고양시 덕양구 토당동,부상신고사고,0,0,0,1,차대사람 - 보도통행중,보행자보호의무위반,포장 - 건조,맑음,교차로 - 교차로횡단보도내,기타불명,기타불명,미분류,기타불명,보행자,남,32세,부상신고
17489,2019100400100604,2019년 10월 4일 18시,금요일,경기도 고양시 일산동구 장항동,경상사고,0,0,1,0,차대사람 - 횡단중,신호위반,포장 - 건조,맑음,교차로 - 교차로횡단보도내,이륜,남,22세,상해없음,보행자,여,31세,경상
17490,2019100400100605,2019년 10월 4일 18시,금요일,경기도 고양시 일산동구 사리현동,사망사고,1,0,0,0,차대사람 - 횡단중,안전운전불이행,포장 - 건조,맑음,교차로 - 교차로안,승용,여,67세,상해없음,보행자,여,66세,사망
17491,2019100400100607,2019년 10월 4일 18시,금요일,경기도 남양주시 별내면,사망사고,1,0,0,0,차대사람 - 횡단중,신호위반,포장 - 건조,맑음,교차로 - 교차로횡단보도내,이륜,남,59세,상해없음,보행자,여,58세,사망
17492,2019100400100618,2019년 10월 4일 19시,금요일,경기도 성남시 수정구 수진동,중상사고,0,1,1,0,차대사람 - 기타,안전운전불이행,포장 - 건조,맑음,단일로 - 기타,자전거,남,31세,경상,보행자,여,34세,중상
17493,2019100400100624,2019년 10월 4일 19시,금요일,경기도 부천시 상동,중상사고,0,1,0,0,차대사람 - 횡단중,안전운전불이행,포장 - 건조,맑음,단일로 - 기타,승용,남,41세,상해없음,보행자,남,38세,중상
17494,2019100400100632,2019년 10월 4일 19시,금요일,경기도 용인시 수지구 동천동,경상사고,0,0,1,0,차대사람 - 기타,안전운전불이행,포장 - 건조,맑음,단일로 - 기타,자전거,남,12세,상해없음,보행자,여,60세,경상
17495,2019100400100663,2019년 10월 4일 19시,금요일,경기도 고양시 일산동구 정발산동,부상신고사고,0,0,0,1,차대사람 - 기타,기타,포장 - 건조,맑음,단일로 - 기타,기타불명,기타불명,미분류,기타불명,보행자,여,58세,부상신고
17496,2019100400100664,2019년 10월 4일 19시,금요일,경기도 남양주시 오남읍,경상사고,0,0,1,0,차대사람 - 횡단중,중앙선침범,포장 - 건조,맑음,단일로 - 기타,이륜,남,16세,상해없음,보행자,남,63세,경상
17497,2019100400100669,2019년 10월 4일 20시,금요일,경기도 성남시 수정구 수진동,중상사고,0,1,0,0,차대사람 - 차도통행중,안전운전불이행,포장 - 건조,맑음,교차로 - 교차로안,승용,남,43세,상해없음,보행자,남,49세,중상
17498,2019100400100675,2019년 10월 4일 20시,금요일,경기도 오산시 오산동,경상사고,0,0,2,0,차대사람 - 기타,보행자보호의무위반,포장 - 건조,맑음,교차로 - 교차로안,화물,남,53세,상해없음,보행자,여,14세,경상
17499,2019100400100697,2019년 10월 4일 20시,금요일,경기도 파주시 탄현면,경상사고,0,0,1,0,차대사람 - 기타,안전운전불이행,포장 - 건조,맑음,단일로 - 기타,승용,남,31세,상해없음,보행자,여,63세,경상
17500,2019100400100698,2019년 10월 4일 20시,금요일,경기도 고양시 일산서구 가좌동,경상사고,0,0,1,0,차대사람 - 기타,안전운전불이행,포장 - 건조,맑음,교차로 - 교차로부근,승합,남,67세,상해없음,보행자,여,77세,경상
17501,2019100400100728,2019년 10월 4일 22시,금요일,경기도 수원시 팔달구 인계동,경상사고,0,0,1,0,차대사람 - 차도통행중,안전운전불이행,포장 - 건조,맑음,단일로 - 기타,승용,남,26세,상해없음,보행자,남,21세,경상
17502,2019100400100731,2019년 10월 4일 22시,금요일,경기도 수원시 권선구 구운동,경상사고,0,0,1,0,차대사람 - 차도통행중,안전운전불이행,포장 - 건조,맑음,기타 - 기타,승용,여,22세,상해없음,보행자,여,46세,경상
17503,2019100500100066,2019년 10월 5일 04시,토요일,경기도 수원시 영통구 매탄동,중상사고,0,1,0,0,차대사람 - 횡단중,신호위반,포장 - 건조,맑음,교차로 - 교차로횡단보도내,승용,남,18세,상해없음,보행자,남,30세,중상
17504,2019100500100075,2019년 10월 5일 05시,토요일,경기도 성남시 중원구 은행동,중상사고,0,1,0,0,차대사람 - 횡단중,보행자보호의무위반,포장 - 건조,맑음,단일로 - 기타,승용,남,72세,상해없음,보행자,여,57세,중상
17505,2019100500100145,2019년 10월 5일 09시,토요일,경기도 여주시 가남읍,사망사고,1,0,0,0,차대사람 - 횡단중,과속,포장 - 건조,맑음,단일로 - 기타,승용,남,64세,상해없음,보행자,여,68세,사망
17506,2019100500100174,2019년 10월 5일 10시,토요일,경기도 부천시 상동,경상사고,0,0,1,0,차대사람 - 횡단중,보행자보호의무위반,포장 - 건조,맑음,교차로 - 교차로횡단보도내,승용,여,55세,상해없음,보행자,남,47세,경상
17507,2019100500100176,2019년 10월 5일 10시,토요일,경기도 부천시 중동,중상사고,0,1,0,0,차대사람 - 길가장자리구역통행중,안전운전불이행,포장 - 건조,맑음,단일로 - 기타,승용,남,23세,상해없음,보행자,여,35세,중상
17508,2019100500100177,2019년 10월 5일 10시,토요일,경기도 안양시 만안구 박달동,중상사고,0,1,0,0,차대사람 - 기타,안전운전불이행,포장 - 건조,맑음,교차로 - 교차로안,승합,남,57세,상해없음,보행자,여,84세,중상
17509,2019100500100193,2019년 10월 5일 10시,토요일,경기도 고양시 덕양구 행신동,경상사고,0,0,1,0,차대사람 - 기타,안전운전불이행,포장 - 건조,맑음,교차로 - 교차로부근,승합,남,53세,기타불명,보행자,여,47세,경상
17510,2019100500100194,2019년 10월 5일 10시,토요일,경기도 고양시 일산동구 마두동,중상사고,0,1,0,0,차대사람 - 기타,안전운전불이행,포장 - 건조,맑음,단일로 - 기타,승합,남,49세,상해없음,보행자,남,62세,중상
17511,2019100500100196,2019년 10월 5일 10시,토요일,경기도 연천군 신서면,부상신고사고,0,0,0,1,차대사람 - 횡단중,안전운전불이행,포장 - 건조,맑음,교차로 - 교차로안,자전거,여,44세,부상신고,보행자,여,78세,상해없음
17512,2019100500100207,2019년 10월 5일 11시,토요일,경기도 부천시 심곡동,중상사고,0,1,0,0,차대사람 - 횡단중,신호위반,포장 - 건조,맑음,교차로 - 교차로횡단보도내,승용,여,61세,상해없음,보행자,여,40세,중상
17513,2019100500100208,2019년 10월 5일 11시,토요일,경기도 안산시 단원구 고잔동,경상사고,0,0,1,0,차대사람 - 기타,안전운전불이행,포장 - 건조,맑음,단일로 - 기타,승용,여,52세,기타불명,보행자,남,23세,경상
17514,2019100500100209,2019년 10월 5일 11시,토요일,경기도 시흥시 정왕동,중상사고,0,1,0,0,차대사람 - 기타,안전운전불이행,포장 - 건조,맑음,단일로 - 기타,승용,남,48세,상해없음,보행자,남,38세,중상
17515,2019100500100270,2019년 10월 5일 13시,토요일,경기도 평택시 비전동,경상사고,0,0,1,0,차대사람 - 기타,안전운전불이행,포장 - 건조,맑음,교차로 - 교차로부근,이륜,남,49세,상해없음,보행자,여,6세,경상
17516,2019100500100315,2019년 10월 5일 14시,토요일,경기도 시흥시 월곶동,중상사고,0,1,0,0,차대사람 - 보도통행중,보행자보호의무위반,포장 - 건조,맑음,단일로 - 기타,승용,남,59세,상해없음,보행자,여,64세,중상
17517,2019100500100346,2019년 10월 5일 15시,토요일,경기도 광주시 장지동,경상사고,0,0,1,0,차대사람 - 횡단중,안전운전불이행,포장 - 건조,맑음,기타 - 기타,승용,여,43세,상해없음,보행자,여,16세,경상
17518,2019100500100381,2019년 10월 5일 16시,토요일,경기도 부천시 심곡동,경상사고,0,0,1,0,차대사람 - 횡단중,안전운전불이행,포장 - 건조,맑음,교차로 - 교차로안,승용,여,29세,상해없음,보행자,여,61세,경상
17519,2019100500100438,2019년 10월 5일 18시,토요일,경기도 안산시 단원구 와동,중상사고,0,1,0,0,차대사람 - 횡단중,보행자보호의무위반,포장 - 건조,맑음,교차로 - 교차로횡단보도내,승용,남,27세,상해없음,보행자,여,55세,중상
17520,2019100500100439,2019년 10월 5일 18시,토요일,경기도 수원시 영통구 망포동,경상사고,0,0,1,0,차대사람 - 기타,안전운전불이행,포장 - 건조,맑음,단일로 - 기타,화물,남,46세,상해없음,보행자,남,41세,경상
17521,2019100500100507,2019년 10월 5일 19시,토요일,경기도 의정부시 용현동,중상사고,0,1,0,0,차대사람 - 기타,신호위반,포장 - 건조,맑음,교차로 - 교차로안,승용,남,53세,상해없음,보행자,여,64세,중상
17522,2019100500100517,2019년 10월 5일 20시,토요일,경기도 김포시 풍무동,경상사고,0,0,1,0,차대사람 - 횡단중,보행자보호의무위반,포장 - 건조,맑음,교차로 - 교차로횡단보도내,승용,여,40세,상해없음,보행자,여,46세,경상
17523,2019100500100531,2019년 10월 5일 20시,토요일,경기도 의정부시 가능동,경상사고,0,0,1,0,차대사람 - 기타,기타,포장 - 건조,맑음,단일로 - 기타,승용,여,60세,상해없음,보행자,남,50세,경상
17524,2019100500100548,2019년 10월 5일 21시,토요일,경기도 부천시 고강동,경상사고,0,0,1,0,차대사람 - 기타,안전운전불이행,포장 - 건조,맑음,단일로 - 기타,화물,남,14세,상해없음,보행자,남,20세,경상
17525,2019100500100589,2019년 10월 5일 22시,토요일,경기도 고양시 일산동구 장항동,중상사고,0,1,0,0,차대사람 - 횡단중,안전운전불이행,포장 - 건조,맑음,교차로 - 교차로횡단보도내,승용,남,50세,상해없음,보행자,남,42세,중상
17526,2019100500100602,2019년 10월 5일 23시,토요일,경기도 수원시 팔달구 매산로1가,사망사고,1,0,0,0,차대사람 - 기타,안전운전불이행,포장 - 건조,맑음,단일로 - 기타,승합,남,54세,상해없음,보행자,남,60세,사망
17527,2019100600100062,2019년 10월 6일 03시,일요일,경기도 용인시 기흥구 보라동,경상사고,0,0,1,0,차대사람 - 보도통행중,신호위반,포장 - 건조,맑음,교차로 - 교차로횡단보도내,승용,남,69세,상해없음,보행자,여,24세,상해없음
17528,2019100600100199,2019년 10월 6일 12시,일요일,경기도 성남시 수정구 양지동,중상사고,0,1,0,0,차대사람 - 기타,안전운전불이행,포장 - 건조,맑음,기타 - 기타,승용,여,43세,상해없음,보행자,여,83세,중상
17529,2019100600100228,2019년 10월 6일 13시,일요일,경기도 성남시 수정구 신흥동,중상사고,0,1,0,0,차대사람 - 기타,안전운전불이행,포장 - 건조,맑음,기타 - 기타,화물,남,59세,상해없음,보행자,여,69세,중상
17530,2019100600100230,2019년 10월 6일 13시,일요일,경기도 부천시 춘의동,중상사고,0,1,0,0,차대사람 - 횡단중,안전운전불이행,포장 - 건조,맑음,교차로 - 교차로안,승용,여,51세,상해없음,보행자,여,59세,중상
17531,2019100600100263,2019년 10월 6일 14시,일요일,경기도 수원시 장안구 영화동,중상사고,0,1,0,0,차대사람 - 기타,안전운전불이행,포장 - 건조,맑음,교차로 - 교차로안,승합,남,54세,상해없음,보행자,남,66세,중상
17532,2019100600100264,2019년 10월 6일 14시,일요일,경기도 수원시 팔달구 신풍동,경상사고,0,0,1,0,차대사람 - 차도통행중,안전운전불이행,포장 - 건조,맑음,교차로 - 교차로안,자전거,남,84세,경상,보행자,남,23세,상해없음
17533,2019100600100270,2019년 10월 6일 14시,일요일,경기도 화성시 마도면,중상사고,0,1,0,0,차대사람 - 기타,안전운전불이행,포장 - 건조,맑음,단일로 - 기타,화물,남,59세,상해없음,보행자,여,80세,중상
17534,2019100600100300,2019년 10월 6일 15시,일요일,경기도 안산시 상록구 본오동,경상사고,0,0,1,0,차대사람 - 보도통행중,신호위반,포장 - 건조,맑음,교차로 - 교차로횡단보도내,이륜,남,19세,상해없음,보행자,여,9세,경상
17535,2019100600100334,2019년 10월 6일 16시,일요일,경기도 시흥시 장곡동,부상신고사고,0,0,0,1,차대사람 - 횡단중,안전운전불이행,포장 - 건조,맑음,단일로 - 기타,승용,남,58세,상해없음,보행자,남,25세,부상신고
17536,2019100600100388,2019년 10월 6일 18시,일요일,경기도 안성시 공도읍,경상사고,0,0,1,0,차대사람 - 횡단중,보행자보호의무위반,포장 - 건조,맑음,단일로 - 기타,승용,여,50세,상해없음,보행자,여,18세,경상
17537,2019100600100394,2019년 10월 6일 18시,일요일,경기도 수원시 권선구 권선동,중상사고,0,1,0,0,차대사람 - 기타,안전운전불이행,포장 - 건조,맑음,교차로 - 교차로횡단보도내,승용,여,51세,상해없음,보행자,여,57세,중상
17538,2019100600100395,2019년 10월 6일 18시,일요일,경기도 수원시 권선구 구운동,경상사고,0,0,1,0,차대사람 - 기타,안전운전불이행,포장 - 건조,맑음,기타 - 기타,자전거,남,15세,상해없음,보행자,여,83세,경상
17539,2019100600100433,2019년 10월 6일 19시,일요일,경기도 부천시 심곡동,중상사고,0,1,0,0,차대사람 - 기타,안전운전불이행,포장 - 젖음/습기,흐림,기타 - 기타,승용,남,27세,상해없음,보행자,남,64세,중상
17540,2019100600100434,2019년 10월 6일 19시,일요일,경기도 부천시 심곡동,경상사고,0,0,1,0,차대사람 - 기타,안전운전불이행,포장 - 건조,맑음,교차로 - 교차로안,승용,남,36세,상해없음,보행자,여,53세,경상
17541,2019100600100435,2019년 10월 6일 19시,일요일,경기도 안산시 상록구 본오동,중상사고,0,1,0,0,차대사람 - 횡단중,안전운전불이행,포장 - 건조,맑음,교차로 - 교차로횡단보도내,승용,남,24세,기타불명,보행자,여,79세,중상
17542,2019100600100436,2019년 10월 6일 19시,일요일,경기도 안산시 상록구 본오동,중상사고,0,1,0,0,차대사람 - 기타,안전운전불이행,포장 - 건조,맑음,단일로 - 기타,승용,여,42세,상해없음,보행자,남,59세,중상
17543,2019100600100452,2019년 10월 6일 19시,일요일,경기도 포천시 이동면,중상사고,0,1,0,0,차대사람 - 횡단중,보행자보호의무위반,포장 - 건조,맑음,교차로 - 교차로횡단보도내,승용,남,59세,상해없음,보행자,여,66세,중상
17544,2019100600100460,2019년 10월 6일 20시,일요일,경기도 양평군 강상면,경상사고,0,0,1,0,차대사람 - 기타,안전운전불이행,포장 - 건조,맑음,단일로 - 기타,승합,남,53세,기타불명,보행자,여,55세,경상
17545,2019100600100489,2019년 10월 6일 21시,일요일,경기도 여주시 가남읍,사망사고,1,0,0,0,차대사람 - 횡단중,안전운전불이행,포장 - 건조,맑음,교차로 - 교차로부근,승용,남,39세,상해없음,보행자,남,50세,사망
17546,2019100600100491,2019년 10월 6일 21시,일요일,경기도 부천시 소사본동,경상사고,0,0,1,0,차대사람 - 횡단중,보행자보호의무위반,포장 - 건조,맑음,교차로 - 교차로부근,승용,여,50세,상해없음,보행자,여,15세,경상
17547,2019100600100513,2019년 10월 6일 22시,일요일,경기도 안산시 상록구 본오동,중상사고,0,1,0,0,차대사람 - 횡단중,신호위반,포장 - 건조,맑음,교차로 - 교차로안,승용,남,52세,상해없음,보행자,남,57세,중상
17548,2019100700100053,2019년 10월 7일 04시,월요일,경기도 부천시 고강동,경상사고,0,0,1,0,차대사람 - 기타,안전운전불이행,포장 - 건조,맑음,단일로 - 기타,이륜,남,36세,상해없음,보행자,여,76세,경상
17549,2019100700100058,2019년 10월 7일 04시,월요일,경기도 고양시 일산동구 백석동,중상사고,0,1,0,0,차대사람 - 보도통행중,안전운전불이행,포장 - 젖음/습기,비,교차로 - 교차로횡단보도내,승용,남,51세,상해없음,보행자,여,43세,중상