,사고번호,사고일시,요일,시군구,사고내용,사망자수,중상자수,경상자수,부상신고자수,사고유형,법규위반,노면상태,기상상태,도로형태,가해운전자 차종,가해운전자 성별,가해운전자 연령,가해운전자 상해정도,피해운전자 차종,피해운전자 성별,피해운전자 연령,피해운전자 상해정도
17662,2019101000100637,2019년 10월 10일 20시,목요일,경기도 김포시 풍무동,경상사고,0,0,1,0,차대사람 - 기타,보행자보호의무위반,포장 - 건조,맑음,교차로 - 교차로안,승용,여,63세,상해없음,보행자,여,8세,경상
17663,2019101000100674,2019년 10월 10일 21시,목요일,경기도 성남시 분당구 수내동,중상사고,0,1,0,0,차대사람 - 횡단중,보행자보호의무위반,포장 - 건조,맑음,교차로 - 교차로횡단보도내,승용,남,40세,상해없음,보행자,남,15세,중상
17664,2019101000100694,2019년 10월 10일 21시,목요일,경기도 고양시 덕양구 용두동,경상사고,0,0,1,0,차대사람 - 횡단중,안전운전불이행,포장 - 건조,맑음,단일로 - 기타,승용,여,47세,상해없음,보행자,남,75세,경상
17665,2019101000100724,2019년 10월 10일 22시,목요일,경기도 남양주시 진접읍,중상사고,0,1,0,0,차대사람 - 기타,안전운전불이행,포장 - 건조,맑음,단일로 - 기타,승용,남,38세,상해없음,보행자,남,32세,중상
17666,2019101000100733,2019년 10월 10일 23시,목요일,경기도 안산시 상록구 사동,중상사고,0,1,0,0,차대사람 - 횡단중,보행자보호의무위반,포장 - 건조,맑음,교차로 - 교차로안,승용,남,54세,상해없음,보행자,여,62세,중상
17667,2019101100100049,2019년 10월 11일 00시,금요일,경기도 의정부시 의정부동,중상사고,0,1,1,0,차대사람 - 횡단중,과속,포장 - 건조,맑음,교차로 - 교차로부근,이륜,남,19세,경상,보행자,남,52세,중상
17668,2019101100100075,2019년 10월 11일 03시,금요일,경기도 남양주시 진접읍,경상사고,0,0,1,0,차대사람 - 보도통행중,기타,포장 - 건조,맑음,단일로 - 기타,승용,남,61세,상해없음,보행자,여,13세,경상
17669,2019101100100109,2019년 10월 11일 07시,금요일,경기도 하남시 망월동,경상사고,0,0,1,0,차대사람 - 기타,안전운전불이행,포장 - 건조,맑음,기타 - 기타,승합,남,45세,상해없음,보행자,여,72세,경상
17670,2019101100100128,2019년 10월 11일 07시,금요일,경기도 양주시 덕계동,중상사고,0,1,0,0,차대사람 - 횡단중,보행자보호의무위반,포장 - 건조,맑음,단일로 - 기타,승용,남,57세,상해없음,보행자,여,72세,중상
17671,2019101100100142,2019년 10월 11일 08시,금요일,경기도 평택시 오성면,중상사고,0,1,0,0,차대사람 - 횡단중,안전운전불이행,포장 - 건조,맑음,단일로 - 기타,승용,여,29세,상해없음,보행자,남,7세,중상
17672,2019101100100145,2019년 10월 11일 08시,금요일,경기도 부천시 중동,경상사고,0,0,1,0,차대사람 - 차도통행중,안전운전불이행,포장 - 건조,맑음,단일로 - 기타,승용,여,42세,상해없음,보행자,여,88세,경상
17673,2019101100100176,2019년 10월 11일 08시,금요일,경기도 양주시 율정동,중상사고,0,1,0,0,차대사람 - 차도통행중,안전운전불이행,포장 - 건조,맑음,교차로 - 교차로부근,승용,남,49세,상해없음,보행자,여,15세,중상
17674,2019101100100229,2019년 10월 11일 10시,금요일,경기도 이천시 창전동,경상사고,0,0,1,0,차대사람 - 기타,안전운전불이행,포장 - 건조,맑음,기타 - 기타,승용,남,29세,상해없음,보행자,남,20세,경상
17675,2019101100100230,2019년 10월 11일 10시,금요일,경기도 용인시 기흥구 중동,중상사고,0,1,0,0,차대사람 - 기타,안전운전불이행,포장 - 건조,맑음,기타 - 기타,승용,여,39세,상해없음,보행자,여,76세,중상
17676,2019101100100232,2019년 10월 11일 10시,금요일,경기도 수원시 팔달구 매산로1가,경상사고,0,0,1,0,차대사람 - 기타,안전운전불이행,포장 - 건조,맑음,교차로 - 교차로안,승용,남,54세,상해없음,보행자,남,26세,경상
17677,2019101100100268,2019년 10월 11일 11시,금요일,경기도 안산시 상록구 월피동,경상사고,0,0,2,0,차대사람 - 차도통행중,신호위반,포장 - 건조,맑음,교차로 - 교차로안,이륜,남,30세,경상,보행자,남,22세,경상
17678,2019101100100322,2019년 10월 11일 12시,금요일,경기도 파주시 문발동,경상사고,0,0,1,0,차대사람 - 길가장자리구역통행중,안전운전불이행,포장 - 건조,맑음,교차로 - 교차로안,승용,여,40세,상해없음,보행자,남,65세,경상
17679,2019101100100334,2019년 10월 11일 13시,금요일,경기도 광명시 철산동,경상사고,0,0,1,0,차대사람 - 기타,안전운전불이행,포장 - 건조,맑음,단일로 - 기타,승용,여,64세,상해없음,보행자,여,20세,경상
17680,2019101100100398,2019년 10월 11일 15시,금요일,경기도 수원시 장안구 송죽동,경상사고,0,0,1,0,차대사람 - 차도통행중,기타,포장 - 건조,맑음,교차로 - 교차로안,승용,여,56세,상해없음,보행자,남,56세,경상
17681,2019101100100399,2019년 10월 11일 15시,금요일,경기도 평택시 팽성읍,사망사고,1,0,0,0,차대사람 - 횡단중,안전운전불이행,포장 - 건조,맑음,단일로 - 기타,화물,남,52세,상해없음,보행자,여,85세,사망
17682,2019101100100402,2019년 10월 11일 15시,금요일,경기도 부천시 중동,중상사고,0,1,0,0,차대사람 - 기타,안전운전불이행,포장 - 건조,맑음,교차로 - 교차로안,승용,남,51세,상해없음,보행자,여,76세,중상
17683,2019101100100508,2019년 10월 11일 17시,금요일,경기도 김포시 통진읍,중상사고,0,1,0,0,차대사람 - 횡단중,보행자보호의무위반,포장 - 건조,맑음,교차로 - 교차로횡단보도내,승용,여,66세,상해없음,보행자,여,15세,중상
17684,2019101100100512,2019년 10월 11일 17시,금요일,경기도 성남시 분당구 야탑동,경상사고,0,0,3,0,차대사람 - 기타,보행자보호의무위반,포장 - 건조,맑음,교차로 - 교차로횡단보도내,승용,남,45세,상해없음,보행자,여,16세,경상
17685,2019101100100516,2019년 10월 11일 17시,금요일,경기도 화성시 봉담읍,중상사고,0,1,0,0,차대사람 - 기타,안전운전불이행,포장 - 건조,맑음,단일로 - 기타,승용,남,64세,상해없음,보행자,여,50세,중상
17686,2019101100100613,2019년 10월 11일 18시,금요일,경기도 가평군 가평읍,경상사고,0,0,1,0,차대사람 - 기타,안전운전불이행,포장 - 건조,맑음,주차장 - 주차장,승용,남,35세,상해없음,보행자,여,9세,경상
17687,2019101100100627,2019년 10월 11일 19시,금요일,경기도 수원시 장안구 송죽동,경상사고,0,0,1,0,차대사람 - 기타,안전운전불이행,포장 - 건조,맑음,단일로 - 기타,승용,여,48세,상해없음,보행자,남,59세,경상
17688,2019101100100634,2019년 10월 11일 19시,금요일,경기도 김포시 장기동,경상사고,0,0,1,0,차대사람 - 기타,안전운전불이행,포장 - 건조,맑음,단일로 - 기타,승합,남,47세,상해없음,보행자,여,77세,경상
17689,2019101100100635,2019년 10월 11일 19시,금요일,경기도 부천시 춘의동,중상사고,0,1,0,0,차대사람 - 기타,안전운전불이행,포장 - 건조,맑음,단일로 - 기타,기타불명,기타불명,미분류,기타불명,보행자,여,65세,중상
17690,2019101100100674,2019년 10월 11일 19시,금요일,경기도 남양주시 화도읍,경상사고,0,0,1,0,차대사람 - 기타,안전운전불이행,포장 - 건조,맑음,단일로 - 기타,승합,여,52세,상해없음,보행자,여,51세,경상
17691,2019101100100691,2019년 10월 11일 20시,금요일,경기도 화성시 향남읍,경상사고,0,0,1,0,차대사람 - 기타,안전운전불이행,포장 - 기타,기타,기타 - 기타,승합,남,47세,기타불명,보행자,여,59세,경상
17692,2019101100100754,2019년 10월 11일 22시,금요일,경기도 평택시 도일동,사망사고,1,0,0,0,차대사람 - 기타,안전운전불이행,포장 - 건조,맑음,단일로 - 지하차도(도로)내,화물,남,46세,상해없음,보행자,남,62세,사망
17693,2019101100100756,2019년 10월 11일 22시,금요일,경기도 용인시 기흥구 신갈동,부상신고사고,0,0,0,1,차대사람 - 길가장자리구역통행중,안전운전불이행,포장 - 건조,맑음,단일로 - 기타,승용,남,27세,상해없음,보행자,남,50세,부상신고
17694,2019101100100790,2019년 10월 11일 23시,금요일,경기도 시흥시 능곡동,경상사고,0,0,1,0,차대사람 - 길가장자리구역통행중,안전운전불이행,포장 - 건조,맑음,단일로 - 기타,기타불명,남,미분류,상해없음,보행자,남,64세,경상
17695,2019101200100035,2019년 10월 12일 00시,토요일,경기도 수원시 팔달구 매산로1가,부상신고사고,0,0,0,1,차대사람 - 기타,안전운전불이행,포장 - 건조,맑음,교차로 - 교차로안,승용,남,55세,상해없음,보행자,남,43세,부상신고
17696,2019101200100061,2019년 10월 12일 01시,토요일,경기도 의정부시 의정부동,경상사고,0,0,1,0,차대사람 - 길가장자리구역통행중,안전운전불이행,포장 - 건조,맑음,단일로 - 기타,승용,남,25세,기타불명,보행자,남,23세,경상
17697,2019101200100062,2019년 10월 12일 01시,토요일,경기도 남양주시 진접읍,중상사고,0,1,0,0,차대사람 - 기타,안전운전불이행,포장 - 건조,맑음,단일로 - 기타,승용,남,52세,상해없음,보행자,남,33세,중상
17698,2019101200100064,2019년 10월 12일 02시,토요일,경기도 광주시 오포읍,부상신고사고,0,0,0,1,차대사람 - 차도통행중,안전운전불이행,포장 - 건조,맑음,교차로 - 교차로안,기타불명,기타불명,미분류,기타불명,보행자,남,27세,부상신고
17699,2019101200100066,2019년 10월 12일 02시,토요일,경기도 성남시 중원구 성남동,경상사고,0,0,1,0,차대사람 - 길가장자리구역통행중,안전운전불이행,포장 - 건조,맑음,단일로 - 기타,승용,여,18세,상해없음,보행자,남,20세,경상
17700,2019101200100106,2019년 10월 12일 05시,토요일,경기도 의정부시 가능동,중상사고,0,1,0,0,차대사람 - 횡단중,보행자보호의무위반,포장 - 건조,맑음,단일로 - 기타,이륜,남,72세,상해없음,보행자,여,79세,중상
17701,2019101200100121,2019년 10월 12일 07시,토요일,경기도 평택시 고덕면,중상사고,0,1,0,0,차대사람 - 차도통행중,안전운전불이행,포장 - 건조,맑음,단일로 - 기타,승용,남,40세,상해없음,보행자,남,58세,중상
17702,2019101200100167,2019년 10월 12일 09시,토요일,경기도 안양시 동안구 관양동,중상사고,0,1,0,0,차대사람 - 차도통행중,중앙선침범,포장 - 건조,맑음,단일로 - 기타,화물,남,63세,상해없음,보행자,여,21세,중상
17703,2019101200100172,2019년 10월 12일 09시,토요일,경기도 성남시 중원구 금광동,경상사고,0,0,1,0,차대사람 - 기타,안전운전불이행,포장 - 건조,맑음,단일로 - 기타,승용,남,67세,상해없음,보행자,남,60세,경상
17704,2019101200100212,2019년 10월 12일 10시,토요일,경기도 김포시 월곶면,중상사고,0,1,0,0,차대사람 - 기타,기타,포장 - 건조,맑음,단일로 - 기타,승합,남,48세,상해없음,보행자,여,62세,중상
17705,2019101200100253,2019년 10월 12일 11시,토요일,경기도 부천시 소사본동,중상사고,0,1,0,0,차대사람 - 보도통행중,기타,포장 - 건조,맑음,교차로 - 교차로부근,승용,여,54세,상해없음,보행자,남,75세,중상
17706,2019101200100286,2019년 10월 12일 11시,토요일,경기도 남양주시 화도읍,중상사고,0,1,0,0,차대사람 - 기타,기타,포장 - 건조,맑음,단일로 - 기타,승합,남,42세,상해없음,보행자,여,71세,중상
17707,2019101200100333,2019년 10월 12일 12시,토요일,경기도 고양시 덕양구 동산동,중상사고,0,1,0,0,차대사람 - 횡단중,안전운전불이행,포장 - 건조,맑음,단일로 - 기타,승합,남,59세,상해없음,보행자,여,20세,중상
17708,2019101200100341,2019년 10월 12일 13시,토요일,경기도 평택시 오성면,경상사고,0,0,2,0,차대사람 - 기타,안전운전불이행,포장 - 건조,맑음,기타 - 기타,승용,남,59세,상해없음,보행자,남,90세 이상,경상
17709,2019101200100384,2019년 10월 12일 13시,토요일,경기도 의정부시 호원동,경상사고,0,0,1,0,차대사람 - 기타,안전운전불이행,포장 - 건조,맑음,기타 - 기타,기타불명,기타불명,미분류,기타불명,보행자,여,7세,경상
17710,2019101200100458,2019년 10월 12일 15시,토요일,경기도 용인시 기흥구 보정동,경상사고,0,0,1,0,차대사람 - 기타,안전운전불이행,포장 - 건조,맑음,교차로 - 교차로부근,승용,남,64세,상해없음,보행자,남,49세,경상
17711,2019101200100490,2019년 10월 12일 15시,토요일,경기도 파주시 금촌동,중상사고,0,1,0,0,차대사람 - 횡단중,안전운전불이행,포장 - 건조,맑음,교차로 - 교차로부근,승용,남,49세,상해없음,보행자,여,74세,중상
17712,2019101200100502,2019년 10월 12일 16시,토요일,경기도 수원시 장안구 송죽동,경상사고,0,0,1,0,차대사람 - 기타,안전운전불이행,포장 - 건조,맑음,단일로 - 기타,승용,남,35세,기타불명,보행자,남,7세,경상
17713,2019101200100505,2019년 10월 12일 16시,토요일,경기도 부천시 중동,경상사고,0,0,1,0,차대사람 - 횡단중,안전운전불이행,포장 - 건조,맑음,단일로 - 기타,승용,남,44세,상해없음,보행자,여,61세,경상
17714,2019101200100506,2019년 10월 12일 16시,토요일,경기도 수원시 영통구 하동,중상사고,0,1,0,0,차대사람 - 기타,안전운전불이행,포장 - 건조,맑음,기타 - 기타,자전거,남,9세,상해없음,보행자,여,36세,중상
17715,2019101200100545,2019년 10월 12일 16시,토요일,경기도 남양주시 별내면,경상사고,0,0,1,0,차대사람 - 기타,안전운전불이행,포장 - 건조,맑음,교차로 - 교차로안,승용,남,62세,상해없음,보행자,여,26세,경상
17716,2019101200100549,2019년 10월 12일 17시,토요일,경기도 성남시 수정구 수진동,중상사고,0,1,0,0,차대사람 - 횡단중,안전운전불이행,포장 - 건조,맑음,단일로 - 기타,이륜,남,43세,상해없음,보행자,여,62세,중상
17717,2019101200100552,2019년 10월 12일 17시,토요일,경기도 양평군 용문면,경상사고,0,0,1,0,차대사람 - 기타,안전운전불이행,포장 - 건조,맑음,단일로 - 기타,승용,남,51세,상해없음,보행자,남,79세,경상
17718,2019101200100592,2019년 10월 12일 18시,토요일,경기도 광주시 목현동,경상사고,0,0,1,0,차대사람 - 기타,안전운전불이행,포장 - 건조,맑음,기타 - 기타,승용,여,47세,상해없음,보행자,남,39세,경상
17719,2019101200100644,2019년 10월 12일 19시,토요일,경기도 안산시 상록구 건건동,중상사고,0,1,0,0,차대사람 - 횡단중,보행자보호의무위반,포장 - 건조,맑음,단일로 - 기타,화물,남,56세,상해없음,보행자,여,31세,중상
17720,2019101200100704,2019년 10월 12일 20시,토요일,경기도 파주시 조리읍,중상사고,0,1,0,0,차대사람 - 기타,신호위반,포장 - 건조,맑음,단일로 - 기타,이륜,남,58세,상해없음,보행자,여,72세,중상
17721,2019101200100712,2019년 10월 12일 21시,토요일,경기도 안산시 단원구 선부동,경상사고,0,0,1,0,차대사람 - 기타,신호위반,포장 - 기타,맑음,교차로 - 교차로횡단보도내,이륜,남,17세,상해없음,보행자,여,9세,경상
17722,2019101200100713,2019년 10월 12일 21시,토요일,경기도 시흥시 정왕동,경상사고,0,0,1,0,차대사람 - 보도통행중,안전운전불이행,포장 - 건조,맑음,단일로 - 기타,승용,남,37세,상해없음,보행자,남,41세,경상
17723,2019101200100715,2019년 10월 12일 21시,토요일,경기도 안양시 만안구 석수동,경상사고,0,0,1,0,차대사람 - 보도통행중,보행자보호의무위반,포장 - 건조,맑음,교차로 - 교차로안,승용,남,66세,상해없음,보행자,남,23세,경상
17724,2019101200100760,2019년 10월 12일 22시,토요일,경기도 고양시 일산동구 장항동,중상사고,0,1,0,0,차대사람 - 횡단중,보행자보호의무위반,포장 - 건조,맑음,교차로 - 교차로부근,승용,여,27세,상해없음,보행자,남,56세,중상
17725,2019101300100035,2019년 10월 13일 01시,일요일,경기도 군포시 당동,경상사고,0,0,1,0,차대사람 - 기타,안전운전불이행,포장 - 건조,맑음,단일로 - 기타,승용,남,49세,상해없음,보행자,남,29세,경상
17726,2019101300100087,2019년 10월 13일 06시,일요일,경기도 용인시 처인구 김량장동,중상사고,0,1,0,0,차대사람 - 기타,안전운전불이행,포장 - 건조,맑음,단일로 - 기타,승용,남,51세,상해없음,보행자,남,53세,중상
17727,2019101300100165,2019년 10월 13일 10시,일요일,경기도 연천군 전곡읍,중상사고,0,1,0,0,차대사람 - 기타,안전운전불이행,포장 - 건조,맑음,단일로 - 기타,승용,여,14세,상해없음,보행자,남,49세,중상
17728,2019101300100171,2019년 10월 13일 11시,일요일,경기도 성남시 수정구 창곡동,경상사고,0,0,1,0,차대사람 - 횡단중,신호위반,포장 - 건조,맑음,단일로 - 기타,승합,남,56세,상해없음,보행자,남,5세,경상
17729,2019101300100173,2019년 10월 13일 11시,일요일,경기도 오산시 궐동,경상사고,0,0,1,0,차대사람 - 횡단중,안전운전불이행,포장 - 건조,맑음,교차로 - 교차로부근,승용,남,28세,상해없음,보행자,남,47세,경상
17730,2019101300100174,2019년 10월 13일 11시,일요일,경기도 성남시 분당구 판교동,경상사고,0,0,1,0,차대사람 - 길가장자리구역통행중,보행자보호의무위반,포장 - 건조,맑음,기타 - 기타,기타불명,기타불명,미분류,기타불명,보행자,남,10세,경상
17731,2019101300100218,2019년 10월 13일 13시,일요일,경기도 수원시 권선구 오목천동,중상사고,0,1,0,0,차대사람 - 기타,안전운전불이행,포장 - 건조,맑음,기타 - 기타,화물,남,56세,상해없음,보행자,여,80세,중상
17732,2019101300100254,2019년 10월 13일 14시,일요일,경기도 안양시 만안구 안양동,경상사고,0,0,1,0,차대사람 - 기타,안전운전불이행,포장 - 건조,맑음,단일로 - 기타,승용,남,49세,상해없음,보행자,남,9세,경상
17733,2019101300100292,2019년 10월 13일 15시,일요일,경기도 수원시 장안구 송죽동,경상사고,0,0,1,0,차대사람 - 기타,안전운전불이행,포장 - 건조,맑음,단일로 - 기타,승용,남,34세,상해없음,보행자,여,59세,경상
17734,2019101300100416,2019년 10월 13일 18시,일요일,경기도 고양시 일산동구 중산동,경상사고,0,0,1,0,차대사람 - 횡단중,보행자보호의무위반,포장 - 건조,맑음,교차로 - 교차로횡단보도내,이륜,남,17세,상해없음,보행자,여,61세,경상
17735,2019101300100459,2019년 10월 13일 20시,일요일,경기도 광주시 오포읍,경상사고,0,0,1,0,차대사람 - 기타,안전운전불이행,포장 - 건조,맑음,단일로 - 기타,승합,남,49세,상해없음,보행자,남,19세,경상
17736,2019101300100462,2019년 10월 13일 20시,일요일,경기도 안산시 상록구 사동,경상사고,0,0,1,0,차대사람 - 길가장자리구역통행중,안전운전불이행,포장 - 건조,맑음,교차로 - 교차로부근,승용,여,56세,상해없음,보행자,남,32세,경상
17737,2019101300100510,2019년 10월 13일 22시,일요일,경기도 양평군 양평읍,중상사고,0,1,0,0,차대사람 - 차도통행중,안전운전불이행,포장 - 건조,맑음,단일로 - 기타,승용,남,29세,상해없음,보행자,여,49세,중상
17738,2019101400100027,2019년 10월 14일 00시,월요일,경기도 안성시 대덕면,중상사고,0,1,0,0,차대사람 - 기타,안전운전불이행,포장 - 건조,맑음,단일로 - 기타,승용,남,38세,상해없음,보행자,남,28세,중상
17739,2019101400100055,2019년 10월 14일 05시,월요일,경기도 이천시 백사면,중상사고,0,1,0,0,차대사람 - 길가장자리구역통행중,안전운전불이행,포장 - 건조,맑음,단일로 - 기타,승용,남,48세,상해없음,보행자,남,76세,중상
17740,2019101400100063,2019년 10월 14일 05시,월요일,경기도 의정부시 신곡동,중상사고,0,1,0,0,차대사람 - 횡단중,보행자보호의무위반,포장 - 건조,맑음,교차로 - 교차로횡단보도내,승용,여,66세,상해없음,보행자,여,55세,중상
17741,2019101400100065,2019년 10월 14일 05시,월요일,경기도 남양주시 와부읍,경상사고,0,0,1,0,차대사람 - 차도통행중,안전운전불이행,포장 - 건조,맑음,교차로 - 교차로부근,화물,남,56세,상해없음,보행자,여,81세,경상
17742,2019101400100120,2019년 10월 14일 08시,월요일,경기도 여주시 북내면,중상사고,0,1,0,0,차대사람 - 기타,안전운전불이행,포장 - 건조,맑음,교차로 - 교차로부근,화물,여,48세,상해없음,보행자,남,89세,중상
17743,2019101400100292,2019년 10월 14일 12시,월요일,경기도 김포시 구래동,경상사고,0,0,1,0,차대사람 - 횡단중,신호위반,포장 - 건조,맑음,교차로 - 교차로횡단보도내,이륜,남,36세,상해없음,보행자,남,67세,경상
17744,2019101400100293,2019년 10월 14일 12시,월요일,경기도 김포시 대곶면,경상사고,0,0,1,0,차대사람 - 길가장자리구역통행중,안전운전불이행,포장 - 건조,맑음,기타 - 기타,승용,남,63세,상해없음,보행자,남,26세,경상
17745,2019101400100321,2019년 10월 14일 13시,월요일,경기도 평택시 평택동,중상사고,0,1,0,0,차대사람 - 기타,보행자보호의무위반,포장 - 건조,맑음,단일로 - 기타,승용,남,30세,상해없음,보행자,여,65세,중상
17746,2019101400100327,2019년 10월 14일 13시,월요일,경기도 양평군 양평읍,중상사고,0,1,0,0,차대사람 - 횡단중,보행자보호의무위반,포장 - 건조,맑음,단일로 - 기타,승용,여,47세,상해없음,보행자,여,62세,중상
17747,2019101400100355,2019년 10월 14일 13시,월요일,경기도 동두천시 생연동,경상사고,0,0,1,0,차대사람 - 보도통행중,기타,포장 - 건조,맑음,주차장 - 주차장,승용,남,57세,상해없음,보행자,남,71세,경상
17748,2019101400100363,2019년 10월 14일 14시,월요일,경기도 성남시 중원구 성남동,경상사고,0,0,1,0,차대사람 - 길가장자리구역통행중,안전운전불이행,포장 - 건조,맑음,단일로 - 기타,승용,여,48세,상해없음,보행자,여,67세,경상
17749,2019101400100388,2019년 10월 14일 14시,월요일,경기도 의정부시 호원동,사망사고,1,0,0,0,차대사람 - 횡단중,안전운전불이행,포장 - 건조,맑음,교차로 - 교차로안,승용,여,39세,상해없음,보행자,여,79세,사망
17750,2019101400100400,2019년 10월 14일 15시,월요일,경기도 수원시 팔달구 구천동,경상사고,0,0,1,0,차대사람 - 기타,안전운전불이행,포장 - 건조,맑음,단일로 - 기타,승용,남,51세,상해없음,보행자,남,43세,경상
17751,2019101400100401,2019년 10월 14일 15시,월요일,경기도 이천시 중리동,경상사고,0,0,1,0,차대사람 - 횡단중,안전운전불이행,포장 - 건조,맑음,교차로 - 교차로안,승용,남,38세,상해없음,보행자,여,7세,경상
17752,2019101400100404,2019년 10월 14일 15시,월요일,경기도 김포시 운양동,경상사고,0,0,1,0,차대사람 - 횡단중,기타,포장 - 건조,맑음,기타 - 기타,자전거,남,14세,상해없음,보행자,여,45세,경상
17753,2019101400100406,2019년 10월 14일 15시,월요일,경기도 부천시 소사본동,경상사고,0,0,1,0,차대사람 - 기타,안전운전불이행,포장 - 건조,맑음,단일로 - 기타,이륜,남,47세,상해없음,보행자,남,29세,경상
17754,2019101400100432,2019년 10월 14일 15시,월요일,경기도 동두천시 지행동,경상사고,0,0,1,0,차대사람 - 횡단중,신호위반,포장 - 건조,맑음,교차로 - 교차로안,승용,여,42세,기타불명,보행자,남,10세,경상
17755,2019101400100450,2019년 10월 14일 16시,월요일,경기도 양평군 강상면,중상사고,0,1,0,0,차대사람 - 횡단중,중앙선침범,포장 - 건조,맑음,교차로 - 교차로안,승용,여,64세,상해없음,보행자,여,66세,중상
17756,2019101400100495,2019년 10월 14일 17시,월요일,경기도 평택시 평택동,중상사고,0,1,0,0,차대사람 - 기타,안전운전불이행,포장 - 건조,맑음,교차로 - 교차로안,승합,남,61세,상해없음,보행자,여,40세,중상
17757,2019101400100501,2019년 10월 14일 17시,월요일,경기도 하남시 신장동,중상사고,0,1,0,0,차대사람 - 횡단중,보행자보호의무위반,포장 - 건조,맑음,단일로 - 기타,승용,여,60세,상해없음,보행자,여,83세,중상
17758,2019101400100502,2019년 10월 14일 17시,월요일,경기도 안양시 만안구 석수동,중상사고,0,1,0,0,차대사람 - 기타,안전운전불이행,포장 - 건조,맑음,단일로 - 기타,이륜,남,45세,상해없음,보행자,여,13세,중상
17759,2019101400100559,2019년 10월 14일 18시,월요일,경기도 광주시 오포읍,부상신고사고,0,0,0,1,차대사람 - 기타,안전운전불이행,포장 - 건조,맑음,단일로 - 기타,자전거,기타불명,미분류,기타불명,보행자,여,17세,부상신고
17760,2019101400100566,2019년 10월 14일 18시,월요일,경기도 부천시 원미동,중상사고,0,1,0,0,차대사람 - 기타,보행자보호의무위반,포장 - 건조,맑음,교차로 - 교차로횡단보도내,화물,남,36세,상해없음,보행자,여,49세,중상
17761,2019101400100568,2019년 10월 14일 18시,월요일,경기도 수원시 영통구 신동,경상사고,0,0,1,0,차대사람 - 기타,안전운전불이행,포장 - 건조,맑음,기타 - 기타,이륜,남,40세,상해없음,보행자,남,30세,경상
17762,2019101400100617,2019년 10월 14일 18시,월요일,경기도 양주시 광적면,경상사고,0,0,2,0,차대사람 - 기타,안전운전불이행,포장 - 건조,맑음,단일로 - 기타,승용,남,43세,상해없음,보행자,여,49세,경상
17763,2019101400100633,2019년 10월 14일 19시,월요일,경기도 군포시 산본동,경상사고,0,0,1,0,차대사람 - 기타,안전운전불이행,포장 - 건조,맑음,교차로 - 교차로부근,승용,남,58세,상해없음,보행자,남,64세,경상
17764,2019101400100635,2019년 10월 14일 19시,월요일,경기도 용인시 기흥구 언남동,중상사고,0,1,0,0,차대사람 - 횡단중,보행자보호의무위반,포장 - 건조,맑음,교차로 - 교차로안,승용,여,37세,상해없음,보행자,여,61세,중상
17765,2019101400100661,2019년 10월 14일 19시,월요일,경기도 고양시 덕양구 토당동,중상사고,0,1,0,0,차대사람 - 길가장자리구역통행중,안전운전불이행,포장 - 건조,맑음,교차로 - 교차로안,승용,남,59세,상해없음,보행자,여,63세,중상
17766,2019101400100662,2019년 10월 14일 19시,월요일,경기도 파주시 금촌동,부상신고사고,0,0,0,1,차대사람 - 횡단중,안전운전불이행,포장 - 건조,맑음,교차로 - 교차로안,승용,여,32세,상해없음,보행자,여,7세,부상신고
17767,2019101400100680,2019년 10월 14일 20시,월요일,경기도 김포시 장기동,중상사고,0,1,0,0,차대사람 - 기타,보행자보호의무위반,포장 - 건조,맑음,교차로 - 교차로안,승용,남,50세,상해없음,보행자,남,58세,중상
17768,2019101400100683,2019년 10월 14일 20시,월요일,경기도 안산시 상록구 사사동,부상신고사고,0,0,0,1,차대사람 - 기타,안전운전불이행,포장 - 건조,맑음,단일로 - 기타,승용,남,35세,상해없음,보행자,남,62세,부상신고
17769,2019101400100700,2019년 10월 14일 20시,월요일,경기도 파주시 문산읍,중상사고,0,1,0,0,차대사람 - 횡단중,신호위반,포장 - 건조,맑음,교차로 - 교차로횡단보도내,승용,남,77세,상해없음,보행자,남,41세,중상
17770,2019101400100712,2019년 10월 14일 21시,월요일,경기도 화성시 향남읍,중상사고,0,1,0,0,차대사람 - 횡단중,안전운전불이행,포장 - 건조,맑음,교차로 - 교차로안,승용,여,48세,상해없음,보행자,남,14세,중상
17771,2019101400100732,2019년 10월 14일 22시,월요일,경기도 광명시 하안동,중상사고,0,2,0,0,차대사람 - 기타,안전운전불이행,포장 - 건조,맑음,단일로 - 기타,원동기,남,57세,중상,보행자,여,55세,중상
17772,2019101400100745,2019년 10월 14일 22시,월요일,경기도 파주시 금촌동,경상사고,0,0,1,0,차대사람 - 횡단중,보행자보호의무위반,포장 - 건조,기타,교차로 - 교차로횡단보도내,승용,남,32세,상해없음,보행자,남,71세,경상
17773,2019101500100027,2019년 10월 15일 00시,화요일,경기도 이천시 창전동,경상사고,0,0,1,0,차대사람 - 길가장자리구역통행중,안전운전불이행,포장 - 건조,맑음,단일로 - 기타,승용,남,42세,상해없음,보행자,여,44세,경상
17774,2019101500100067,2019년 10월 15일 05시,화요일,경기도 성남시 분당구 서현동,중상사고,0,1,0,0,차대사람 - 횡단중,안전운전불이행,포장 - 건조,맑음,단일로 - 기타,승용,남,34세,상해없음,보행자,남,64세,중상