,사고번호,사고일시,요일,시군구,사고내용,사망자수,중상자수,경상자수,부상신고자수,사고유형,법규위반,노면상태,기상상태,도로형태,가해운전자 차종,가해운전자 성별,가해운전자 연령,가해운전자 상해정도,피해운전자 차종,피해운전자 성별,피해운전자 연령,피해운전자 상해정도
17999,2019102200100222,2019년 10월 22일 10시,화요일,경기도 수원시 장안구 조원동,부상신고사고,0,0,0,1,차대사람 - 차도통행중,안전운전불이행,포장 - 건조,맑음,기타 - 기타,승합,남,57세,상해없음,보행자,남,72세,부상신고
18000,2019102200100223,2019년 10월 22일 10시,화요일,경기도 용인시 처인구 마평동,중상사고,0,1,0,0,차대사람 - 기타,신호위반,포장 - 건조,맑음,교차로 - 교차로안,승용,남,65세,상해없음,보행자,여,90세 이상,중상
18001,2019102200100322,2019년 10월 22일 13시,화요일,경기도 광명시 소하동,경상사고,0,0,2,0,차대사람 - 기타,안전운전불이행,포장 - 건조,맑음,단일로 - 기타,이륜,남,56세,상해없음,보행자,여,73세,경상
18002,2019102200100325,2019년 10월 22일 13시,화요일,경기도 수원시 팔달구 지동,경상사고,0,0,1,0,차대사람 - 기타,안전운전불이행,포장 - 건조,맑음,교차로 - 교차로횡단보도내,승합,남,43세,상해없음,보행자,여,72세,상해없음
18003,2019102200100359,2019년 10월 22일 14시,화요일,경기도 이천시 창전동,경상사고,0,0,1,0,차대사람 - 길가장자리구역통행중,보행자보호의무위반,포장 - 건조,맑음,단일로 - 기타,승용,여,74세,상해없음,보행자,남,10세,경상
18004,2019102200100365,2019년 10월 22일 14시,화요일,경기도 성남시 중원구 성남동,경상사고,0,0,1,0,차대사람 - 기타,안전운전불이행,포장 - 건조,맑음,단일로 - 기타,승합,남,47세,상해없음,보행자,여,70세,경상
18005,2019102200100398,2019년 10월 22일 15시,화요일,경기도 오산시 갈곶동,중상사고,0,1,0,0,차대사람 - 기타,안전운전불이행,포장 - 건조,맑음,주차장 - 주차장,승용,여,62세,상해없음,보행자,남,29세,중상
18006,2019102200100433,2019년 10월 22일 16시,화요일,경기도 성남시 수정구 신흥동,중상사고,0,1,0,0,차대사람 - 횡단중,안전운전불이행,포장 - 건조,맑음,단일로 - 기타,화물,남,46세,기타불명,보행자,남,79세,중상
18007,2019102200100469,2019년 10월 22일 16시,화요일,경기도 고양시 일산서구 일산동,부상신고사고,0,0,0,1,차대사람 - 횡단중,안전운전불이행,포장 - 건조,맑음,단일로 - 기타,승용,여,44세,상해없음,보행자,남,13세,부상신고
18008,2019102200100486,2019년 10월 22일 17시,화요일,경기도 용인시 기흥구 보정동,중상사고,0,1,0,0,차대사람 - 차도통행중,안전운전불이행,포장 - 건조,맑음,단일로 - 기타,화물,남,38세,상해없음,보행자,남,42세,중상
18009,2019102200100506,2019년 10월 22일 17시,화요일,경기도 의정부시 녹양동,중상사고,0,1,0,0,차대사람 - 횡단중,안전운전불이행,포장 - 건조,맑음,단일로 - 기타,승용,여,55세,상해없음,보행자,여,61세,중상
18010,2019102200100507,2019년 10월 22일 17시,화요일,경기도 의정부시 의정부동,부상신고사고,0,0,0,1,차대사람 - 횡단중,교차로운행방법위반,포장 - 건조,맑음,교차로 - 교차로안,이륜,남,18세,상해없음,보행자,남,14세,부상신고
18011,2019102200100510,2019년 10월 22일 17시,화요일,경기도 남양주시 다산동,부상신고사고,0,0,0,1,차대사람 - 기타,안전운전불이행,포장 - 건조,맑음,단일로 - 기타,승합,남,58세,상해없음,보행자,남,11세,부상신고
18012,2019102200100527,2019년 10월 22일 18시,화요일,경기도 광주시 곤지암읍,부상신고사고,0,0,0,1,차대사람 - 기타,안전운전불이행,포장 - 건조,맑음,단일로 - 기타,화물,남,52세,상해없음,보행자,여,60세,부상신고
18013,2019102200100532,2019년 10월 22일 18시,화요일,경기도 김포시 사우동,경상사고,0,0,1,0,차대사람 - 차도통행중,안전운전불이행,포장 - 건조,맑음,단일로 - 기타,승용,남,42세,상해없음,보행자,여,14세,경상
18014,2019102200100534,2019년 10월 22일 18시,화요일,경기도 부천시 도당동,경상사고,0,0,1,0,차대사람 - 기타,안전운전불이행,포장 - 건조,맑음,교차로 - 교차로안,승용,남,58세,상해없음,보행자,남,46세,경상
18015,2019102200100578,2019년 10월 22일 18시,화요일,경기도 의정부시 신곡동,중상사고,0,1,0,0,차대사람 - 횡단중,안전운전불이행,포장 - 건조,맑음,교차로 - 교차로부근,승합,남,43세,상해없음,보행자,남,68세,중상
18016,2019102200100583,2019년 10월 22일 18시,화요일,경기도 포천시 신읍동,중상사고,0,1,0,0,차대사람 - 기타,안전운전불이행,포장 - 건조,맑음,단일로 - 기타,승용,남,72세,상해없음,보행자,여,52세,중상
18017,2019102200100619,2019년 10월 22일 19시,화요일,경기도 성남시 중원구 은행동,경상사고,0,0,1,0,차대사람 - 기타,안전운전불이행,포장 - 건조,맑음,단일로 - 기타,승용,남,31세,상해없음,보행자,남,40세,경상
18018,2019102200100656,2019년 10월 22일 20시,화요일,경기도 안양시 동안구 비산동,경상사고,0,0,1,0,차대사람 - 횡단중,보행자보호의무위반,포장 - 건조,맑음,교차로 - 교차로횡단보도내,승용,남,29세,상해없음,보행자,여,21세,경상
18019,2019102200100658,2019년 10월 22일 20시,화요일,경기도 광주시 오포읍,경상사고,0,0,1,0,차대사람 - 기타,안전운전불이행,비포장 - 건조,맑음,교차로 - 교차로부근,승용,여,55세,상해없음,보행자,여,33세,경상
18020,2019102200100659,2019년 10월 22일 20시,화요일,경기도 안산시 단원구 선부동,경상사고,0,0,1,0,차대사람 - 차도통행중,기타,포장 - 건조,맑음,단일로 - 기타,승용,여,49세,상해없음,보행자,남,44세,경상
18021,2019102200100661,2019년 10월 22일 20시,화요일,경기도 성남시 중원구 성남동,중상사고,0,1,0,0,차대사람 - 기타,안전운전불이행,포장 - 건조,맑음,교차로 - 교차로안,승합,남,59세,상해없음,보행자,남,45세,중상
18022,2019102200100663,2019년 10월 22일 20시,화요일,경기도 안양시 만안구 안양동,중상사고,0,1,0,0,차대사람 - 기타,중앙선침범,포장 - 건조,맑음,단일로 - 기타,승용,여,37세,상해없음,보행자,남,60세,중상
18023,2019102200100690,2019년 10월 22일 21시,화요일,경기도 평택시 동삭동,경상사고,0,0,2,0,차대사람 - 기타,안전운전불이행,포장 - 건조,맑음,교차로 - 교차로부근,승합,여,44세,상해없음,보행자,남,28세,경상
18024,2019102200100692,2019년 10월 22일 21시,화요일,경기도 안산시 상록구 일동,중상사고,0,1,0,0,차대사람 - 차도통행중,안전운전불이행,포장 - 건조,맑음,교차로 - 교차로안,승용,남,29세,상해없음,보행자,남,70세,중상
18025,2019102200100743,2019년 10월 22일 23시,화요일,경기도 남양주시 다산동,중상사고,0,1,0,0,차대사람 - 횡단중,신호위반,포장 - 건조,맑음,기타 - 기타,승용,여,38세,상해없음,보행자,여,60세,중상
18026,2019102300100050,2019년 10월 23일 01시,수요일,경기도 평택시 서정동,경상사고,0,0,1,0,차대사람 - 기타,보행자보호의무위반,포장 - 건조,맑음,교차로 - 교차로안,승용,남,43세,상해없음,보행자,남,20세,경상
18027,2019102300100051,2019년 10월 23일 01시,수요일,경기도 성남시 중원구 성남동,경상사고,0,0,2,0,차대사람 - 기타,안전운전불이행,포장 - 건조,맑음,교차로 - 교차로부근,승용,남,28세,상해없음,보행자,남,33세,경상
18028,2019102300100064,2019년 10월 23일 02시,수요일,경기도 고양시 일산동구 정발산동,경상사고,0,0,1,0,차대사람 - 횡단중,안전운전불이행,포장 - 건조,맑음,단일로 - 기타,승용,남,58세,상해없음,보행자,여,21세,경상
18029,2019102300100066,2019년 10월 23일 04시,수요일,경기도 성남시 수정구 태평동,중상사고,0,1,0,0,차대사람 - 기타,안전운전불이행,포장 - 건조,맑음,단일로 - 기타,승합,남,53세,상해없음,보행자,여,67세,중상
18030,2019102300100072,2019년 10월 23일 05시,수요일,경기도 성남시 중원구 성남동,중상사고,0,1,0,0,차대사람 - 횡단중,안전운전불이행,포장 - 건조,맑음,단일로 - 기타,화물,남,46세,상해없음,보행자,남,52세,중상
18031,2019102300100073,2019년 10월 23일 05시,수요일,경기도 성남시 분당구 삼평동,사망사고,1,0,0,0,차대사람 - 횡단중,과속,포장 - 건조,맑음,단일로 - 기타,승용,남,61세,상해없음,보행자,여,55세,사망
18032,2019102300100095,2019년 10월 23일 06시,수요일,경기도 고양시 일산동구 마두동,경상사고,0,0,1,0,차대사람 - 횡단중,보행자보호의무위반,포장 - 건조,맑음,기타 - 기타,기타불명,기타불명,미분류,기타불명,보행자,여,22세,경상
18033,2019102300100131,2019년 10월 23일 08시,수요일,경기도 안성시 일죽면,경상사고,0,0,1,0,차대사람 - 기타,안전운전불이행,포장 - 건조,맑음,단일로 - 기타,화물,남,59세,상해없음,보행자,남,42세,경상
18034,2019102300100132,2019년 10월 23일 08시,수요일,경기도 안양시 동안구 관양동,경상사고,0,0,1,0,차대사람 - 기타,안전운전불이행,포장 - 건조,맑음,단일로 - 기타,승합,여,63세,상해없음,보행자,여,28세,경상
18035,2019102300100138,2019년 10월 23일 08시,수요일,경기도 안산시 단원구 원시동,경상사고,0,0,1,0,차대사람 - 차도통행중,안전운전불이행,포장 - 건조,맑음,기타 - 기타,승용,남,68세,상해없음,보행자,남,41세,경상
18036,2019102300100139,2019년 10월 23일 08시,수요일,경기도 군포시 금정동,경상사고,0,0,1,0,차대사람 - 기타,안전운전불이행,포장 - 건조,맑음,단일로 - 기타,승용,남,69세,상해없음,보행자,남,32세,경상
18037,2019102300100140,2019년 10월 23일 08시,수요일,경기도 시흥시 정왕동,중상사고,0,1,0,0,차대사람 - 기타,안전운전불이행,포장 - 건조,맑음,교차로 - 교차로부근,승용,남,54세,상해없음,보행자,남,62세,중상
18038,2019102300100208,2019년 10월 23일 10시,수요일,경기도 용인시 수지구 동천동,중상사고,0,1,0,0,차대사람 - 기타,안전운전불이행,포장 - 건조,맑음,교차로 - 교차로안,화물,남,51세,상해없음,보행자,여,90세 이상,중상
18039,2019102300100232,2019년 10월 23일 11시,수요일,경기도 용인시 기흥구 언남동,경상사고,0,0,1,0,차대사람 - 기타,안전운전불이행,포장 - 건조,맑음,단일로 - 기타,승용,여,70세,상해없음,보행자,여,27세,경상
18040,2019102300100262,2019년 10월 23일 12시,수요일,경기도 평택시 청북읍,경상사고,0,0,1,0,차대사람 - 기타,안전운전불이행,포장 - 건조,맑음,단일로 - 교량,승용,남,53세,상해없음,보행자,남,27세,경상
18041,2019102300100319,2019년 10월 23일 14시,수요일,경기도 평택시 비전동,중상사고,0,1,0,0,차대사람 - 횡단중,신호위반,포장 - 건조,맑음,교차로 - 교차로횡단보도내,이륜,남,21세,상해없음,보행자,남,9세,중상
18042,2019102300100362,2019년 10월 23일 15시,수요일,경기도 용인시 기흥구 보정동,경상사고,0,0,1,0,차대사람 - 기타,안전운전불이행,포장 - 건조,맑음,단일로 - 기타,승합,남,69세,상해없음,보행자,남,86세,경상
18043,2019102300100391,2019년 10월 23일 16시,수요일,경기도 안양시 동안구 평촌동,경상사고,0,0,1,0,차대사람 - 차도통행중,안전운전불이행,포장 - 건조,맑음,교차로 - 교차로부근,승용,여,59세,상해없음,보행자,남,30세,경상
18044,2019102300100392,2019년 10월 23일 16시,수요일,경기도 용인시 기흥구 동백동,중상사고,0,1,0,0,차대사람 - 기타,안전운전불이행,포장 - 건조,흐림,단일로 - 기타,승용,여,47세,상해없음,보행자,남,70세,중상
18045,2019102300100399,2019년 10월 23일 16시,수요일,경기도 하남시 망월동,중상사고,0,1,0,0,차대사람 - 기타,안전운전불이행,포장 - 건조,맑음,교차로 - 교차로횡단보도내,화물,남,70세,상해없음,보행자,남,64세,중상
18046,2019102300100400,2019년 10월 23일 16시,수요일,경기도 하남시 신장동,경상사고,0,0,1,0,차대사람 - 기타,안전운전불이행,포장 - 건조,맑음,교차로 - 교차로부근,승용,여,68세,상해없음,보행자,여,10세,경상
18047,2019102300100440,2019년 10월 23일 17시,수요일,경기도 안성시 삼죽면,경상사고,0,0,1,0,차대사람 - 길가장자리구역통행중,안전운전불이행,포장 - 건조,맑음,단일로 - 기타,승용,여,66세,상해없음,보행자,남,59세,경상
18048,2019102300100442,2019년 10월 23일 17시,수요일,경기도 군포시 산본동,경상사고,0,0,1,0,차대사람 - 기타,안전운전불이행,포장 - 건조,맑음,단일로 - 기타,승합,남,54세,상해없음,보행자,여,25세,경상
18049,2019102300100443,2019년 10월 23일 17시,수요일,경기도 안산시 상록구 사동,경상사고,0,0,1,0,차대사람 - 차도통행중,안전운전불이행,포장 - 건조,맑음,단일로 - 기타,승용,여,59세,상해없음,보행자,남,55세,경상
18050,2019102300100477,2019년 10월 23일 18시,수요일,경기도 이천시 부발읍,중상사고,0,1,0,0,차대사람 - 기타,교차로운행방법위반,포장 - 건조,맑음,교차로 - 교차로안,승용,남,60세,상해없음,보행자,남,80세,중상
18051,2019102300100480,2019년 10월 23일 18시,수요일,경기도 용인시 처인구 포곡읍,중상사고,0,2,0,0,차대사람 - 횡단중,보행자보호의무위반,포장 - 건조,맑음,단일로 - 기타,승용,남,73세,상해없음,보행자,남,48세,중상
18052,2019102300100486,2019년 10월 23일 18시,수요일,경기도 수원시 권선구 탑동,경상사고,0,0,1,0,차대사람 - 횡단중,보행자보호의무위반,포장 - 건조,맑음,교차로 - 교차로횡단보도내,승용,남,37세,상해없음,보행자,남,10세,경상
18053,2019102300100489,2019년 10월 23일 18시,수요일,경기도 화성시 봉담읍,경상사고,0,0,1,0,차대사람 - 기타,안전운전불이행,포장 - 건조,맑음,교차로 - 교차로부근,승용,남,36세,상해없음,보행자,여,8세,경상
18054,2019102300100491,2019년 10월 23일 18시,수요일,경기도 의왕시 포일동,경상사고,0,0,1,0,차대사람 - 기타,안전운전불이행,포장 - 건조,맑음,기타 - 기타,승용,남,62세,상해없음,보행자,남,4세,경상
18055,2019102300100494,2019년 10월 23일 18시,수요일,경기도 용인시 수지구 신봉동,중상사고,0,1,0,0,차대사람 - 기타,안전운전불이행,포장 - 건조,맑음,단일로 - 기타,승용,남,82세,상해없음,보행자,여,70세,중상
18056,2019102300100538,2019년 10월 23일 18시,수요일,경기도 포천시 가산면,부상신고사고,0,0,0,1,차대사람 - 기타,안전운전불이행,포장 - 건조,맑음,단일로 - 기타,승용,남,28세,상해없음,보행자,남,61세,부상신고
18057,2019102300100551,2019년 10월 23일 19시,수요일,경기도 안성시 공도읍,중상사고,0,1,0,0,차대사람 - 횡단중,안전운전불이행,포장 - 건조,맑음,단일로 - 기타,승용,여,33세,상해없음,보행자,여,54세,중상
18058,2019102300100554,2019년 10월 23일 19시,수요일,경기도 김포시 대곶면,경상사고,0,0,1,0,차대사람 - 차도통행중,안전운전불이행,포장 - 건조,맑음,단일로 - 기타,화물,남,63세,상해없음,보행자,남,62세,경상
18059,2019102300100556,2019년 10월 23일 19시,수요일,경기도 안산시 단원구 원곡동,중상사고,0,1,0,0,차대사람 - 차도통행중,안전운전불이행,포장 - 건조,맑음,단일로 - 기타,승용,여,45세,상해없음,보행자,남,20세,중상
18060,2019102300100593,2019년 10월 23일 20시,수요일,경기도 오산시 오산동,경상사고,0,0,2,0,차대사람 - 횡단중,안전운전불이행,포장 - 건조,맑음,교차로 - 교차로부근,승용,여,46세,기타불명,보행자,여,55세,경상
18061,2019102300100595,2019년 10월 23일 20시,수요일,경기도 성남시 분당구 운중동,경상사고,0,0,1,0,차대사람 - 횡단중,보행자보호의무위반,포장 - 건조,맑음,단일로 - 기타,승용,남,31세,상해없음,보행자,여,9세,경상
18062,2019102300100619,2019년 10월 23일 21시,수요일,경기도 수원시 영통구 매탄동,경상사고,0,0,1,0,차대사람 - 횡단중,보행자보호의무위반,포장 - 건조,맑음,교차로 - 교차로횡단보도내,승용,남,26세,상해없음,보행자,남,37세,경상
18063,2019102300100620,2019년 10월 23일 21시,수요일,경기도 성남시 중원구 은행동,부상신고사고,0,0,0,1,차대사람 - 기타,안전운전불이행,포장 - 건조,맑음,교차로 - 교차로안,승용,여,33세,상해없음,보행자,남,56세,부상신고
18064,2019102300100621,2019년 10월 23일 21시,수요일,경기도 시흥시 신천동,경상사고,0,0,1,0,차대사람 - 기타,신호위반,포장 - 건조,맑음,단일로 - 기타,승용,여,45세,상해없음,보행자,남,27세,경상
18065,2019102300100624,2019년 10월 23일 21시,수요일,경기도 용인시 기흥구 보정동,경상사고,0,0,1,0,차대사람 - 횡단중,보행자보호의무위반,포장 - 건조,맑음,교차로 - 교차로부근,승용,여,72세,상해없음,보행자,여,36세,경상
18066,2019102300100639,2019년 10월 23일 21시,수요일,경기도 남양주시 와부읍,중상사고,0,1,0,0,차대사람 - 차도통행중,안전운전불이행,포장 - 건조,맑음,단일로 - 기타,승용,남,22세,상해없음,보행자,남,54세,중상
18067,2019102400100064,2019년 10월 24일 04시,목요일,경기도 고양시 덕양구 내유동,중상사고,0,1,0,0,차대사람 - 기타,안전운전불이행,포장 - 건조,맑음,교차로 - 교차로안,승용,남,74세,상해없음,보행자,남,80세,중상
18068,2019102400100110,2019년 10월 24일 07시,목요일,경기도 화성시 정남면,중상사고,0,1,0,0,차대사람 - 기타,기타,포장 - 건조,맑음,단일로 - 기타,승합,남,64세,상해없음,보행자,여,46세,중상
18069,2019102400100141,2019년 10월 24일 08시,목요일,경기도 이천시 증포동,중상사고,0,1,0,0,차대사람 - 기타,안전운전불이행,포장 - 건조,맑음,단일로 - 기타,승용,여,34세,상해없음,보행자,남,8세,중상
18070,2019102400100146,2019년 10월 24일 08시,목요일,경기도 화성시 남양읍,중상사고,0,1,0,0,차대사람 - 횡단중,보행자보호의무위반,포장 - 건조,맑음,교차로 - 교차로횡단보도내,건설기계,남,51세,상해없음,보행자,남,61세,중상
18071,2019102400100178,2019년 10월 24일 09시,목요일,경기도 의왕시 왕곡동,경상사고,0,0,1,0,차대사람 - 횡단중,신호위반,포장 - 건조,맑음,교차로 - 교차로횡단보도내,자전거,남,77세,상해없음,보행자,여,7세,경상
18072,2019102400100181,2019년 10월 24일 09시,목요일,경기도 부천시 오정동,경상사고,0,0,1,0,차대사람 - 기타,안전운전불이행,포장 - 건조,맑음,교차로 - 교차로안,자전거,여,74세,경상,보행자,남,7세,상해없음
18073,2019102400100213,2019년 10월 24일 10시,목요일,경기도 평택시 비전동,중상사고,0,1,0,0,차대사람 - 횡단중,보행자보호의무위반,포장 - 건조,맑음,교차로 - 교차로안,화물,여,57세,상해없음,보행자,남,80세,중상
18074,2019102400100214,2019년 10월 24일 10시,목요일,경기도 용인시 기흥구 중동,경상사고,0,0,1,0,차대사람 - 기타,안전운전불이행,포장 - 건조,흐림,단일로 - 기타,화물,남,43세,상해없음,보행자,여,61세,경상
18075,2019102400100216,2019년 10월 24일 10시,목요일,경기도 성남시 중원구 중앙동,경상사고,0,0,1,0,차대사람 - 기타,안전운전불이행,포장 - 건조,맑음,단일로 - 기타,승용,남,63세,상해없음,보행자,여,21세,경상
18076,2019102400100217,2019년 10월 24일 10시,목요일,경기도 성남시 중원구 하대원동,경상사고,0,0,1,0,차대사람 - 차도통행중,안전운전불이행,포장 - 건조,맑음,단일로 - 기타,화물,남,31세,기타불명,보행자,남,71세,경상
18077,2019102400100235,2019년 10월 24일 10시,목요일,경기도 파주시 적성면,중상사고,0,1,0,0,차대사람 - 기타,안전운전불이행,포장 - 건조,맑음,교차로 - 교차로안,승용,남,56세,상해없음,보행자,여,29세,중상
18078,2019102400100241,2019년 10월 24일 11시,목요일,경기도 안양시 동안구 호계동,중상사고,0,1,0,0,차대사람 - 횡단중,안전운전불이행,포장 - 건조,맑음,교차로 - 교차로안,승용,여,54세,상해없음,보행자,여,78세,중상
18079,2019102400100317,2019년 10월 24일 13시,목요일,경기도 평택시 독곡동,경상사고,0,0,1,0,차대사람 - 기타,기타,포장 - 건조,맑음,기타 - 기타,승용,여,47세,상해없음,보행자,남,57세,경상
18080,2019102400100320,2019년 10월 24일 13시,목요일,경기도 부천시 심곡동,경상사고,0,0,1,0,차대사람 - 보도통행중,기타,포장 - 건조,맑음,단일로 - 기타,승용,남,63세,상해없음,보행자,여,70세,경상
18081,2019102400100364,2019년 10월 24일 14시,목요일,경기도 부천시 여월동,중상사고,0,1,0,0,차대사람 - 기타,안전운전불이행,포장 - 건조,맑음,단일로 - 기타,승용,남,69세,상해없음,보행자,여,37세,중상
18082,2019102400100365,2019년 10월 24일 14시,목요일,경기도 부천시 고강동,경상사고,0,0,1,0,차대사람 - 기타,안전운전불이행,포장 - 건조,맑음,단일로 - 기타,승용,남,45세,상해없음,보행자,남,60세,경상
18083,2019102400100381,2019년 10월 24일 14시,목요일,경기도 남양주시 오남읍,경상사고,0,0,1,0,차대사람 - 횡단중,보행자보호의무위반,포장 - 건조,맑음,교차로 - 교차로횡단보도내,승용,남,47세,상해없음,보행자,남,7세,경상
18084,2019102400100428,2019년 10월 24일 16시,목요일,경기도 용인시 처인구 유방동,중상사고,0,1,0,0,차대사람 - 횡단중,보행자보호의무위반,포장 - 건조,맑음,교차로 - 교차로안,화물,남,34세,상해없음,보행자,여,14세,중상
18085,2019102400100429,2019년 10월 24일 16시,목요일,경기도 용인시 처인구 김량장동,부상신고사고,0,0,0,1,차대사람 - 기타,안전운전불이행,포장 - 건조,맑음,단일로 - 기타,승용,여,57세,상해없음,보행자,여,19세,부상신고
18086,2019102400100480,2019년 10월 24일 17시,목요일,경기도 성남시 수정구 태평동,경상사고,0,0,2,0,차대사람 - 횡단중,안전운전불이행,포장 - 건조,맑음,단일로 - 기타,승용,남,58세,상해없음,보행자,여,8세,경상
18087,2019102400100483,2019년 10월 24일 17시,목요일,경기도 수원시 팔달구 매교동,중상사고,0,1,0,0,차대사람 - 기타,안전운전불이행,포장 - 건조,맑음,단일로 - 기타,기타불명,기타불명,미분류,기타불명,보행자,남,66세,중상
18088,2019102400100544,2019년 10월 24일 18시,목요일,경기도 군포시 산본동,경상사고,0,0,2,0,차대사람 - 기타,안전운전불이행,포장 - 건조,맑음,교차로 - 교차로안,승용,여,59세,경상,보행자,여,57세,경상
18089,2019102400100545,2019년 10월 24일 18시,목요일,경기도 성남시 중원구 상대원동,경상사고,0,0,1,0,차대사람 - 기타,신호위반,포장 - 건조,맑음,교차로 - 교차로안,승용,남,30세,상해없음,보행자,여,64세,경상
18090,2019102400100602,2019년 10월 24일 19시,목요일,경기도 수원시 장안구 율전동,부상신고사고,0,0,0,1,차대사람 - 기타,안전운전불이행,포장 - 건조,맑음,교차로 - 교차로안,승용,여,38세,상해없음,보행자,남,13세,부상신고
18091,2019102400100606,2019년 10월 24일 19시,목요일,경기도 부천시 상동,경상사고,0,0,1,0,차대사람 - 횡단중,보행자보호의무위반,포장 - 건조,맑음,교차로 - 교차로횡단보도내,승용,여,48세,상해없음,보행자,남,57세,경상
18092,2019102400100608,2019년 10월 24일 19시,목요일,경기도 성남시 중원구 중앙동,중상사고,0,1,0,0,차대사람 - 기타,안전운전불이행,포장 - 건조,맑음,단일로 - 기타,승용,여,60세,상해없음,보행자,여,64세,중상
18093,2019102400100610,2019년 10월 24일 19시,목요일,경기도 화성시 반송동,경상사고,0,0,1,0,차대사람 - 횡단중,교차로운행방법위반,포장 - 건조,맑음,교차로 - 교차로안,이륜,남,58세,경상,보행자,남,18세,상해없음
18094,2019102400100642,2019년 10월 24일 19시,목요일,경기도 의정부시 민락동,경상사고,0,0,1,0,차대사람 - 기타,안전운전불이행,포장 - 건조,맑음,단일로 - 기타,기타불명,기타불명,미분류,기타불명,보행자,남,47세,경상
18095,2019102400100672,2019년 10월 24일 20시,목요일,경기도 안산시 상록구 본오동,경상사고,0,0,1,0,차대사람 - 길가장자리구역통행중,안전운전불이행,포장 - 건조,맑음,단일로 - 기타,승용,남,22세,상해없음,보행자,여,22세,경상
18096,2019102400100673,2019년 10월 24일 20시,목요일,경기도 수원시 팔달구 매산로1가,경상사고,0,0,1,0,차대사람 - 보도통행중,기타,포장 - 건조,맑음,주차장 - 주차장,승용,여,25세,상해없음,보행자,남,59세,경상
18097,2019102400100730,2019년 10월 24일 22시,목요일,경기도 평택시 합정동,경상사고,0,0,1,0,차대사람 - 기타,안전운전불이행,포장 - 건조,맑음,교차로 - 교차로횡단보도내,승용,남,28세,상해없음,보행자,남,54세,경상
18098,2019102400100752,2019년 10월 24일 23시,목요일,경기도 오산시 원동,경상사고,0,0,1,0,차대사람 - 횡단중,신호위반,포장 - 건조,맑음,교차로 - 교차로횡단보도내,승용,남,54세,상해없음,보행자,남,28세,경상
18099,2019102500100031,2019년 10월 25일 00시,금요일,경기도 수원시 권선구 금곡동,사망사고,1,0,0,0,차대사람 - 기타,안전운전불이행,포장 - 건조,맑음,단일로 - 기타,승용,남,31세,상해없음,보행자,남,54세,사망
18100,2019102500100057,2019년 10월 25일 01시,금요일,경기도 동두천시 지행동,경상사고,0,0,1,0,차대사람 - 기타,기타,포장 - 건조,맑음,단일로 - 기타,승용,남,58세,상해없음,보행자,여,51세,경상
18101,2019102500100087,2019년 10월 25일 05시,금요일,경기도 성남시 분당구 야탑동,중상사고,0,1,0,0,차대사람 - 기타,안전운전불이행,포장 - 건조,맑음,교차로 - 교차로횡단보도내,승용,남,63세,상해없음,보행자,남,28세,중상
18102,2019102500100106,2019년 10월 25일 06시,금요일,경기도 남양주시 오남읍,중상사고,0,1,0,0,차대사람 - 횡단중,보행자보호의무위반,포장 - 건조,맑음,교차로 - 교차로안,승용,남,71세,상해없음,보행자,남,57세,중상
18103,2019102500100116,2019년 10월 25일 07시,금요일,경기도 화성시 봉담읍,경상사고,0,0,1,0,차대사람 - 횡단중,보행자보호의무위반,포장 - 건조,맑음,단일로 - 기타,승용,남,34세,상해없음,보행자,여,26세,경상
18104,2019102500100207,2019년 10월 25일 09시,금요일,경기도 파주시 조리읍,중상사고,0,1,0,0,차대사람 - 기타,기타,포장 - 건조,맑음,교차로 - 교차로부근,승용,여,48세,상해없음,보행자,남,78세,중상
18105,2019102500100229,2019년 10월 25일 10시,금요일,경기도 화성시 남양읍,중상사고,0,1,0,0,차대사람 - 기타,안전운전불이행,포장 - 건조,맑음,단일로 - 기타,승용,여,62세,상해없음,보행자,여,22세,중상
18106,2019102500100308,2019년 10월 25일 12시,금요일,경기도 남양주시 화도읍,중상사고,0,1,1,0,차대사람 - 차도통행중,안전운전불이행,포장 - 건조,맑음,기타 - 기타,이륜,남,25세,경상,보행자,남,62세,중상
18107,2019102500100319,2019년 10월 25일 13시,금요일,경기도 성남시 수정구 양지동,경상사고,0,0,1,0,차대사람 - 기타,안전운전불이행,포장 - 건조,맑음,단일로 - 기타,승용,여,49세,상해없음,보행자,여,58세,경상
18108,2019102500100325,2019년 10월 25일 13시,금요일,경기도 수원시 팔달구 인계동,경상사고,0,0,1,0,차대사람 - 기타,안전운전불이행,포장 - 건조,맑음,기타 - 기타,승용,남,22세,상해없음,보행자,남,27세,경상
18109,2019102500100362,2019년 10월 25일 14시,금요일,경기도 김포시 마산동,중상사고,0,1,0,0,차대사람 - 기타,안전운전불이행,포장 - 건조,맑음,단일로 - 기타,승용,여,25세,상해없음,보행자,여,34세,중상
18110,2019102500100397,2019년 10월 25일 14시,금요일,경기도 파주시 동패동,경상사고,0,0,1,0,차대사람 - 보도통행중,기타,포장 - 건조,맑음,기타 - 기타,승용,여,64세,상해없음,보행자,여,25세,경상