,사고번호,사고일시,요일,시군구,사고내용,사망자수,중상자수,경상자수,부상신고자수,사고유형,법규위반,노면상태,기상상태,도로형태,가해운전자 차종,가해운전자 성별,가해운전자 연령,가해운전자 상해정도,피해운전자 차종,피해운전자 성별,피해운전자 연령,피해운전자 상해정도
18111,2019102500100410,2019년 10월 25일 15시,금요일,경기도 평택시 비전동,경상사고,0,0,2,0,차대사람 - 횡단중,기타,포장 - 건조,맑음,단일로 - 기타,이륜,남,18세,경상,보행자,남,12세,경상
18112,2019102500100411,2019년 10월 25일 15시,금요일,경기도 오산시 오산동,경상사고,0,0,1,0,차대사람 - 차도통행중,안전운전불이행,포장 - 건조,맑음,단일로 - 기타,승용,여,43세,상해없음,보행자,남,28세,경상
18113,2019102500100413,2019년 10월 25일 15시,금요일,경기도 성남시 중원구 여수동,경상사고,0,0,1,0,차대사람 - 횡단중,교차로운행방법위반,포장 - 건조,맑음,교차로 - 교차로안,승용,남,54세,상해없음,보행자,여,83세,경상
18114,2019102500100444,2019년 10월 25일 15시,금요일,경기도 의정부시 신곡동,중상사고,0,1,0,0,차대사람 - 횡단중,안전운전불이행,포장 - 건조,맑음,단일로 - 기타,이륜,남,52세,상해없음,보행자,여,58세,중상
18115,2019102500100571,2019년 10월 25일 18시,금요일,경기도 수원시 팔달구 우만동,경상사고,0,0,1,0,차대사람 - 기타,안전운전불이행,포장 - 건조,맑음,단일로 - 기타,승용,남,55세,상해없음,보행자,남,44세,경상
18116,2019102500100587,2019년 10월 25일 18시,금요일,경기도 안양시 만안구 안양동,중상사고,0,1,0,0,차대사람 - 기타,기타,포장 - 건조,맑음,단일로 - 기타,승용,남,55세,상해없음,보행자,남,74세,중상
18117,2019102500100588,2019년 10월 25일 18시,금요일,경기도 용인시 수지구 상현동,중상사고,0,1,0,0,차대사람 - 횡단중,신호위반,포장 - 건조,맑음,교차로 - 교차로횡단보도내,승용,남,77세,상해없음,보행자,남,9세,중상
18118,2019102500100635,2019년 10월 25일 18시,금요일,경기도 파주시 연다산동,중상사고,0,2,0,0,차대사람 - 길가장자리구역통행중,보행자보호의무위반,포장 - 건조,맑음,교차로 - 교차로부근,화물,남,53세,상해없음,보행자,여,37세,중상
18119,2019102500100657,2019년 10월 25일 19시,금요일,경기도 평택시 용이동,경상사고,0,0,2,0,차대사람 - 기타,신호위반,포장 - 젖음/습기,비,교차로 - 교차로부근,이륜,남,45세,경상,보행자,남,12세,경상
18120,2019102500100658,2019년 10월 25일 19시,금요일,경기도 광주시 오포읍,경상사고,0,0,1,0,차대사람 - 길가장자리구역통행중,안전운전불이행,포장 - 건조,흐림,단일로 - 기타,화물,남,45세,상해없음,보행자,여,66세,경상
18121,2019102500100666,2019년 10월 25일 19시,금요일,경기도 수원시 팔달구 인계동,중상사고,0,1,0,0,차대사람 - 횡단중,보행자보호의무위반,포장 - 젖음/습기,비,교차로 - 교차로횡단보도내,승용,남,67세,상해없음,보행자,남,54세,중상
18122,2019102500100714,2019년 10월 25일 19시,금요일,경기도 고양시 일산동구 풍동,경상사고,0,0,1,0,차대사람 - 횡단중,보행자보호의무위반,포장 - 건조,맑음,교차로 - 교차로횡단보도내,승용,여,39세,상해없음,보행자,여,35세,경상
18123,2019102500100732,2019년 10월 25일 20시,금요일,경기도 안양시 동안구 관양동,중상사고,0,1,1,0,차대사람 - 횡단중,신호위반,포장 - 젖음/습기,비,교차로 - 교차로횡단보도내,원동기,남,16세,상해없음,보행자,여,42세,중상
18124,2019102500100733,2019년 10월 25일 20시,금요일,경기도 광주시 송정동,중상사고,0,1,0,0,차대사람 - 횡단중,안전운전불이행,포장 - 건조,맑음,기타 - 기타,승용,남,54세,상해없음,보행자,여,29세,중상
18125,2019102500100816,2019년 10월 25일 23시,금요일,경기도 안양시 동안구 관양동,중상사고,0,1,0,0,차대사람 - 기타,안전운전불이행,포장 - 건조,맑음,단일로 - 기타,승용,여,41세,상해없음,보행자,여,51세,중상
18126,2019102600100032,2019년 10월 26일 00시,토요일,경기도 안양시 동안구 관양동,중상사고,0,1,0,0,차대사람 - 횡단중,안전운전불이행,포장 - 건조,맑음,단일로 - 기타,승용,남,62세,상해없음,보행자,남,47세,중상
18127,2019102600100059,2019년 10월 26일 02시,토요일,경기도 수원시 팔달구 인계동,경상사고,0,0,1,0,차대사람 - 기타,안전운전불이행,포장 - 건조,맑음,기타 - 기타,승용,남,56세,상해없음,보행자,남,20세,경상
18128,2019102600100076,2019년 10월 26일 04시,토요일,경기도 안양시 동안구 비산동,중상사고,0,1,0,0,차대사람 - 횡단중,안전운전불이행,포장 - 건조,맑음,단일로 - 기타,승용,남,57세,상해없음,보행자,남,24세,중상
18129,2019102600100104,2019년 10월 26일 06시,토요일,경기도 용인시 기흥구 신갈동,경상사고,0,0,1,0,차대사람 - 차도통행중,안전운전불이행,포장 - 건조,맑음,단일로 - 기타,화물,남,39세,상해없음,보행자,남,53세,경상
18130,2019102600100206,2019년 10월 26일 10시,토요일,경기도 부천시 송내동,경상사고,0,0,1,0,차대사람 - 기타,보행자보호의무위반,포장 - 건조,맑음,교차로 - 교차로부근,승용,남,78세,상해없음,보행자,남,11세,경상
18131,2019102600100227,2019년 10월 26일 10시,토요일,경기도 고양시 덕양구 토당동,경상사고,0,0,1,0,차대사람 - 차도통행중,교차로운행방법위반,포장 - 건조,맑음,교차로 - 교차로안,승용,남,51세,상해없음,보행자,여,49세,경상
18132,2019102600100228,2019년 10월 26일 10시,토요일,경기도 남양주시 화도읍,중상사고,0,1,0,0,차대사람 - 횡단중,보행자보호의무위반,포장 - 건조,맑음,교차로 - 교차로횡단보도내,승용,여,62세,상해없음,보행자,여,80세,중상
18133,2019102600100240,2019년 10월 26일 11시,토요일,경기도 수원시 팔달구 화서동,경상사고,0,0,1,0,차대사람 - 기타,안전운전불이행,포장 - 건조,맑음,단일로 - 기타,승합,남,50세,상해없음,보행자,남,29세,경상
18134,2019102600100241,2019년 10월 26일 11시,토요일,경기도 평택시 통복동,경상사고,0,0,1,0,차대사람 - 기타,안전운전불이행,포장 - 건조,맑음,단일로 - 기타,승용,남,29세,상해없음,보행자,남,61세,경상
18135,2019102600100243,2019년 10월 26일 11시,토요일,경기도 평택시 지산동,경상사고,0,0,1,0,차대사람 - 기타,안전운전불이행,포장 - 건조,맑음,단일로 - 기타,승용,여,59세,상해없음,보행자,여,51세,경상
18136,2019102600100247,2019년 10월 26일 11시,토요일,경기도 시흥시 정왕동,중상사고,0,1,1,0,차대사람 - 횡단중,안전운전불이행,포장 - 건조,맑음,교차로 - 교차로안,승용,남,67세,상해없음,보행자,여,27세,중상
18137,2019102600100279,2019년 10월 26일 12시,토요일,경기도 평택시 평택동,경상사고,0,0,1,0,차대사람 - 보도통행중,기타,포장 - 건조,맑음,단일로 - 기타,이륜,남,72세,상해없음,보행자,여,62세,경상
18138,2019102600100355,2019년 10월 26일 13시,토요일,경기도 구리시 교문동,중상사고,0,1,0,0,차대사람 - 기타,보행자보호의무위반,포장 - 건조,맑음,단일로 - 기타,승합,남,59세,상해없음,보행자,여,84세,중상
18139,2019102600100367,2019년 10월 26일 14시,토요일,경기도 용인시 기흥구 신갈동,경상사고,0,0,1,0,차대사람 - 횡단중,보행자보호의무위반,포장 - 건조,맑음,교차로 - 교차로안,승용,남,67세,상해없음,보행자,여,53세,경상
18140,2019102600100397,2019년 10월 26일 14시,토요일,경기도 고양시 일산동구 장항동,경상사고,0,0,1,0,차대사람 - 횡단중,안전운전불이행,포장 - 건조,맑음,단일로 - 기타,승용,남,58세,상해없음,보행자,남,63세,경상
18141,2019102600100452,2019년 10월 26일 16시,토요일,경기도 광주시 회덕동,경상사고,0,0,1,0,차대사람 - 기타,안전운전불이행,포장 - 건조,맑음,단일로 - 기타,승용,남,46세,상해없음,보행자,남,56세,경상
18142,2019102600100485,2019년 10월 26일 17시,토요일,경기도 평택시 지산동,중상사고,0,1,0,0,차대사람 - 기타,안전운전불이행,포장 - 건조,맑음,단일로 - 기타,자전거,남,13세,상해없음,보행자,남,72세,중상
18143,2019102600100488,2019년 10월 26일 17시,토요일,경기도 안양시 만안구 석수동,경상사고,0,0,1,0,차대사람 - 기타,안전운전불이행,포장 - 건조,맑음,단일로 - 기타,승용,여,62세,상해없음,보행자,여,49세,경상
18144,2019102600100489,2019년 10월 26일 17시,토요일,경기도 용인시 수지구 죽전동,경상사고,0,0,1,0,차대사람 - 횡단중,보행자보호의무위반,포장 - 건조,맑음,교차로 - 교차로횡단보도내,승용,남,62세,상해없음,보행자,남,51세,경상
18145,2019102600100519,2019년 10월 26일 17시,토요일,경기도 고양시 일산동구 백석동,경상사고,0,0,1,0,차대사람 - 기타,안전운전불이행,포장 - 건조,맑음,교차로 - 교차로안,화물,남,63세,상해없음,보행자,남,81세,경상
18146,2019102600100562,2019년 10월 26일 18시,토요일,경기도 고양시 일산동구 중산동,부상신고사고,0,0,0,1,차대사람 - 기타,안전운전불이행,포장 - 건조,맑음,단일로 - 기타,기타불명,기타불명,미분류,기타불명,보행자,남,62세,부상신고
18147,2019102600100569,2019년 10월 26일 19시,토요일,경기도 수원시 권선구 권선동,중상사고,0,1,0,0,차대사람 - 기타,안전운전불이행,포장 - 건조,맑음,단일로 - 기타,화물,남,37세,상해없음,보행자,여,62세,중상
18148,2019102600100573,2019년 10월 26일 19시,토요일,경기도 의왕시 포일동,부상신고사고,0,0,0,1,차대사람 - 횡단중,안전운전불이행,포장 - 건조,맑음,교차로 - 교차로부근,기타불명,기타불명,미분류,기타불명,보행자,남,53세,부상신고
18149,2019102600100646,2019년 10월 26일 20시,토요일,경기도 고양시 일산서구 법곳동,중상사고,0,1,0,0,차대사람 - 차도통행중,안전운전불이행,포장 - 건조,맑음,단일로 - 기타,승용,남,41세,상해없음,보행자,남,36세,중상
18150,2019102600100653,2019년 10월 26일 21시,토요일,경기도 부천시 송내동,경상사고,0,0,1,0,차대사람 - 차도통행중,안전운전불이행,포장 - 건조,맑음,단일로 - 기타,자전거,남,27세,상해없음,보행자,남,41세,경상
18151,2019102600100654,2019년 10월 26일 21시,토요일,경기도 오산시 오산동,경상사고,0,0,1,0,차대사람 - 횡단중,안전운전불이행,포장 - 건조,맑음,단일로 - 기타,화물,남,39세,상해없음,보행자,남,57세,경상
18152,2019102600100655,2019년 10월 26일 21시,토요일,경기도 성남시 중원구 금광동,경상사고,0,0,1,0,차대사람 - 기타,안전운전불이행,포장 - 건조,맑음,단일로 - 기타,승용,남,38세,상해없음,보행자,여,48세,경상
18153,2019102600100657,2019년 10월 26일 21시,토요일,경기도 수원시 팔달구 매산로2가,경상사고,0,0,1,0,차대사람 - 기타,안전운전불이행,포장 - 건조,맑음,단일로 - 기타,승용,남,33세,기타불명,보행자,남,28세,경상
18154,2019102600100682,2019년 10월 26일 22시,토요일,경기도 평택시 이충동,중상사고,0,1,0,0,차대사람 - 기타,안전운전불이행,포장 - 건조,맑음,교차로 - 교차로안,승용,여,34세,상해없음,보행자,여,53세,중상
18155,2019102600100684,2019년 10월 26일 22시,토요일,경기도 광주시 삼동,경상사고,0,0,1,0,차대사람 - 기타,안전운전불이행,포장 - 기타,기타,기타 - 기타,승용,남,48세,상해없음,보행자,여,43세,경상
18156,2019102600100715,2019년 10월 26일 23시,토요일,경기도 시흥시 정왕동,경상사고,0,0,1,0,차대사람 - 차도통행중,안전운전불이행,포장 - 건조,맑음,단일로 - 기타,승용,남,30세,상해없음,보행자,여,31세,경상
18157,2019102700100056,2019년 10월 27일 01시,일요일,경기도 수원시 팔달구 인계동,경상사고,0,0,1,0,차대사람 - 기타,안전운전불이행,포장 - 건조,맑음,교차로 - 교차로부근,승용,남,24세,상해없음,보행자,남,20세,경상
18158,2019102700100073,2019년 10월 27일 02시,일요일,경기도 수원시 팔달구 인계동,경상사고,0,0,1,0,차대사람 - 기타,안전운전불이행,포장 - 건조,맑음,교차로 - 교차로안,승용,남,26세,상해없음,보행자,남,22세,경상
18159,2019102700100074,2019년 10월 27일 02시,일요일,경기도 수원시 팔달구 매교동,경상사고,0,0,1,0,차대사람 - 기타,안전운전불이행,포장 - 건조,맑음,단일로 - 기타,자전거,여,61세,상해없음,보행자,남,47세,경상
18160,2019102700100089,2019년 10월 27일 03시,일요일,경기도 성남시 분당구 야탑동,사망사고,1,0,0,0,차대사람 - 횡단중,안전운전불이행,포장 - 건조,맑음,교차로 - 교차로안,승용,남,30세,상해없음,보행자,남,24세,사망
18161,2019102700100132,2019년 10월 27일 07시,일요일,경기도 수원시 권선구 세류동,부상신고사고,0,0,0,1,차대사람 - 기타,안전운전불이행,포장 - 건조,맑음,기타 - 기타,화물,남,57세,상해없음,보행자,여,76세,부상신고
18162,2019102700100150,2019년 10월 27일 08시,일요일,경기도 하남시 망월동,중상사고,0,1,0,0,차대사람 - 횡단중,신호위반,포장 - 건조,맑음,교차로 - 교차로안,승용,여,59세,상해없음,보행자,남,70세,중상
18163,2019102700100238,2019년 10월 27일 11시,일요일,경기도 남양주시 별내면,경상사고,0,0,1,0,차대사람 - 길가장자리구역통행중,안전운전불이행,포장 - 건조,맑음,교차로 - 교차로부근,승용,여,61세,상해없음,보행자,남,67세,경상
18164,2019102700100245,2019년 10월 27일 12시,일요일,경기도 양평군 양평읍,경상사고,0,0,1,0,차대사람 - 차도통행중,안전운전불이행,포장 - 건조,맑음,기타 - 기타,승용,남,40세,상해없음,보행자,남,61세,경상
18165,2019102700100246,2019년 10월 27일 12시,일요일,경기도 부천시 중동,경상사고,0,0,1,0,차대사람 - 차도통행중,안전운전불이행,포장 - 건조,맑음,교차로 - 교차로안,화물,여,60세,상해없음,보행자,여,51세,경상
18166,2019102700100272,2019년 10월 27일 12시,일요일,경기도 고양시 덕양구 현천동,부상신고사고,0,0,0,1,차대사람 - 보도통행중,안전운전불이행,포장 - 건조,맑음,단일로 - 기타,자전거,여,25세,부상신고,보행자,남,30세,상해없음
18167,2019102700100284,2019년 10월 27일 13시,일요일,경기도 성남시 분당구 백현동,경상사고,0,0,1,0,차대사람 - 횡단중,보행자보호의무위반,포장 - 건조,맑음,교차로 - 교차로횡단보도내,승용,남,30세,상해없음,보행자,여,11세,경상
18168,2019102700100286,2019년 10월 27일 13시,일요일,경기도 수원시 권선구 금곡동,경상사고,0,0,1,0,차대사람 - 횡단중,신호위반,포장 - 건조,맑음,교차로 - 교차로횡단보도내,이륜,남,27세,상해없음,보행자,남,13세,경상
18169,2019102700100313,2019년 10월 27일 13시,일요일,경기도 고양시 일산동구 장항동,경상사고,0,0,1,0,차대사람 - 기타,안전운전불이행,포장 - 건조,맑음,기타 - 기타,자전거,남,12세,상해없음,보행자,남,72세,경상
18170,2019102700100323,2019년 10월 27일 14시,일요일,경기도 과천시 막계동,중상사고,0,1,0,0,차대사람 - 횡단중,안전운전불이행,포장 - 건조,맑음,단일로 - 기타,화물,남,59세,상해없음,보행자,남,78세,중상
18171,2019102700100326,2019년 10월 27일 14시,일요일,경기도 수원시 팔달구 매산로2가,부상신고사고,0,0,0,1,차대사람 - 횡단중,안전운전불이행,포장 - 건조,맑음,단일로 - 기타,특수,남,61세,상해없음,보행자,남,51세,부상신고
18172,2019102700100329,2019년 10월 27일 14시,일요일,경기도 의왕시 내손동,경상사고,0,0,1,0,차대사람 - 횡단중,신호위반,포장 - 건조,맑음,단일로 - 기타,승용,남,37세,상해없음,보행자,여,57세,경상
18173,2019102700100348,2019년 10월 27일 14시,일요일,경기도 남양주시 화도읍,경상사고,0,0,2,0,차대사람 - 기타,안전운전불이행,포장 - 건조,맑음,단일로 - 기타,승용,남,67세,상해없음,보행자,남,36세,경상
18174,2019102700100349,2019년 10월 27일 14시,일요일,경기도 남양주시 진접읍,경상사고,0,0,1,0,차대사람 - 기타,안전운전불이행,포장 - 건조,맑음,단일로 - 기타,승용,여,52세,상해없음,보행자,남,64세,경상
18175,2019102700100350,2019년 10월 27일 14시,일요일,경기도 구리시 토평동,중상사고,0,1,0,0,차대사람 - 기타,안전운전불이행,포장 - 건조,맑음,단일로 - 기타,자전거,남,33세,기타불명,보행자,여,53세,중상
18176,2019102700100368,2019년 10월 27일 15시,일요일,경기도 수원시 팔달구 인계동,중상사고,0,1,0,0,차대사람 - 횡단중,안전운전불이행,포장 - 건조,맑음,기타 - 기타,승용,남,66세,상해없음,보행자,여,65세,중상
18177,2019102700100410,2019년 10월 27일 16시,일요일,경기도 수원시 팔달구 우만동,경상사고,0,0,1,0,차대사람 - 기타,안전운전불이행,포장 - 건조,맑음,단일로 - 기타,화물,남,64세,기타불명,보행자,남,28세,경상
18178,2019102700100439,2019년 10월 27일 17시,일요일,경기도 광주시 오포읍,경상사고,0,0,1,0,차대사람 - 횡단중,보행자보호의무위반,포장 - 건조,맑음,단일로 - 기타,승용,남,35세,상해없음,보행자,남,13세,경상
18179,2019102700100445,2019년 10월 27일 17시,일요일,경기도 성남시 중원구 성남동,경상사고,0,0,1,0,차대사람 - 기타,안전운전불이행,포장 - 건조,맑음,단일로 - 기타,승용,남,42세,상해없음,보행자,여,16세,경상
18180,2019102700100476,2019년 10월 27일 18시,일요일,경기도 평택시 안중읍,경상사고,0,0,1,0,차대사람 - 횡단중,안전운전불이행,포장 - 건조,맑음,단일로 - 기타,승용,남,39세,상해없음,보행자,여,12세,경상
18181,2019102700100554,2019년 10월 27일 20시,일요일,경기도 평택시 이충동,중상사고,0,1,0,0,차대사람 - 기타,안전운전불이행,포장 - 건조,맑음,교차로 - 교차로안,승용,남,56세,상해없음,보행자,여,63세,중상
18182,2019102700100557,2019년 10월 27일 20시,일요일,경기도 시흥시 조남동,부상신고사고,0,0,0,1,차대사람 - 기타,안전운전불이행,포장 - 건조,맑음,단일로 - 기타,이륜,남,17세,상해없음,보행자,남,5세,부상신고
18183,2019102700100559,2019년 10월 27일 20시,일요일,경기도 수원시 팔달구 매산로1가,경상사고,0,0,1,0,차대사람 - 기타,안전운전불이행,포장 - 건조,맑음,단일로 - 기타,기타불명,기타불명,미분류,기타불명,보행자,여,66세,경상
18184,2019102700100591,2019년 10월 27일 21시,일요일,경기도 안양시 동안구 평촌동,경상사고,0,0,1,0,차대사람 - 횡단중,안전운전불이행,포장 - 건조,맑음,교차로 - 교차로횡단보도내,승용,남,61세,상해없음,보행자,남,23세,경상
18185,2019102800100027,2019년 10월 28일 00시,월요일,경기도 평택시 고덕면,경상사고,0,0,1,0,차대사람 - 기타,안전운전불이행,포장 - 건조,흐림,단일로 - 기타,승용,남,63세,상해없음,보행자,여,67세,경상
18186,2019102800100073,2019년 10월 28일 06시,월요일,경기도 안산시 상록구 이동,경상사고,0,0,1,0,차대사람 - 길가장자리구역통행중,안전운전불이행,포장 - 건조,맑음,단일로 - 기타,승용,남,33세,상해없음,보행자,여,38세,경상
18187,2019102800100074,2019년 10월 28일 06시,월요일,경기도 화성시 봉담읍,중상사고,0,1,0,0,차대사람 - 횡단중,안전운전불이행,포장 - 젖음/습기,안개,교차로 - 교차로안,승용,남,52세,상해없음,보행자,여,73세,중상
18188,2019102800100090,2019년 10월 28일 07시,월요일,경기도 부천시 상동,경상사고,0,0,1,0,차대사람 - 기타,안전운전불이행,포장 - 건조,맑음,교차로 - 교차로안,승용,남,34세,상해없음,보행자,여,52세,경상
18189,2019102800100091,2019년 10월 28일 07시,월요일,경기도 광명시 광명동,경상사고,0,0,1,0,차대사람 - 차도통행중,안전운전불이행,포장 - 건조,맑음,단일로 - 기타,승합,여,51세,상해없음,보행자,여,87세,경상
18190,2019102800100117,2019년 10월 28일 08시,월요일,경기도 안성시 일죽면,경상사고,0,0,1,0,차대사람 - 기타,기타,포장 - 건조,맑음,기타 - 기타,승합,남,61세,기타불명,보행자,여,76세,경상
18191,2019102800100124,2019년 10월 28일 08시,월요일,경기도 수원시 영통구 영통동,경상사고,0,0,1,0,차대사람 - 횡단중,신호위반,포장 - 건조,맑음,교차로 - 교차로안,승용,여,48세,상해없음,보행자,여,67세,경상
18192,2019102800100127,2019년 10월 28일 08시,월요일,경기도 부천시 고강동,경상사고,0,0,1,0,차대사람 - 기타,안전운전불이행,포장 - 건조,맑음,교차로 - 교차로안,승용,남,29세,상해없음,보행자,여,57세,경상
18193,2019102800100167,2019년 10월 28일 09시,월요일,경기도 김포시 북변동,중상사고,0,1,0,0,차대사람 - 기타,안전운전불이행,포장 - 건조,맑음,교차로 - 교차로안,승용,여,29세,상해없음,보행자,여,64세,중상
18194,2019102800100203,2019년 10월 28일 10시,월요일,경기도 용인시 기흥구 고매동,경상사고,0,0,1,0,차대사람 - 기타,안전운전불이행,포장 - 건조,맑음,교차로 - 교차로안,화물,남,39세,상해없음,보행자,여,82세,경상
18195,2019102800100235,2019년 10월 28일 10시,월요일,경기도 포천시 신읍동,경상사고,0,0,1,0,차대사람 - 횡단중,보행자보호의무위반,포장 - 건조,맑음,단일로 - 기타,승용,여,45세,상해없음,보행자,여,53세,경상
18196,2019102800100244,2019년 10월 28일 11시,월요일,경기도 성남시 수정구 신흥동,경상사고,0,0,1,0,차대사람 - 기타,보행자보호의무위반,포장 - 건조,맑음,단일로 - 기타,승합,남,67세,상해없음,보행자,여,78세,경상
18197,2019102800100251,2019년 10월 28일 11시,월요일,경기도 용인시 기흥구 신갈동,경상사고,0,0,1,0,차대사람 - 기타,기타,포장 - 건조,맑음,단일로 - 기타,승용,남,70세,상해없음,보행자,여,36세,경상
18198,2019102800100252,2019년 10월 28일 11시,월요일,경기도 부천시 중동,중상사고,0,1,0,0,차대사람 - 기타,안전운전불이행,포장 - 건조,맑음,단일로 - 기타,승용,남,41세,상해없음,보행자,남,51세,중상
18199,2019102800100258,2019년 10월 28일 11시,월요일,경기도 하남시 감일동,중상사고,0,1,0,0,차대사람 - 기타,안전운전불이행,포장 - 건조,맑음,단일로 - 기타,화물,남,53세,상해없음,보행자,남,75세,중상
18200,2019102800100275,2019년 10월 28일 11시,월요일,경기도 고양시 덕양구 화정동,중상사고,0,1,0,0,차대사람 - 횡단중,보행자보호의무위반,포장 - 건조,맑음,교차로 - 교차로횡단보도내,승용,남,81세,상해없음,보행자,남,80세,중상
18201,2019102800100276,2019년 10월 28일 11시,월요일,경기도 고양시 일산동구 식사동,중상사고,0,1,0,0,차대사람 - 차도통행중,안전운전불이행,포장 - 건조,맑음,단일로 - 기타,승용,여,45세,상해없음,보행자,남,82세,중상
18202,2019102800100315,2019년 10월 28일 12시,월요일,경기도 의정부시 용현동,경상사고,0,0,1,0,차대사람 - 기타,기타,포장 - 건조,맑음,단일로 - 기타,승용,남,37세,상해없음,보행자,남,61세,경상
18203,2019102800100316,2019년 10월 28일 12시,월요일,경기도 의정부시 금오동,경상사고,0,0,1,0,차대사람 - 기타,기타,포장 - 건조,맑음,단일로 - 기타,화물,남,41세,상해없음,보행자,남,37세,경상
18204,2019102800100318,2019년 10월 28일 12시,월요일,경기도 고양시 일산서구 주엽동,경상사고,0,0,1,0,차대사람 - 기타,기타,포장 - 건조,맑음,단일로 - 기타,승합,남,56세,상해없음,보행자,남,74세,경상
18205,2019102800100330,2019년 10월 28일 13시,월요일,경기도 수원시 권선구 세류동,사망사고,1,0,0,0,차대사람 - 횡단중,보행자보호의무위반,포장 - 건조,맑음,교차로 - 교차로횡단보도내,건설기계,남,57세,상해없음,보행자,여,79세,사망
18206,2019102800100350,2019년 10월 28일 13시,월요일,경기도 고양시 일산동구 장항동,중상사고,0,1,0,0,차대사람 - 기타,안전운전불이행,포장 - 건조,맑음,기타 - 기타,승용,남,39세,상해없음,보행자,여,39세,중상
18207,2019102800100402,2019년 10월 28일 15시,월요일,경기도 수원시 장안구 연무동,경상사고,0,0,1,0,차대사람 - 기타,보행자보호의무위반,포장 - 건조,맑음,교차로 - 교차로횡단보도내,이륜,남,69세,상해없음,보행자,여,43세,경상
18208,2019102800100409,2019년 10월 28일 15시,월요일,경기도 의왕시 고천동,중상사고,0,1,0,0,차대사람 - 횡단중,보행자보호의무위반,포장 - 건조,맑음,교차로 - 교차로횡단보도내,승합,남,49세,상해없음,보행자,여,39세,중상
18209,2019102800100469,2019년 10월 28일 16시,월요일,경기도 구리시 인창동,경상사고,0,0,1,0,차대사람 - 횡단중,안전운전불이행,포장 - 건조,맑음,교차로 - 교차로안,승용,여,50세,상해없음,보행자,여,71세,경상
18210,2019102800100485,2019년 10월 28일 17시,월요일,경기도 부천시 중동,경상사고,0,0,1,0,차대사람 - 횡단중,보행자보호의무위반,포장 - 건조,맑음,교차로 - 교차로안,승용,남,64세,상해없음,보행자,여,52세,경상
18211,2019102800100486,2019년 10월 28일 17시,월요일,경기도 과천시 중앙동,부상신고사고,0,0,0,1,차대사람 - 횡단중,보행자보호의무위반,포장 - 건조,맑음,교차로 - 교차로횡단보도내,화물,남,60세,상해없음,보행자,남,7세,부상신고
18212,2019102800100543,2019년 10월 28일 18시,월요일,경기도 안산시 상록구 일동,경상사고,0,0,1,0,차대사람 - 기타,안전운전불이행,포장 - 건조,맑음,교차로 - 교차로부근,승용,남,51세,상해없음,보행자,여,46세,경상
18213,2019102800100588,2019년 10월 28일 18시,월요일,경기도 고양시 덕양구 행신동,중상사고,0,1,0,0,차대사람 - 횡단중,안전운전불이행,포장 - 건조,맑음,교차로 - 교차로횡단보도내,승용,여,38세,상해없음,보행자,여,21세,중상
18214,2019102800100596,2019년 10월 28일 19시,월요일,경기도 안성시 봉산동,경상사고,0,0,1,0,차대사람 - 횡단중,안전운전불이행,포장 - 건조,맑음,교차로 - 교차로안,승용,남,63세,상해없음,보행자,여,44세,경상
18215,2019102800100605,2019년 10월 28일 19시,월요일,경기도 안양시 만안구 석수동,경상사고,0,0,1,0,차대사람 - 기타,기타,포장 - 건조,맑음,단일로 - 기타,승합,남,60세,상해없음,보행자,남,37세,경상
18216,2019102800100632,2019년 10월 28일 20시,월요일,경기도 광주시 오포읍,경상사고,0,0,1,0,차대사람 - 횡단중,안전운전불이행,포장 - 건조,맑음,기타 - 기타,승용,남,31세,상해없음,보행자,여,68세,경상
18217,2019102800100634,2019년 10월 28일 20시,월요일,경기도 김포시 풍무동,경상사고,0,0,1,0,차대사람 - 보도통행중,기타,포장 - 젖음/습기,비,기타 - 기타,자전거,여,36세,상해없음,보행자,여,46세,경상
18218,2019102800100635,2019년 10월 28일 20시,월요일,경기도 부천시 심곡본동,중상사고,0,1,0,0,차대사람 - 기타,신호위반,포장 - 건조,맑음,단일로 - 기타,승용,여,57세,상해없음,보행자,여,66세,중상
18219,2019102800100654,2019년 10월 28일 20시,월요일,경기도 의정부시 가능동,경상사고,0,0,1,0,차대사람 - 보도통행중,안전운전불이행,포장 - 젖음/습기,비,교차로 - 교차로부근,화물,남,41세,상해없음,보행자,여,35세,경상
18220,2019102800100655,2019년 10월 28일 20시,월요일,경기도 고양시 일산동구 풍동,경상사고,0,0,1,0,차대사람 - 횡단중,보행자보호의무위반,포장 - 젖음/습기,흐림,교차로 - 교차로부근,화물,남,39세,상해없음,보행자,남,68세,경상
18221,2019102800100658,2019년 10월 28일 20시,월요일,경기도 포천시 내촌면,경상사고,0,0,1,0,차대사람 - 횡단중,안전운전불이행,포장 - 건조,맑음,단일로 - 기타,승용,남,47세,상해없음,보행자,남,71세,경상
18222,2019102800100684,2019년 10월 28일 22시,월요일,경기도 성남시 수정구 태평동,경상사고,0,0,1,0,차대사람 - 차도통행중,안전운전불이행,포장 - 젖음/습기,흐림,교차로 - 교차로부근,승용,남,58세,상해없음,보행자,남,27세,경상