,사고번호,사고일시,요일,시군구,사고내용,사망자수,중상자수,경상자수,부상신고자수,사고유형,법규위반,노면상태,기상상태,도로형태,가해운전자 차종,가해운전자 성별,가해운전자 연령,가해운전자 상해정도,피해운전자 차종,피해운전자 성별,피해운전자 연령,피해운전자 상해정도
18223,2019102800100687,2019년 10월 28일 22시,월요일,경기도 광명시 광명동,경상사고,0,0,1,0,차대사람 - 기타,안전운전불이행,포장 - 건조,맑음,단일로 - 기타,승용,남,36세,상해없음,보행자,남,63세,경상
18224,2019102800100714,2019년 10월 28일 23시,월요일,경기도 시흥시 정왕동,중상사고,0,1,0,0,차대사람 - 횡단중,보행자보호의무위반,포장 - 젖음/습기,비,단일로 - 기타,승용,남,39세,상해없음,보행자,여,34세,중상
18225,2019102800100727,2019년 10월 28일 23시,월요일,경기도 고양시 덕양구 토당동,중상사고,0,1,0,0,차대사람 - 횡단중,신호위반,포장 - 건조,맑음,교차로 - 교차로안,승용,여,58세,상해없음,보행자,남,26세,중상
18226,2019102800100729,2019년 10월 28일 23시,월요일,경기도 고양시 일산서구 주엽동,중상사고,0,1,0,0,차대사람 - 기타,신호위반,포장 - 젖음/습기,흐림,단일로 - 기타,승용,여,39세,상해없음,보행자,여,58세,중상
18227,2019102900100029,2019년 10월 29일 00시,화요일,경기도 안산시 단원구 고잔동,사망사고,1,0,0,0,차대사람 - 횡단중,신호위반,포장 - 젖음/습기,비,교차로 - 교차로안,승용,남,30세,상해없음,보행자,여,49세,사망
18228,2019102900100031,2019년 10월 29일 00시,화요일,경기도 수원시 팔달구 매산로2가,경상사고,0,0,1,0,차대사람 - 차도통행중,안전운전불이행,포장 - 건조,맑음,교차로 - 교차로부근,승용,남,31세,상해없음,보행자,여,29세,경상
18229,2019102900100044,2019년 10월 29일 01시,화요일,경기도 오산시 갈곶동,중상사고,0,1,0,0,차대사람 - 차도통행중,안전운전불이행,포장 - 젖음/습기,비,단일로 - 기타,승용,남,42세,상해없음,보행자,여,78세,중상
18230,2019102900100047,2019년 10월 29일 01시,화요일,경기도 용인시 수지구 죽전동,경상사고,0,0,1,0,차대사람 - 횡단중,보행자보호의무위반,포장 - 젖음/습기,비,교차로 - 교차로횡단보도내,승용,남,62세,상해없음,보행자,남,31세,경상
18231,2019102900100068,2019년 10월 29일 05시,화요일,경기도 평택시 고덕면,중상사고,0,1,0,0,차대사람 - 횡단중,보행자보호의무위반,포장 - 젖음/습기,흐림,교차로 - 교차로부근,승합,남,40세,상해없음,보행자,남,28세,중상
18232,2019102900100075,2019년 10월 29일 05시,화요일,경기도 고양시 덕양구 행신동,중상사고,0,1,0,0,차대사람 - 횡단중,안전운전불이행,포장 - 건조,맑음,단일로 - 기타,화물,남,48세,상해없음,보행자,남,37세,중상
18233,2019102900100086,2019년 10월 29일 06시,화요일,경기도 성남시 수정구 단대동,중상사고,0,1,0,0,차대사람 - 횡단중,보행자보호의무위반,포장 - 건조,맑음,교차로 - 교차로부근,화물,남,60세,상해없음,보행자,여,69세,중상
18234,2019102900100088,2019년 10월 29일 06시,화요일,경기도 광명시 철산동,중상사고,0,1,0,0,차대사람 - 횡단중,보행자보호의무위반,포장 - 건조,맑음,기타 - 기타,승용,남,61세,상해없음,보행자,여,69세,중상
18235,2019102900100089,2019년 10월 29일 06시,화요일,경기도 수원시 영통구 신동,경상사고,0,0,1,0,차대사람 - 보도통행중,보행자보호의무위반,포장 - 건조,맑음,교차로 - 교차로안,승용,남,49세,상해없음,보행자,여,50세,경상
18236,2019102900100143,2019년 10월 29일 08시,화요일,경기도 이천시 증포동,경상사고,0,0,1,0,차대사람 - 횡단중,안전운전불이행,포장 - 젖음/습기,안개,단일로 - 기타,승용,여,20세,상해없음,보행자,남,7세,경상
18237,2019102900100147,2019년 10월 29일 08시,화요일,경기도 부천시 심곡동,중상사고,0,1,0,0,차대사람 - 횡단중,보행자보호의무위반,포장 - 건조,맑음,교차로 - 교차로횡단보도내,승용,여,54세,상해없음,보행자,남,45세,중상
18238,2019102900100198,2019년 10월 29일 09시,화요일,경기도 부천시 고강동,경상사고,0,0,1,0,차대사람 - 횡단중,보행자보호의무위반,포장 - 건조,맑음,교차로 - 교차로부근,화물,남,58세,기타불명,보행자,여,36세,경상
18239,2019102900100228,2019년 10월 29일 10시,화요일,경기도 평택시 통복동,중상사고,0,1,0,0,차대사람 - 기타,안전운전불이행,포장 - 건조,맑음,단일로 - 기타,화물,남,58세,상해없음,보행자,여,84세,중상
18240,2019102900100262,2019년 10월 29일 11시,화요일,경기도 평택시 평택동,중상사고,0,1,0,0,차대사람 - 횡단중,보행자보호의무위반,포장 - 건조,맑음,교차로 - 교차로횡단보도내,승용,여,35세,상해없음,보행자,여,58세,중상
18241,2019102900100317,2019년 10월 29일 13시,화요일,경기도 수원시 장안구 파장동,중상사고,0,1,0,0,차대사람 - 기타,안전운전불이행,포장 - 건조,맑음,단일로 - 기타,승용,남,70세,상해없음,보행자,남,73세,중상
18242,2019102900100358,2019년 10월 29일 14시,화요일,경기도 부천시 중동,경상사고,0,0,1,0,차대사람 - 기타,보행자보호의무위반,포장 - 건조,맑음,교차로 - 교차로부근,승용,남,30세,상해없음,보행자,여,63세,경상
18243,2019102900100384,2019년 10월 29일 14시,화요일,경기도 포천시 가산면,경상사고,0,0,1,0,차대사람 - 기타,안전운전불이행,포장 - 건조,맑음,교차로 - 교차로안,승합,남,55세,상해없음,보행자,여,78세,경상
18244,2019102900100400,2019년 10월 29일 15시,화요일,경기도 평택시 신장동,경상사고,0,0,1,0,차대사람 - 기타,안전운전불이행,포장 - 건조,맑음,단일로 - 기타,승합,남,62세,상해없음,보행자,남,84세,경상
18245,2019102900100402,2019년 10월 29일 15시,화요일,경기도 광주시 탄벌동,중상사고,0,1,0,0,차대사람 - 횡단중,보행자보호의무위반,포장 - 건조,맑음,교차로 - 교차로횡단보도내,화물,여,61세,상해없음,보행자,여,77세,중상
18246,2019102900100436,2019년 10월 29일 15시,화요일,경기도 의정부시 신곡동,중상사고,0,1,0,0,차대사람 - 횡단중,교차로운행방법위반,포장 - 건조,맑음,교차로 - 교차로안,이륜,남,59세,상해없음,보행자,여,66세,중상
18247,2019102900100458,2019년 10월 29일 16시,화요일,경기도 김포시 통진읍,중상사고,0,1,0,0,차대사람 - 기타,안전운전불이행,포장 - 건조,맑음,단일로 - 기타,승합,남,43세,상해없음,보행자,여,73세,중상
18248,2019102900100489,2019년 10월 29일 16시,화요일,경기도 파주시 상지석동,경상사고,0,0,1,0,차대사람 - 횡단중,보행자보호의무위반,포장 - 건조,맑음,교차로 - 교차로횡단보도내,화물,남,50세,상해없음,보행자,여,80세,경상
18249,2019102900100497,2019년 10월 29일 17시,화요일,경기도 수원시 장안구 영화동,부상신고사고,0,0,0,1,차대사람 - 횡단중,교차로운행방법위반,포장 - 건조,맑음,교차로 - 교차로안,승용,남,46세,상해없음,보행자,남,52세,부상신고
18250,2019102900100501,2019년 10월 29일 17시,화요일,경기도 용인시 처인구 역북동,경상사고,0,0,1,0,차대사람 - 횡단중,기타,포장 - 건조,맑음,단일로 - 기타,승합,여,52세,상해없음,보행자,여,9세,경상
18251,2019102900100530,2019년 10월 29일 17시,화요일,경기도 남양주시 별내동,중상사고,0,1,0,0,차대사람 - 차도통행중,안전운전불이행,포장 - 건조,맑음,단일로 - 기타,화물,남,54세,상해없음,보행자,남,45세,중상
18252,2019102900100547,2019년 10월 29일 18시,화요일,경기도 군포시 당동,경상사고,0,0,1,0,차대사람 - 기타,안전운전불이행,포장 - 건조,맑음,단일로 - 기타,승용,여,51세,상해없음,보행자,여,18세,경상
18253,2019102900100607,2019년 10월 29일 19시,화요일,경기도 군포시 산본동,경상사고,0,0,1,1,차대사람 - 기타,안전운전불이행,포장 - 건조,맑음,기타 - 기타,승용,여,48세,상해없음,보행자,여,77세,경상
18254,2019102900100608,2019년 10월 29일 19시,화요일,경기도 안산시 상록구 월피동,경상사고,0,0,1,0,차대사람 - 길가장자리구역통행중,안전운전불이행,포장 - 건조,맑음,교차로 - 교차로부근,승용,남,51세,상해없음,보행자,남,46세,경상
18255,2019102900100648,2019년 10월 29일 20시,화요일,경기도 시흥시 정왕동,경상사고,0,0,1,0,차대사람 - 기타,안전운전불이행,포장 - 건조,맑음,단일로 - 기타,승용,남,28세,상해없음,보행자,여,46세,경상
18256,2019102900100649,2019년 10월 29일 20시,화요일,경기도 부천시 고강동,경상사고,0,0,1,0,차대사람 - 기타,안전운전불이행,포장 - 건조,맑음,단일로 - 기타,화물,남,28세,기타불명,보행자,여,64세,경상
18257,2019102900100678,2019년 10월 29일 21시,화요일,경기도 성남시 수정구 복정동,경상사고,0,0,1,0,차대사람 - 횡단중,보행자보호의무위반,포장 - 건조,맑음,교차로 - 교차로횡단보도내,승용,여,29세,상해없음,보행자,남,49세,경상
18258,2019102900100727,2019년 10월 29일 23시,화요일,경기도 안산시 단원구 선부동,사망사고,1,0,0,0,차대사람 - 차도통행중,신호위반,포장 - 건조,맑음,교차로 - 교차로부근,승용,여,36세,상해없음,보행자,여,83세,사망
18259,2019102900100728,2019년 10월 29일 23시,화요일,경기도 하남시 창우동,경상사고,0,0,1,0,차대사람 - 차도통행중,안전운전불이행,포장 - 건조,맑음,교차로 - 교차로부근,승용,남,47세,상해없음,보행자,여,44세,경상
18260,2019103000100077,2019년 10월 30일 05시,수요일,경기도 안성시 공도읍,중상사고,0,1,0,0,차대사람 - 기타,기타,포장 - 건조,기타,단일로 - 기타,승합,남,48세,상해없음,보행자,여,78세,중상
18261,2019103000100112,2019년 10월 30일 06시,수요일,경기도 고양시 덕양구 행신동,중상사고,0,1,0,0,차대사람 - 횡단중,안전운전불이행,포장 - 건조,맑음,교차로 - 교차로횡단보도내,승용,남,56세,상해없음,보행자,남,76세,중상
18262,2019103000100113,2019년 10월 30일 06시,수요일,경기도 남양주시 진건읍,경상사고,0,0,1,0,차대사람 - 횡단중,보행자보호의무위반,포장 - 건조,맑음,교차로 - 교차로안,화물,남,59세,상해없음,보행자,여,90세 이상,경상
18263,2019103000100143,2019년 10월 30일 08시,수요일,경기도 광주시 초월읍,부상신고사고,0,0,0,1,차대사람 - 기타,안전운전불이행,포장 - 건조,맑음,단일로 - 기타,기타불명,기타불명,미분류,기타불명,보행자,남,10세,부상신고
18264,2019103000100144,2019년 10월 30일 08시,수요일,경기도 오산시 지곶동,경상사고,0,0,1,0,차대사람 - 횡단중,신호위반,포장 - 건조,맑음,교차로 - 교차로안,승용,여,55세,상해없음,보행자,여,28세,경상
18265,2019103000100149,2019년 10월 30일 08시,수요일,경기도 안산시 상록구 사동,경상사고,0,0,1,0,차대사람 - 기타,신호위반,포장 - 건조,맑음,교차로 - 교차로횡단보도내,자전거,남,14세,기타불명,보행자,남,10세,경상
18266,2019103000100188,2019년 10월 30일 08시,수요일,경기도 파주시 와동,경상사고,0,0,1,0,차대사람 - 보도통행중,보행자보호의무위반,포장 - 건조,맑음,교차로 - 교차로부근,승용,여,44세,상해없음,보행자,남,17세,경상
18267,2019103000100249,2019년 10월 30일 10시,수요일,경기도 안양시 동안구 관양동,중상사고,0,1,0,0,차대사람 - 횡단중,신호위반,포장 - 건조,맑음,교차로 - 교차로횡단보도내,화물,남,53세,상해없음,보행자,여,53세,중상
18268,2019103000100251,2019년 10월 30일 10시,수요일,경기도 이천시 안흥동,중상사고,0,1,0,0,차대사람 - 기타,중앙선침범,포장 - 건조,맑음,단일로 - 기타,화물,남,62세,상해없음,보행자,여,68세,중상
18269,2019103000100254,2019년 10월 30일 10시,수요일,경기도 안산시 단원구 선부동,중상사고,0,1,0,0,차대사람 - 기타,교차로운행방법위반,포장 - 건조,맑음,교차로 - 교차로안,이륜,남,24세,상해없음,보행자,여,78세,중상
18270,2019103000100258,2019년 10월 30일 10시,수요일,경기도 용인시 수지구 동천동,경상사고,0,0,1,0,차대사람 - 기타,안전운전불이행,포장 - 건조,맑음,단일로 - 기타,승용,남,72세,상해없음,보행자,여,69세,경상
18271,2019103000100272,2019년 10월 30일 10시,수요일,경기도 포천시 소흘읍,사망사고,1,0,0,0,차대사람 - 길가장자리구역통행중,안전운전불이행,포장 - 건조,맑음,교차로 - 교차로안,승용,여,56세,상해없음,보행자,남,82세,사망
18272,2019103000100277,2019년 10월 30일 11시,수요일,경기도 수원시 장안구 율전동,경상사고,0,0,1,0,차대사람 - 기타,안전운전불이행,포장 - 건조,맑음,교차로 - 교차로안,승용,여,37세,상해없음,보행자,여,42세,경상
18273,2019103000100283,2019년 10월 30일 11시,수요일,경기도 성남시 중원구 성남동,경상사고,0,0,1,0,차대사람 - 길가장자리구역통행중,안전운전불이행,포장 - 건조,맑음,단일로 - 기타,승용,남,77세,상해없음,보행자,여,54세,경상
18274,2019103000100321,2019년 10월 30일 12시,수요일,경기도 군포시 산본동,경상사고,0,0,1,0,차대사람 - 횡단중,신호위반,포장 - 건조,맑음,교차로 - 교차로안,승용,여,55세,상해없음,보행자,남,7세,경상
18275,2019103000100347,2019년 10월 30일 13시,수요일,경기도 김포시 구래동,중상사고,0,1,0,0,차대사람 - 횡단중,보행자보호의무위반,포장 - 건조,맑음,교차로 - 교차로안,승용,여,35세,상해없음,보행자,남,50세,중상
18276,2019103000100389,2019년 10월 30일 14시,수요일,경기도 수원시 장안구 조원동,중상사고,0,1,1,0,차대사람 - 횡단중,안전운전불이행,포장 - 건조,맑음,교차로 - 교차로안,승용,남,59세,상해없음,보행자,여,7세,중상
18277,2019103000100395,2019년 10월 30일 14시,수요일,경기도 양평군 용문면,경상사고,0,0,1,0,차대사람 - 횡단중,보행자보호의무위반,포장 - 건조,맑음,교차로 - 교차로안,승용,남,62세,기타불명,보행자,여,58세,경상
18278,2019103000100400,2019년 10월 30일 14시,수요일,경기도 수원시 팔달구 매산로2가,중상사고,0,1,0,0,차대사람 - 기타,안전운전불이행,포장 - 건조,맑음,주차장 - 주차장,화물,남,51세,상해없음,보행자,남,48세,중상
18279,2019103000100438,2019년 10월 30일 15시,수요일,경기도 이천시 송정동,중상사고,0,1,0,0,차대사람 - 횡단중,안전운전불이행,포장 - 건조,맑음,단일로 - 기타,승용,여,42세,상해없음,보행자,여,12세,중상
18280,2019103000100441,2019년 10월 30일 15시,수요일,경기도 부천시 역곡동,중상사고,0,1,0,0,차대사람 - 횡단중,보행자보호의무위반,포장 - 건조,맑음,기타 - 기타,승용,남,68세,상해없음,보행자,여,74세,중상
18281,2019103000100466,2019년 10월 30일 15시,수요일,경기도 남양주시 화도읍,경상사고,0,0,1,0,차대사람 - 횡단중,신호위반,포장 - 건조,맑음,교차로 - 교차로안,승용,남,24세,상해없음,보행자,남,68세,경상
18282,2019103000100468,2019년 10월 30일 15시,수요일,경기도 파주시 적성면,부상신고사고,0,0,0,1,차대사람 - 기타,안전운전불이행,포장 - 건조,맑음,단일로 - 기타,기타불명,기타불명,미분류,기타불명,보행자,여,58세,부상신고
18283,2019103000100469,2019년 10월 30일 15시,수요일,경기도 파주시 금촌동,중상사고,0,1,0,0,차대사람 - 길가장자리구역통행중,안전운전불이행,포장 - 건조,맑음,교차로 - 교차로안,승용,남,55세,상해없음,보행자,여,69세,중상
18284,2019103000100487,2019년 10월 30일 16시,수요일,경기도 광명시 광명동,부상신고사고,0,0,0,1,차대사람 - 기타,안전운전불이행,포장 - 건조,맑음,단일로 - 기타,승용,남,26세,상해없음,보행자,남,63세,부상신고
18285,2019103000100489,2019년 10월 30일 16시,수요일,경기도 성남시 중원구 중앙동,경상사고,0,0,1,0,차대사람 - 기타,안전운전불이행,포장 - 건조,맑음,기타 - 기타,승합,남,38세,기타불명,보행자,여,73세,경상
18286,2019103000100490,2019년 10월 30일 16시,수요일,경기도 성남시 분당구 야탑동,중상사고,0,1,0,0,차대사람 - 기타,안전운전불이행,포장 - 건조,맑음,기타 - 기타,승용,남,38세,상해없음,보행자,남,11세,중상
18287,2019103000100491,2019년 10월 30일 16시,수요일,경기도 성남시 분당구 서현동,경상사고,0,0,1,0,차대사람 - 기타,안전운전불이행,포장 - 건조,맑음,단일로 - 기타,승용,여,79세,상해없음,보행자,남,12세,경상
18288,2019103000100530,2019년 10월 30일 16시,수요일,경기도 포천시 군내면,부상신고사고,0,0,0,1,차대사람 - 기타,안전운전불이행,포장 - 건조,맑음,기타 - 기타,승용,남,75세,상해없음,보행자,여,76세,부상신고
18289,2019103000100541,2019년 10월 30일 17시,수요일,경기도 안양시 동안구 관양동,경상사고,0,0,1,0,차대사람 - 기타,보행자보호의무위반,포장 - 건조,맑음,단일로 - 기타,기타불명,기타불명,미분류,기타불명,보행자,여,18세,경상
18290,2019103000100545,2019년 10월 30일 17시,수요일,경기도 부천시 심곡동,중상사고,0,1,0,0,차대사람 - 기타,안전운전불이행,포장 - 건조,맑음,단일로 - 기타,승용,남,27세,상해없음,보행자,여,24세,중상
18291,2019103000100549,2019년 10월 30일 17시,수요일,경기도 부천시 삼정동,중상사고,0,1,0,0,차대사람 - 기타,안전운전불이행,포장 - 건조,맑음,단일로 - 기타,자전거,남,44세,상해없음,보행자,여,45세,중상
18292,2019103000100599,2019년 10월 30일 18시,수요일,경기도 용인시 처인구 남사면,경상사고,0,0,1,0,차대사람 - 기타,안전운전불이행,포장 - 건조,맑음,단일로 - 기타,승용,여,30세,상해없음,보행자,남,24세,경상
18293,2019103000100607,2019년 10월 30일 18시,수요일,경기도 화성시 진안동,중상사고,0,1,0,0,차대사람 - 횡단중,과속,포장 - 건조,맑음,교차로 - 교차로횡단보도내,승용,남,30세,상해없음,보행자,남,74세,중상
18294,2019103000100654,2019년 10월 30일 18시,수요일,경기도 남양주시 평내동,경상사고,0,0,1,0,차대사람 - 기타,기타,포장 - 건조,맑음,기타 - 기타,승용,여,47세,상해없음,보행자,여,76세,경상
18295,2019103000100665,2019년 10월 30일 19시,수요일,경기도 김포시 장기동,중상사고,0,1,0,0,차대사람 - 기타,안전운전불이행,포장 - 건조,맑음,교차로 - 교차로안,승용,남,22세,기타불명,보행자,남,81세,중상
18296,2019103000100719,2019년 10월 30일 20시,수요일,경기도 평택시 지산동,경상사고,0,0,1,0,차대사람 - 차도통행중,안전운전불이행,포장 - 건조,맑음,단일로 - 기타,승용,남,41세,상해없음,보행자,남,17세,경상
18297,2019103000100721,2019년 10월 30일 20시,수요일,경기도 부천시 심곡동,경상사고,0,0,1,0,차대사람 - 기타,안전운전불이행,포장 - 건조,맑음,단일로 - 기타,승합,남,63세,상해없음,보행자,남,55세,경상
18298,2019103000100750,2019년 10월 30일 21시,수요일,경기도 평택시 서정동,경상사고,0,0,1,0,차대사람 - 횡단중,보행자보호의무위반,포장 - 건조,맑음,교차로 - 교차로횡단보도내,승용,남,60세,상해없음,보행자,남,28세,경상
18299,2019103000100779,2019년 10월 30일 22시,수요일,경기도 김포시 북변동,중상사고,0,1,0,0,차대사람 - 횡단중,보행자보호의무위반,포장 - 건조,맑음,교차로 - 교차로횡단보도내,승용,여,46세,상해없음,보행자,여,36세,중상
18300,2019103000100780,2019년 10월 30일 22시,수요일,경기도 부천시 심곡본동,부상신고사고,0,0,0,1,차대사람 - 기타,안전운전불이행,포장 - 건조,맑음,단일로 - 기타,이륜,남,23세,상해없음,보행자,여,35세,부상신고
18301,2019103000100781,2019년 10월 30일 22시,수요일,경기도 수원시 팔달구 인계동,중상사고,0,1,0,0,차대사람 - 기타,안전운전불이행,포장 - 건조,맑음,기타 - 기타,이륜,남,32세,기타불명,보행자,남,43세,중상
18302,2019103000100784,2019년 10월 30일 22시,수요일,경기도 안산시 상록구 장상동,중상사고,0,1,0,0,차대사람 - 차도통행중,과속,포장 - 건조,맑음,단일로 - 기타,승용,남,34세,상해없음,보행자,남,54세,중상
18303,2019103000100804,2019년 10월 30일 23시,수요일,경기도 안산시 상록구 이동,경상사고,0,0,1,0,차대사람 - 횡단중,신호위반,포장 - 건조,맑음,교차로 - 교차로횡단보도내,승용,남,36세,상해없음,보행자,남,27세,경상
18304,2019103100100043,2019년 10월 31일 00시,목요일,경기도 광주시 초월읍,경상사고,0,0,1,0,차대사람 - 기타,보행자보호의무위반,포장 - 건조,맑음,교차로 - 교차로횡단보도내,승합,남,64세,상해없음,보행자,남,61세,경상
18305,2019103100100045,2019년 10월 31일 00시,목요일,경기도 성남시 중원구 성남동,중상사고,0,1,0,0,차대사람 - 횡단중,안전운전불이행,포장 - 건조,맑음,단일로 - 기타,승용,남,30세,상해없음,보행자,남,26세,중상
18306,2019103100100087,2019년 10월 31일 07시,목요일,경기도 시흥시 신천동,경상사고,0,0,1,0,차대사람 - 기타,안전운전불이행,포장 - 건조,맑음,교차로 - 교차로안,승용,여,49세,상해없음,보행자,여,46세,경상
18307,2019103100100118,2019년 10월 31일 08시,목요일,경기도 성남시 분당구 야탑동,중상사고,0,1,0,0,차대사람 - 기타,안전운전불이행,포장 - 건조,맑음,단일로 - 기타,기타불명,기타불명,미분류,기타불명,보행자,여,89세,중상
18308,2019103100100178,2019년 10월 31일 09시,목요일,경기도 부천시 중동,경상사고,0,0,1,0,차대사람 - 횡단중,보행자보호의무위반,포장 - 건조,맑음,교차로 - 교차로횡단보도내,승용,남,67세,상해없음,보행자,여,23세,경상
18309,2019103100100215,2019년 10월 31일 10시,목요일,경기도 화성시 송산면,중상사고,0,1,0,0,차대사람 - 횡단중,신호위반,포장 - 건조,맑음,교차로 - 교차로안,승용,남,59세,상해없음,보행자,남,74세,중상
18310,2019103100100268,2019년 10월 31일 11시,목요일,경기도 의정부시 의정부동,중상사고,0,1,0,0,차대사람 - 길가장자리구역통행중,안전운전불이행,포장 - 건조,맑음,단일로 - 기타,기타불명,여,67세,상해없음,보행자,남,72세,중상
18311,2019103100100269,2019년 10월 31일 11시,목요일,경기도 고양시 덕양구 행주내동,경상사고,0,0,1,0,차대사람 - 기타,안전운전불이행,포장 - 건조,맑음,단일로 - 기타,자전거,남,66세,상해없음,보행자,여,29세,경상
18312,2019103100100284,2019년 10월 31일 12시,목요일,경기도 광주시 오포읍,경상사고,0,0,1,0,차대사람 - 기타,기타,포장 - 건조,맑음,기타 - 기타,승용,여,23세,상해없음,보행자,여,18세,경상
18313,2019103100100289,2019년 10월 31일 12시,목요일,경기도 안산시 상록구 본오동,경상사고,0,0,1,0,차대사람 - 길가장자리구역통행중,안전운전불이행,포장 - 건조,맑음,단일로 - 기타,승용,여,35세,상해없음,보행자,여,30세,경상
18314,2019103100100321,2019년 10월 31일 13시,목요일,경기도 김포시 구래동,경상사고,0,0,1,0,차대사람 - 보도통행중,보행자보호의무위반,포장 - 건조,맑음,교차로 - 교차로안,원동기,남,25세,상해없음,보행자,남,54세,경상
18315,2019103100100349,2019년 10월 31일 13시,목요일,경기도 고양시 덕양구 성사동,경상사고,0,0,1,0,차대사람 - 횡단중,안전운전불이행,포장 - 건조,맑음,교차로 - 교차로안,승용,여,56세,상해없음,보행자,남,21세,경상
18316,2019103100100360,2019년 10월 31일 14시,목요일,경기도 용인시 처인구 고림동,부상신고사고,0,0,0,1,차대사람 - 기타,안전운전불이행,포장 - 건조,맑음,교차로 - 교차로안,승용,여,55세,상해없음,보행자,남,43세,부상신고
18317,2019103100100361,2019년 10월 31일 14시,목요일,경기도 부천시 괴안동,중상사고,0,1,0,0,차대사람 - 횡단중,보행자보호의무위반,포장 - 건조,맑음,교차로 - 교차로횡단보도내,승용,남,58세,상해없음,보행자,여,88세,중상
18318,2019103100100362,2019년 10월 31일 14시,목요일,경기도 수원시 영통구 영통동,중상사고,0,1,0,0,차대사람 - 보도통행중,신호위반,포장 - 건조,맑음,단일로 - 기타,승합,남,61세,상해없음,보행자,남,38세,중상
18319,2019103100100419,2019년 10월 31일 15시,목요일,경기도 남양주시 화도읍,경상사고,0,0,1,0,차대사람 - 기타,보행자보호의무위반,포장 - 건조,맑음,단일로 - 기타,승용,남,53세,상해없음,보행자,남,66세,경상
18320,2019103100100440,2019년 10월 31일 16시,목요일,경기도 광주시 오포읍,중상사고,0,1,0,0,차대사람 - 기타,안전운전불이행,포장 - 건조,맑음,단일로 - 기타,승용,남,62세,상해없음,보행자,여,71세,중상
18321,2019103100100472,2019년 10월 31일 16시,목요일,경기도 의정부시 용현동,경상사고,0,0,1,0,차대사람 - 기타,불법유턴,포장 - 건조,맑음,단일로 - 기타,승용,남,55세,상해없음,보행자,남,47세,경상
18322,2019103100100494,2019년 10월 31일 17시,목요일,경기도 용인시 수지구 풍덕천동,경상사고,0,0,1,0,차대사람 - 기타,안전운전불이행,포장 - 건조,맑음,교차로 - 교차로안,이륜,남,53세,상해없음,보행자,여,64세,경상
18323,2019103100100548,2019년 10월 31일 18시,목요일,경기도 김포시 대곶면,경상사고,0,0,1,0,차대사람 - 차도통행중,안전운전불이행,포장 - 건조,맑음,교차로 - 교차로안,화물,남,23세,상해없음,보행자,남,69세,경상
18324,2019103100100550,2019년 10월 31일 18시,목요일,경기도 광명시 소하동,경상사고,0,0,1,0,차대사람 - 차도통행중,안전운전불이행,포장 - 건조,맑음,단일로 - 기타,승합,남,58세,상해없음,보행자,여,65세,경상
18325,2019103100100634,2019년 10월 31일 19시,목요일,경기도 의정부시 민락동,중상사고,0,1,0,0,차대사람 - 횡단중,보행자보호의무위반,포장 - 건조,맑음,단일로 - 기타,승용,여,57세,상해없음,보행자,여,34세,중상
18326,2019103100100651,2019년 10월 31일 20시,목요일,경기도 이천시 창전동,중상사고,0,1,0,0,차대사람 - 기타,안전운전불이행,포장 - 건조,맑음,단일로 - 기타,승용,남,33세,상해없음,보행자,남,52세,중상
18327,2019103100100652,2019년 10월 31일 20시,목요일,경기도 용인시 기흥구 보라동,중상사고,0,1,0,0,차대사람 - 횡단중,보행자보호의무위반,포장 - 건조,맑음,단일로 - 기타,승용,남,32세,상해없음,보행자,남,51세,중상
18328,2019103100100654,2019년 10월 31일 20시,목요일,경기도 김포시 마산동,부상신고사고,0,0,0,1,차대사람 - 횡단중,보행자보호의무위반,포장 - 건조,맑음,교차로 - 교차로횡단보도내,승용,남,31세,상해없음,보행자,남,5세,부상신고
18329,2019103100100671,2019년 10월 31일 20시,목요일,경기도 동두천시 송내동,중상사고,0,1,0,0,차대사람 - 길가장자리구역통행중,안전운전불이행,포장 - 건조,맑음,단일로 - 기타,승용,여,51세,상해없음,보행자,남,86세,중상
18330,2019103100100680,2019년 10월 31일 21시,목요일,경기도 평택시 합정동,경상사고,0,0,1,0,차대사람 - 횡단중,신호위반,포장 - 건조,맑음,교차로 - 교차로안,승용,남,22세,상해없음,보행자,여,16세,경상
18331,2019103100100684,2019년 10월 31일 21시,목요일,경기도 과천시 갈현동,사망사고,1,0,0,0,차대사람 - 횡단중,안전운전불이행,포장 - 건조,맑음,단일로 - 기타,승용,남,43세,상해없음,보행자,남,53세,사망
18332,2019103100100685,2019년 10월 31일 21시,목요일,경기도 수원시 영통구 매탄동,경상사고,0,0,1,0,차대사람 - 길가장자리구역통행중,안전운전불이행,포장 - 건조,맑음,교차로 - 교차로부근,승용,남,28세,상해없음,보행자,남,45세,경상
18333,2019103100100687,2019년 10월 31일 21시,목요일,경기도 안양시 만안구 석수동,사망사고,1,0,0,0,차대사람 - 기타,안전운전불이행,포장 - 기타,맑음,단일로 - 기타,승용,남,46세,상해없음,보행자,남,63세,사망
18334,2019103100100701,2019년 10월 31일 21시,목요일,경기도 남양주시 평내동,중상사고,0,1,0,0,차대사람 - 기타,안전운전불이행,포장 - 건조,맑음,기타 - 기타,승용,남,41세,상해없음,보행자,여,3세,중상