,사고번호,사고일시,요일,시군구,사고내용,사망자수,중상자수,경상자수,부상신고자수,사고유형,법규위반,노면상태,기상상태,도로형태,가해운전자 차종,가해운전자 성별,가해운전자 연령,가해운전자 상해정도,피해운전자 차종,피해운전자 성별,피해운전자 연령,피해운전자 상해정도
18448,2019110400100612,2019년 11월 4일 18시,월요일,경기도 안산시 상록구 월피동,중상사고,0,1,0,0,차대사람 - 횡단중,보행자보호의무위반,포장 - 건조,맑음,교차로 - 교차로안,승용,남,18세,상해없음,보행자,남,10세,중상
18449,2019110400100644,2019년 11월 4일 18시,월요일,경기도 의정부시 낙양동,경상사고,0,0,1,0,차대사람 - 기타,안전운전불이행,포장 - 건조,맑음,교차로 - 교차로부근,승용,여,57세,상해없음,보행자,남,76세,경상
18450,2019110400100646,2019년 11월 4일 18시,월요일,경기도 동두천시 생연동,중상사고,0,1,0,0,차대사람 - 횡단중,보행자보호의무위반,포장 - 건조,맑음,교차로 - 교차로안,승용,남,39세,상해없음,보행자,여,63세,중상
18451,2019110400100647,2019년 11월 4일 18시,월요일,경기도 포천시 군내면,경상사고,0,0,1,0,차대사람 - 기타,안전운전불이행,포장 - 건조,맑음,단일로 - 기타,기타불명,기타불명,미분류,기타불명,보행자,남,81세,경상
18452,2019110400100654,2019년 11월 4일 19시,월요일,경기도 안양시 동안구 호계동,중상사고,0,1,0,0,차대사람 - 기타,안전운전불이행,포장 - 건조,맑음,교차로 - 교차로부근,승용,남,53세,상해없음,보행자,남,60세,중상
18453,2019110400100660,2019년 11월 4일 19시,월요일,경기도 안산시 상록구 일동,경상사고,0,0,1,0,차대사람 - 기타,안전운전불이행,포장 - 건조,기타,단일로 - 기타,승합,남,59세,상해없음,보행자,남,58세,경상
18454,2019110400100692,2019년 11월 4일 19시,월요일,경기도 포천시 소흘읍,중상사고,0,1,0,0,차대사람 - 횡단중,안전운전불이행,포장 - 건조,맑음,교차로 - 교차로안,승용,남,39세,상해없음,보행자,여,55세,중상
18455,2019110400100702,2019년 11월 4일 20시,월요일,경기도 군포시 산본동,경상사고,0,0,1,0,차대사람 - 기타,안전운전불이행,포장 - 건조,맑음,단일로 - 기타,승용,여,48세,상해없음,보행자,남,45세,경상
18456,2019110400100750,2019년 11월 4일 21시,월요일,경기도 파주시 적성면,경상사고,0,0,1,0,차대사람 - 기타,교차로운행방법위반,포장 - 건조,맑음,단일로 - 기타,승용,남,44세,상해없음,보행자,여,50세,경상
18457,2019110400100759,2019년 11월 4일 22시,월요일,경기도 양평군 양평읍,경상사고,0,0,2,0,차대사람 - 보도통행중,보행자보호의무위반,포장 - 건조,맑음,교차로 - 교차로횡단보도내,승용,남,36세,상해없음,보행자,남,23세,경상
18458,2019110400100771,2019년 11월 4일 22시,월요일,경기도 포천시 신읍동,중상사고,0,1,0,0,차대사람 - 기타,안전운전불이행,포장 - 건조,맑음,주차장 - 주차장,승용,남,34세,상해없음,보행자,남,59세,중상
18459,2019110400100779,2019년 11월 4일 23시,월요일,경기도 부천시 심곡본동,중상사고,0,1,0,0,차대사람 - 횡단중,보행자보호의무위반,포장 - 건조,맑음,교차로 - 교차로안,이륜,남,25세,상해없음,보행자,여,24세,중상
18460,2019110500100041,2019년 11월 5일 01시,화요일,경기도 김포시 고촌읍,경상사고,0,0,1,0,차대사람 - 기타,안전운전불이행,포장 - 건조,맑음,교차로 - 교차로부근,승용,남,27세,상해없음,보행자,남,42세,경상
18461,2019110500100063,2019년 11월 5일 04시,화요일,경기도 동두천시 생연동,중상사고,0,1,0,0,차대사람 - 횡단중,안전운전불이행,포장 - 건조,맑음,교차로 - 교차로안,승용,남,67세,상해없음,보행자,여,21세,중상
18462,2019110500100068,2019년 11월 5일 05시,화요일,경기도 평택시 세교동,경상사고,0,0,1,0,차대사람 - 차도통행중,안전운전불이행,포장 - 건조,맑음,단일로 - 지하차도(도로)내,화물,남,54세,상해없음,보행자,남,64세,경상
18463,2019110500100114,2019년 11월 5일 07시,화요일,경기도 의왕시 삼동,중상사고,0,1,0,0,차대사람 - 횡단중,안전운전불이행,포장 - 건조,맑음,교차로 - 교차로부근,화물,남,46세,상해없음,보행자,여,58세,중상
18464,2019110500100139,2019년 11월 5일 08시,화요일,경기도 용인시 처인구 마평동,사망사고,1,0,0,0,차대사람 - 횡단중,안전운전불이행,포장 - 건조,맑음,교차로 - 교차로안,승용,남,29세,상해없음,보행자,여,78세,사망
18465,2019110500100141,2019년 11월 5일 08시,화요일,경기도 오산시 원동,중상사고,0,1,0,0,차대사람 - 횡단중,보행자보호의무위반,포장 - 건조,맑음,교차로 - 교차로횡단보도내,승용,여,37세,상해없음,보행자,여,18세,중상
18466,2019110500100144,2019년 11월 5일 08시,화요일,경기도 성남시 중원구 상대원동,중상사고,0,1,0,0,차대사람 - 기타,보행자보호의무위반,포장 - 건조,맑음,단일로 - 기타,승용,남,41세,상해없음,보행자,남,14세,중상
18467,2019110500100146,2019년 11월 5일 08시,화요일,경기도 시흥시 정왕동,중상사고,0,1,0,0,차대사람 - 기타,보행자보호의무위반,포장 - 건조,맑음,단일로 - 기타,화물,남,64세,상해없음,보행자,여,25세,중상
18468,2019110500100148,2019년 11월 5일 08시,화요일,경기도 부천시 원종동,경상사고,0,0,1,0,차대사람 - 횡단중,보행자보호의무위반,포장 - 건조,맑음,교차로 - 교차로횡단보도내,화물,남,55세,상해없음,보행자,남,9세,경상
18469,2019110500100200,2019년 11월 5일 09시,화요일,경기도 수원시 영통구 망포동,중상사고,0,1,0,0,차대사람 - 횡단중,보행자보호의무위반,포장 - 건조,맑음,교차로 - 교차로부근,화물,남,59세,상해없음,보행자,남,8세,중상
18470,2019110500100275,2019년 11월 5일 11시,화요일,경기도 이천시 중리동,중상사고,0,1,0,0,차대사람 - 기타,안전운전불이행,포장 - 건조,맑음,단일로 - 기타,승용,남,58세,상해없음,보행자,여,69세,중상
18471,2019110500100277,2019년 11월 5일 11시,화요일,경기도 양평군 양평읍,경상사고,0,0,1,0,차대사람 - 횡단중,신호위반,포장 - 건조,맑음,단일로 - 기타,승용,여,63세,기타불명,보행자,남,20세,경상
18472,2019110500100278,2019년 11월 5일 11시,화요일,경기도 성남시 분당구 수내동,부상신고사고,0,0,0,1,차대사람 - 기타,안전운전불이행,포장 - 건조,맑음,단일로 - 기타,자전거,기타불명,미분류,기타불명,보행자,여,54세,부상신고
18473,2019110500100314,2019년 11월 5일 12시,화요일,경기도 여주시 창동,경상사고,0,0,1,0,차대사람 - 횡단중,안전운전불이행,포장 - 건조,맑음,교차로 - 교차로안,승용,여,38세,상해없음,보행자,남,81세,경상
18474,2019110500100315,2019년 11월 5일 12시,화요일,경기도 김포시 장기동,부상신고사고,0,0,0,1,차대사람 - 기타,안전운전불이행,포장 - 건조,맑음,교차로 - 교차로안,승용,남,35세,상해없음,보행자,남,28세,부상신고
18475,2019110500100316,2019년 11월 5일 12시,화요일,경기도 성남시 중원구 성남동,중상사고,0,1,0,0,차대사람 - 기타,안전운전불이행,포장 - 건조,맑음,기타 - 기타,승용,여,37세,상해없음,보행자,남,61세,중상
18476,2019110500100351,2019년 11월 5일 13시,화요일,경기도 광주시 경안동,경상사고,0,0,1,0,차대사람 - 기타,안전운전불이행,포장 - 건조,맑음,단일로 - 기타,승용,여,50세,상해없음,보행자,여,52세,경상
18477,2019110500100388,2019년 11월 5일 14시,화요일,경기도 평택시 포승읍,경상사고,0,0,1,0,차대사람 - 기타,안전운전불이행,포장 - 건조,맑음,단일로 - 기타,화물,남,58세,상해없음,보행자,남,42세,경상
18478,2019110500100393,2019년 11월 5일 14시,화요일,경기도 안산시 단원구 초지동,중상사고,0,1,0,0,차대사람 - 기타,안전운전불이행,포장 - 건조,맑음,교차로 - 교차로안,승용,여,44세,상해없음,보행자,여,76세,중상
18479,2019110500100396,2019년 11월 5일 14시,화요일,경기도 성남시 분당구 정자동,중상사고,0,1,0,0,차대사람 - 기타,안전운전불이행,포장 - 건조,맑음,단일로 - 기타,승합,남,55세,상해없음,보행자,여,81세,중상
18480,2019110500100465,2019년 11월 5일 15시,화요일,경기도 양주시 광사동,중상사고,0,1,0,0,차대사람 - 횡단중,안전운전불이행,포장 - 건조,맑음,단일로 - 기타,승용,여,69세,상해없음,보행자,여,77세,중상
18481,2019110500100484,2019년 11월 5일 16시,화요일,경기도 부천시 오정동,경상사고,0,0,1,0,차대사람 - 차도통행중,안전운전불이행,포장 - 건조,맑음,단일로 - 기타,승용,남,70세,상해없음,보행자,남,74세,경상
18482,2019110500100505,2019년 11월 5일 16시,화요일,경기도 남양주시 화도읍,경상사고,0,0,1,0,차대사람 - 기타,안전운전불이행,포장 - 건조,맑음,단일로 - 기타,승용,여,56세,상해없음,보행자,남,13세,경상
18483,2019110500100527,2019년 11월 5일 17시,화요일,경기도 광명시 광명동,경상사고,0,0,1,0,차대사람 - 차도통행중,안전운전불이행,포장 - 건조,맑음,교차로 - 교차로부근,기타불명,기타불명,미분류,기타불명,보행자,여,14세,경상
18484,2019110500100557,2019년 11월 5일 17시,화요일,경기도 의정부시 신곡동,경상사고,0,0,1,0,차대사람 - 횡단중,안전운전불이행,포장 - 건조,맑음,단일로 - 기타,승용,여,53세,상해없음,보행자,남,55세,경상
18485,2019110500100576,2019년 11월 5일 18시,화요일,경기도 수원시 장안구 영화동,경상사고,0,0,1,0,차대사람 - 보도통행중,기타,포장 - 건조,맑음,기타 - 기타,자전거,남,68세,상해없음,보행자,여,43세,경상
18486,2019110500100579,2019년 11월 5일 18시,화요일,경기도 성남시 수정구 신흥동,경상사고,0,0,1,0,차대사람 - 기타,기타,포장 - 건조,맑음,단일로 - 기타,승용,남,47세,상해없음,보행자,남,35세,경상
18487,2019110500100580,2019년 11월 5일 18시,화요일,경기도 김포시 북변동,경상사고,0,0,1,0,차대사람 - 기타,안전운전불이행,포장 - 건조,맑음,교차로 - 교차로안,승합,남,67세,상해없음,보행자,여,73세,경상
18488,2019110500100581,2019년 11월 5일 18시,화요일,경기도 김포시 하성면,중상사고,0,1,0,0,차대사람 - 기타,안전거리미확보,포장 - 건조,맑음,교차로 - 교차로안,승합,남,56세,상해없음,보행자,여,74세,중상
18489,2019110500100637,2019년 11월 5일 19시,화요일,경기도 수원시 장안구 정자동,중상사고,0,1,0,0,차대사람 - 차도통행중,안전운전불이행,포장 - 건조,맑음,단일로 - 기타,이륜,남,35세,상해없음,보행자,남,83세,중상
18490,2019110500100641,2019년 11월 5일 19시,화요일,경기도 하남시 신장동,경상사고,0,0,1,0,차대사람 - 기타,안전운전불이행,포장 - 건조,맑음,교차로 - 교차로부근,승용,여,52세,상해없음,보행자,여,50세,경상
18491,2019110500100642,2019년 11월 5일 19시,화요일,경기도 용인시 수지구 죽전동,중상사고,0,1,0,0,차대사람 - 기타,안전운전불이행,포장 - 건조,맑음,단일로 - 기타,승합,남,59세,상해없음,보행자,남,58세,중상
18492,2019110500100729,2019년 11월 5일 22시,화요일,경기도 부천시 상동,부상신고사고,0,0,0,1,차대사람 - 기타,안전운전불이행,포장 - 건조,맑음,기타 - 기타,자전거,여,52세,상해없음,보행자,여,47세,부상신고
18493,2019110500100746,2019년 11월 5일 23시,화요일,경기도 성남시 수정구 태평동,경상사고,0,0,1,0,차대사람 - 횡단중,안전운전불이행,포장 - 건조,맑음,단일로 - 기타,이륜,남,32세,상해없음,보행자,남,43세,경상
18494,2019110600100027,2019년 11월 6일 00시,수요일,경기도 성남시 중원구 금광동,중상사고,0,1,0,0,차대사람 - 차도통행중,안전운전불이행,포장 - 건조,맑음,교차로 - 교차로안,승용,남,55세,상해없음,보행자,여,70세,중상
18495,2019110600100042,2019년 11월 6일 00시,수요일,경기도 고양시 덕양구 대자동,경상사고,0,0,1,0,차대사람 - 횡단중,안전운전불이행,포장 - 건조,맑음,단일로 - 기타,승용,남,58세,상해없음,보행자,남,28세,경상
18496,2019110600100046,2019년 11월 6일 01시,수요일,경기도 광명시 철산동,부상신고사고,0,0,0,2,차대사람 - 기타,안전운전불이행,포장 - 건조,맑음,기타 - 기타,이륜,남,18세,상해없음,보행자,여,20세,부상신고
18497,2019110600100097,2019년 11월 6일 07시,수요일,경기도 평택시 서정동,중상사고,0,1,0,0,차대사람 - 차도통행중,신호위반,포장 - 건조,맑음,교차로 - 교차로부근,화물,남,56세,상해없음,보행자,남,80세,중상
18498,2019110600100104,2019년 11월 6일 07시,수요일,경기도 부천시 원종동,경상사고,0,0,1,0,차대사람 - 기타,안전운전불이행,포장 - 건조,맑음,교차로 - 교차로부근,승합,남,52세,상해없음,보행자,여,26세,경상
18499,2019110600100136,2019년 11월 6일 08시,수요일,경기도 하남시 신장동,중상사고,0,1,0,0,차대사람 - 기타,보행자보호의무위반,포장 - 건조,맑음,교차로 - 교차로부근,승용,남,51세,상해없음,보행자,여,9세,중상
18500,2019110600100137,2019년 11월 6일 08시,수요일,경기도 부천시 오정동,경상사고,0,0,1,0,차대사람 - 기타,안전운전불이행,포장 - 건조,맑음,단일로 - 기타,승용,남,52세,상해없음,보행자,남,8세,경상
18501,2019110600100160,2019년 11월 6일 08시,수요일,경기도 의정부시 녹양동,중상사고,0,1,0,0,차대사람 - 횡단중,보행자보호의무위반,포장 - 건조,맑음,교차로 - 교차로횡단보도내,승합,남,35세,상해없음,보행자,남,9세,중상
18502,2019110600100173,2019년 11월 6일 09시,수요일,경기도 용인시 기흥구 보라동,경상사고,0,0,1,0,차대사람 - 기타,안전운전불이행,포장 - 건조,맑음,단일로 - 기타,기타불명,기타불명,미분류,기타불명,보행자,여,80세,경상
18503,2019110600100177,2019년 11월 6일 09시,수요일,경기도 화성시 능동,중상사고,0,1,0,0,차대사람 - 횡단중,안전운전불이행,포장 - 건조,맑음,단일로 - 기타,승용,남,49세,상해없음,보행자,여,49세,중상
18504,2019110600100216,2019년 11월 6일 10시,수요일,경기도 오산시 궐동,중상사고,0,1,0,0,차대사람 - 횡단중,안전운전불이행,포장 - 건조,맑음,교차로 - 교차로부근,승용,남,60세,상해없음,보행자,여,75세,중상
18505,2019110600100219,2019년 11월 6일 10시,수요일,경기도 화성시 우정읍,경상사고,0,0,1,0,차대사람 - 기타,안전운전불이행,포장 - 건조,맑음,단일로 - 기타,승용,남,61세,상해없음,보행자,남,35세,경상
18506,2019110600100255,2019년 11월 6일 11시,수요일,경기도 이천시 마장면,경상사고,0,0,1,0,차대사람 - 횡단중,신호위반,포장 - 건조,맑음,교차로 - 교차로횡단보도내,승용,여,49세,상해없음,보행자,남,71세,경상
18507,2019110600100259,2019년 11월 6일 11시,수요일,경기도 시흥시 신천동,경상사고,0,0,1,0,차대사람 - 횡단중,보행자보호의무위반,포장 - 건조,맑음,교차로 - 교차로횡단보도내,화물,남,65세,상해없음,보행자,여,83세,경상
18508,2019110600100287,2019년 11월 6일 12시,수요일,경기도 수원시 팔달구 화서동,경상사고,0,0,1,0,차대사람 - 횡단중,불법유턴,포장 - 건조,맑음,단일로 - 기타,기타불명,기타불명,미분류,기타불명,보행자,여,79세,경상
18509,2019110600100315,2019년 11월 6일 12시,수요일,경기도 의정부시 의정부동,부상신고사고,0,0,0,1,차대사람 - 횡단중,안전운전불이행,포장 - 건조,맑음,교차로 - 교차로횡단보도내,승용,남,49세,상해없음,보행자,여,68세,부상신고
18510,2019110600100321,2019년 11월 6일 13시,수요일,경기도 안산시 단원구 원곡동,부상신고사고,0,0,0,1,차대사람 - 기타,안전운전불이행,포장 - 건조,맑음,단일로 - 기타,기타불명,기타불명,미분류,기타불명,보행자,남,11세,부상신고
18511,2019110600100384,2019년 11월 6일 14시,수요일,경기도 의정부시 호원동,경상사고,0,0,1,0,차대사람 - 횡단중,안전운전불이행,포장 - 건조,맑음,교차로 - 교차로횡단보도내,승용,남,60세,상해없음,보행자,여,63세,경상
18512,2019110600100441,2019년 11월 6일 16시,수요일,경기도 평택시 서정동,중상사고,0,1,0,0,차대사람 - 기타,안전운전불이행,포장 - 건조,맑음,단일로 - 기타,화물,남,22세,상해없음,보행자,남,49세,중상
18513,2019110600100488,2019년 11월 6일 17시,수요일,경기도 김포시 양촌읍,경상사고,0,0,1,0,차대사람 - 기타,안전운전불이행,포장 - 기타,맑음,단일로 - 기타,승용,여,51세,상해없음,보행자,여,57세,경상
18514,2019110600100494,2019년 11월 6일 17시,수요일,경기도 부천시 원종동,경상사고,0,0,1,0,차대사람 - 보도통행중,기타,포장 - 건조,맑음,단일로 - 기타,개인형이동수단(PM),남,28세,상해없음,보행자,여,54세,경상
18515,2019110600100543,2019년 11월 6일 18시,수요일,경기도 이천시 부발읍,경상사고,0,0,1,0,차대사람 - 기타,안전운전불이행,포장 - 건조,맑음,교차로 - 교차로안,승용,남,60세,상해없음,보행자,여,77세,경상
18516,2019110600100544,2019년 11월 6일 18시,수요일,경기도 광주시 곤지암읍,중상사고,0,1,0,0,차대사람 - 기타,안전운전불이행,포장 - 건조,맑음,기타 - 기타,승용,남,44세,상해없음,보행자,남,57세,중상
18517,2019110600100547,2019년 11월 6일 18시,수요일,경기도 부천시 중동,경상사고,0,0,1,0,차대사람 - 횡단중,보행자보호의무위반,포장 - 건조,맑음,단일로 - 기타,원동기,남,52세,상해없음,보행자,여,8세,경상
18518,2019110600100553,2019년 11월 6일 18시,수요일,경기도 성남시 중원구 성남동,경상사고,0,0,1,0,차대사람 - 보도통행중,안전운전불이행,포장 - 건조,맑음,단일로 - 기타,승용,남,23세,상해없음,보행자,여,24세,경상
18519,2019110600100557,2019년 11월 6일 18시,수요일,경기도 화성시 향남읍,경상사고,0,0,1,0,차대사람 - 차도통행중,안전운전불이행,포장 - 건조,맑음,단일로 - 기타,승용,여,47세,상해없음,보행자,남,46세,경상
18520,2019110600100560,2019년 11월 6일 18시,수요일,경기도 용인시 수지구 동천동,경상사고,0,0,1,0,차대사람 - 기타,안전운전불이행,포장 - 건조,맑음,단일로 - 기타,승용,남,52세,기타불명,보행자,남,23세,경상
18521,2019110600100618,2019년 11월 6일 19시,수요일,경기도 오산시 갈곶동,경상사고,0,0,1,0,차대사람 - 횡단중,안전운전불이행,포장 - 건조,맑음,교차로 - 교차로횡단보도내,승용,남,50세,상해없음,보행자,남,13세,경상
18522,2019110600100619,2019년 11월 6일 19시,수요일,경기도 부천시 도당동,경상사고,0,0,1,0,차대사람 - 횡단중,안전운전불이행,포장 - 건조,맑음,교차로 - 교차로안,승용,남,67세,상해없음,보행자,남,5세,경상
18523,2019110600100626,2019년 11월 6일 19시,수요일,경기도 화성시 영천동,경상사고,0,0,2,0,차대사람 - 횡단중,보행자보호의무위반,포장 - 건조,맑음,교차로 - 교차로횡단보도내,승용,여,42세,상해없음,보행자,남,33세,경상
18524,2019110600100648,2019년 11월 6일 19시,수요일,경기도 파주시 법원읍,중상사고,0,1,0,0,차대사람 - 횡단중,안전운전불이행,포장 - 건조,맑음,단일로 - 기타,승용,남,53세,상해없음,보행자,여,76세,중상
18525,2019110600100649,2019년 11월 6일 19시,수요일,경기도 파주시 탄현면,중상사고,0,1,0,0,차대사람 - 차도통행중,기타,포장 - 건조,맑음,교차로 - 교차로부근,화물,남,50세,상해없음,보행자,남,40세,중상
18526,2019110600100677,2019년 11월 6일 20시,수요일,경기도 고양시 덕양구 토당동,부상신고사고,0,0,0,1,차대사람 - 길가장자리구역통행중,안전운전불이행,포장 - 건조,맑음,교차로 - 교차로부근,화물,남,58세,상해없음,보행자,남,21세,부상신고
18527,2019110600100691,2019년 11월 6일 21시,수요일,경기도 화성시 청계동,경상사고,0,0,1,0,차대사람 - 횡단중,안전운전불이행,포장 - 건조,맑음,교차로 - 교차로안,승용,남,34세,상해없음,보행자,여,31세,경상
18528,2019110600100716,2019년 11월 6일 22시,수요일,경기도 성남시 분당구 구미동,경상사고,0,0,1,0,차대사람 - 기타,기타,포장 - 건조,맑음,기타 - 기타,승합,남,55세,상해없음,보행자,여,46세,경상
18529,2019110600100732,2019년 11월 6일 22시,수요일,경기도 남양주시 화도읍,경상사고,0,0,1,0,차대사람 - 길가장자리구역통행중,안전운전불이행,포장 - 건조,맑음,단일로 - 기타,승용,남,58세,상해없음,보행자,여,55세,경상
18530,2019110600100736,2019년 11월 6일 23시,수요일,경기도 성남시 수정구 복정동,중상사고,0,1,1,0,차대사람 - 기타,안전운전불이행,포장 - 건조,맑음,교차로 - 교차로안,승용,여,46세,상해없음,보행자,여,21세,경상
18531,2019110700100026,2019년 11월 7일 00시,목요일,경기도 화성시 병점동,중상사고,0,1,0,0,차대사람 - 횡단중,보행자보호의무위반,포장 - 건조,맑음,교차로 - 교차로횡단보도내,승용,여,37세,기타불명,보행자,여,30세,중상
18532,2019110700100063,2019년 11월 7일 05시,목요일,경기도 오산시 오산동,경상사고,0,0,1,0,차대사람 - 횡단중,신호위반,포장 - 건조,맑음,교차로 - 교차로안,승합,남,60세,상해없음,보행자,남,73세,경상
18533,2019110700100064,2019년 11월 7일 05시,목요일,경기도 부천시 도당동,중상사고,0,1,0,0,차대사람 - 횡단중,안전운전불이행,포장 - 건조,맑음,교차로 - 교차로안,승용,남,53세,상해없음,보행자,남,58세,중상
18534,2019110700100092,2019년 11월 7일 06시,목요일,경기도 고양시 덕양구 동산동,경상사고,0,0,1,0,차대사람 - 기타,보행자보호의무위반,포장 - 건조,맑음,교차로 - 교차로안,특수,남,43세,상해없음,보행자,여,48세,경상
18535,2019110700100093,2019년 11월 7일 06시,목요일,경기도 파주시 상지석동,경상사고,0,0,1,0,차대사람 - 횡단중,보행자보호의무위반,포장 - 건조,맑음,교차로 - 교차로횡단보도내,승용,여,62세,상해없음,보행자,여,26세,경상
18536,2019110700100103,2019년 11월 7일 07시,목요일,경기도 부천시 소사본동,중상사고,0,1,0,0,차대사람 - 횡단중,신호위반,포장 - 건조,맑음,교차로 - 교차로횡단보도내,승용,여,57세,상해없음,보행자,남,62세,중상
18537,2019110700100130,2019년 11월 7일 08시,목요일,경기도 평택시 합정동,경상사고,0,0,1,0,차대사람 - 횡단중,보행자보호의무위반,포장 - 건조,맑음,교차로 - 교차로부근,승용,여,44세,상해없음,보행자,여,12세,경상
18538,2019110700100132,2019년 11월 7일 08시,목요일,경기도 광주시 중대동,중상사고,0,1,0,0,차대사람 - 기타,안전운전불이행,포장 - 건조,맑음,교차로 - 교차로안,승용,남,51세,상해없음,보행자,남,27세,중상
18539,2019110700100135,2019년 11월 7일 08시,목요일,경기도 안산시 단원구 고잔동,중상사고,0,1,0,0,차대사람 - 횡단중,안전운전불이행,포장 - 건조,맑음,교차로 - 교차로횡단보도내,개인형이동수단(PM),남,26세,기타불명,보행자,여,26세,중상
18540,2019110700100188,2019년 11월 7일 09시,목요일,경기도 부천시 중동,중상사고,0,1,0,0,차대사람 - 횡단중,신호위반,포장 - 건조,맑음,교차로 - 교차로횡단보도내,승용,남,41세,상해없음,보행자,여,89세,중상
18541,2019110700100208,2019년 11월 7일 09시,목요일,경기도 파주시 적성면,경상사고,0,0,1,0,차대사람 - 횡단중,안전운전불이행,포장 - 건조,맑음,교차로 - 교차로부근,화물,남,86세,상해없음,보행자,여,65세,경상
18542,2019110700100220,2019년 11월 7일 10시,목요일,경기도 광주시 회덕동,경상사고,0,0,1,0,차대사람 - 기타,안전운전불이행,포장 - 건조,맑음,단일로 - 기타,화물,남,28세,기타불명,보행자,남,18세,경상
18543,2019110700100221,2019년 11월 7일 10시,목요일,경기도 광주시 태전동,경상사고,0,0,1,0,차대사람 - 기타,안전운전불이행,포장 - 건조,맑음,단일로 - 기타,승용,여,37세,상해없음,보행자,남,20세,경상
18544,2019110700100283,2019년 11월 7일 11시,목요일,경기도 남양주시 화도읍,경상사고,0,0,1,0,차대사람 - 기타,안전운전불이행,포장 - 건조,맑음,교차로 - 교차로부근,승용,여,33세,상해없음,보행자,남,18세,경상
18545,2019110700100299,2019년 11월 7일 12시,목요일,경기도 부천시 심곡동,경상사고,0,0,1,0,차대사람 - 길가장자리구역통행중,안전운전불이행,포장 - 건조,맑음,교차로 - 교차로부근,화물,남,57세,상해없음,보행자,여,20세,경상
18546,2019110700100322,2019년 11월 7일 12시,목요일,경기도 남양주시 진건읍,부상신고사고,0,0,0,1,차대사람 - 기타,안전운전불이행,포장 - 건조,맑음,단일로 - 기타,승용,남,59세,상해없음,보행자,남,64세,부상신고
18547,2019110700100374,2019년 11월 7일 14시,목요일,경기도 부천시 상동,경상사고,0,0,1,0,차대사람 - 기타,안전운전불이행,포장 - 건조,맑음,교차로 - 교차로안,승용,여,32세,상해없음,보행자,여,60세,경상
18548,2019110700100377,2019년 11월 7일 14시,목요일,경기도 수원시 팔달구 매산로2가,경상사고,0,0,1,0,차대사람 - 횡단중,안전운전불이행,포장 - 건조,맑음,단일로 - 기타,승용,남,65세,상해없음,보행자,여,46세,경상
18549,2019110700100413,2019년 11월 7일 15시,목요일,경기도 안산시 상록구 월피동,중상사고,0,1,0,0,차대사람 - 기타,안전운전불이행,포장 - 건조,맑음,기타 - 기타,승용,여,53세,상해없음,보행자,여,73세,중상
18550,2019110700100415,2019년 11월 7일 15시,목요일,경기도 의왕시 포일동,중상사고,0,1,0,0,차대사람 - 차도통행중,안전운전불이행,포장 - 건조,맑음,단일로 - 기타,화물,남,31세,상해없음,보행자,여,60세,중상
18551,2019110700100510,2019년 11월 7일 17시,목요일,경기도 성남시 분당구 이매동,중상사고,0,1,0,0,차대사람 - 기타,안전운전불이행,포장 - 건조,맑음,단일로 - 기타,승합,남,54세,상해없음,보행자,남,48세,중상
18552,2019110700100606,2019년 11월 7일 18시,목요일,경기도 고양시 덕양구 신원동,중상사고,0,1,0,0,차대사람 - 횡단중,보행자보호의무위반,포장 - 건조,맑음,교차로 - 교차로횡단보도내,승합,남,67세,상해없음,보행자,여,44세,중상
18553,2019110700100608,2019년 11월 7일 18시,목요일,경기도 파주시 광탄면,중상사고,0,1,0,0,차대사람 - 길가장자리구역통행중,안전운전불이행,포장 - 건조,맑음,단일로 - 기타,승용,남,57세,상해없음,보행자,남,77세,중상
18554,2019110700100624,2019년 11월 7일 19시,목요일,경기도 광명시 하안동,중상사고,0,1,0,0,차대사람 - 차도통행중,안전운전불이행,포장 - 건조,맑음,단일로 - 기타,이륜,남,21세,상해없음,보행자,여,80세,중상
18555,2019110700100629,2019년 11월 7일 19시,목요일,경기도 화성시 팔탄면,중상사고,0,1,0,0,차대사람 - 횡단중,안전운전불이행,포장 - 기타,맑음,단일로 - 기타,승용,남,61세,상해없음,보행자,여,72세,중상
18556,2019110700100656,2019년 11월 7일 19시,목요일,경기도 남양주시 진건읍,경상사고,0,0,1,0,차대사람 - 횡단중,안전운전불이행,포장 - 건조,맑음,교차로 - 교차로안,승용,남,58세,상해없음,보행자,여,55세,경상
18557,2019110700100758,2019년 11월 7일 22시,목요일,경기도 포천시 선단동,중상사고,0,1,0,0,차대사람 - 횡단중,보행자보호의무위반,포장 - 건조,맑음,단일로 - 기타,승용,남,53세,상해없음,보행자,여,25세,중상
18558,2019110700100764,2019년 11월 7일 23시,목요일,경기도 수원시 장안구 송죽동,중상사고,0,1,0,0,차대사람 - 횡단중,안전운전불이행,포장 - 건조,맑음,단일로 - 기타,이륜,남,40세,상해없음,보행자,여,62세,중상
18559,2019110800100089,2019년 11월 8일 06시,금요일,경기도 이천시 신둔면,경상사고,0,0,1,0,차대사람 - 보도통행중,신호위반,포장 - 젖음/습기,안개,교차로 - 교차로횡단보도내,화물,남,66세,상해없음,보행자,여,62세,경상