,사고번호,사고일시,요일,시군구,사고내용,사망자수,중상자수,경상자수,부상신고자수,사고유형,법규위반,노면상태,기상상태,도로형태,가해운전자 차종,가해운전자 성별,가해운전자 연령,가해운전자 상해정도,피해운전자 차종,피해운전자 성별,피해운전자 연령,피해운전자 상해정도
18672,2019111100100322,2019년 11월 11일 12시,월요일,경기도 김포시 북변동,경상사고,0,0,1,0,차대사람 - 기타,신호위반,포장 - 건조,맑음,교차로 - 교차로횡단보도내,이륜,남,54세,상해없음,보행자,여,38세,경상
18673,2019111100100323,2019년 11월 11일 12시,월요일,경기도 안산시 단원구 원곡동,중상사고,0,1,0,0,차대사람 - 기타,안전운전불이행,포장 - 건조,맑음,단일로 - 기타,승용,남,45세,상해없음,보행자,여,49세,중상
18674,2019111100100352,2019년 11월 11일 12시,월요일,경기도 가평군 가평읍,경상사고,0,0,1,0,차대사람 - 기타,안전운전불이행,포장 - 건조,맑음,단일로 - 기타,승용,남,46세,상해없음,보행자,여,64세,경상
18675,2019111100100357,2019년 11월 11일 13시,월요일,경기도 평택시 평택동,경상사고,0,0,1,0,차대사람 - 횡단중,보행자보호의무위반,포장 - 건조,맑음,단일로 - 기타,승용,남,19세,상해없음,보행자,여,29세,경상
18676,2019111100100363,2019년 11월 11일 13시,월요일,경기도 수원시 팔달구 매산로3가,경상사고,0,0,1,0,차대사람 - 횡단중,보행자보호의무위반,포장 - 건조,맑음,교차로 - 교차로부근,이륜,남,55세,상해없음,보행자,여,52세,경상
18677,2019111100100391,2019년 11월 11일 13시,월요일,경기도 고양시 덕양구 원흥동,중상사고,0,1,0,0,차대사람 - 기타,보행자보호의무위반,포장 - 건조,맑음,교차로 - 교차로안,화물,남,62세,상해없음,보행자,여,24세,중상
18678,2019111100100422,2019년 11월 11일 14시,월요일,경기도 의정부시 민락동,경상사고,0,0,1,0,차대사람 - 횡단중,기타,포장 - 건조,맑음,교차로 - 교차로안,승용,남,45세,상해없음,보행자,남,7세,경상
18679,2019111100100423,2019년 11월 11일 14시,월요일,경기도 고양시 덕양구 토당동,중상사고,0,1,0,0,차대사람 - 길가장자리구역통행중,안전운전불이행,포장 - 기타,맑음,교차로 - 교차로부근,승용,남,20세,상해없음,보행자,여,69세,중상
18680,2019111100100424,2019년 11월 11일 14시,월요일,경기도 고양시 일산동구 장항동,경상사고,0,0,1,0,차대사람 - 기타,안전운전불이행,포장 - 건조,맑음,단일로 - 기타,화물,남,61세,상해없음,보행자,여,47세,경상
18681,2019111100100426,2019년 11월 11일 14시,월요일,경기도 고양시 일산서구 주엽동,부상신고사고,0,0,0,1,차대사람 - 횡단중,보행자보호의무위반,포장 - 건조,맑음,교차로 - 교차로안,기타불명,기타불명,미분류,기타불명,보행자,남,8세,부상신고
18682,2019111100100436,2019년 11월 11일 15시,월요일,경기도 수원시 장안구 파장동,중상사고,0,1,0,0,차대사람 - 횡단중,안전운전불이행,포장 - 건조,맑음,교차로 - 교차로안,승용,여,57세,상해없음,보행자,여,63세,중상
18683,2019111100100440,2019년 11월 11일 15시,월요일,경기도 용인시 기흥구 신갈동,경상사고,0,0,1,0,차대사람 - 길가장자리구역통행중,안전운전불이행,포장 - 건조,맑음,단일로 - 기타,승용,여,48세,기타불명,보행자,여,38세,경상
18684,2019111100100441,2019년 11월 11일 15시,월요일,경기도 오산시 갈곶동,중상사고,0,1,0,0,차대사람 - 횡단중,안전운전불이행,포장 - 건조,맑음,기타 - 기타,승용,여,55세,상해없음,보행자,여,77세,중상
18685,2019111100100445,2019년 11월 11일 15시,월요일,경기도 성남시 분당구 야탑동,중상사고,0,1,0,0,차대사람 - 기타,안전운전불이행,포장 - 건조,맑음,교차로 - 교차로안,승용,여,43세,상해없음,보행자,여,81세,중상
18686,2019111100100446,2019년 11월 11일 15시,월요일,경기도 안산시 상록구 본오동,중상사고,0,1,0,0,차대사람 - 횡단중,신호위반,포장 - 건조,맑음,교차로 - 교차로횡단보도내,이륜,남,17세,상해없음,보행자,여,78세,중상
18687,2019111100100479,2019년 11월 11일 16시,월요일,경기도 평택시 팽성읍,경상사고,0,0,1,0,차대사람 - 차도통행중,안전운전불이행,포장 - 건조,맑음,단일로 - 기타,승용,여,60세,상해없음,보행자,여,72세,경상
18688,2019111100100482,2019년 11월 11일 16시,월요일,경기도 부천시 심곡본동,경상사고,0,0,1,0,차대사람 - 차도통행중,안전운전불이행,포장 - 건조,맑음,단일로 - 기타,화물,남,60세,상해없음,보행자,여,67세,경상
18689,2019111100100513,2019년 11월 11일 16시,월요일,경기도 남양주시 화도읍,경상사고,0,0,2,0,차대사람 - 기타,기타,포장 - 건조,맑음,단일로 - 기타,승용,남,76세,상해없음,보행자,여,56세,경상
18690,2019111100100530,2019년 11월 11일 17시,월요일,경기도 용인시 처인구 김량장동,경상사고,0,0,1,0,차대사람 - 기타,안전운전불이행,포장 - 건조,맑음,교차로 - 교차로부근,승용,여,51세,상해없음,보행자,여,54세,경상
18691,2019111100100532,2019년 11월 11일 17시,월요일,경기도 부천시 괴안동,경상사고,0,0,1,0,차대사람 - 기타,보행자보호의무위반,포장 - 건조,맑음,교차로 - 교차로횡단보도내,승용,남,40세,상해없음,보행자,여,59세,경상
18692,2019111100100535,2019년 11월 11일 17시,월요일,경기도 성남시 중원구 상대원동,중상사고,0,1,0,0,차대사람 - 길가장자리구역통행중,안전운전불이행,포장 - 건조,맑음,단일로 - 기타,화물,남,57세,상해없음,보행자,여,67세,중상
18693,2019111100100537,2019년 11월 11일 17시,월요일,경기도 화성시 새솔동,중상사고,0,1,0,0,차대사람 - 기타,안전운전불이행,포장 - 기타,맑음,기타 - 기타,기타불명,남,16세,상해없음,보행자,남,12세,중상
18694,2019111100100538,2019년 11월 11일 17시,월요일,경기도 의왕시 오전동,경상사고,0,0,1,0,차대사람 - 횡단중,안전운전불이행,포장 - 건조,맑음,교차로 - 교차로부근,승합,남,64세,상해없음,보행자,여,12세,경상
18695,2019111100100567,2019년 11월 11일 17시,월요일,경기도 동두천시 생연동,경상사고,0,0,2,0,차대사람 - 횡단중,안전운전불이행,포장 - 건조,맑음,단일로 - 기타,승용,남,65세,상해없음,보행자,남,9세,경상
18696,2019111100100581,2019년 11월 11일 18시,월요일,경기도 여주시 북내면,경상사고,0,0,1,0,차대사람 - 횡단중,안전운전불이행,포장 - 건조,맑음,교차로 - 교차로안,승용,남,63세,상해없음,보행자,여,60세,경상
18697,2019111100100585,2019년 11월 11일 18시,월요일,경기도 성남시 분당구 수내동,경상사고,0,0,1,0,차대사람 - 기타,안전운전불이행,포장 - 건조,맑음,기타 - 기타,자전거,남,44세,상해없음,보행자,여,31세,경상
18698,2019111100100637,2019년 11월 11일 19시,월요일,경기도 용인시 처인구 김량장동,경상사고,0,0,1,0,차대사람 - 횡단중,보행자보호의무위반,포장 - 건조,맑음,단일로 - 기타,기타불명,기타불명,미분류,기타불명,보행자,여,57세,경상
18699,2019111100100640,2019년 11월 11일 19시,월요일,경기도 군포시 산본동,중상사고,0,1,0,0,차대사람 - 횡단중,보행자보호의무위반,포장 - 건조,맑음,단일로 - 기타,승용,남,46세,상해없음,보행자,남,11세,중상
18700,2019111100100662,2019년 11월 11일 19시,월요일,경기도 의정부시 용현동,부상신고사고,0,0,0,1,차대사람 - 횡단중,안전운전불이행,포장 - 건조,맑음,교차로 - 교차로부근,기타불명,기타불명,미분류,기타불명,보행자,남,15세,부상신고
18701,2019111100100663,2019년 11월 11일 19시,월요일,경기도 고양시 덕양구 행신동,부상신고사고,0,0,0,1,차대사람 - 기타,안전운전불이행,포장 - 건조,맑음,교차로 - 교차로부근,승용,여,29세,기타불명,보행자,남,56세,부상신고
18702,2019111100100665,2019년 11월 11일 19시,월요일,경기도 파주시 광탄면,중상사고,0,1,0,0,차대사람 - 횡단중,보행자보호의무위반,포장 - 젖음/습기,비,교차로 - 교차로안,승용,남,43세,상해없음,보행자,남,76세,중상
18703,2019111100100666,2019년 11월 11일 19시,월요일,경기도 파주시 검산동,경상사고,0,0,1,0,차대사람 - 횡단중,신호위반,포장 - 건조,맑음,교차로 - 교차로횡단보도내,승용,남,58세,상해없음,보행자,남,14세,경상
18704,2019111100100696,2019년 11월 11일 20시,월요일,경기도 의정부시 신곡동,중상사고,0,1,0,0,차대사람 - 횡단중,안전운전불이행,포장 - 건조,맑음,교차로 - 교차로횡단보도내,승용,여,34세,상해없음,보행자,여,51세,중상
18705,2019111100100698,2019년 11월 11일 20시,월요일,경기도 남양주시 이패동,경상사고,0,0,1,0,차대사람 - 횡단중,안전운전불이행,포장 - 건조,맑음,교차로 - 교차로부근,기타불명,기타불명,미분류,기타불명,보행자,남,62세,경상
18706,2019111100100706,2019년 11월 11일 21시,월요일,경기도 용인시 기흥구 구갈동,중상사고,0,1,0,0,차대사람 - 횡단중,보행자보호의무위반,포장 - 건조,맑음,단일로 - 기타,이륜,남,58세,상해없음,보행자,여,47세,중상
18707,2019111100100737,2019년 11월 11일 22시,월요일,경기도 부천시 중동,경상사고,0,0,2,0,차대사람 - 기타,안전운전불이행,포장 - 건조,맑음,단일로 - 기타,승용,여,41세,상해없음,보행자,남,30세,경상
18708,2019111200100025,2019년 11월 12일 00시,화요일,경기도 군포시 산본동,중상사고,0,1,0,0,차대사람 - 횡단중,과속,포장 - 건조,맑음,단일로 - 기타,승용,남,43세,상해없음,보행자,남,31세,중상
18709,2019111200100037,2019년 11월 12일 00시,화요일,경기도 구리시 갈매동,경상사고,0,0,1,0,차대사람 - 횡단중,신호위반,포장 - 건조,맑음,교차로 - 교차로횡단보도내,승용,남,65세,상해없음,보행자,남,22세,경상
18710,2019111200100060,2019년 11월 12일 04시,화요일,경기도 화성시 병점동,경상사고,0,0,1,0,차대사람 - 기타,안전운전불이행,포장 - 건조,맑음,기타 - 기타,승용,남,62세,상해없음,보행자,여,72세,경상
18711,2019111200100075,2019년 11월 12일 06시,화요일,경기도 성남시 수정구 고등동,중상사고,0,1,0,0,차대사람 - 기타,안전운전불이행,포장 - 건조,맑음,기타 - 기타,승용,남,51세,상해없음,보행자,남,68세,중상
18712,2019111200100090,2019년 11월 12일 07시,화요일,경기도 광주시 송정동,사망사고,1,0,0,0,차대사람 - 횡단중,안전운전불이행,포장 - 건조,맑음,교차로 - 교차로안,화물,남,43세,상해없음,보행자,남,83세,사망
18713,2019111200100123,2019년 11월 12일 08시,화요일,경기도 성남시 수정구 산성동,중상사고,0,1,0,0,차대사람 - 기타,안전운전불이행,포장 - 건조,맑음,교차로 - 교차로부근,승용,여,65세,상해없음,보행자,남,14세,중상
18714,2019111200100125,2019년 11월 12일 08시,화요일,경기도 안성시 서인동,부상신고사고,0,0,0,1,차대사람 - 기타,안전운전불이행,포장 - 건조,맑음,단일로 - 기타,화물,남,72세,상해없음,보행자,남,60세,부상신고
18715,2019111200100133,2019년 11월 12일 08시,화요일,경기도 수원시 팔달구 인계동,경상사고,0,0,1,0,차대사람 - 횡단중,안전운전불이행,포장 - 건조,맑음,단일로 - 기타,승용,여,36세,상해없음,보행자,남,32세,경상
18716,2019111200100138,2019년 11월 12일 08시,화요일,경기도 안양시 만안구 박달동,경상사고,0,0,1,0,차대사람 - 횡단중,안전운전불이행,포장 - 건조,맑음,교차로 - 교차로부근,승용,남,41세,상해없음,보행자,여,16세,경상
18717,2019111200100165,2019년 11월 12일 08시,화요일,경기도 파주시 파주읍,경상사고,0,0,1,0,차대사람 - 횡단중,보행자보호의무위반,포장 - 건조,맑음,교차로 - 교차로횡단보도내,승용,여,59세,상해없음,보행자,여,16세,경상
18718,2019111200100236,2019년 11월 12일 11시,화요일,경기도 부천시 심곡동,경상사고,0,0,1,0,차대사람 - 기타,안전운전불이행,포장 - 건조,맑음,단일로 - 기타,승용,여,59세,상해없음,보행자,여,83세,경상
18719,2019111200100270,2019년 11월 12일 12시,화요일,경기도 용인시 처인구 양지면,중상사고,0,1,0,0,차대사람 - 기타,기타,포장 - 건조,맑음,단일로 - 기타,승용,남,34세,상해없음,보행자,남,46세,중상
18720,2019111200100288,2019년 11월 12일 12시,화요일,경기도 의정부시 의정부동,중상사고,0,1,0,0,차대사람 - 기타,안전운전불이행,포장 - 건조,맑음,단일로 - 기타,승용,남,68세,상해없음,보행자,남,73세,중상
18721,2019111200100290,2019년 11월 12일 12시,화요일,경기도 파주시 아동동,중상사고,0,1,0,0,차대사람 - 횡단중,교차로운행방법위반,포장 - 건조,맑음,교차로 - 교차로안,화물,남,30세,상해없음,보행자,남,73세,중상
18722,2019111200100348,2019년 11월 12일 14시,화요일,경기도 고양시 일산동구 장항동,경상사고,0,0,1,0,차대사람 - 보도통행중,신호위반,포장 - 건조,맑음,단일로 - 기타,승용,여,53세,상해없음,보행자,남,73세,경상
18723,2019111200100358,2019년 11월 12일 15시,화요일,경기도 김포시 사우동,중상사고,0,1,0,0,차대사람 - 기타,보행자보호의무위반,포장 - 건조,맑음,교차로 - 교차로안,승용,남,65세,상해없음,보행자,남,63세,중상
18724,2019111200100423,2019년 11월 12일 16시,화요일,경기도 양주시 백석읍,경상사고,0,0,2,0,차대사람 - 기타,안전운전불이행,포장 - 건조,맑음,단일로 - 기타,승합,남,47세,기타불명,보행자,남,70세,경상
18725,2019111200100438,2019년 11월 12일 17시,화요일,경기도 김포시 통진읍,중상사고,0,1,0,0,차대사람 - 횡단중,안전운전불이행,포장 - 건조,맑음,교차로 - 교차로안,승용,남,55세,상해없음,보행자,남,9세,중상
18726,2019111200100439,2019년 11월 12일 17시,화요일,경기도 성남시 중원구 하대원동,경상사고,0,0,1,0,차대사람 - 기타,안전운전불이행,포장 - 건조,맑음,단일로 - 기타,자전거,남,39세,상해없음,보행자,남,6세,경상
18727,2019111200100440,2019년 11월 12일 17시,화요일,경기도 시흥시 정왕동,중상사고,0,1,0,0,차대사람 - 횡단중,보행자보호의무위반,포장 - 건조,맑음,단일로 - 기타,승용,남,57세,상해없음,보행자,여,18세,중상
18728,2019111200100488,2019년 11월 12일 18시,화요일,경기도 평택시 안중읍,경상사고,0,0,1,0,차대사람 - 차도통행중,안전운전불이행,포장 - 건조,맑음,교차로 - 교차로부근,승용,여,57세,상해없음,보행자,남,57세,경상
18729,2019111200100490,2019년 11월 12일 18시,화요일,경기도 광주시 경안동,중상사고,0,1,0,0,차대사람 - 기타,안전운전불이행,포장 - 건조,맑음,기타 - 기타,승용,여,53세,상해없음,보행자,여,61세,중상
18730,2019111200100494,2019년 11월 12일 18시,화요일,경기도 부천시 심곡본동,중상사고,0,1,0,0,차대사람 - 길가장자리구역통행중,안전운전불이행,포장 - 건조,맑음,교차로 - 교차로부근,승용,남,63세,상해없음,보행자,여,55세,중상
18731,2019111200100495,2019년 11월 12일 18시,화요일,경기도 부천시 심곡동,중상사고,0,1,1,0,차대사람 - 기타,안전운전불이행,포장 - 건조,맑음,단일로 - 기타,이륜,남,36세,중상,보행자,남,22세,경상
18732,2019111200100548,2019년 11월 12일 19시,화요일,경기도 평택시 비전동,경상사고,0,0,1,0,차대사람 - 기타,안전운전불이행,포장 - 건조,맑음,단일로 - 교량,이륜,남,34세,상해없음,보행자,남,33세,경상
18733,2019111200100551,2019년 11월 12일 19시,화요일,경기도 시흥시 신천동,경상사고,0,0,1,0,차대사람 - 차도통행중,안전운전불이행,포장 - 건조,맑음,단일로 - 기타,승합,남,64세,상해없음,보행자,남,48세,경상
18734,2019111200100552,2019년 11월 12일 19시,화요일,경기도 수원시 권선구 오목천동,경상사고,0,0,1,0,차대사람 - 보도통행중,보행자보호의무위반,포장 - 건조,맑음,단일로 - 기타,승용,남,35세,상해없음,보행자,여,24세,경상
18735,2019111200100601,2019년 11월 12일 20시,화요일,경기도 남양주시 진접읍,중상사고,0,1,0,0,차대사람 - 기타,안전운전불이행,포장 - 건조,맑음,주차장 - 주차장,승용,남,53세,상해없음,보행자,남,62세,중상
18736,2019111200100637,2019년 11월 12일 22시,화요일,경기도 수원시 팔달구 화서동,경상사고,0,0,1,0,차대사람 - 횡단중,안전운전불이행,포장 - 건조,맑음,교차로 - 교차로부근,승용,남,22세,상해없음,보행자,남,35세,경상
18737,2019111300100046,2019년 11월 13일 02시,수요일,경기도 하남시 선동,부상신고사고,0,0,0,1,차대사람 - 기타,안전운전불이행,포장 - 건조,맑음,단일로 - 기타,이륜,남,20세,상해없음,보행자,여,49세,부상신고
18738,2019111300100057,2019년 11월 13일 04시,수요일,경기도 광명시 광명동,경상사고,0,0,1,0,차대사람 - 차도통행중,안전운전불이행,포장 - 건조,맑음,교차로 - 교차로안,승용,남,58세,상해없음,보행자,남,66세,경상
18739,2019111300100080,2019년 11월 13일 06시,수요일,경기도 평택시 진위면,경상사고,0,0,1,0,차대사람 - 기타,안전운전불이행,포장 - 건조,흐림,교차로 - 교차로안,승용,여,50세,상해없음,보행자,남,87세,경상
18740,2019111300100126,2019년 11월 13일 08시,수요일,경기도 평택시 지산동,중상사고,0,1,0,0,차대사람 - 횡단중,안전운전불이행,포장 - 건조,맑음,교차로 - 교차로안,승용,여,46세,상해없음,보행자,남,11세,중상
18741,2019111300100127,2019년 11월 13일 08시,수요일,경기도 안양시 동안구 호계동,경상사고,0,0,1,0,차대사람 - 횡단중,안전운전불이행,포장 - 건조,맑음,단일로 - 기타,승용,여,43세,상해없음,보행자,남,24세,경상
18742,2019111300100129,2019년 11월 13일 08시,수요일,경기도 광주시 초월읍,중상사고,0,1,0,0,차대사람 - 기타,안전운전불이행,포장 - 젖음/습기,맑음,기타 - 기타,화물,남,39세,상해없음,보행자,여,17세,중상
18743,2019111300100157,2019년 11월 13일 08시,수요일,경기도 의정부시 호원동,경상사고,0,0,1,0,차대사람 - 횡단중,안전운전불이행,포장 - 건조,흐림,교차로 - 교차로부근,승용,여,50세,상해없음,보행자,여,14세,경상
18744,2019111300100163,2019년 11월 13일 09시,수요일,경기도 성남시 중원구 은행동,중상사고,0,1,0,0,차대사람 - 기타,안전운전불이행,포장 - 건조,맑음,교차로 - 교차로부근,승용,남,63세,상해없음,보행자,여,36세,중상
18745,2019111300100197,2019년 11월 13일 10시,수요일,경기도 부천시 내동,경상사고,0,0,1,0,차대사람 - 기타,안전운전불이행,포장 - 건조,맑음,단일로 - 기타,건설기계,남,47세,상해없음,보행자,남,37세,경상
18746,2019111300100220,2019년 11월 13일 11시,수요일,경기도 성남시 분당구 정자동,중상사고,0,1,0,0,차대사람 - 횡단중,안전운전불이행,포장 - 건조,맑음,단일로 - 기타,화물,남,49세,상해없음,보행자,여,75세,중상
18747,2019111300100222,2019년 11월 13일 11시,수요일,경기도 용인시 수지구 죽전동,경상사고,0,0,1,0,차대사람 - 기타,보행자보호의무위반,포장 - 건조,맑음,단일로 - 기타,승용,남,22세,상해없음,보행자,여,22세,경상
18748,2019111300100249,2019년 11월 13일 12시,수요일,경기도 수원시 장안구 조원동,경상사고,0,0,2,0,차대사람 - 횡단중,안전운전불이행,포장 - 젖음/습기,비,단일로 - 기타,이륜,남,26세,경상,보행자,여,17세,경상
18749,2019111300100250,2019년 11월 13일 12시,수요일,경기도 광주시 목현동,중상사고,0,1,0,0,차대사람 - 기타,안전운전불이행,포장 - 건조,맑음,단일로 - 기타,승용,남,56세,상해없음,보행자,남,59세,중상
18750,2019111300100292,2019년 11월 13일 13시,수요일,경기도 안산시 상록구 팔곡이동,중상사고,0,1,0,0,차대사람 - 횡단중,안전운전불이행,포장 - 젖음/습기,비,교차로 - 교차로안,승용,여,61세,상해없음,보행자,여,78세,중상
18751,2019111300100314,2019년 11월 13일 14시,수요일,경기도 광주시 경안동,중상사고,0,1,0,0,차대사람 - 차도통행중,안전운전불이행,포장 - 젖음/습기,흐림,교차로 - 교차로안,승용,여,53세,상해없음,보행자,남,74세,중상
18752,2019111300100332,2019년 11월 13일 14시,수요일,경기도 포천시 영북면,경상사고,0,0,1,0,차대사람 - 횡단중,안전운전불이행,포장 - 젖음/습기,비,단일로 - 기타,승용,남,61세,상해없음,보행자,남,11세,경상
18753,2019111300100347,2019년 11월 13일 15시,수요일,경기도 부천시 도당동,중상사고,0,1,0,0,차대사람 - 횡단중,안전운전불이행,포장 - 젖음/습기,비,교차로 - 교차로부근,화물,남,47세,상해없음,보행자,여,71세,중상
18754,2019111300100390,2019년 11월 13일 16시,수요일,경기도 수원시 장안구 조원동,중상사고,0,1,0,0,차대사람 - 횡단중,안전운전불이행,포장 - 건조,맑음,단일로 - 기타,화물,남,59세,상해없음,보행자,남,5세,중상
18755,2019111300100396,2019년 11월 13일 16시,수요일,경기도 안양시 만안구 석수동,중상사고,0,1,0,0,차대사람 - 기타,안전운전불이행,포장 - 건조,맑음,교차로 - 교차로부근,화물,남,77세,상해없음,보행자,남,13세,중상
18756,2019111300100427,2019년 11월 13일 17시,수요일,경기도 오산시 고현동,경상사고,0,0,1,0,차대사람 - 횡단중,안전운전불이행,비포장 - 젖음/습기,비,교차로 - 교차로안,승용,여,39세,상해없음,보행자,여,62세,경상
18757,2019111300100468,2019년 11월 13일 17시,수요일,경기도 남양주시 다산동,중상사고,0,1,0,0,차대사람 - 횡단중,중앙선침범,포장 - 젖음/습기,흐림,교차로 - 교차로횡단보도내,승용,남,54세,상해없음,보행자,남,9세,중상
18758,2019111300100469,2019년 11월 13일 17시,수요일,경기도 남양주시 진접읍,경상사고,0,0,1,0,차대사람 - 기타,안전운전불이행,포장 - 젖음/습기,비,단일로 - 기타,승용,남,29세,상해없음,보행자,여,7세,경상
18759,2019111300100485,2019년 11월 13일 18시,수요일,경기도 수원시 팔달구 화서동,중상사고,0,1,0,0,차대사람 - 횡단중,안전운전불이행,포장 - 젖음/습기,흐림,단일로 - 기타,승용,남,60세,상해없음,보행자,남,71세,중상
18760,2019111300100486,2019년 11월 13일 18시,수요일,경기도 성남시 수정구 신흥동,중상사고,0,1,0,0,차대사람 - 기타,안전운전불이행,포장 - 건조,맑음,단일로 - 기타,승용,여,37세,상해없음,보행자,여,69세,중상
18761,2019111300100488,2019년 11월 13일 18시,수요일,경기도 안양시 동안구 비산동,중상사고,0,1,0,0,차대사람 - 횡단중,신호위반,포장 - 젖음/습기,흐림,교차로 - 교차로부근,이륜,남,50세,상해없음,보행자,여,62세,중상
18762,2019111300100492,2019년 11월 13일 18시,수요일,경기도 오산시 원동,경상사고,0,0,1,0,차대사람 - 보도통행중,보행자보호의무위반,포장 - 젖음/습기,흐림,교차로 - 교차로부근,승용,남,47세,상해없음,보행자,여,56세,경상
18763,2019111300100495,2019년 11월 13일 18시,수요일,경기도 시흥시 정왕동,중상사고,0,1,0,0,차대사람 - 횡단중,안전운전불이행,포장 - 건조,맑음,교차로 - 교차로안,화물,남,69세,상해없음,보행자,여,15세,중상
18764,2019111300100497,2019년 11월 13일 18시,수요일,경기도 부천시 원종동,중상사고,0,1,0,0,차대사람 - 횡단중,보행자보호의무위반,포장 - 건조,흐림,교차로 - 교차로횡단보도내,승용,남,48세,상해없음,보행자,여,51세,중상
18765,2019111300100499,2019년 11월 13일 18시,수요일,경기도 화성시 방교동,중상사고,0,1,0,0,차대사람 - 횡단중,보행자보호의무위반,포장 - 젖음/습기,흐림,교차로 - 교차로횡단보도내,승용,남,38세,상해없음,보행자,남,48세,중상
18766,2019111300100549,2019년 11월 13일 18시,수요일,경기도 파주시 문산읍,경상사고,0,0,1,0,차대사람 - 횡단중,안전운전불이행,포장 - 젖음/습기,비,단일로 - 기타,이륜,남,55세,상해없음,보행자,남,46세,경상
18767,2019111300100552,2019년 11월 13일 18시,수요일,경기도 양주시 백석읍,경상사고,0,0,1,0,차대사람 - 보도통행중,신호위반,포장 - 젖음/습기,비,교차로 - 교차로횡단보도내,화물,남,59세,상해없음,보행자,여,29세,경상
18768,2019111300100554,2019년 11월 13일 18시,수요일,경기도 구리시 수택동,중상사고,0,1,0,0,차대사람 - 차도통행중,안전운전불이행,포장 - 건조,맑음,단일로 - 기타,승용,남,52세,상해없음,보행자,여,80세,중상
18769,2019111300100555,2019년 11월 13일 18시,수요일,경기도 연천군 전곡읍,경상사고,0,0,1,0,차대사람 - 기타,안전운전불이행,포장 - 건조,맑음,단일로 - 기타,승합,남,28세,상해없음,보행자,남,86세,경상
18770,2019111300100574,2019년 11월 13일 19시,수요일,경기도 수원시 팔달구 화서동,중상사고,0,1,0,0,차대사람 - 횡단중,안전운전불이행,포장 - 젖음/습기,흐림,단일로 - 기타,이륜,남,21세,상해없음,보행자,남,64세,중상
18771,2019111300100579,2019년 11월 13일 19시,수요일,경기도 시흥시 정왕동,경상사고,0,0,1,0,차대사람 - 길가장자리구역통행중,안전운전불이행,포장 - 건조,맑음,단일로 - 기타,승용,여,48세,기타불명,보행자,여,36세,경상
18772,2019111300100582,2019년 11월 13일 19시,수요일,경기도 부천시 오정동,중상사고,0,1,0,0,차대사람 - 횡단중,보행자보호의무위반,포장 - 건조,맑음,교차로 - 교차로횡단보도내,승용,남,32세,상해없음,보행자,여,52세,중상
18773,2019111300100635,2019년 11월 13일 20시,수요일,경기도 부천시 중동,중상사고,0,1,0,0,차대사람 - 기타,안전운전불이행,포장 - 건조,맑음,교차로 - 교차로안,승용,남,39세,상해없음,보행자,여,37세,중상
18774,2019111300100705,2019년 11월 13일 22시,수요일,경기도 안양시 동안구 관양동,경상사고,0,0,1,0,차대사람 - 기타,안전운전불이행,포장 - 건조,맑음,단일로 - 기타,승용,남,68세,상해없음,보행자,남,54세,경상
18775,2019111300100706,2019년 11월 13일 22시,수요일,경기도 부천시 괴안동,중상사고,0,1,0,0,차대사람 - 기타,안전운전불이행,포장 - 건조,맑음,교차로 - 교차로안,승용,남,36세,상해없음,보행자,남,62세,중상
18776,2019111300100716,2019년 11월 13일 22시,수요일,경기도 남양주시 진접읍,경상사고,0,0,1,0,차대사람 - 기타,안전운전불이행,포장 - 건조,맑음,교차로 - 교차로안,기타불명,기타불명,미분류,기타불명,보행자,남,61세,경상
18777,2019111300100719,2019년 11월 13일 23시,수요일,경기도 광주시 퇴촌면,중상사고,0,1,0,0,차대사람 - 기타,안전운전불이행,포장 - 건조,맑음,기타 - 기타,승합,남,51세,상해없음,보행자,여,59세,중상
18778,2019111300100723,2019년 11월 13일 23시,수요일,경기도 수원시 팔달구 매교동,경상사고,0,0,1,0,차대사람 - 기타,기타,포장 - 건조,맑음,단일로 - 기타,승합,남,49세,상해없음,보행자,남,21세,경상
18779,2019111300100725,2019년 11월 13일 23시,수요일,경기도 부천시 작동,경상사고,0,0,1,0,차대사람 - 기타,안전운전불이행,포장 - 건조,맑음,단일로 - 기타,승합,남,58세,상해없음,보행자,남,39세,경상
18780,2019111400100028,2019년 11월 14일 00시,목요일,경기도 성남시 수정구 신흥동,경상사고,0,0,1,0,차대사람 - 기타,보행자보호의무위반,포장 - 건조,맑음,단일로 - 기타,승용,남,65세,상해없음,보행자,남,17세,경상
18781,2019111400100033,2019년 11월 14일 00시,목요일,경기도 화성시 매송면,사망사고,1,0,0,0,차대사람 - 기타,과속,포장 - 건조,맑음,기타 - 기타,화물,남,35세,상해없음,보행자,남,25세,사망
18782,2019111400100077,2019년 11월 14일 06시,목요일,경기도 안산시 상록구 사사동,경상사고,0,0,1,0,차대사람 - 횡단중,보행자보호의무위반,포장 - 건조,맑음,교차로 - 교차로안,승용,남,54세,상해없음,보행자,남,57세,경상
18783,2019111400100091,2019년 11월 14일 07시,목요일,경기도 용인시 처인구 양지면,경상사고,0,0,1,0,차대사람 - 횡단중,보행자보호의무위반,포장 - 건조,맑음,교차로 - 교차로횡단보도내,기타불명,기타불명,미분류,기타불명,보행자,남,22세,경상