,사고번호,사고일시,요일,시군구,사고내용,사망자수,중상자수,경상자수,부상신고자수,사고유형,법규위반,노면상태,기상상태,도로형태,가해운전자 차종,가해운전자 성별,가해운전자 연령,가해운전자 상해정도,피해운전자 차종,피해운전자 성별,피해운전자 연령,피해운전자 상해정도
18895,2019111700100594,2019년 11월 17일 23시,일요일,경기도 용인시 처인구 양지면,부상신고사고,0,0,0,1,차대사람 - 기타,안전운전불이행,포장 - 젖음/습기,비,단일로 - 기타,승용,남,38세,상해없음,보행자,남,47세,부상신고
18896,2019111800100032,2019년 11월 18일 00시,월요일,경기도 성남시 중원구 성남동,경상사고,0,0,1,0,차대사람 - 길가장자리구역통행중,안전운전불이행,포장 - 건조,맑음,단일로 - 기타,승용,여,57세,상해없음,보행자,여,59세,경상
18897,2019111800100033,2019년 11월 18일 00시,월요일,경기도 안산시 상록구 사동,중상사고,0,1,0,0,차대사람 - 보도통행중,안전운전불이행,포장 - 젖음/습기,비,교차로 - 교차로안,화물,남,45세,상해없음,보행자,남,43세,중상
18898,2019111800100080,2019년 11월 18일 05시,월요일,경기도 고양시 일산동구 중산동,경상사고,0,0,1,0,차대사람 - 기타,안전운전불이행,포장 - 건조,맑음,단일로 - 기타,승용,남,64세,상해없음,보행자,남,40세,경상
18899,2019111800100082,2019년 11월 18일 06시,월요일,경기도 평택시 청북읍,경상사고,0,0,1,0,차대사람 - 차도통행중,안전운전불이행,포장 - 젖음/습기,비,단일로 - 기타,승용,남,22세,상해없음,보행자,남,64세,경상
18900,2019111800100083,2019년 11월 18일 06시,월요일,경기도 용인시 기흥구 농서동,경상사고,0,0,1,0,차대사람 - 차도통행중,안전운전불이행,포장 - 건조,맑음,교차로 - 교차로부근,승용,남,25세,상해없음,보행자,남,51세,경상
18901,2019111800100112,2019년 11월 18일 07시,월요일,경기도 과천시 주암동,부상신고사고,0,0,0,1,차대사람 - 보도통행중,안전운전불이행,포장 - 건조,맑음,교차로 - 교차로안,승용,여,63세,상해없음,보행자,남,68세,부상신고
18902,2019111800100113,2019년 11월 18일 07시,월요일,경기도 시흥시 정왕동,중상사고,0,1,0,0,차대사람 - 횡단중,보행자보호의무위반,포장 - 젖음/습기,비,교차로 - 교차로안,승용,남,49세,상해없음,보행자,여,27세,중상
18903,2019111800100114,2019년 11월 18일 07시,월요일,경기도 화성시 향남읍,경상사고,0,0,1,0,차대사람 - 기타,안전운전불이행,포장 - 건조,맑음,교차로 - 교차로부근,승용,남,30세,상해없음,보행자,여,42세,경상
18904,2019111800100147,2019년 11월 18일 08시,월요일,경기도 광주시 오포읍,중상사고,0,1,0,0,차대사람 - 횡단중,안전운전불이행,포장 - 건조,맑음,기타 - 기타,승용,여,56세,상해없음,보행자,남,12세,중상
18905,2019111800100199,2019년 11월 18일 09시,월요일,경기도 광주시 중대동,부상신고사고,0,0,0,1,차대사람 - 기타,안전운전불이행,포장 - 건조,맑음,미분류 - 미분류,기타불명,기타불명,미분류,기타불명,보행자,여,13세,부상신고
18906,2019111800100202,2019년 11월 18일 09시,월요일,경기도 광명시 철산동,경상사고,0,0,1,0,차대사람 - 횡단중,중앙선침범,포장 - 건조,맑음,단일로 - 기타,자전거,남,68세,상해없음,보행자,여,67세,경상
18907,2019111800100232,2019년 11월 18일 10시,월요일,경기도 양평군 서종면,경상사고,0,0,1,0,차대사람 - 기타,기타,포장 - 건조,맑음,단일로 - 기타,승용,여,44세,상해없음,보행자,여,67세,경상
18908,2019111800100251,2019년 11월 18일 10시,월요일,경기도 고양시 일산서구 탄현동,중상사고,0,1,0,0,차대사람 - 기타,보행자보호의무위반,포장 - 건조,맑음,교차로 - 교차로부근,승용,남,67세,기타불명,보행자,여,32세,중상
18909,2019111800100264,2019년 11월 18일 11시,월요일,경기도 화성시 병점동,경상사고,0,0,1,0,차대사람 - 횡단중,보행자보호의무위반,포장 - 건조,맑음,교차로 - 교차로부근,이륜,남,66세,기타불명,보행자,여,26세,경상
18910,2019111800100291,2019년 11월 18일 12시,월요일,경기도 부천시 중동,경상사고,0,0,1,0,차대사람 - 기타,안전운전불이행,포장 - 건조,맑음,단일로 - 기타,승용,남,79세,상해없음,보행자,여,47세,경상
18911,2019111800100292,2019년 11월 18일 12시,월요일,경기도 광명시 철산동,부상신고사고,0,0,0,1,차대사람 - 차도통행중,안전운전불이행,포장 - 건조,맑음,단일로 - 기타,이륜,남,26세,상해없음,보행자,여,52세,부상신고
18912,2019111800100318,2019년 11월 18일 13시,월요일,경기도 평택시 서정동,경상사고,0,0,1,0,차대사람 - 기타,기타,포장 - 건조,맑음,교차로 - 교차로부근,자전거,기타불명,미분류,기타불명,보행자,남,43세,경상
18913,2019111800100355,2019년 11월 18일 14시,월요일,경기도 성남시 수정구 단대동,경상사고,0,0,1,0,차대사람 - 기타,안전운전불이행,포장 - 건조,맑음,교차로 - 교차로안,승용,남,41세,상해없음,보행자,남,10세,경상
18914,2019111800100357,2019년 11월 18일 14시,월요일,경기도 성남시 중원구 상대원동,경상사고,0,0,1,0,차대사람 - 횡단중,안전운전불이행,포장 - 건조,맑음,단일로 - 기타,이륜,여,32세,상해없음,보행자,남,32세,경상
18915,2019111800100430,2019년 11월 18일 15시,월요일,경기도 남양주시 다산동,경상사고,0,0,1,0,차대사람 - 기타,안전운전불이행,포장 - 건조,맑음,기타 - 기타,승용,남,37세,상해없음,보행자,남,45세,경상
18916,2019111800100475,2019년 11월 18일 17시,월요일,경기도 수원시 장안구 천천동,경상사고,0,0,1,0,차대사람 - 횡단중,안전운전불이행,포장 - 건조,맑음,단일로 - 기타,승용,여,53세,상해없음,보행자,남,16세,경상
18917,2019111800100478,2019년 11월 18일 17시,월요일,경기도 안성시 인지동,중상사고,0,1,0,0,차대사람 - 기타,보행자보호의무위반,포장 - 건조,맑음,교차로 - 교차로안,승용,여,25세,상해없음,보행자,여,56세,중상
18918,2019111800100479,2019년 11월 18일 17시,월요일,경기도 안산시 단원구 선부동,경상사고,0,0,1,0,차대사람 - 횡단중,안전운전불이행,포장 - 건조,맑음,교차로 - 교차로안,승용,남,43세,상해없음,보행자,여,63세,경상
18919,2019111800100480,2019년 11월 18일 17시,월요일,경기도 수원시 영통구 매탄동,부상신고사고,0,0,0,1,차대사람 - 차도통행중,안전운전불이행,포장 - 건조,맑음,기타 - 기타,화물,남,78세,상해없음,보행자,여,24세,부상신고
18920,2019111800100482,2019년 11월 18일 17시,월요일,경기도 시흥시 정왕동,중상사고,0,1,0,0,차대사람 - 차도통행중,안전운전불이행,포장 - 건조,맑음,단일로 - 기타,이륜,남,19세,상해없음,보행자,여,60세,중상
18921,2019111800100484,2019년 11월 18일 17시,월요일,경기도 안산시 상록구 본오동,경상사고,0,0,1,0,차대사람 - 보도통행중,보행자보호의무위반,포장 - 건조,맑음,단일로 - 기타,승용,남,27세,상해없음,보행자,여,24세,경상
18922,2019111800100542,2019년 11월 18일 18시,월요일,경기도 광명시 소하동,중상사고,0,1,0,0,차대사람 - 차도통행중,안전운전불이행,포장 - 건조,맑음,단일로 - 기타,승용,여,24세,상해없음,보행자,여,80세,중상
18923,2019111800100547,2019년 11월 18일 18시,월요일,경기도 화성시 반송동,경상사고,0,0,1,0,차대사람 - 기타,보행자보호의무위반,포장 - 건조,맑음,교차로 - 교차로안,승용,남,38세,상해없음,보행자,남,33세,경상
18924,2019111800100589,2019년 11월 18일 18시,월요일,경기도 포천시 가산면,중상사고,0,1,0,0,차대사람 - 기타,안전운전불이행,포장 - 건조,맑음,단일로 - 기타,화물,남,61세,상해없음,보행자,남,46세,중상
18925,2019111800100631,2019년 11월 18일 19시,월요일,경기도 고양시 일산동구 장항동,부상신고사고,0,0,0,1,차대사람 - 횡단중,안전운전불이행,포장 - 건조,맑음,교차로 - 교차로부근,이륜,남,17세,상해없음,보행자,여,24세,부상신고
18926,2019111800100642,2019년 11월 18일 20시,월요일,경기도 성남시 수정구 태평동,경상사고,0,0,1,0,차대사람 - 횡단중,안전운전불이행,포장 - 건조,맑음,교차로 - 교차로안,승용,남,51세,상해없음,보행자,남,10세,경상
18927,2019111800100683,2019년 11월 18일 22시,월요일,경기도 평택시 안중읍,중상사고,0,1,0,0,차대사람 - 횡단중,기타,포장 - 젖음/습기,눈,교차로 - 교차로안,승용,여,41세,상해없음,보행자,남,63세,중상
18928,2019111800100704,2019년 11월 18일 23시,월요일,경기도 부천시 심곡동,부상신고사고,0,0,0,1,차대사람 - 차도통행중,안전운전불이행,포장 - 기타,비,단일로 - 기타,기타불명,기타불명,미분류,기타불명,보행자,여,22세,부상신고
18929,2019111900100066,2019년 11월 19일 03시,화요일,경기도 부천시 고강동,중상사고,0,1,0,0,차대사람 - 기타,안전운전불이행,포장 - 건조,맑음,교차로 - 교차로부근,화물,남,50세,상해없음,보행자,남,56세,중상
18930,2019111900100090,2019년 11월 19일 06시,화요일,경기도 이천시 부발읍,경상사고,0,0,1,0,차대사람 - 기타,안전운전불이행,포장 - 건조,맑음,기타 - 기타,승용,남,59세,상해없음,보행자,남,66세,경상
18931,2019111900100106,2019년 11월 19일 07시,화요일,경기도 광주시 곤지암읍,경상사고,0,0,1,0,차대사람 - 기타,안전운전불이행,포장 - 건조,맑음,단일로 - 기타,승합,여,51세,상해없음,보행자,여,62세,경상
18932,2019111900100108,2019년 11월 19일 07시,화요일,경기도 안산시 단원구 초지동,경상사고,0,0,1,0,차대사람 - 횡단중,신호위반,포장 - 건조,맑음,교차로 - 교차로횡단보도내,승용,남,29세,상해없음,보행자,남,25세,경상
18933,2019111900100154,2019년 11월 19일 08시,화요일,경기도 수원시 권선구 세류동,중상사고,0,1,0,0,차대사람 - 기타,안전운전불이행,포장 - 건조,맑음,교차로 - 교차로부근,승용,여,49세,상해없음,보행자,여,89세,중상
18934,2019111900100155,2019년 11월 19일 08시,화요일,경기도 안양시 만안구 석수동,경상사고,0,0,1,0,차대사람 - 횡단중,신호위반,포장 - 건조,맑음,교차로 - 교차로횡단보도내,승용,여,45세,상해없음,보행자,남,7세,경상
18935,2019111900100157,2019년 11월 19일 08시,화요일,경기도 용인시 수지구 상현동,경상사고,0,0,1,0,차대사람 - 횡단중,안전운전불이행,포장 - 건조,맑음,단일로 - 기타,승용,여,53세,상해없음,보행자,여,77세,경상
18936,2019111900100187,2019년 11월 19일 08시,화요일,경기도 남양주시 호평동,중상사고,0,1,0,0,차대사람 - 횡단중,신호위반,포장 - 건조,맑음,교차로 - 교차로횡단보도내,승용,남,26세,상해없음,보행자,남,11세,중상
18937,2019111900100250,2019년 11월 19일 10시,화요일,경기도 양평군 강하면,중상사고,0,1,0,0,차대사람 - 기타,안전운전불이행,포장 - 건조,맑음,단일로 - 기타,승용,남,45세,상해없음,보행자,남,77세,중상
18938,2019111900100252,2019년 11월 19일 10시,화요일,경기도 부천시 중동,경상사고,0,0,1,0,차대사람 - 기타,안전운전불이행,포장 - 건조,맑음,기타 - 기타,화물,남,51세,상해없음,보행자,여,42세,경상
18939,2019111900100336,2019년 11월 19일 12시,화요일,경기도 부천시 내동,중상사고,0,1,0,0,차대사람 - 횡단중,안전운전불이행,포장 - 건조,맑음,단일로 - 기타,건설기계,남,57세,상해없음,보행자,남,26세,중상
18940,2019111900100394,2019년 11월 19일 13시,화요일,경기도 의정부시 의정부동,경상사고,0,0,1,0,차대사람 - 길가장자리구역통행중,안전운전불이행,포장 - 건조,맑음,단일로 - 기타,승용,여,55세,상해없음,보행자,남,51세,경상
18941,2019111900100440,2019년 11월 19일 15시,화요일,경기도 수원시 팔달구 인계동,중상사고,0,1,0,0,차대사람 - 횡단중,기타,포장 - 건조,맑음,단일로 - 기타,승용,남,78세,상해없음,보행자,남,8세,중상
18942,2019111900100475,2019년 11월 19일 15시,화요일,경기도 의정부시 의정부동,경상사고,0,0,1,0,차대사람 - 보도통행중,안전운전불이행,포장 - 건조,맑음,단일로 - 기타,승용,남,28세,상해없음,보행자,여,41세,경상
18943,2019111900100491,2019년 11월 19일 16시,화요일,경기도 광명시 광명동,부상신고사고,0,0,0,1,차대사람 - 길가장자리구역통행중,안전운전불이행,포장 - 건조,맑음,단일로 - 기타,승용,여,61세,상해없음,보행자,남,15세,부상신고
18944,2019111900100493,2019년 11월 19일 16시,화요일,경기도 성남시 중원구 상대원동,중상사고,0,1,0,0,차대사람 - 기타,안전운전불이행,포장 - 건조,맑음,교차로 - 교차로안,승용,남,30세,상해없음,보행자,여,74세,중상
18945,2019111900100509,2019년 11월 19일 16시,화요일,경기도 고양시 덕양구 고양동,부상신고사고,0,0,0,1,차대사람 - 기타,안전운전불이행,포장 - 건조,흐림,단일로 - 기타,승합,여,54세,상해없음,보행자,여,47세,부상신고
18946,2019111900100518,2019년 11월 19일 17시,화요일,경기도 용인시 처인구 마평동,중상사고,0,1,0,0,차대사람 - 차도통행중,안전운전불이행,포장 - 건조,맑음,단일로 - 기타,화물,남,41세,상해없음,보행자,여,10세,중상
18947,2019111900100556,2019년 11월 19일 17시,화요일,경기도 고양시 일산동구 문봉동,중상사고,0,1,0,0,차대사람 - 기타,안전운전불이행,포장 - 건조,맑음,단일로 - 기타,승용,남,68세,상해없음,보행자,여,74세,중상
18948,2019111900100589,2019년 11월 19일 18시,화요일,경기도 화성시 향남읍,경상사고,0,0,1,0,차대사람 - 횡단중,안전운전불이행,포장 - 기타,맑음,교차로 - 교차로안,화물,남,60세,상해없음,보행자,남,49세,경상
18949,2019111900100632,2019년 11월 19일 18시,화요일,경기도 의정부시 의정부동,부상신고사고,0,0,0,1,차대사람 - 차도통행중,안전운전불이행,포장 - 건조,맑음,단일로 - 기타,승용,여,36세,상해없음,보행자,남,70세,부상신고
18950,2019111900100648,2019년 11월 19일 19시,화요일,경기도 이천시 창전동,부상신고사고,0,0,0,1,차대사람 - 기타,교차로운행방법위반,포장 - 건조,맑음,단일로 - 기타,승용,남,19세,상해없음,보행자,남,9세,부상신고
18951,2019111900100676,2019년 11월 19일 19시,화요일,경기도 의정부시 의정부동,경상사고,0,0,1,0,차대사람 - 기타,교차로운행방법위반,포장 - 건조,맑음,단일로 - 기타,승용,남,58세,상해없음,보행자,여,26세,경상
18952,2019111900100690,2019년 11월 19일 20시,화요일,경기도 수원시 권선구 권선동,사망사고,1,0,0,0,차대사람 - 횡단중,안전운전불이행,포장 - 건조,맑음,기타 - 기타,이륜,남,38세,상해없음,보행자,여,55세,사망
18953,2019111900100728,2019년 11월 19일 21시,화요일,경기도 광주시 퇴촌면,경상사고,0,0,1,0,차대사람 - 기타,안전운전불이행,포장 - 기타,기타,기타 - 기타,승용,남,71세,상해없음,보행자,남,29세,경상
18954,2019111900100751,2019년 11월 19일 21시,화요일,경기도 파주시 와동,중상사고,0,1,0,0,차대사람 - 횡단중,안전운전불이행,포장 - 건조,맑음,교차로 - 교차로안,승용,남,46세,상해없음,보행자,남,45세,중상
18955,2019112000100061,2019년 11월 20일 02시,수요일,경기도 화성시 봉담읍,경상사고,0,0,1,0,차대사람 - 기타,안전운전불이행,포장 - 건조,맑음,기타 - 기타,승합,여,47세,상해없음,보행자,남,26세,경상
18956,2019112000100077,2019년 11월 20일 05시,수요일,경기도 수원시 장안구 정자동,경상사고,0,0,1,0,차대사람 - 기타,안전운전불이행,포장 - 건조,맑음,단일로 - 기타,승용,남,57세,상해없음,보행자,남,27세,경상
18957,2019112000100078,2019년 11월 20일 05시,수요일,경기도 성남시 수정구 수진동,부상신고사고,0,0,0,1,차대사람 - 기타,안전운전불이행,포장 - 건조,맑음,단일로 - 기타,승용,여,53세,상해없음,보행자,남,51세,부상신고
18958,2019112000100094,2019년 11월 20일 06시,수요일,경기도 오산시 갈곶동,경상사고,0,0,1,0,차대사람 - 횡단중,안전운전불이행,포장 - 건조,맑음,주차장 - 주차장,승용,남,32세,상해없음,보행자,남,60세,경상
18959,2019112000100097,2019년 11월 20일 06시,수요일,경기도 안양시 만안구 석수동,중상사고,0,1,0,0,차대사람 - 횡단중,중앙선침범,포장 - 건조,맑음,단일로 - 기타,승용,남,36세,상해없음,보행자,여,76세,중상
18960,2019112000100111,2019년 11월 20일 07시,수요일,경기도 용인시 처인구 마평동,중상사고,0,1,0,0,차대사람 - 차도통행중,안전운전불이행,포장 - 건조,맑음,단일로 - 기타,승용,남,31세,상해없음,보행자,여,76세,중상
18961,2019112000100151,2019년 11월 20일 08시,수요일,경기도 안성시 당왕동,경상사고,0,0,2,0,차대사람 - 횡단중,안전운전불이행,포장 - 건조,맑음,교차로 - 교차로안,승용,여,44세,상해없음,보행자,남,9세,경상
18962,2019112000100154,2019년 11월 20일 08시,수요일,경기도 광주시 태전동,경상사고,0,0,1,0,차대사람 - 기타,보행자보호의무위반,포장 - 건조,맑음,기타 - 기타,승용,여,57세,기타불명,보행자,남,14세,경상
18963,2019112000100161,2019년 11월 20일 08시,수요일,경기도 안산시 상록구 성포동,경상사고,0,0,1,0,차대사람 - 횡단중,보행자보호의무위반,포장 - 건조,맑음,교차로 - 교차로안,승합,남,59세,상해없음,보행자,여,42세,경상
18964,2019112000100192,2019년 11월 20일 08시,수요일,경기도 파주시 조리읍,중상사고,0,1,0,0,차대사람 - 기타,안전운전불이행,포장 - 건조,맑음,단일로 - 기타,승용,여,44세,상해없음,보행자,여,44세,중상
18965,2019112000100193,2019년 11월 20일 08시,수요일,경기도 양주시 고읍동,경상사고,0,0,1,0,차대사람 - 횡단중,보행자보호의무위반,포장 - 건조,맑음,교차로 - 교차로횡단보도내,승용,남,50세,상해없음,보행자,여,13세,경상
18966,2019112000100210,2019년 11월 20일 09시,수요일,경기도 시흥시 대야동,경상사고,0,0,1,0,차대사람 - 횡단중,보행자보호의무위반,포장 - 건조,맑음,교차로 - 교차로안,승용,남,49세,상해없음,보행자,여,24세,경상
18967,2019112000100232,2019년 11월 20일 09시,수요일,경기도 의정부시 민락동,중상사고,0,1,0,0,차대사람 - 횡단중,보행자보호의무위반,포장 - 건조,맑음,단일로 - 기타,화물,남,59세,상해없음,보행자,여,74세,중상
18968,2019112000100246,2019년 11월 20일 10시,수요일,경기도 성남시 분당구 수내동,중상사고,0,1,0,0,차대사람 - 횡단중,보행자보호의무위반,포장 - 건조,맑음,단일로 - 기타,승용,남,37세,상해없음,보행자,남,24세,중상
18969,2019112000100288,2019년 11월 20일 11시,수요일,경기도 의왕시 고천동,중상사고,0,1,0,0,차대사람 - 차도통행중,안전운전불이행,포장 - 건조,맑음,단일로 - 기타,원동기,남,69세,상해없음,보행자,여,51세,중상
18970,2019112000100308,2019년 11월 20일 11시,수요일,경기도 고양시 덕양구 주교동,경상사고,0,0,1,0,차대사람 - 횡단중,신호위반,포장 - 건조,맑음,교차로 - 교차로안,승용,여,68세,상해없음,보행자,남,77세,경상
18971,2019112000100322,2019년 11월 20일 12시,수요일,경기도 성남시 수정구 신흥동,경상사고,0,0,1,0,차대사람 - 횡단중,보행자보호의무위반,포장 - 건조,맑음,단일로 - 기타,승용,여,53세,상해없음,보행자,남,52세,경상
18972,2019112000100325,2019년 11월 20일 12시,수요일,경기도 김포시 장기동,중상사고,0,1,0,0,차대사람 - 횡단중,보행자보호의무위반,포장 - 건조,맑음,교차로 - 교차로부근,승용,남,72세,상해없음,보행자,여,57세,중상
18973,2019112000100361,2019년 11월 20일 13시,수요일,경기도 평택시 안중읍,중상사고,0,1,0,0,차대사람 - 횡단중,보행자보호의무위반,포장 - 건조,맑음,교차로 - 교차로안,승합,남,61세,상해없음,보행자,여,72세,중상
18974,2019112000100367,2019년 11월 20일 13시,수요일,경기도 안양시 만안구 박달동,경상사고,0,0,1,0,차대사람 - 횡단중,보행자보호의무위반,포장 - 건조,맑음,교차로 - 교차로횡단보도내,화물,남,65세,상해없음,보행자,여,25세,경상
18975,2019112000100400,2019년 11월 20일 14시,수요일,경기도 평택시 비전동,중상사고,0,1,0,0,차대사람 - 기타,기타,포장 - 건조,맑음,교차로 - 교차로안,승합,남,60세,상해없음,보행자,여,76세,중상
18976,2019112000100402,2019년 11월 20일 14시,수요일,경기도 오산시 오산동,경상사고,0,0,1,0,차대사람 - 횡단중,신호위반,포장 - 건조,맑음,교차로 - 교차로안,승합,남,39세,상해없음,보행자,여,64세,경상
18977,2019112000100428,2019년 11월 20일 14시,수요일,경기도 파주시 야당동,중상사고,0,1,0,0,차대사람 - 기타,안전운전불이행,포장 - 건조,맑음,교차로 - 교차로부근,승용,여,33세,상해없음,보행자,남,55세,중상
18978,2019112000100447,2019년 11월 20일 15시,수요일,경기도 안성시 서인동,중상사고,0,1,0,0,차대사람 - 횡단중,보행자보호의무위반,포장 - 건조,맑음,교차로 - 교차로부근,승용,남,23세,상해없음,보행자,여,69세,중상
18979,2019112000100448,2019년 11월 20일 15시,수요일,경기도 안양시 동안구 비산동,경상사고,0,0,1,0,차대사람 - 기타,안전운전불이행,포장 - 건조,맑음,교차로 - 교차로횡단보도내,승용,여,52세,상해없음,보행자,여,59세,경상
18980,2019112000100451,2019년 11월 20일 15시,수요일,경기도 수원시 팔달구 인계동,경상사고,0,0,1,0,차대사람 - 횡단중,보행자보호의무위반,포장 - 건조,맑음,교차로 - 교차로횡단보도내,승용,남,58세,상해없음,보행자,여,26세,경상
18981,2019112000100532,2019년 11월 20일 17시,수요일,경기도 평택시 통복동,경상사고,0,0,1,0,차대사람 - 기타,안전운전불이행,포장 - 건조,맑음,단일로 - 기타,화물,남,37세,상해없음,보행자,남,41세,경상
18982,2019112000100536,2019년 11월 20일 17시,수요일,경기도 부천시 중동,경상사고,0,0,1,0,차대사람 - 기타,안전운전불이행,포장 - 건조,맑음,단일로 - 기타,이륜,남,31세,상해없음,보행자,남,45세,경상
18983,2019112000100653,2019년 11월 20일 18시,수요일,경기도 남양주시 별내동,경상사고,0,0,1,0,차대사람 - 기타,기타,포장 - 건조,맑음,단일로 - 기타,승합,남,41세,상해없음,보행자,여,77세,경상
18984,2019112000100666,2019년 11월 20일 19시,수요일,경기도 부천시 도당동,경상사고,0,0,1,0,차대사람 - 횡단중,보행자보호의무위반,포장 - 건조,맑음,교차로 - 교차로횡단보도내,이륜,남,59세,상해없음,보행자,남,64세,경상
18985,2019112000100748,2019년 11월 20일 21시,수요일,경기도 양주시 장흥면,중상사고,0,1,0,0,차대사람 - 기타,안전운전불이행,포장 - 건조,맑음,교차로 - 교차로부근,승용,남,68세,상해없음,보행자,남,63세,중상
18986,2019112000100765,2019년 11월 20일 22시,수요일,경기도 안산시 단원구 초지동,부상신고사고,0,0,0,1,차대사람 - 횡단중,신호위반,포장 - 건조,맑음,단일로 - 기타,승용,여,51세,상해없음,보행자,남,44세,부상신고
18987,2019112100100078,2019년 11월 21일 06시,목요일,경기도 부천시 중동,경상사고,0,0,1,0,차대사람 - 횡단중,보행자보호의무위반,포장 - 건조,맑음,단일로 - 기타,승용,남,54세,상해없음,보행자,여,32세,경상
18988,2019112100100079,2019년 11월 21일 06시,목요일,경기도 군포시 당동,경상사고,0,0,1,0,차대사람 - 기타,안전운전불이행,포장 - 건조,맑음,단일로 - 기타,승용,여,56세,상해없음,보행자,남,31세,경상
18989,2019112100100100,2019년 11월 21일 07시,목요일,경기도 안산시 단원구 신길동,중상사고,0,1,0,0,차대사람 - 횡단중,신호위반,포장 - 건조,맑음,교차로 - 교차로안,승용,여,64세,상해없음,보행자,여,19세,중상
18990,2019112100100101,2019년 11월 21일 07시,목요일,경기도 안산시 단원구 와동,부상신고사고,0,0,0,1,차대사람 - 기타,안전운전불이행,포장 - 건조,맑음,단일로 - 기타,기타불명,기타불명,미분류,기타불명,보행자,여,17세,부상신고
18991,2019112100100130,2019년 11월 21일 08시,목요일,경기도 광주시 탄벌동,중상사고,0,1,0,0,차대사람 - 기타,보행자보호의무위반,포장 - 건조,맑음,기타 - 기타,승용,여,49세,상해없음,보행자,남,7세,중상
18992,2019112100100134,2019년 11월 21일 08시,목요일,경기도 수원시 영통구 매탄동,중상사고,0,1,0,0,차대사람 - 차도통행중,안전운전불이행,포장 - 건조,맑음,교차로 - 교차로안,승용,남,59세,상해없음,보행자,여,35세,중상
18993,2019112100100171,2019년 11월 21일 08시,목요일,경기도 고양시 덕양구 토당동,경상사고,0,0,1,0,차대사람 - 횡단중,신호위반,포장 - 건조,맑음,교차로 - 교차로횡단보도내,승용,남,63세,상해없음,보행자,남,11세,경상
18994,2019112100100242,2019년 11월 21일 10시,목요일,경기도 고양시 덕양구 성사동,중상사고,0,1,0,0,차대사람 - 횡단중,안전운전불이행,포장 - 건조,맑음,단일로 - 기타,승용,여,53세,상해없음,보행자,여,74세,중상
18995,2019112100100256,2019년 11월 21일 11시,목요일,경기도 성남시 중원구 성남동,중상사고,0,1,1,0,차대사람 - 기타,안전운전불이행,포장 - 건조,맑음,교차로 - 교차로안,승용,남,74세,상해없음,보행자,여,62세,경상
18996,2019112100100285,2019년 11월 21일 12시,목요일,경기도 안산시 단원구 성곡동,중상사고,0,1,0,0,차대사람 - 기타,안전운전불이행,포장 - 건조,맑음,단일로 - 기타,화물,남,51세,상해없음,보행자,여,52세,중상
18997,2019112100100286,2019년 11월 21일 12시,목요일,경기도 수원시 영통구 매탄동,중상사고,0,1,0,0,차대사람 - 차도통행중,안전운전불이행,포장 - 건조,맑음,교차로 - 교차로안,승용,남,43세,상해없음,보행자,여,72세,중상
18998,2019112100100287,2019년 11월 21일 12시,목요일,경기도 수원시 권선구 세류동,중상사고,0,1,0,0,차대사람 - 기타,안전운전불이행,포장 - 건조,맑음,기타 - 기타,이륜,남,28세,상해없음,보행자,여,33세,중상
18999,2019112100100329,2019년 11월 21일 13시,목요일,경기도 성남시 분당구 금곡동,중상사고,0,1,0,0,차대사람 - 기타,기타,포장 - 건조,맑음,단일로 - 기타,승합,남,53세,상해없음,보행자,여,78세,중상
19000,2019112100100410,2019년 11월 21일 15시,목요일,경기도 부천시 도당동,경상사고,0,0,1,0,차대사람 - 횡단중,신호위반,포장 - 건조,맑음,단일로 - 기타,승용,남,58세,상해없음,보행자,여,54세,경상
19001,2019112100100411,2019년 11월 21일 15시,목요일,경기도 용인시 수지구 동천동,경상사고,0,0,1,0,차대사람 - 횡단중,신호위반,포장 - 건조,맑음,단일로 - 기타,승용,여,40세,상해없음,보행자,여,46세,경상
19002,2019112100100440,2019년 11월 21일 16시,목요일,경기도 광주시 탄벌동,경상사고,0,0,1,0,차대사람 - 횡단중,보행자보호의무위반,포장 - 건조,맑음,교차로 - 교차로횡단보도내,승용,남,38세,기타불명,보행자,여,37세,경상
19003,2019112100100446,2019년 11월 21일 16시,목요일,경기도 성남시 분당구 수내동,경상사고,0,0,1,0,차대사람 - 기타,안전운전불이행,포장 - 건조,맑음,단일로 - 기타,승용,여,83세,상해없음,보행자,여,53세,경상
19004,2019112100100477,2019년 11월 21일 16시,목요일,경기도 고양시 일산동구 장항동,경상사고,0,0,1,0,차대사람 - 횡단중,안전운전불이행,포장 - 건조,맑음,교차로 - 교차로부근,승용,남,51세,상해없음,보행자,남,67세,경상
19005,2019112100100498,2019년 11월 21일 17시,목요일,경기도 수원시 장안구 정자동,경상사고,0,0,1,0,차대사람 - 횡단중,보행자보호의무위반,포장 - 건조,맑음,교차로 - 교차로안,승용,남,65세,상해없음,보행자,남,12세,경상
19006,2019112100100535,2019년 11월 21일 17시,목요일,경기도 의정부시 호원동,사망사고,1,0,0,0,차대사람 - 횡단중,안전운전불이행,포장 - 건조,맑음,교차로 - 교차로부근,승용,남,47세,상해없음,보행자,여,84세,사망