,사고번호,사고일시,요일,시군구,사고내용,사망자수,중상자수,경상자수,부상신고자수,사고유형,법규위반,노면상태,기상상태,도로형태,가해운전자 차종,가해운전자 성별,가해운전자 연령,가해운전자 상해정도,피해운전자 차종,피해운전자 성별,피해운전자 연령,피해운전자 상해정도
19007,2019112100100536,2019년 11월 21일 17시,목요일,경기도 파주시 법원읍,경상사고,0,0,1,0,차대사람 - 횡단중,안전운전불이행,포장 - 건조,맑음,교차로 - 교차로안,승용,남,76세,상해없음,보행자,남,41세,경상
19008,2019112100100552,2019년 11월 21일 18시,목요일,경기도 수원시 장안구 정자동,부상신고사고,0,0,0,1,차대사람 - 기타,안전운전불이행,포장 - 건조,맑음,단일로 - 기타,이륜,남,46세,부상신고,보행자,여,39세,상해없음
19009,2019112100100558,2019년 11월 21일 18시,목요일,경기도 이천시 부발읍,중상사고,0,1,0,0,차대사람 - 횡단중,보행자보호의무위반,포장 - 건조,맑음,교차로 - 교차로안,승용,여,47세,기타불명,보행자,남,66세,중상
19010,2019112100100560,2019년 11월 21일 18시,목요일,경기도 용인시 기흥구 보라동,경상사고,0,0,1,0,차대사람 - 횡단중,안전운전불이행,포장 - 건조,맑음,단일로 - 기타,승용,여,46세,기타불명,보행자,남,11세,경상
19011,2019112100100615,2019년 11월 21일 18시,목요일,경기도 파주시 조리읍,부상신고사고,0,0,0,1,차대사람 - 기타,안전운전불이행,포장 - 건조,맑음,단일로 - 기타,승합,남,41세,상해없음,보행자,남,59세,부상신고
19012,2019112100100617,2019년 11월 21일 18시,목요일,경기도 구리시 인창동,경상사고,0,0,1,0,차대사람 - 횡단중,보행자보호의무위반,포장 - 건조,맑음,교차로 - 교차로안,승용,여,38세,상해없음,보행자,남,8세,경상
19013,2019112100100669,2019년 11월 21일 19시,목요일,경기도 고양시 일산동구 사리현동,경상사고,0,0,1,0,차대사람 - 기타,안전운전불이행,포장 - 건조,맑음,교차로 - 교차로안,승용,남,59세,상해없음,보행자,남,23세,경상
19014,2019112100100710,2019년 11월 21일 21시,목요일,경기도 평택시 서정동,중상사고,0,1,0,0,차대사람 - 기타,안전운전불이행,포장 - 건조,맑음,단일로 - 기타,화물,남,36세,상해없음,보행자,여,72세,중상
19015,2019112100100712,2019년 11월 21일 21시,목요일,경기도 안산시 단원구 신길동,중상사고,0,1,0,0,차대사람 - 보도통행중,보행자보호의무위반,포장 - 건조,맑음,교차로 - 교차로횡단보도내,이륜,남,18세,상해없음,보행자,여,54세,중상
19016,2019112100100731,2019년 11월 21일 22시,목요일,경기도 안산시 단원구 대부남동,중상사고,0,1,0,0,차대사람 - 기타,안전운전불이행,포장 - 건조,맑음,단일로 - 기타,승용,남,57세,상해없음,보행자,남,57세,중상
19017,2019112100100752,2019년 11월 21일 23시,목요일,경기도 수원시 장안구 연무동,경상사고,0,0,1,0,차대사람 - 횡단중,안전운전불이행,포장 - 건조,맑음,단일로 - 기타,승용,남,48세,상해없음,보행자,남,33세,경상
19018,2019112100100754,2019년 11월 21일 23시,목요일,경기도 평택시 세교동,경상사고,0,0,1,0,차대사람 - 기타,신호위반,포장 - 젖음/습기,흐림,교차로 - 교차로부근,승용,남,41세,상해없음,보행자,여,45세,경상
19019,2019112100100755,2019년 11월 21일 23시,목요일,경기도 광주시 오포읍,중상사고,0,1,0,0,차대사람 - 기타,안전운전불이행,포장 - 건조,맑음,기타 - 기타,승용,여,20세,상해없음,보행자,남,36세,중상
19020,2019112100100770,2019년 11월 21일 23시,목요일,경기도 남양주시 수동면,중상사고,0,1,0,0,차대사람 - 횡단중,안전운전불이행,포장 - 건조,맑음,교차로 - 교차로안,승용,남,45세,상해없음,보행자,남,54세,중상
19021,2019112200100055,2019년 11월 22일 01시,금요일,경기도 구리시 인창동,경상사고,0,0,1,0,차대사람 - 기타,안전운전불이행,포장 - 건조,맑음,교차로 - 교차로안,승용,남,43세,상해없음,보행자,남,66세,경상
19022,2019112200100073,2019년 11월 22일 04시,금요일,경기도 수원시 장안구 조원동,경상사고,0,0,1,0,차대사람 - 기타,안전운전불이행,포장 - 건조,맑음,단일로 - 기타,승용,남,49세,상해없음,보행자,남,46세,경상
19023,2019112200100075,2019년 11월 22일 04시,금요일,경기도 군포시 속달동,부상신고사고,0,0,0,1,차대사람 - 기타,안전운전불이행,포장 - 건조,맑음,교차로 - 교차로안,승용,남,41세,상해없음,보행자,남,51세,부상신고
19024,2019112200100077,2019년 11월 22일 04시,금요일,경기도 의정부시 금오동,경상사고,0,0,1,0,차대사람 - 횡단중,안전운전불이행,포장 - 건조,맑음,단일로 - 기타,기타불명,기타불명,미분류,기타불명,보행자,여,74세,경상
19025,2019112200100080,2019년 11월 22일 05시,금요일,경기도 평택시 서정동,중상사고,0,1,0,0,차대사람 - 횡단중,보행자보호의무위반,포장 - 건조,맑음,교차로 - 교차로횡단보도내,승용,여,56세,상해없음,보행자,남,69세,중상
19026,2019112200100081,2019년 11월 22일 05시,금요일,경기도 부천시 범박동,경상사고,0,0,1,0,차대사람 - 횡단중,안전운전불이행,포장 - 건조,맑음,교차로 - 교차로안,화물,남,43세,상해없음,보행자,여,49세,경상
19027,2019112200100113,2019년 11월 22일 07시,금요일,경기도 평택시 비전동,부상신고사고,0,0,0,1,차대사람 - 기타,안전운전불이행,포장 - 건조,맑음,단일로 - 기타,승용,남,53세,상해없음,보행자,남,78세,부상신고
19028,2019112200100141,2019년 11월 22일 08시,금요일,경기도 수원시 장안구 정자동,경상사고,0,0,1,0,차대사람 - 기타,안전운전불이행,포장 - 건조,맑음,단일로 - 기타,승용,여,26세,기타불명,보행자,남,30세,경상
19029,2019112200100145,2019년 11월 22일 08시,금요일,경기도 용인시 기흥구 공세동,경상사고,0,0,1,0,차대사람 - 횡단중,신호위반,포장 - 건조,맑음,단일로 - 기타,승용,남,79세,상해없음,보행자,남,15세,경상
19030,2019112200100148,2019년 11월 22일 08시,금요일,경기도 부천시 도당동,중상사고,0,1,0,0,차대사람 - 횡단중,안전운전불이행,포장 - 건조,맑음,교차로 - 교차로안,승용,여,64세,상해없음,보행자,남,56세,중상
19031,2019112200100151,2019년 11월 22일 08시,금요일,경기도 성남시 분당구 서현동,중상사고,0,1,0,0,차대사람 - 횡단중,보행자보호의무위반,포장 - 건조,맑음,단일로 - 기타,승용,여,47세,기타불명,보행자,남,89세,중상
19032,2019112200100274,2019년 11월 22일 11시,금요일,경기도 김포시 고촌읍,경상사고,0,0,1,0,차대사람 - 기타,안전운전불이행,포장 - 건조,맑음,기타 - 기타,승용,남,66세,기타불명,보행자,여,49세,경상
19033,2019112200100275,2019년 11월 22일 11시,금요일,경기도 시흥시 대야동,경상사고,0,0,1,0,차대사람 - 차도통행중,안전운전불이행,포장 - 건조,맑음,단일로 - 기타,승용,여,57세,상해없음,보행자,남,58세,경상
19034,2019112200100277,2019년 11월 22일 11시,금요일,경기도 안산시 상록구 사동,중상사고,0,1,0,0,차대사람 - 기타,안전운전불이행,포장 - 건조,맑음,단일로 - 기타,승용,여,56세,상해없음,보행자,여,28세,중상
19035,2019112200100297,2019년 11월 22일 11시,금요일,경기도 의정부시 의정부동,중상사고,0,1,0,0,차대사람 - 기타,안전운전불이행,포장 - 건조,맑음,교차로 - 교차로부근,화물,남,30세,상해없음,보행자,여,64세,중상
19036,2019112200100309,2019년 11월 22일 12시,금요일,경기도 하남시 풍산동,중상사고,0,1,0,0,차대사람 - 기타,안전운전불이행,포장 - 건조,맑음,단일로 - 기타,승용,여,47세,상해없음,보행자,여,39세,중상
19037,2019112200100333,2019년 11월 22일 12시,금요일,경기도 의정부시 용현동,중상사고,0,1,0,0,차대사람 - 보도통행중,기타,포장 - 건조,맑음,단일로 - 기타,화물,남,60세,상해없음,보행자,남,45세,중상
19038,2019112200100380,2019년 11월 22일 14시,금요일,경기도 부천시 소사동,중상사고,0,1,0,0,차대사람 - 기타,기타,포장 - 건조,맑음,교차로 - 교차로안,승용,남,29세,상해없음,보행자,여,17세,중상
19039,2019112200100383,2019년 11월 22일 14시,금요일,경기도 시흥시 거모동,중상사고,0,1,0,0,차대사람 - 횡단중,안전운전불이행,포장 - 건조,맑음,교차로 - 교차로안,승용,남,41세,상해없음,보행자,여,48세,중상
19040,2019112200100414,2019년 11월 22일 14시,금요일,경기도 고양시 덕양구 고양동,중상사고,0,2,0,0,차대사람 - 기타,보행자보호의무위반,포장 - 건조,맑음,단일로 - 기타,화물,남,63세,상해없음,보행자,여,81세,중상
19041,2019112200100433,2019년 11월 22일 15시,금요일,경기도 용인시 기흥구 동백동,중상사고,0,1,0,0,차대사람 - 횡단중,보행자보호의무위반,포장 - 건조,맑음,단일로 - 기타,승용,남,58세,상해없음,보행자,남,19세,중상
19042,2019112200100436,2019년 11월 22일 15시,금요일,경기도 군포시 금정동,중상사고,0,1,0,0,차대사람 - 기타,안전운전불이행,포장 - 건조,맑음,단일로 - 기타,이륜,남,28세,상해없음,보행자,여,39세,중상
19043,2019112200100467,2019년 11월 22일 15시,금요일,경기도 남양주시 호평동,중상사고,0,1,1,0,차대사람 - 기타,기타,포장 - 건조,맑음,기타 - 기타,자전거,남,12세,상해없음,보행자,여,62세,중상
19044,2019112200100468,2019년 11월 22일 15시,금요일,경기도 양주시 덕정동,경상사고,0,0,1,0,차대사람 - 횡단중,안전운전불이행,포장 - 건조,맑음,교차로 - 교차로부근,승용,여,66세,상해없음,보행자,여,15세,경상
19045,2019112200100485,2019년 11월 22일 16시,금요일,경기도 이천시 창전동,경상사고,0,0,1,0,차대사람 - 횡단중,보행자보호의무위반,포장 - 건조,맑음,교차로 - 교차로횡단보도내,승용,여,38세,상해없음,보행자,남,8세,경상
19046,2019112200100487,2019년 11월 22일 16시,금요일,경기도 용인시 처인구 역북동,중상사고,0,1,0,0,차대사람 - 횡단중,안전운전불이행,포장 - 건조,맑음,교차로 - 교차로안,승용,여,49세,상해없음,보행자,여,22세,중상
19047,2019112200100491,2019년 11월 22일 16시,금요일,경기도 시흥시 장곡동,중상사고,0,1,0,0,차대사람 - 횡단중,안전운전불이행,포장 - 건조,맑음,단일로 - 기타,승용,남,60세,상해없음,보행자,여,76세,중상
19048,2019112200100517,2019년 11월 22일 16시,금요일,경기도 고양시 덕양구 대자동,사망사고,1,0,0,0,차대사람 - 기타,안전운전불이행,포장 - 건조,맑음,단일로 - 기타,건설기계,남,37세,상해없음,보행자,남,62세,사망
19049,2019112200100518,2019년 11월 22일 16시,금요일,경기도 남양주시 다산동,경상사고,0,0,1,0,차대사람 - 기타,기타,포장 - 건조,맑음,단일로 - 기타,자전거,남,14세,상해없음,보행자,여,75세,경상
19050,2019112200100541,2019년 11월 22일 17시,금요일,경기도 양평군 양평읍,중상사고,0,1,1,0,차대사람 - 차도통행중,안전운전불이행,포장 - 건조,맑음,단일로 - 기타,승용,여,59세,상해없음,보행자,여,49세,경상
19051,2019112200100548,2019년 11월 22일 17시,금요일,경기도 용인시 수지구 신봉동,중상사고,0,1,0,0,차대사람 - 횡단중,보행자보호의무위반,포장 - 건조,맑음,교차로 - 교차로횡단보도내,승용,남,43세,상해없음,보행자,여,17세,중상
19052,2019112200100583,2019년 11월 22일 17시,금요일,경기도 의정부시 장암동,경상사고,0,0,1,0,차대사람 - 기타,안전운전불이행,포장 - 건조,맑음,교차로 - 교차로안,승용,남,61세,상해없음,보행자,남,59세,경상
19053,2019112200100587,2019년 11월 22일 17시,금요일,경기도 남양주시 진접읍,경상사고,0,0,1,0,차대사람 - 기타,안전운전불이행,포장 - 건조,맑음,단일로 - 기타,승용,여,53세,상해없음,보행자,여,39세,경상
19054,2019112200100604,2019년 11월 22일 18시,금요일,경기도 광명시 광명동,경상사고,0,0,1,0,차대사람 - 기타,안전운전불이행,포장 - 건조,맑음,단일로 - 기타,승용,남,56세,상해없음,보행자,여,36세,경상
19055,2019112200100606,2019년 11월 22일 18시,금요일,경기도 수원시 영통구 영통동,부상신고사고,0,0,0,1,차대사람 - 횡단중,보행자보호의무위반,포장 - 건조,맑음,교차로 - 교차로안,기타불명,기타불명,미분류,기타불명,보행자,남,11세,부상신고
19056,2019112200100663,2019년 11월 22일 18시,금요일,경기도 양주시 덕계동,중상사고,0,1,0,0,차대사람 - 보도통행중,안전운전불이행,포장 - 건조,맑음,단일로 - 기타,승용,여,42세,상해없음,보행자,여,16세,중상
19057,2019112200100683,2019년 11월 22일 19시,금요일,경기도 광주시 쌍령동,중상사고,0,1,0,0,차대사람 - 횡단중,중앙선침범,포장 - 건조,맑음,교차로 - 교차로안,승용,남,62세,상해없음,보행자,남,68세,중상
19058,2019112200100712,2019년 11월 22일 19시,금요일,경기도 의정부시 금오동,중상사고,0,1,0,0,차대사람 - 횡단중,보행자보호의무위반,포장 - 건조,맑음,교차로 - 교차로안,승용,여,50세,상해없음,보행자,남,69세,중상
19059,2019112200100714,2019년 11월 22일 19시,금요일,경기도 양주시 덕정동,경상사고,0,0,1,0,차대사람 - 횡단중,보행자보호의무위반,포장 - 건조,맑음,교차로 - 교차로부근,이륜,남,59세,상해없음,보행자,여,34세,경상
19060,2019112200100715,2019년 11월 22일 19시,금요일,경기도 동두천시 생연동,중상사고,0,1,0,0,차대사람 - 횡단중,안전운전불이행,포장 - 건조,맑음,교차로 - 교차로안,승용,남,51세,상해없음,보행자,남,62세,중상
19061,2019112200100725,2019년 11월 22일 20시,금요일,경기도 시흥시 신천동,경상사고,0,0,1,0,차대사람 - 기타,안전운전불이행,포장 - 건조,맑음,단일로 - 기타,승용,여,44세,상해없음,보행자,남,59세,경상
19062,2019112200100762,2019년 11월 22일 21시,금요일,경기도 성남시 수정구 수진동,경상사고,0,0,1,0,차대사람 - 기타,안전운전불이행,포장 - 건조,맑음,단일로 - 기타,승용,남,50세,상해없음,보행자,남,47세,경상
19063,2019112200100769,2019년 11월 22일 21시,금요일,경기도 시흥시 은행동,중상사고,0,1,0,0,차대사람 - 횡단중,보행자보호의무위반,포장 - 건조,맑음,단일로 - 기타,승용,남,28세,상해없음,보행자,남,46세,중상
19064,2019112200100779,2019년 11월 22일 21시,금요일,경기도 남양주시 화도읍,중상사고,0,1,0,0,차대사람 - 횡단중,신호위반,포장 - 건조,맑음,기타 - 기타,이륜,남,16세,상해없음,보행자,여,59세,중상
19065,2019112200100831,2019년 11월 22일 23시,금요일,경기도 수원시 권선구 구운동,중상사고,0,1,0,0,차대사람 - 기타,기타,포장 - 건조,맑음,단일로 - 기타,승합,남,40세,상해없음,보행자,남,19세,중상
19066,2019112300100031,2019년 11월 23일 00시,토요일,경기도 수원시 팔달구 매산로1가,중상사고,0,1,0,0,차대사람 - 횡단중,과속,포장 - 건조,맑음,단일로 - 기타,승용,남,60세,상해없음,보행자,남,57세,중상
19067,2019112300100045,2019년 11월 23일 01시,토요일,경기도 수원시 장안구 조원동,경상사고,0,0,1,0,차대사람 - 횡단중,안전운전불이행,포장 - 건조,맑음,교차로 - 교차로안,승용,남,43세,상해없음,보행자,남,40세,경상
19068,2019112300100050,2019년 11월 23일 01시,토요일,경기도 안산시 상록구 사동,경상사고,0,0,1,0,차대사람 - 횡단중,보행자보호의무위반,포장 - 건조,맑음,교차로 - 교차로횡단보도내,승용,남,54세,상해없음,보행자,여,27세,경상
19069,2019112300100075,2019년 11월 23일 03시,토요일,경기도 수원시 팔달구 인계동,경상사고,0,0,1,0,차대사람 - 기타,안전운전불이행,포장 - 건조,맑음,교차로 - 교차로부근,승합,남,36세,상해없음,보행자,여,25세,경상
19070,2019112300100111,2019년 11월 23일 06시,토요일,경기도 의정부시 의정부동,중상사고,0,1,0,0,차대사람 - 횡단중,보행자보호의무위반,포장 - 건조,맑음,교차로 - 교차로횡단보도내,승용,남,21세,상해없음,보행자,남,60세,중상
19071,2019112300100137,2019년 11월 23일 08시,토요일,경기도 성남시 분당구 금곡동,부상신고사고,0,0,0,1,차대사람 - 기타,안전운전불이행,포장 - 건조,맑음,교차로 - 교차로횡단보도내,화물,남,48세,상해없음,보행자,여,76세,부상신고
19072,2019112300100161,2019년 11월 23일 09시,토요일,경기도 광주시 초월읍,경상사고,0,0,1,1,차대사람 - 기타,안전운전불이행,포장 - 기타,기타,기타 - 기타,화물,남,58세,상해없음,보행자,남,20세,부상신고
19073,2019112300100162,2019년 11월 23일 09시,토요일,경기도 여주시 점동면,중상사고,0,1,0,0,차대사람 - 횡단중,보행자보호의무위반,포장 - 건조,맑음,교차로 - 교차로횡단보도내,승용,여,28세,상해없음,보행자,여,80세,중상
19074,2019112300100164,2019년 11월 23일 09시,토요일,경기도 김포시 통진읍,중상사고,0,1,0,0,차대사람 - 횡단중,보행자보호의무위반,포장 - 건조,맑음,교차로 - 교차로안,승용,여,43세,상해없음,보행자,여,76세,중상
19075,2019112300100197,2019년 11월 23일 10시,토요일,경기도 평택시 지산동,경상사고,0,0,1,0,차대사람 - 기타,안전운전불이행,포장 - 건조,맑음,단일로 - 기타,승용,여,57세,상해없음,보행자,여,74세,경상
19076,2019112300100199,2019년 11월 23일 10시,토요일,경기도 안양시 동안구 비산동,부상신고사고,0,0,0,1,차대사람 - 횡단중,보행자보호의무위반,포장 - 건조,맑음,단일로 - 기타,승용,여,62세,상해없음,보행자,여,8세,부상신고
19077,2019112300100200,2019년 11월 23일 10시,토요일,경기도 양평군 양평읍,부상신고사고,0,0,0,1,차대사람 - 기타,안전운전불이행,포장 - 건조,맑음,단일로 - 기타,기타불명,기타불명,미분류,기타불명,보행자,여,39세,부상신고
19078,2019112300100203,2019년 11월 23일 10시,토요일,경기도 과천시 주암동,경상사고,0,0,1,0,차대사람 - 차도통행중,안전운전불이행,포장 - 건조,맑음,교차로 - 교차로부근,승용,남,76세,상해없음,보행자,남,58세,경상
19079,2019112300100223,2019년 11월 23일 10시,토요일,경기도 의정부시 의정부동,경상사고,0,0,1,0,차대사람 - 길가장자리구역통행중,안전운전불이행,포장 - 건조,맑음,교차로 - 교차로부근,승용,남,70세,상해없음,보행자,남,61세,경상
19080,2019112300100237,2019년 11월 23일 11시,토요일,경기도 광명시 철산동,중상사고,0,1,0,0,차대사람 - 횡단중,보행자보호의무위반,포장 - 건조,맑음,교차로 - 교차로횡단보도내,승용,여,48세,상해없음,보행자,여,79세,중상
19081,2019112300100306,2019년 11월 23일 12시,토요일,경기도 구리시 교문동,경상사고,0,0,1,0,차대사람 - 기타,안전운전불이행,포장 - 건조,맑음,교차로 - 교차로부근,승용,여,61세,상해없음,보행자,여,41세,경상
19082,2019112300100327,2019년 11월 23일 13시,토요일,경기도 시흥시 신천동,부상신고사고,0,0,0,1,차대사람 - 횡단중,안전운전불이행,포장 - 건조,맑음,단일로 - 기타,승용,남,48세,상해없음,보행자,남,50세,부상신고
19083,2019112300100380,2019년 11월 23일 14시,토요일,경기도 시흥시 신천동,중상사고,0,1,0,0,차대사람 - 횡단중,기타,포장 - 건조,맑음,단일로 - 기타,승용,여,40세,상해없음,보행자,남,65세,중상
19084,2019112300100381,2019년 11월 23일 14시,토요일,경기도 수원시 권선구 금곡동,중상사고,0,1,0,0,차대사람 - 횡단중,안전운전불이행,포장 - 건조,맑음,단일로 - 기타,승용,남,27세,상해없음,보행자,남,9세,중상
19085,2019112300100449,2019년 11월 23일 16시,토요일,경기도 부천시 심곡동,경상사고,0,0,1,0,차대사람 - 기타,안전운전불이행,포장 - 건조,흐림,단일로 - 기타,화물,남,41세,상해없음,보행자,남,61세,경상
19086,2019112300100453,2019년 11월 23일 16시,토요일,경기도 안산시 단원구 선부동,경상사고,0,0,1,0,차대사람 - 기타,안전운전불이행,포장 - 건조,맑음,단일로 - 기타,승용,남,38세,상해없음,보행자,여,34세,경상
19087,2019112300100459,2019년 11월 23일 16시,토요일,경기도 하남시 천현동,경상사고,0,0,1,0,차대사람 - 기타,안전운전불이행,포장 - 건조,맑음,단일로 - 기타,승용,남,33세,상해없음,보행자,남,56세,경상
19088,2019112300100587,2019년 11월 23일 18시,토요일,경기도 파주시 적성면,중상사고,0,1,0,0,차대사람 - 횡단중,안전운전불이행,포장 - 건조,맑음,단일로 - 기타,승용,남,22세,상해없음,보행자,여,70세,중상
19089,2019112300100594,2019년 11월 23일 19시,토요일,경기도 성남시 수정구 수진동,경상사고,0,0,1,0,차대사람 - 기타,안전운전불이행,포장 - 건조,맑음,단일로 - 기타,승용,남,23세,상해없음,보행자,여,45세,경상
19090,2019112300100598,2019년 11월 23일 19시,토요일,경기도 안산시 단원구 와동,중상사고,0,1,0,0,차대사람 - 횡단중,중앙선침범,포장 - 건조,맑음,단일로 - 기타,승용,여,31세,상해없음,보행자,남,30세,중상
19091,2019112300100631,2019년 11월 23일 19시,토요일,경기도 남양주시 화도읍,중상사고,0,1,0,0,차대사람 - 기타,안전운전불이행,포장 - 건조,맑음,교차로 - 교차로안,화물,남,26세,상해없음,보행자,남,62세,중상
19092,2019112300100642,2019년 11월 23일 20시,토요일,경기도 성남시 수정구 양지동,중상사고,0,1,0,0,차대사람 - 기타,안전운전불이행,포장 - 건조,맑음,단일로 - 기타,승용,남,74세,상해없음,보행자,남,59세,중상
19093,2019112300100646,2019년 11월 23일 20시,토요일,경기도 성남시 중원구 상대원동,경상사고,0,0,1,0,차대사람 - 길가장자리구역통행중,안전운전불이행,포장 - 건조,맑음,단일로 - 기타,기타불명,기타불명,미분류,기타불명,보행자,여,49세,경상
19094,2019112400100039,2019년 11월 24일 01시,일요일,경기도 오산시 원동,중상사고,0,1,0,0,차대사람 - 기타,안전운전불이행,포장 - 건조,맑음,단일로 - 기타,승용,남,36세,상해없음,보행자,남,30세,중상
19095,2019112400100040,2019년 11월 24일 01시,일요일,경기도 안산시 단원구 고잔동,중상사고,0,1,1,0,차대사람 - 횡단중,보행자보호의무위반,포장 - 기타,맑음,교차로 - 교차로부근,승용,여,32세,상해없음,보행자,남,26세,중상
19096,2019112400100049,2019년 11월 24일 02시,일요일,경기도 광명시 철산동,경상사고,0,0,1,0,차대사람 - 차도통행중,안전운전불이행,포장 - 건조,맑음,교차로 - 교차로부근,승용,여,19세,상해없음,보행자,남,50세,경상
19097,2019112400100057,2019년 11월 24일 02시,일요일,경기도 남양주시 퇴계원면,중상사고,0,1,0,0,차대사람 - 횡단중,안전운전불이행,포장 - 건조,맑음,단일로 - 기타,승용,여,48세,상해없음,보행자,남,43세,중상
19098,2019112400100062,2019년 11월 24일 03시,일요일,경기도 평택시 통복동,중상사고,0,1,0,0,차대사람 - 기타,신호위반,포장 - 건조,맑음,교차로 - 교차로부근,승용,남,20세,상해없음,보행자,남,44세,중상
19099,2019112400100074,2019년 11월 24일 04시,일요일,경기도 평택시 서정동,경상사고,0,0,1,0,차대사람 - 기타,안전운전불이행,포장 - 건조,맑음,교차로 - 교차로부근,승용,남,22세,상해없음,보행자,남,19세,경상
19100,2019112400100075,2019년 11월 24일 04시,일요일,경기도 부천시 중동,경상사고,0,0,2,0,차대사람 - 횡단중,교차로운행방법위반,포장 - 건조,맑음,교차로 - 교차로안,승용,남,46세,상해없음,보행자,남,47세,경상
19101,2019112400100086,2019년 11월 24일 05시,일요일,경기도 화성시 송산동,사망사고,1,0,0,0,차대사람 - 횡단중,안전운전불이행,포장 - 건조,맑음,단일로 - 기타,승용,남,46세,상해없음,보행자,남,71세,사망
19102,2019112400100099,2019년 11월 24일 06시,일요일,경기도 성남시 수정구 신흥동,경상사고,0,0,1,0,차대사람 - 기타,안전운전불이행,포장 - 건조,맑음,교차로 - 교차로안,이륜,남,24세,상해없음,보행자,남,31세,경상
19103,2019112400100100,2019년 11월 24일 06시,일요일,경기도 시흥시 정왕동,중상사고,0,1,0,0,차대사람 - 기타,신호위반,포장 - 건조,맑음,단일로 - 기타,승합,남,39세,상해없음,보행자,남,60세,중상
19104,2019112400100162,2019년 11월 24일 10시,일요일,경기도 고양시 일산서구 일산동,경상사고,0,0,1,0,차대사람 - 횡단중,신호위반,포장 - 건조,맑음,단일로 - 기타,화물,남,32세,상해없음,보행자,여,16세,경상
19105,2019112400100191,2019년 11월 24일 12시,일요일,경기도 양평군 서종면,중상사고,0,1,0,0,차대사람 - 기타,안전운전불이행,포장 - 건조,맑음,단일로 - 기타,화물,남,62세,상해없음,보행자,여,68세,중상
19106,2019112400100222,2019년 11월 24일 13시,일요일,경기도 오산시 오산동,경상사고,0,0,1,0,차대사람 - 기타,안전운전불이행,포장 - 건조,맑음,교차로 - 교차로안,승용,남,60세,상해없음,보행자,남,46세,경상
19107,2019112400100242,2019년 11월 24일 14시,일요일,경기도 평택시 이충동,중상사고,0,1,0,0,차대사람 - 차도통행중,안전운전불이행,포장 - 건조,맑음,단일로 - 지하차도(도로)내,이륜,남,39세,상해없음,보행자,남,62세,중상
19108,2019112400100243,2019년 11월 24일 14시,일요일,경기도 부천시 상동,중상사고,0,1,0,0,차대사람 - 기타,안전운전불이행,포장 - 젖음/습기,비,기타 - 기타,화물,남,46세,상해없음,보행자,남,59세,중상
19109,2019112400100244,2019년 11월 24일 14시,일요일,경기도 군포시 산본동,중상사고,0,1,0,0,차대사람 - 보도통행중,보행자보호의무위반,포장 - 젖음/습기,비,교차로 - 교차로안,승용,여,37세,상해없음,보행자,여,8세,중상
19110,2019112400100246,2019년 11월 24일 14시,일요일,경기도 안양시 만안구 안양동,경상사고,0,0,1,0,차대사람 - 기타,안전운전불이행,포장 - 건조,맑음,교차로 - 교차로안,승용,남,31세,상해없음,보행자,여,40세,경상
19111,2019112400100295,2019년 11월 24일 15시,일요일,경기도 의정부시 의정부동,부상신고사고,0,0,0,1,차대사람 - 길가장자리구역통행중,안전운전불이행,포장 - 젖음/습기,맑음,교차로 - 교차로안,승용,남,43세,상해없음,보행자,남,26세,부상신고
19112,2019112400100296,2019년 11월 24일 15시,일요일,경기도 파주시 문산읍,경상사고,0,0,1,0,차대사람 - 기타,안전운전불이행,포장 - 건조,맑음,단일로 - 기타,화물,남,66세,상해없음,보행자,남,19세,경상
19113,2019112400100316,2019년 11월 24일 16시,일요일,경기도 성남시 분당구 구미동,중상사고,0,1,0,0,차대사람 - 횡단중,신호위반,포장 - 젖음/습기,비,단일로 - 기타,승용,남,35세,상해없음,보행자,여,31세,중상
19114,2019112400100332,2019년 11월 24일 16시,일요일,경기도 남양주시 오남읍,중상사고,0,1,0,0,차대사람 - 기타,안전운전불이행,포장 - 젖음/습기,비,단일로 - 기타,승합,남,47세,상해없음,보행자,남,53세,중상
19115,2019112400100343,2019년 11월 24일 17시,일요일,경기도 수원시 장안구 율전동,중상사고,0,1,0,0,차대사람 - 횡단중,보행자보호의무위반,포장 - 젖음/습기,비,교차로 - 교차로횡단보도내,이륜,남,59세,상해없음,보행자,여,24세,중상
19116,2019112400100349,2019년 11월 24일 17시,일요일,경기도 성남시 분당구 금곡동,부상신고사고,0,0,0,1,차대사람 - 기타,보행자보호의무위반,포장 - 젖음/습기,비,기타 - 기타,승용,여,43세,상해없음,보행자,남,21세,부상신고
19117,2019112400100388,2019년 11월 24일 17시,일요일,경기도 양주시 산북동,중상사고,0,1,0,0,차대사람 - 횡단중,안전운전불이행,포장 - 젖음/습기,비,교차로 - 교차로부근,승합,남,52세,상해없음,보행자,여,83세,중상
19118,2019112400100402,2019년 11월 24일 18시,일요일,경기도 성남시 수정구 태평동,중상사고,0,1,0,0,차대사람 - 기타,안전운전불이행,포장 - 건조,흐림,단일로 - 기타,승용,남,52세,상해없음,보행자,여,52세,중상