,사고번호,사고일시,요일,시군구,사고내용,사망자수,중상자수,경상자수,부상신고자수,사고유형,법규위반,노면상태,기상상태,도로형태,가해운전자 차종,가해운전자 성별,가해운전자 연령,가해운전자 상해정도,피해운전자 차종,피해운전자 성별,피해운전자 연령,피해운전자 상해정도
19119,2019112400100403,2019년 11월 24일 18시,일요일,경기도 평택시 지산동,중상사고,0,1,0,0,차대사람 - 차도통행중,안전운전불이행,포장 - 건조,맑음,교차로 - 교차로안,승용,여,42세,상해없음,보행자,여,71세,중상
19120,2019112400100460,2019년 11월 24일 19시,일요일,경기도 양평군 양동면,부상신고사고,0,0,0,1,차대사람 - 보도통행중,안전운전불이행,포장 - 건조,맑음,단일로 - 기타,기타불명,기타불명,미분류,기타불명,보행자,여,34세,부상신고
19121,2019112400100492,2019년 11월 24일 20시,일요일,경기도 성남시 분당구 서현동,경상사고,0,0,1,0,차대사람 - 횡단중,안전운전불이행,포장 - 건조,맑음,교차로 - 교차로안,기타불명,기타불명,미분류,기타불명,보행자,남,62세,경상
19122,2019112400100493,2019년 11월 24일 20시,일요일,경기도 시흥시 정왕동,경상사고,0,0,1,0,차대사람 - 길가장자리구역통행중,안전운전불이행,포장 - 건조,맑음,단일로 - 기타,승용,여,26세,상해없음,보행자,남,32세,경상
19123,2019112400100497,2019년 11월 24일 20시,일요일,경기도 화성시 기안동,부상신고사고,0,0,0,1,차대사람 - 기타,교차로운행방법위반,포장 - 건조,맑음,교차로 - 교차로안,승용,남,56세,상해없음,보행자,남,42세,부상신고
19124,2019112400100509,2019년 11월 24일 20시,일요일,경기도 파주시 야당동,경상사고,0,0,1,0,차대사람 - 보도통행중,기타,포장 - 젖음/습기,비,단일로 - 기타,이륜,남,32세,상해없음,보행자,여,37세,경상
19125,2019112400100536,2019년 11월 24일 22시,일요일,경기도 안산시 단원구 선부동,경상사고,0,0,1,0,차대사람 - 기타,안전운전불이행,포장 - 건조,맑음,단일로 - 기타,승용,남,64세,상해없음,보행자,남,53세,경상
19126,2019112500100069,2019년 11월 25일 06시,월요일,경기도 시흥시 대야동,경상사고,0,0,2,0,차대사람 - 기타,안전운전불이행,포장 - 건조,맑음,단일로 - 기타,승합,남,62세,상해없음,보행자,여,38세,경상
19127,2019112500100118,2019년 11월 25일 07시,월요일,경기도 남양주시 오남읍,중상사고,0,1,0,0,차대사람 - 횡단중,보행자보호의무위반,포장 - 건조,맑음,단일로 - 기타,화물,남,52세,상해없음,보행자,여,51세,중상
19128,2019112500100212,2019년 11월 25일 10시,월요일,경기도 수원시 장안구 천천동,경상사고,0,0,1,0,차대사람 - 기타,안전운전불이행,포장 - 건조,맑음,교차로 - 교차로부근,기타불명,기타불명,미분류,기타불명,보행자,여,73세,경상
19129,2019112500100247,2019년 11월 25일 11시,월요일,경기도 안성시 공도읍,경상사고,0,0,1,0,차대사람 - 기타,안전운전불이행,포장 - 건조,맑음,기타 - 기타,승용,남,23세,상해없음,보행자,여,42세,경상
19130,2019112500100249,2019년 11월 25일 11시,월요일,경기도 의왕시 삼동,경상사고,0,0,1,0,차대사람 - 길가장자리구역통행중,안전운전불이행,포장 - 건조,맑음,단일로 - 기타,화물,남,28세,상해없음,보행자,여,54세,경상
19131,2019112500100299,2019년 11월 25일 13시,월요일,경기도 안산시 단원구 초지동,경상사고,0,0,1,0,차대사람 - 차도통행중,안전운전불이행,포장 - 건조,맑음,단일로 - 기타,화물,남,35세,상해없음,보행자,여,65세,경상
19132,2019112500100300,2019년 11월 25일 13시,월요일,경기도 성남시 분당구 야탑동,중상사고,0,1,0,0,차대사람 - 기타,안전운전불이행,포장 - 건조,맑음,미분류 - 미분류,자전거,남,67세,상해없음,보행자,여,45세,중상
19133,2019112500100304,2019년 11월 25일 13시,월요일,경기도 화성시 능동,경상사고,0,0,1,0,차대사람 - 기타,보행자보호의무위반,포장 - 건조,맑음,단일로 - 기타,승용,남,48세,상해없음,보행자,남,7세,경상
19134,2019112500100365,2019년 11월 25일 15시,월요일,경기도 안성시 공도읍,경상사고,0,0,1,0,차대사람 - 기타,안전운전불이행,포장 - 건조,맑음,단일로 - 기타,승용,남,59세,상해없음,보행자,여,70세,경상
19135,2019112500100367,2019년 11월 25일 15시,월요일,경기도 여주시 현암동,경상사고,0,0,1,0,차대사람 - 차도통행중,안전운전불이행,포장 - 건조,맑음,단일로 - 기타,자전거,남,65세,상해없음,보행자,여,54세,경상
19136,2019112500100395,2019년 11월 25일 15시,월요일,경기도 파주시 문산읍,경상사고,0,0,1,0,차대사람 - 기타,교차로운행방법위반,포장 - 건조,맑음,교차로 - 교차로안,승용,여,59세,상해없음,보행자,여,52세,경상
19137,2019112500100396,2019년 11월 25일 15시,월요일,경기도 양주시 옥정동,경상사고,0,0,1,0,차대사람 - 보도통행중,기타,포장 - 건조,맑음,단일로 - 기타,승용,여,59세,상해없음,보행자,여,72세,경상
19138,2019112500100406,2019년 11월 25일 16시,월요일,경기도 수원시 팔달구 인계동,경상사고,0,0,1,0,차대사람 - 횡단중,신호위반,포장 - 건조,흐림,교차로 - 교차로횡단보도내,화물,남,35세,상해없음,보행자,여,51세,경상
19139,2019112500100409,2019년 11월 25일 16시,월요일,경기도 시흥시 정왕동,중상사고,0,1,0,0,차대사람 - 기타,신호위반,포장 - 건조,맑음,단일로 - 기타,승합,여,55세,상해없음,보행자,여,9세,중상
19140,2019112500100410,2019년 11월 25일 16시,월요일,경기도 안산시 상록구 월피동,중상사고,0,1,0,0,차대사람 - 기타,안전운전불이행,포장 - 건조,맑음,교차로 - 교차로안,승용,여,65세,상해없음,보행자,여,51세,중상
19141,2019112500100443,2019년 11월 25일 17시,월요일,경기도 안양시 동안구 평촌동,경상사고,0,0,1,0,차대사람 - 기타,기타,포장 - 건조,맑음,단일로 - 기타,승합,남,55세,상해없음,보행자,여,72세,경상
19142,2019112500100444,2019년 11월 25일 17시,월요일,경기도 용인시 처인구 포곡읍,부상신고사고,0,0,0,1,차대사람 - 차도통행중,안전운전불이행,포장 - 건조,맑음,단일로 - 기타,승합,남,63세,상해없음,보행자,남,13세,부상신고
19143,2019112500100446,2019년 11월 25일 17시,월요일,경기도 김포시 하성면,경상사고,0,0,1,0,차대사람 - 기타,교차로운행방법위반,포장 - 기타,맑음,교차로 - 교차로안,승용,여,51세,상해없음,보행자,남,62세,경상
19144,2019112500100450,2019년 11월 25일 17시,월요일,경기도 부천시 심곡동,경상사고,0,0,1,0,차대사람 - 기타,안전운전불이행,포장 - 건조,맑음,교차로 - 교차로안,승용,남,55세,상해없음,보행자,남,44세,경상
19145,2019112500100453,2019년 11월 25일 17시,월요일,경기도 하남시 덕풍동,중상사고,0,1,0,0,차대사람 - 기타,보행자보호의무위반,포장 - 건조,맑음,교차로 - 교차로부근,승용,여,42세,상해없음,보행자,남,56세,중상
19146,2019112500100513,2019년 11월 25일 18시,월요일,경기도 수원시 장안구 연무동,부상신고사고,0,0,0,1,차대사람 - 기타,안전운전불이행,포장 - 건조,맑음,단일로 - 기타,승용,남,48세,상해없음,보행자,여,56세,부상신고
19147,2019112500100522,2019년 11월 25일 18시,월요일,경기도 성남시 중원구 중앙동,부상신고사고,0,0,0,1,차대사람 - 기타,안전운전불이행,포장 - 건조,맑음,단일로 - 기타,승용,여,43세,상해없음,보행자,남,22세,부상신고
19148,2019112500100560,2019년 11월 25일 18시,월요일,경기도 의정부시 낙양동,경상사고,0,0,1,0,차대사람 - 기타,안전운전불이행,포장 - 건조,맑음,기타 - 기타,승용,여,56세,상해없음,보행자,여,54세,경상
19149,2019112500100565,2019년 11월 25일 18시,월요일,경기도 연천군 전곡읍,중상사고,0,1,0,0,차대사람 - 횡단중,신호위반,포장 - 건조,맑음,단일로 - 지하차도(도로)내,승용,남,80세,상해없음,보행자,남,33세,중상
19150,2019112500100612,2019년 11월 25일 19시,월요일,경기도 고양시 덕양구 삼송동,중상사고,0,1,0,0,차대사람 - 횡단중,신호위반,포장 - 건조,맑음,교차로 - 교차로안,이륜,남,19세,상해없음,보행자,여,34세,중상
19151,2019112500100624,2019년 11월 25일 20시,월요일,경기도 수원시 권선구 오목천동,경상사고,0,0,1,0,차대사람 - 기타,안전운전불이행,포장 - 건조,흐림,교차로 - 교차로안,승용,남,38세,상해없음,보행자,남,37세,경상
19152,2019112500100644,2019년 11월 25일 20시,월요일,경기도 남양주시 퇴계원면,경상사고,0,0,1,0,차대사람 - 횡단중,신호위반,포장 - 건조,맑음,교차로 - 교차로안,화물,남,60세,상해없음,보행자,남,58세,경상
19153,2019112500100688,2019년 11월 25일 22시,월요일,경기도 의정부시 녹양동,경상사고,0,0,1,0,차대사람 - 횡단중,신호위반,포장 - 건조,맑음,교차로 - 교차로횡단보도내,승용,남,50세,상해없음,보행자,여,27세,경상
19154,2019112500100699,2019년 11월 25일 23시,월요일,경기도 여주시 홍문동,경상사고,0,0,1,0,차대사람 - 보도통행중,보행자보호의무위반,포장 - 건조,맑음,교차로 - 교차로안,승용,여,42세,상해없음,보행자,남,60세,경상
19155,2019112600100106,2019년 11월 26일 06시,화요일,경기도 남양주시 호평동,경상사고,0,0,1,0,차대사람 - 기타,신호위반,포장 - 건조,맑음,단일로 - 기타,승용,남,52세,상해없음,보행자,남,59세,경상
19156,2019112600100116,2019년 11월 26일 07시,화요일,경기도 화성시 향남읍,경상사고,0,0,1,0,차대사람 - 기타,기타,포장 - 건조,맑음,단일로 - 기타,승합,남,60세,상해없음,보행자,남,43세,경상
19157,2019112600100117,2019년 11월 26일 07시,화요일,경기도 화성시 남양읍,경상사고,0,0,1,0,차대사람 - 기타,안전운전불이행,포장 - 기타,기타,기타 - 기타,기타불명,기타불명,미분류,기타불명,보행자,남,47세,경상
19158,2019112600100138,2019년 11월 26일 08시,화요일,경기도 수원시 팔달구 화서동,사망사고,1,0,0,0,차대사람 - 기타,안전운전불이행,포장 - 건조,맑음,교차로 - 교차로안,승합,남,63세,상해없음,보행자,여,19세,사망
19159,2019112600100140,2019년 11월 26일 08시,화요일,경기도 용인시 처인구 고림동,경상사고,0,0,1,0,차대사람 - 보도통행중,기타,포장 - 건조,맑음,단일로 - 기타,자전거,남,11세,상해없음,보행자,남,14세,경상
19160,2019112600100144,2019년 11월 26일 08시,화요일,경기도 시흥시 정왕동,경상사고,0,0,1,0,차대사람 - 기타,안전운전불이행,포장 - 건조,맑음,교차로 - 교차로부근,승용,남,70세,상해없음,보행자,여,22세,경상
19161,2019112600100180,2019년 11월 26일 09시,화요일,경기도 성남시 분당구 수내동,부상신고사고,0,0,0,1,차대사람 - 기타,안전운전불이행,포장 - 건조,맑음,교차로 - 교차로부근,기타불명,기타불명,미분류,기타불명,보행자,여,24세,부상신고
19162,2019112600100181,2019년 11월 26일 09시,화요일,경기도 시흥시 월곶동,경상사고,0,0,1,0,차대사람 - 기타,안전운전불이행,포장 - 건조,맑음,교차로 - 교차로부근,승합,여,51세,상해없음,보행자,여,21세,경상
19163,2019112600100182,2019년 11월 26일 09시,화요일,경기도 화성시 장안면,중상사고,0,1,0,0,차대사람 - 기타,신호위반,포장 - 건조,맑음,교차로 - 교차로안,건설기계,남,58세,상해없음,보행자,남,50세,중상
19164,2019112600100214,2019년 11월 26일 10시,화요일,경기도 용인시 처인구 백암면,경상사고,0,0,1,0,차대사람 - 기타,기타,포장 - 건조,맑음,단일로 - 기타,승용,남,54세,상해없음,보행자,여,48세,경상
19165,2019112600100236,2019년 11월 26일 10시,화요일,경기도 고양시 덕양구 화정동,경상사고,0,0,1,0,차대사람 - 기타,안전운전불이행,포장 - 건조,맑음,교차로 - 교차로부근,승합,남,66세,상해없음,보행자,여,61세,경상
19166,2019112600100250,2019년 11월 26일 11시,화요일,경기도 광주시 곤지암읍,경상사고,0,0,1,0,차대사람 - 길가장자리구역통행중,안전운전불이행,포장 - 건조,맑음,단일로 - 기타,화물,남,70세,상해없음,보행자,여,34세,경상
19167,2019112600100252,2019년 11월 26일 11시,화요일,경기도 부천시 심곡동,중상사고,0,1,0,0,차대사람 - 기타,안전운전불이행,포장 - 건조,맑음,단일로 - 기타,승용,여,43세,상해없음,보행자,여,76세,중상
19168,2019112600100286,2019년 11월 26일 12시,화요일,경기도 부천시 중동,경상사고,0,0,1,0,차대사람 - 기타,신호위반,포장 - 건조,맑음,단일로 - 기타,이륜,남,52세,상해없음,보행자,여,58세,경상
19169,2019112600100347,2019년 11월 26일 13시,화요일,경기도 포천시 영중면,경상사고,0,0,1,0,차대사람 - 기타,안전운전불이행,포장 - 건조,맑음,교차로 - 교차로안,승용,남,77세,상해없음,보행자,남,60세,경상
19170,2019112600100358,2019년 11월 26일 14시,화요일,경기도 용인시 기흥구 마북동,중상사고,0,1,0,0,차대사람 - 횡단중,신호위반,포장 - 건조,맑음,교차로 - 교차로안,승용,남,75세,상해없음,보행자,여,8세,중상
19171,2019112600100387,2019년 11월 26일 15시,화요일,경기도 안양시 동안구 관양동,중상사고,0,1,0,0,차대사람 - 차도통행중,안전운전불이행,포장 - 건조,맑음,교차로 - 교차로안,승용,여,33세,상해없음,보행자,여,71세,중상
19172,2019112600100391,2019년 11월 26일 15시,화요일,경기도 안산시 상록구 사동,경상사고,0,0,1,0,차대사람 - 기타,안전운전불이행,포장 - 건조,맑음,교차로 - 교차로안,화물,남,56세,상해없음,보행자,남,60세,경상
19173,2019112600100412,2019년 11월 26일 15시,화요일,경기도 고양시 일산동구 풍동,경상사고,0,0,1,0,차대사람 - 횡단중,안전운전불이행,포장 - 건조,맑음,단일로 - 기타,화물,남,58세,상해없음,보행자,남,84세,경상
19174,2019112600100414,2019년 11월 26일 15시,화요일,경기도 남양주시 진접읍,부상신고사고,0,0,0,1,차대사람 - 기타,안전운전불이행,포장 - 건조,맑음,교차로 - 교차로안,승용,남,28세,상해없음,보행자,여,73세,부상신고
19175,2019112600100426,2019년 11월 26일 16시,화요일,경기도 용인시 처인구 모현읍,부상신고사고,0,0,0,1,차대사람 - 기타,안전운전불이행,포장 - 건조,맑음,단일로 - 기타,승합,남,44세,상해없음,보행자,남,6세,부상신고
19176,2019112600100430,2019년 11월 26일 16시,화요일,경기도 수원시 영통구 이의동,경상사고,0,0,1,0,차대사람 - 차도통행중,안전운전불이행,포장 - 건조,맑음,단일로 - 기타,승용,여,40세,상해없음,보행자,남,11세,경상
19177,2019112600100459,2019년 11월 26일 16시,화요일,경기도 의정부시 의정부동,경상사고,0,0,1,0,차대사람 - 횡단중,안전운전불이행,포장 - 건조,맑음,교차로 - 교차로안,화물,남,46세,상해없음,보행자,남,37세,경상
19178,2019112600100460,2019년 11월 26일 16시,화요일,경기도 남양주시 진접읍,경상사고,0,0,1,0,차대사람 - 기타,안전운전불이행,포장 - 건조,맑음,교차로 - 교차로부근,승합,남,56세,상해없음,보행자,여,78세,경상
19179,2019112600100461,2019년 11월 26일 16시,화요일,경기도 파주시 와동,중상사고,0,1,0,0,차대사람 - 횡단중,안전운전불이행,포장 - 건조,맑음,단일로 - 기타,승용,여,39세,상해없음,보행자,남,10세,중상
19180,2019112600100474,2019년 11월 26일 17시,화요일,경기도 군포시 금정동,부상신고사고,0,0,0,1,차대사람 - 기타,안전운전불이행,포장 - 건조,맑음,단일로 - 기타,승용,여,56세,상해없음,보행자,남,26세,부상신고
19181,2019112600100475,2019년 11월 26일 17시,화요일,경기도 성남시 분당구 금곡동,경상사고,0,0,1,0,차대사람 - 횡단중,보행자보호의무위반,포장 - 건조,맑음,교차로 - 교차로안,승용,여,42세,상해없음,보행자,남,7세,경상
19182,2019112600100476,2019년 11월 26일 17시,화요일,경기도 부천시 원종동,경상사고,0,0,1,0,차대사람 - 보도통행중,안전운전불이행,포장 - 건조,맑음,단일로 - 기타,기타불명,기타불명,미분류,기타불명,보행자,여,28세,경상
19183,2019112600100525,2019년 11월 26일 18시,화요일,경기도 부천시 심곡본동,중상사고,0,1,0,0,차대사람 - 기타,신호위반,포장 - 건조,맑음,단일로 - 기타,이륜,남,22세,상해없음,보행자,남,68세,중상
19184,2019112600100578,2019년 11월 26일 19시,화요일,경기도 수원시 팔달구 화서동,경상사고,0,0,1,0,차대사람 - 기타,안전운전불이행,포장 - 건조,맑음,단일로 - 기타,승용,남,58세,상해없음,보행자,남,57세,경상
19185,2019112600100582,2019년 11월 26일 19시,화요일,경기도 용인시 처인구 양지면,중상사고,0,1,0,0,차대사람 - 기타,안전운전불이행,포장 - 건조,맑음,단일로 - 기타,화물,남,55세,상해없음,보행자,남,53세,중상
19186,2019112600100583,2019년 11월 26일 19시,화요일,경기도 수원시 영통구 매탄동,경상사고,0,0,1,0,차대사람 - 차도통행중,안전운전불이행,포장 - 건조,맑음,기타 - 기타,승용,남,54세,상해없음,보행자,여,12세,경상
19187,2019112600100584,2019년 11월 26일 19시,화요일,경기도 시흥시 정왕동,경상사고,0,0,1,0,차대사람 - 기타,기타,포장 - 건조,맑음,단일로 - 기타,기타불명,기타불명,미분류,기타불명,보행자,여,22세,경상
19188,2019112600100605,2019년 11월 26일 19시,화요일,경기도 의정부시 의정부동,경상사고,0,0,1,0,차대사람 - 기타,안전운전불이행,포장 - 건조,맑음,단일로 - 기타,승용,남,50세,상해없음,보행자,남,18세,경상
19189,2019112600100644,2019년 11월 26일 20시,화요일,경기도 포천시 소흘읍,중상사고,0,1,0,0,차대사람 - 횡단중,안전운전불이행,포장 - 건조,맑음,단일로 - 기타,이륜,남,17세,상해없음,보행자,여,35세,중상
19190,2019112600100656,2019년 11월 26일 21시,화요일,경기도 성남시 수정구 신흥동,중상사고,0,1,0,0,차대사람 - 횡단중,보행자보호의무위반,포장 - 건조,맑음,교차로 - 교차로횡단보도내,승용,남,39세,상해없음,보행자,여,48세,중상
19191,2019112600100660,2019년 11월 26일 21시,화요일,경기도 수원시 팔달구 매산로2가,부상신고사고,0,0,0,1,차대사람 - 기타,안전운전불이행,포장 - 건조,맑음,교차로 - 교차로안,승용,남,25세,상해없음,보행자,남,53세,부상신고
19192,2019112600100707,2019년 11월 26일 23시,화요일,경기도 수원시 팔달구 장안동,경상사고,0,0,1,0,차대사람 - 기타,안전운전불이행,포장 - 건조,맑음,단일로 - 기타,이륜,남,34세,상해없음,보행자,여,38세,경상
19193,2019112600100709,2019년 11월 26일 23시,화요일,경기도 부천시 중동,경상사고,0,0,1,0,차대사람 - 기타,안전운전불이행,포장 - 건조,맑음,단일로 - 기타,승용,남,28세,상해없음,보행자,남,58세,경상
19194,2019112700100033,2019년 11월 27일 00시,수요일,경기도 용인시 기흥구 상하동,중상사고,0,1,0,0,차대사람 - 횡단중,안전운전불이행,포장 - 건조,맑음,교차로 - 교차로안,승용,남,38세,상해없음,보행자,남,35세,중상
19195,2019112700100072,2019년 11월 27일 06시,수요일,경기도 수원시 장안구 정자동,경상사고,0,0,1,0,차대사람 - 기타,안전운전불이행,포장 - 건조,맑음,교차로 - 교차로안,기타불명,기타불명,미분류,기타불명,보행자,여,58세,경상
19196,2019112700100120,2019년 11월 27일 08시,수요일,경기도 수원시 장안구 조원동,중상사고,0,1,0,0,차대사람 - 기타,안전운전불이행,포장 - 건조,맑음,단일로 - 기타,승용,남,71세,상해없음,보행자,남,15세,중상
19197,2019112700100131,2019년 11월 27일 08시,수요일,경기도 안산시 단원구 고잔동,중상사고,0,1,0,0,차대사람 - 횡단중,안전운전불이행,포장 - 건조,맑음,단일로 - 기타,승용,여,30세,상해없음,보행자,여,16세,중상
19198,2019112700100132,2019년 11월 27일 08시,수요일,경기도 군포시 산본동,중상사고,0,1,0,0,차대사람 - 횡단중,보행자보호의무위반,포장 - 건조,맑음,단일로 - 기타,승합,남,63세,상해없음,보행자,여,65세,중상
19199,2019112700100166,2019년 11월 27일 09시,수요일,경기도 화성시 우정읍,중상사고,0,1,0,0,차대사람 - 기타,보행자보호의무위반,포장 - 건조,맑음,단일로 - 기타,승용,남,55세,상해없음,보행자,남,35세,중상
19200,2019112700100195,2019년 11월 27일 10시,수요일,경기도 안양시 동안구 호계동,중상사고,0,1,0,0,차대사람 - 횡단중,보행자보호의무위반,포장 - 건조,맑음,교차로 - 교차로횡단보도내,승용,여,49세,상해없음,보행자,여,21세,중상
19201,2019112700100196,2019년 11월 27일 10시,수요일,경기도 김포시 북변동,사망사고,1,0,0,0,차대사람 - 횡단중,안전운전불이행,포장 - 건조,맑음,교차로 - 교차로부근,승합,남,37세,상해없음,보행자,여,85세,사망
19202,2019112700100218,2019년 11월 27일 10시,수요일,경기도 남양주시 평내동,중상사고,0,1,0,0,차대사람 - 기타,보행자보호의무위반,포장 - 건조,맑음,단일로 - 기타,승용,남,45세,상해없음,보행자,여,80세,중상
19203,2019112700100255,2019년 11월 27일 12시,수요일,경기도 부천시 원미동,경상사고,0,0,1,0,차대사람 - 기타,보행자보호의무위반,포장 - 건조,맑음,교차로 - 교차로부근,승용,남,43세,상해없음,보행자,여,67세,경상
19204,2019112700100258,2019년 11월 27일 12시,수요일,경기도 안산시 상록구 부곡동,경상사고,0,0,1,0,차대사람 - 횡단중,신호위반,포장 - 건조,맑음,교차로 - 교차로안,화물,남,58세,상해없음,보행자,남,62세,경상
19205,2019112700100277,2019년 11월 27일 12시,수요일,경기도 의정부시 녹양동,경상사고,0,0,1,0,차대사람 - 횡단중,신호위반,포장 - 건조,맑음,단일로 - 기타,승용,여,43세,상해없음,보행자,여,78세,경상
19206,2019112700100278,2019년 11월 27일 12시,수요일,경기도 구리시 수택동,중상사고,0,1,0,0,차대사람 - 횡단중,보행자보호의무위반,포장 - 건조,맑음,교차로 - 교차로횡단보도내,승합,남,67세,상해없음,보행자,남,30세,중상
19207,2019112700100288,2019년 11월 27일 13시,수요일,경기도 용인시 기흥구 동백동,중상사고,0,1,0,0,차대사람 - 횡단중,보행자보호의무위반,포장 - 건조,맑음,단일로 - 기타,승용,여,46세,상해없음,보행자,여,79세,중상
19208,2019112700100290,2019년 11월 27일 13시,수요일,경기도 부천시 상동,경상사고,0,0,1,0,차대사람 - 기타,기타,포장 - 건조,맑음,기타 - 기타,승용,남,55세,상해없음,보행자,남,35세,경상
19209,2019112700100293,2019년 11월 27일 13시,수요일,경기도 군포시 당동,경상사고,0,0,1,0,차대사람 - 횡단중,보행자보호의무위반,포장 - 건조,맑음,교차로 - 교차로안,승용,남,32세,상해없음,보행자,여,18세,경상
19210,2019112700100336,2019년 11월 27일 14시,수요일,경기도 부천시 내동,중상사고,0,1,0,0,차대사람 - 기타,기타,포장 - 건조,맑음,기타 - 기타,승용,남,46세,상해없음,보행자,여,87세,중상
19211,2019112700100372,2019년 11월 27일 15시,수요일,경기도 평택시 용이동,중상사고,0,2,0,0,차대사람 - 횡단중,안전운전불이행,포장 - 건조,흐림,교차로 - 교차로안,승용,남,80세,상해없음,보행자,남,49세,중상
19212,2019112700100376,2019년 11월 27일 15시,수요일,경기도 이천시 창전동,경상사고,0,0,1,0,차대사람 - 길가장자리구역통행중,안전운전불이행,포장 - 건조,맑음,단일로 - 기타,승용,여,43세,상해없음,보행자,남,25세,경상
19213,2019112700100400,2019년 11월 27일 15시,수요일,경기도 의정부시 장암동,부상신고사고,0,0,0,1,차대사람 - 기타,안전운전불이행,포장 - 건조,맑음,단일로 - 기타,승합,남,57세,상해없음,보행자,남,14세,부상신고
19214,2019112700100417,2019년 11월 27일 16시,수요일,경기도 성남시 분당구 금곡동,경상사고,0,0,1,0,차대사람 - 횡단중,안전운전불이행,포장 - 건조,맑음,교차로 - 교차로안,승용,남,34세,상해없음,보행자,남,63세,경상
19215,2019112700100447,2019년 11월 27일 17시,수요일,경기도 용인시 처인구 포곡읍,경상사고,0,0,1,0,차대사람 - 길가장자리구역통행중,안전운전불이행,포장 - 건조,맑음,교차로 - 교차로안,승용,여,59세,상해없음,보행자,여,24세,경상
19216,2019112700100483,2019년 11월 27일 17시,수요일,경기도 의정부시 가능동,중상사고,0,1,0,0,차대사람 - 기타,안전운전불이행,포장 - 건조,맑음,단일로 - 기타,화물,남,46세,상해없음,보행자,남,79세,중상
19217,2019112700100485,2019년 11월 27일 17시,수요일,경기도 파주시 문산읍,중상사고,0,1,0,0,차대사람 - 길가장자리구역통행중,안전운전불이행,포장 - 건조,맑음,교차로 - 교차로부근,승용,남,73세,상해없음,보행자,남,13세,중상
19218,2019112700100506,2019년 11월 27일 18시,수요일,경기도 군포시 산본동,경상사고,0,0,1,0,차대사람 - 기타,안전운전불이행,포장 - 건조,맑음,교차로 - 교차로부근,승용,남,27세,상해없음,보행자,여,59세,경상
19219,2019112700100564,2019년 11월 27일 19시,수요일,경기도 안산시 단원구 고잔동,중상사고,0,1,0,0,차대사람 - 횡단중,안전운전불이행,포장 - 건조,맑음,교차로 - 교차로안,승용,남,41세,상해없음,보행자,남,18세,중상
19220,2019112700100605,2019년 11월 27일 20시,수요일,경기도 평택시 서정동,경상사고,0,0,1,0,차대사람 - 기타,안전운전불이행,포장 - 건조,맑음,단일로 - 기타,승용,남,51세,상해없음,보행자,남,34세,경상
19221,2019112700100608,2019년 11월 27일 20시,수요일,경기도 군포시 당동,중상사고,0,1,0,1,차대사람 - 횡단중,신호위반,포장 - 건조,맑음,교차로 - 교차로횡단보도내,이륜,남,19세,부상신고,보행자,여,56세,중상
19222,2019112700100609,2019년 11월 27일 20시,수요일,경기도 군포시 금정동,경상사고,0,0,1,0,차대사람 - 보도통행중,안전운전불이행,포장 - 건조,맑음,기타 - 기타,자전거,남,70세,상해없음,보행자,여,37세,경상
19223,2019112700100633,2019년 11월 27일 21시,수요일,경기도 군포시 산본동,부상신고사고,0,0,0,1,차대사람 - 기타,안전운전불이행,포장 - 건조,맑음,단일로 - 기타,승용,여,60세,상해없음,보행자,남,63세,부상신고
19224,2019112700100634,2019년 11월 27일 21시,수요일,경기도 시흥시 거모동,경상사고,0,0,1,0,차대사람 - 기타,안전운전불이행,포장 - 건조,맑음,단일로 - 기타,승용,남,54세,상해없음,보행자,남,41세,경상
19225,2019112700100649,2019년 11월 27일 21시,수요일,경기도 남양주시 다산동,중상사고,0,1,0,0,차대사람 - 횡단중,안전운전불이행,포장 - 건조,맑음,교차로 - 교차로횡단보도내,승용,여,45세,상해없음,보행자,남,14세,중상
19226,2019112700100663,2019년 11월 27일 22시,수요일,경기도 하남시 신장동,경상사고,0,0,1,0,차대사람 - 기타,안전운전불이행,포장 - 건조,맑음,기타 - 기타,승용,남,49세,상해없음,보행자,남,52세,경상
19227,2019112800100037,2019년 11월 28일 01시,목요일,경기도 부천시 소사동,경상사고,0,0,1,0,차대사람 - 기타,안전운전불이행,포장 - 건조,맑음,교차로 - 교차로부근,승용,남,61세,상해없음,보행자,남,21세,경상
19228,2019112800100038,2019년 11월 28일 01시,목요일,경기도 수원시 권선구 권선동,경상사고,0,0,1,0,차대사람 - 기타,기타,포장 - 건조,맑음,기타 - 기타,기타불명,기타불명,미분류,기타불명,보행자,남,56세,경상
19229,2019112800100044,2019년 11월 28일 02시,목요일,경기도 안산시 단원구 고잔동,경상사고,0,0,1,0,차대사람 - 기타,안전운전불이행,포장 - 건조,맑음,단일로 - 기타,승용,남,21세,상해없음,보행자,남,18세,경상
19230,2019112800100047,2019년 11월 28일 03시,목요일,경기도 부천시 상동,경상사고,0,0,1,0,차대사람 - 횡단중,안전운전불이행,포장 - 건조,맑음,교차로 - 교차로횡단보도내,승용,남,61세,상해없음,보행자,남,26세,경상