,사고번호,사고일시,요일,시군구,사고내용,사망자수,중상자수,경상자수,부상신고자수,사고유형,법규위반,노면상태,기상상태,도로형태,가해운전자 차종,가해운전자 성별,가해운전자 연령,가해운전자 상해정도,피해운전자 차종,피해운전자 성별,피해운전자 연령,피해운전자 상해정도
19231,2019112800100055,2019년 11월 28일 04시,목요일,경기도 남양주시 별내면,중상사고,0,1,0,0,차대사람 - 기타,안전운전불이행,포장 - 건조,맑음,단일로 - 기타,승용,여,42세,상해없음,보행자,남,78세,중상
19232,2019112800100080,2019년 11월 28일 06시,목요일,경기도 고양시 일산동구 마두동,사망사고,1,0,1,0,차대사람 - 횡단중,보행자보호의무위반,포장 - 건조,맑음,단일로 - 기타,승용,남,22세,경상,보행자,남,74세,사망
19233,2019112800100081,2019년 11월 28일 06시,목요일,경기도 연천군 연천읍,사망사고,1,0,0,0,차대사람 - 차도통행중,안전운전불이행,포장 - 건조,맑음,단일로 - 기타,승용,남,50세,상해없음,보행자,남,83세,사망
19234,2019112800100123,2019년 11월 28일 08시,목요일,경기도 광명시 철산동,부상신고사고,0,0,0,1,차대사람 - 보도통행중,기타,포장 - 건조,맑음,단일로 - 기타,원동기,여,30세,상해없음,보행자,남,10세,부상신고
19235,2019112800100124,2019년 11월 28일 08시,목요일,경기도 안산시 단원구 선부동,중상사고,0,1,0,0,차대사람 - 기타,안전운전불이행,포장 - 건조,맑음,단일로 - 기타,승용,남,54세,상해없음,보행자,여,58세,중상
19236,2019112800100126,2019년 11월 28일 08시,목요일,경기도 안산시 상록구 본오동,경상사고,0,0,1,0,차대사람 - 기타,안전운전불이행,포장 - 건조,맑음,교차로 - 교차로안,기타불명,기타불명,미분류,기타불명,보행자,남,27세,경상
19237,2019112800100128,2019년 11월 28일 08시,목요일,경기도 화성시 봉담읍,중상사고,0,1,0,0,차대사람 - 보도통행중,안전운전불이행,포장 - 건조,맑음,단일로 - 기타,승용,남,28세,상해없음,보행자,남,17세,중상
19238,2019112800100173,2019년 11월 28일 09시,목요일,경기도 평택시 세교동,중상사고,0,1,0,0,차대사람 - 차도통행중,보행자보호의무위반,포장 - 건조,맑음,교차로 - 교차로안,화물,남,67세,상해없음,보행자,남,82세,중상
19239,2019112800100212,2019년 11월 28일 10시,목요일,경기도 수원시 영통구 매탄동,경상사고,0,0,1,0,차대사람 - 횡단중,안전운전불이행,포장 - 건조,맑음,단일로 - 기타,승용,여,26세,상해없음,보행자,여,18세,경상
19240,2019112800100242,2019년 11월 28일 11시,목요일,경기도 수원시 장안구 정자동,부상신고사고,0,0,0,1,차대사람 - 기타,기타,포장 - 건조,맑음,단일로 - 기타,자전거,기타불명,미분류,기타불명,보행자,여,80세,부상신고
19241,2019112800100244,2019년 11월 28일 11시,목요일,경기도 안산시 단원구 고잔동,경상사고,0,0,1,0,차대사람 - 기타,안전운전불이행,포장 - 건조,맑음,단일로 - 기타,승용,남,54세,상해없음,보행자,여,90세 이상,경상
19242,2019112800100247,2019년 11월 28일 11시,목요일,경기도 하남시 덕풍동,중상사고,0,1,0,0,차대사람 - 기타,안전운전불이행,포장 - 건조,맑음,단일로 - 기타,승용,남,75세,기타불명,보행자,여,41세,중상
19243,2019112800100256,2019년 11월 28일 11시,목요일,경기도 고양시 덕양구 행신동,경상사고,0,0,1,0,차대사람 - 횡단중,불법유턴,포장 - 건조,맑음,단일로 - 기타,승용,남,39세,상해없음,보행자,여,77세,경상
19244,2019112800100258,2019년 11월 28일 11시,목요일,경기도 양주시 남면,중상사고,0,1,0,0,차대사람 - 차도통행중,안전운전불이행,포장 - 건조,맑음,교차로 - 교차로안,건설기계,남,42세,상해없음,보행자,남,58세,중상
19245,2019112800100271,2019년 11월 28일 12시,목요일,경기도 광명시 광명동,부상신고사고,0,0,0,1,차대사람 - 차도통행중,안전운전불이행,포장 - 건조,맑음,교차로 - 교차로부근,승용,여,60세,상해없음,보행자,여,30세,부상신고
19246,2019112800100365,2019년 11월 28일 15시,목요일,경기도 성남시 수정구 복정동,경상사고,0,0,1,0,차대사람 - 차도통행중,중앙선침범,포장 - 건조,맑음,교차로 - 교차로부근,승용,여,71세,상해없음,보행자,남,34세,경상
19247,2019112800100408,2019년 11월 28일 16시,목요일,경기도 이천시 창전동,경상사고,0,0,1,0,차대사람 - 횡단중,보행자보호의무위반,포장 - 건조,맑음,단일로 - 기타,화물,남,56세,상해없음,보행자,여,6세,경상
19248,2019112800100411,2019년 11월 28일 16시,목요일,경기도 안산시 상록구 일동,중상사고,0,1,0,0,차대사람 - 기타,안전운전불이행,포장 - 건조,맑음,단일로 - 기타,승용,여,42세,상해없음,보행자,남,23세,중상
19249,2019112800100431,2019년 11월 28일 16시,목요일,경기도 고양시 덕양구 주교동,중상사고,0,1,0,0,차대사람 - 횡단중,안전운전불이행,포장 - 건조,맑음,교차로 - 교차로안,승용,여,48세,상해없음,보행자,여,75세,중상
19250,2019112800100441,2019년 11월 28일 17시,목요일,경기도 평택시 이충동,부상신고사고,0,0,0,1,차대사람 - 차도통행중,안전운전불이행,포장 - 건조,맑음,교차로 - 교차로안,승용,남,47세,상해없음,보행자,남,9세,부상신고
19251,2019112800100452,2019년 11월 28일 17시,목요일,경기도 용인시 수지구 성복동,경상사고,0,0,1,0,차대사람 - 횡단중,신호위반,포장 - 건조,맑음,교차로 - 교차로횡단보도내,승용,남,75세,상해없음,보행자,여,13세,경상
19252,2019112800100511,2019년 11월 28일 18시,목요일,경기도 수원시 장안구 조원동,중상사고,0,1,0,0,차대사람 - 기타,안전운전불이행,포장 - 건조,맑음,기타 - 기타,승용,남,38세,상해없음,보행자,여,11세,중상
19253,2019112800100517,2019년 11월 28일 18시,목요일,경기도 용인시 수지구 풍덕천동,중상사고,0,2,0,0,차대사람 - 횡단중,보행자보호의무위반,포장 - 건조,맑음,교차로 - 교차로안,승용,여,38세,상해없음,보행자,남,65세,중상
19254,2019112800100518,2019년 11월 28일 18시,목요일,경기도 화성시 반월동,경상사고,0,0,1,0,차대사람 - 길가장자리구역통행중,안전운전불이행,비포장 - 건조,맑음,단일로 - 기타,기타불명,기타불명,미분류,기타불명,보행자,여,28세,경상
19255,2019112800100560,2019년 11월 28일 18시,목요일,경기도 의정부시 금오동,중상사고,0,1,0,1,차대사람 - 기타,안전운전불이행,포장 - 건조,맑음,단일로 - 기타,이륜,남,16세,상해없음,보행자,여,55세,중상
19256,2019112800100563,2019년 11월 28일 18시,목요일,경기도 파주시 문산읍,경상사고,0,0,1,0,차대사람 - 기타,안전운전불이행,포장 - 건조,맑음,단일로 - 기타,화물,남,70세,상해없음,보행자,남,66세,경상
19257,2019112800100565,2019년 11월 28일 18시,목요일,경기도 포천시 군내면,중상사고,0,1,0,0,차대사람 - 길가장자리구역통행중,안전운전불이행,포장 - 건조,맑음,단일로 - 기타,승용,남,62세,상해없음,보행자,남,81세,중상
19258,2019112800100597,2019년 11월 28일 19시,목요일,경기도 의정부시 가능동,경상사고,0,0,1,0,차대사람 - 횡단중,안전운전불이행,포장 - 건조,맑음,단일로 - 기타,이륜,남,29세,상해없음,보행자,남,47세,경상
19259,2019112800100599,2019년 11월 28일 19시,목요일,경기도 고양시 덕양구 성사동,경상사고,0,0,1,0,차대사람 - 길가장자리구역통행중,안전운전불이행,포장 - 기타,맑음,단일로 - 기타,승용,남,26세,상해없음,보행자,여,63세,경상
19260,2019112800100600,2019년 11월 28일 19시,목요일,경기도 파주시 적성면,경상사고,0,0,1,0,차대사람 - 횡단중,보행자보호의무위반,포장 - 건조,맑음,단일로 - 기타,승용,여,72세,상해없음,보행자,남,58세,경상
19261,2019112800100665,2019년 11월 28일 21시,목요일,경기도 남양주시 진접읍,부상신고사고,0,0,0,1,차대사람 - 횡단중,보행자보호의무위반,포장 - 건조,맑음,교차로 - 교차로횡단보도내,승용,여,50세,상해없음,보행자,남,33세,부상신고
19262,2019112800100693,2019년 11월 28일 22시,목요일,경기도 양주시 옥정동,경상사고,0,0,1,0,차대사람 - 기타,기타,포장 - 건조,맑음,단일로 - 기타,승합,남,27세,상해없음,보행자,남,50세,경상
19263,2019112800100695,2019년 11월 28일 22시,목요일,경기도 고양시 일산서구 대화동,경상사고,0,0,1,0,차대사람 - 횡단중,보행자보호의무위반,포장 - 건조,기타,단일로 - 기타,이륜,남,18세,상해없음,보행자,여,26세,경상
19264,2019112800100705,2019년 11월 28일 23시,목요일,경기도 의왕시 내손동,경상사고,0,0,1,0,차대사람 - 기타,안전운전불이행,포장 - 건조,맑음,기타 - 기타,승용,남,52세,상해없음,보행자,여,19세,경상
19265,2019112900100039,2019년 11월 29일 01시,금요일,경기도 화성시 반송동,부상신고사고,0,0,0,1,차대사람 - 기타,안전운전불이행,포장 - 건조,맑음,단일로 - 기타,승용,남,58세,상해없음,보행자,남,22세,부상신고
19266,2019112900100048,2019년 11월 29일 02시,금요일,경기도 부천시 심곡동,경상사고,0,0,1,0,차대사람 - 기타,안전운전불이행,포장 - 건조,맑음,단일로 - 기타,승용,남,50세,상해없음,보행자,여,26세,경상
19267,2019112900100073,2019년 11월 29일 05시,금요일,경기도 광주시 퇴촌면,사망사고,1,0,0,0,차대사람 - 기타,신호위반,포장 - 건조,맑음,교차로 - 교차로안,화물,남,38세,상해없음,보행자,여,60세,사망
19268,2019112900100101,2019년 11월 29일 07시,금요일,경기도 안성시 석정동,부상신고사고,0,0,0,1,차대사람 - 기타,안전운전불이행,포장 - 건조,맑음,단일로 - 기타,승용,여,49세,상해없음,보행자,여,47세,부상신고
19269,2019112900100104,2019년 11월 29일 07시,금요일,경기도 안산시 단원구 원시동,경상사고,0,0,1,0,차대사람 - 횡단중,안전운전불이행,포장 - 건조,맑음,단일로 - 기타,승용,남,57세,상해없음,보행자,남,31세,경상
19270,2019112900100140,2019년 11월 29일 08시,금요일,경기도 광명시 일직동,경상사고,0,0,1,0,차대사람 - 횡단중,기타,포장 - 건조,맑음,단일로 - 기타,승합,남,59세,상해없음,보행자,남,53세,경상
19271,2019112900100190,2019년 11월 29일 08시,금요일,경기도 고양시 일산동구 지영동,경상사고,0,0,1,0,차대사람 - 길가장자리구역통행중,안전운전불이행,포장 - 건조,맑음,단일로 - 기타,승합,남,61세,상해없음,보행자,남,12세,경상
19272,2019112900100229,2019년 11월 29일 10시,금요일,경기도 여주시 멱곡동,중상사고,0,1,0,0,차대사람 - 기타,중앙선침범,포장 - 건조,맑음,단일로 - 기타,승용,남,55세,상해없음,보행자,남,33세,중상
19273,2019112900100230,2019년 11월 29일 10시,금요일,경기도 김포시 통진읍,경상사고,0,0,1,0,차대사람 - 횡단중,안전운전불이행,포장 - 건조,맑음,교차로 - 교차로부근,승용,여,48세,상해없음,보행자,남,71세,경상
19274,2019112900100272,2019년 11월 29일 11시,금요일,경기도 수원시 권선구 세류동,중상사고,0,1,0,0,차대사람 - 횡단중,신호위반,포장 - 건조,맑음,단일로 - 기타,승용,여,58세,상해없음,보행자,남,73세,중상
19275,2019112900100306,2019년 11월 29일 12시,금요일,경기도 부천시 춘의동,경상사고,0,0,1,0,차대사람 - 기타,안전운전불이행,포장 - 건조,맑음,단일로 - 기타,화물,남,59세,상해없음,보행자,남,38세,경상
19276,2019112900100307,2019년 11월 29일 12시,금요일,경기도 과천시 원문동,중상사고,0,1,0,0,차대사람 - 횡단중,신호위반,포장 - 건조,맑음,단일로 - 기타,승용,여,48세,상해없음,보행자,여,8세,중상
19277,2019112900100329,2019년 11월 29일 12시,금요일,경기도 연천군 전곡읍,중상사고,0,1,0,0,차대사람 - 횡단중,안전운전불이행,포장 - 건조,맑음,교차로 - 교차로횡단보도내,승용,여,42세,상해없음,보행자,남,86세,중상
19278,2019112900100338,2019년 11월 29일 13시,금요일,경기도 안양시 동안구 관양동,중상사고,0,1,0,0,차대사람 - 기타,안전운전불이행,포장 - 건조,맑음,단일로 - 기타,승합,남,58세,상해없음,보행자,남,64세,중상
19279,2019112900100369,2019년 11월 29일 13시,금요일,경기도 고양시 덕양구 행신동,중상사고,0,1,0,0,차대사람 - 보도통행중,보행자보호의무위반,포장 - 건조,맑음,교차로 - 교차로횡단보도내,승용,여,36세,상해없음,보행자,여,60세,중상
19280,2019112900100379,2019년 11월 29일 14시,금요일,경기도 성남시 수정구 태평동,경상사고,0,0,1,0,차대사람 - 차도통행중,기타,포장 - 건조,맑음,단일로 - 기타,승용,남,62세,상해없음,보행자,남,11세,경상
19281,2019112900100381,2019년 11월 29일 14시,금요일,경기도 이천시 장호원읍,중상사고,0,1,0,0,차대사람 - 기타,안전운전불이행,포장 - 건조,맑음,단일로 - 기타,승용,남,27세,상해없음,보행자,남,73세,중상
19282,2019112900100384,2019년 11월 29일 14시,금요일,경기도 광명시 광명동,경상사고,0,0,1,0,차대사람 - 횡단중,신호위반,포장 - 건조,맑음,교차로 - 교차로안,승용,여,50세,상해없음,보행자,남,6세,경상
19283,2019112900100429,2019년 11월 29일 15시,금요일,경기도 용인시 수지구 죽전동,경상사고,0,0,1,0,차대사람 - 횡단중,신호위반,포장 - 건조,맑음,교차로 - 교차로안,승용,여,68세,상해없음,보행자,여,56세,경상
19284,2019112900100544,2019년 11월 29일 17시,금요일,경기도 시흥시 신천동,경상사고,0,0,1,0,차대사람 - 횡단중,안전운전불이행,포장 - 건조,맑음,교차로 - 교차로부근,화물,남,44세,상해없음,보행자,남,7세,경상
19285,2019112900100582,2019년 11월 29일 17시,금요일,경기도 양주시 옥정동,중상사고,0,1,0,0,차대사람 - 횡단중,안전운전불이행,포장 - 건조,맑음,단일로 - 기타,이륜,남,32세,상해없음,보행자,남,73세,중상
19286,2019112900100607,2019년 11월 29일 18시,금요일,경기도 수원시 권선구 세류동,경상사고,0,0,1,0,차대사람 - 길가장자리구역통행중,안전운전불이행,포장 - 건조,맑음,단일로 - 기타,승용,여,34세,상해없음,보행자,여,37세,경상
19287,2019112900100670,2019년 11월 29일 19시,금요일,경기도 성남시 수정구 수진동,경상사고,0,0,1,0,차대사람 - 기타,안전운전불이행,포장 - 건조,맑음,단일로 - 기타,승용,여,61세,상해없음,보행자,남,46세,경상
19288,2019112900100673,2019년 11월 29일 19시,금요일,경기도 평택시 독곡동,경상사고,0,0,1,0,차대사람 - 차도통행중,안전운전불이행,포장 - 건조,맑음,단일로 - 기타,승용,남,63세,상해없음,보행자,남,46세,경상
19289,2019112900100676,2019년 11월 29일 19시,금요일,경기도 수원시 권선구 권선동,경상사고,0,0,1,0,차대사람 - 횡단중,안전운전불이행,포장 - 건조,맑음,단일로 - 기타,승용,남,66세,상해없음,보행자,남,21세,경상
19290,2019112900100712,2019년 11월 29일 19시,금요일,경기도 남양주시 진접읍,경상사고,0,0,1,0,차대사람 - 횡단중,보행자보호의무위반,포장 - 건조,맑음,교차로 - 교차로안,승용,남,66세,상해없음,보행자,남,54세,경상
19291,2019112900100725,2019년 11월 29일 20시,금요일,경기도 부천시 괴안동,중상사고,0,1,0,0,차대사람 - 기타,안전운전불이행,포장 - 기타,맑음,교차로 - 교차로부근,승용,남,31세,상해없음,보행자,여,82세,중상
19292,2019112900100726,2019년 11월 29일 20시,금요일,경기도 수원시 영통구 매탄동,경상사고,0,0,1,0,차대사람 - 횡단중,신호위반,포장 - 건조,맑음,교차로 - 교차로안,승용,여,28세,상해없음,보행자,남,19세,경상
19293,2019112900100728,2019년 11월 29일 20시,금요일,경기도 의왕시 오전동,중상사고,0,1,0,0,차대사람 - 차도통행중,안전운전불이행,포장 - 건조,맑음,교차로 - 교차로부근,원동기,남,23세,상해없음,보행자,여,47세,중상
19294,2019112900100762,2019년 11월 29일 21시,금요일,경기도 안양시 동안구 호계동,사망사고,1,0,0,0,차대사람 - 기타,안전운전불이행,포장 - 건조,맑음,단일로 - 기타,승용,남,50세,상해없음,보행자,여,58세,사망
19295,2019112900100781,2019년 11월 29일 21시,금요일,경기도 파주시 금촌동,경상사고,0,0,1,0,차대사람 - 횡단중,안전운전불이행,포장 - 건조,맑음,교차로 - 교차로안,승용,여,54세,상해없음,보행자,남,54세,경상
19296,2019112900100787,2019년 11월 29일 22시,금요일,경기도 안산시 단원구 고잔동,경상사고,0,0,1,0,차대사람 - 보도통행중,안전운전불이행,포장 - 건조,맑음,단일로 - 기타,승용,남,23세,상해없음,보행자,여,21세,경상
19297,2019112900100805,2019년 11월 29일 22시,금요일,경기도 의정부시 의정부동,중상사고,0,1,0,0,차대사람 - 기타,안전운전불이행,포장 - 건조,맑음,주차장 - 주차장,승용,남,32세,상해없음,보행자,여,25세,중상
19298,2019112900100837,2019년 11월 29일 23시,금요일,경기도 고양시 일산동구 백석동,중상사고,0,1,0,0,차대사람 - 횡단중,신호위반,포장 - 건조,맑음,교차로 - 교차로부근,승용,남,58세,상해없음,보행자,남,54세,중상
19299,2019112900100838,2019년 11월 29일 23시,금요일,경기도 남양주시 호평동,경상사고,0,0,1,0,차대사람 - 기타,안전운전불이행,포장 - 건조,맑음,단일로 - 기타,승용,남,55세,상해없음,보행자,여,36세,경상
19300,2019113000100109,2019년 11월 30일 05시,토요일,경기도 부천시 소사본동,중상사고,0,1,0,0,차대사람 - 횡단중,안전운전불이행,포장 - 건조,맑음,교차로 - 교차로안,승용,남,56세,상해없음,보행자,여,74세,중상
19301,2019113000100110,2019년 11월 30일 05시,토요일,경기도 시흥시 은행동,중상사고,0,1,0,0,차대사람 - 횡단중,신호위반,포장 - 건조,맑음,교차로 - 교차로횡단보도내,승용,남,69세,상해없음,보행자,남,38세,중상
19302,2019113000100119,2019년 11월 30일 05시,토요일,경기도 남양주시 호평동,경상사고,0,0,1,0,차대사람 - 기타,안전운전불이행,포장 - 건조,맑음,단일로 - 기타,승용,여,44세,상해없음,보행자,남,42세,경상
19303,2019113000100207,2019년 11월 30일 10시,토요일,경기도 군포시 산본동,중상사고,0,1,0,0,차대사람 - 기타,안전운전불이행,포장 - 건조,맑음,단일로 - 기타,승용,여,71세,상해없음,보행자,여,54세,중상
19304,2019113000100211,2019년 11월 30일 10시,토요일,경기도 화성시 향남읍,중상사고,0,1,0,0,차대사람 - 횡단중,안전운전불이행,포장 - 건조,맑음,단일로 - 기타,화물,남,69세,상해없음,보행자,남,12세,중상
19305,2019113000100236,2019년 11월 30일 10시,토요일,경기도 고양시 덕양구 성사동,중상사고,0,1,0,0,차대사람 - 길가장자리구역통행중,안전운전불이행,포장 - 건조,맑음,단일로 - 기타,화물,남,40세,상해없음,보행자,여,87세,중상
19306,2019113000100239,2019년 11월 30일 10시,토요일,경기도 양주시 회정동,부상신고사고,0,0,0,1,차대사람 - 기타,안전운전불이행,포장 - 건조,맑음,교차로 - 교차로안,승용,남,48세,상해없음,보행자,남,45세,부상신고
19307,2019113000100251,2019년 11월 30일 11시,토요일,경기도 이천시 중리동,경상사고,0,0,1,0,차대사람 - 기타,안전운전불이행,포장 - 건조,맑음,교차로 - 교차로부근,승용,남,38세,기타불명,보행자,여,60세,경상
19308,2019113000100293,2019년 11월 30일 12시,토요일,경기도 안산시 단원구 원곡동,경상사고,0,0,1,0,차대사람 - 횡단중,안전운전불이행,포장 - 건조,맑음,교차로 - 교차로부근,승용,여,47세,상해없음,보행자,남,9세,경상
19309,2019113000100335,2019년 11월 30일 13시,토요일,경기도 화성시 진안동,경상사고,0,0,1,0,차대사람 - 횡단중,보행자보호의무위반,포장 - 건조,맑음,단일로 - 기타,승용,남,33세,상해없음,보행자,여,21세,경상
19310,2019113000100357,2019년 11월 30일 13시,토요일,경기도 포천시 관인면,경상사고,0,0,1,0,차대사람 - 기타,안전운전불이행,포장 - 건조,맑음,단일로 - 기타,승용,여,25세,상해없음,보행자,여,38세,경상
19311,2019113000100367,2019년 11월 30일 14시,토요일,경기도 이천시 신둔면,경상사고,0,0,1,0,차대사람 - 기타,안전운전불이행,포장 - 건조,맑음,단일로 - 기타,승용,여,59세,상해없음,보행자,남,54세,경상
19312,2019113000100394,2019년 11월 30일 14시,토요일,경기도 의정부시 의정부동,경상사고,0,0,1,0,차대사람 - 기타,안전운전불이행,포장 - 건조,맑음,단일로 - 기타,자전거,남,41세,상해없음,보행자,여,64세,경상
19313,2019113000100445,2019년 11월 30일 16시,토요일,경기도 부천시 중동,경상사고,0,0,1,0,차대사람 - 횡단중,안전운전불이행,포장 - 건조,맑음,단일로 - 기타,승용,남,45세,기타불명,보행자,여,64세,경상
19314,2019113000100496,2019년 11월 30일 17시,토요일,경기도 오산시 오산동,경상사고,0,0,1,0,차대사람 - 기타,안전운전불이행,포장 - 건조,맑음,교차로 - 교차로안,승용,남,64세,상해없음,보행자,여,59세,경상
19315,2019113000100500,2019년 11월 30일 17시,토요일,경기도 화성시 서신면,경상사고,0,0,1,0,차대사람 - 기타,안전운전불이행,포장 - 건조,맑음,기타 - 기타,승용,여,62세,상해없음,보행자,여,31세,경상
19316,2019113000100546,2019년 11월 30일 18시,토요일,경기도 안산시 단원구 고잔동,경상사고,0,0,1,0,차대사람 - 기타,안전운전불이행,포장 - 건조,맑음,교차로 - 교차로부근,승용,남,27세,상해없음,보행자,남,34세,경상
19317,2019113000100550,2019년 11월 30일 18시,토요일,경기도 시흥시 정왕동,경상사고,0,0,1,0,차대사람 - 횡단중,안전운전불이행,포장 - 건조,맑음,교차로 - 교차로안,승용,여,60세,상해없음,보행자,남,58세,경상
19318,2019113000100600,2019년 11월 30일 19시,토요일,경기도 안성시 공도읍,중상사고,0,1,0,0,차대사람 - 기타,안전운전불이행,포장 - 건조,맑음,단일로 - 기타,승용,남,48세,상해없음,보행자,남,44세,중상
19319,2019113000100604,2019년 11월 30일 19시,토요일,경기도 안산시 상록구 본오동,중상사고,0,1,0,0,차대사람 - 횡단중,안전운전불이행,포장 - 건조,맑음,단일로 - 기타,승용,남,61세,상해없음,보행자,여,83세,중상
19320,2019113000100629,2019년 11월 30일 19시,토요일,경기도 동두천시 지행동,경상사고,0,0,1,0,차대사람 - 횡단중,신호위반,포장 - 건조,맑음,단일로 - 기타,승용,남,27세,상해없음,보행자,여,22세,경상
19321,2019113000100639,2019년 11월 30일 20시,토요일,경기도 부천시 역곡동,부상신고사고,0,0,0,1,차대사람 - 기타,안전운전불이행,포장 - 건조,맑음,기타 - 기타,승용,남,58세,상해없음,보행자,남,40세,부상신고
19322,2019113000100643,2019년 11월 30일 20시,토요일,경기도 성남시 분당구 백현동,경상사고,0,0,1,0,차대사람 - 횡단중,신호위반,포장 - 건조,맑음,교차로 - 교차로안,승용,여,41세,상해없음,보행자,여,16세,경상
19323,2019113000100655,2019년 11월 30일 21시,토요일,경기도 이천시 부발읍,사망사고,1,0,0,0,차대사람 - 기타,안전운전불이행,포장 - 건조,맑음,단일로 - 기타,승용,남,48세,상해없음,보행자,남,61세,사망
19324,2019113000100660,2019년 11월 30일 21시,토요일,경기도 성남시 중원구 성남동,경상사고,0,0,1,0,차대사람 - 기타,안전운전불이행,포장 - 건조,맑음,단일로 - 기타,승용,남,28세,상해없음,보행자,남,24세,경상
19325,2019113000100681,2019년 11월 30일 21시,토요일,경기도 남양주시 진접읍,중상사고,0,1,0,0,차대사람 - 횡단중,안전운전불이행,포장 - 건조,맑음,교차로 - 교차로횡단보도내,승용,남,28세,상해없음,보행자,남,50세,중상
19326,2019113000100689,2019년 11월 30일 22시,토요일,경기도 안산시 단원구 고잔동,경상사고,0,0,1,0,차대사람 - 횡단중,보행자보호의무위반,포장 - 건조,맑음,기타 - 기타,승용,남,31세,상해없음,보행자,남,20세,경상
19327,2019113000100726,2019년 11월 30일 23시,토요일,경기도 고양시 덕양구 화정동,부상신고사고,0,0,0,1,차대사람 - 보도통행중,기타,포장 - 건조,맑음,기타 - 기타,기타불명,기타불명,미분류,기타불명,보행자,여,24세,부상신고
19328,2019113000100727,2019년 11월 30일 23시,토요일,경기도 남양주시 퇴계원면,사망사고,1,0,0,0,차대사람 - 기타,안전운전불이행,포장 - 건조,맑음,단일로 - 기타,승용,남,55세,상해없음,보행자,남,59세,사망
19329,2019120100100027,2019년 12월 1일 00시,일요일,경기도 성남시 수정구 수진동,중상사고,0,1,0,0,차대사람 - 기타,안전운전불이행,포장 - 건조,맑음,기타 - 기타,승용,여,36세,상해없음,보행자,여,50세,중상
19330,2019120100100028,2019년 12월 1일 00시,일요일,경기도 평택시 합정동,중상사고,0,1,0,0,차대사람 - 기타,안전운전불이행,포장 - 건조,맑음,단일로 - 기타,승용,남,22세,상해없음,보행자,남,47세,중상
19331,2019120100100066,2019년 12월 1일 02시,일요일,경기도 이천시 관고동,중상사고,0,1,0,0,차대사람 - 기타,안전운전불이행,포장 - 건조,맑음,단일로 - 기타,승용,남,25세,상해없음,보행자,여,89세,중상
19332,2019120100100083,2019년 12월 1일 03시,일요일,경기도 안양시 동안구 관양동,중상사고,0,1,0,0,차대사람 - 차도통행중,안전운전불이행,포장 - 건조,맑음,단일로 - 기타,승용,남,57세,상해없음,보행자,남,22세,중상
19333,2019120100100116,2019년 12월 1일 06시,일요일,경기도 하남시 신장동,중상사고,0,1,0,0,차대사람 - 차도통행중,안전운전불이행,포장 - 건조,맑음,단일로 - 기타,승합,남,57세,상해없음,보행자,남,51세,중상
19334,2019120100100150,2019년 12월 1일 09시,일요일,경기도 부천시 심곡본동,경상사고,0,0,1,0,차대사람 - 횡단중,보행자보호의무위반,포장 - 젖음/습기,맑음,교차로 - 교차로부근,승용,여,72세,기타불명,보행자,남,22세,경상
19335,2019120100100170,2019년 12월 1일 10시,일요일,경기도 성남시 분당구 구미동,중상사고,0,1,0,0,차대사람 - 기타,안전운전불이행,포장 - 건조,맑음,단일로 - 기타,승용,여,51세,상해없음,보행자,여,72세,중상
19336,2019120100100219,2019년 12월 1일 12시,일요일,경기도 하남시 천현동,경상사고,0,0,1,0,차대사람 - 기타,안전운전불이행,포장 - 건조,맑음,교차로 - 교차로부근,승용,남,62세,상해없음,보행자,남,62세,경상
19337,2019120100100247,2019년 12월 1일 13시,일요일,경기도 광명시 광명동,경상사고,0,0,1,0,차대사람 - 기타,기타,포장 - 젖음/습기,비,교차로 - 교차로부근,기타불명,기타불명,미분류,기타불명,보행자,여,59세,경상
19338,2019120100100270,2019년 12월 1일 14시,일요일,경기도 안양시 동안구 관양동,경상사고,0,0,2,0,차대사람 - 기타,안전운전불이행,포장 - 젖음/습기,비,단일로 - 기타,승용,여,76세,상해없음,보행자,여,33세,경상
19339,2019120100100314,2019년 12월 1일 15시,일요일,경기도 하남시 망월동,경상사고,0,0,1,0,차대사람 - 횡단중,신호위반,포장 - 젖음/습기,맑음,기타 - 기타,이륜,남,28세,상해없음,보행자,여,5세,경상
19340,2019120100100344,2019년 12월 1일 16시,일요일,경기도 안양시 동안구 비산동,경상사고,0,0,5,0,차대사람 - 기타,안전운전불이행,포장 - 젖음/습기,비,단일로 - 기타,화물,남,63세,상해없음,보행자,여,32세,경상
19341,2019120100100375,2019년 12월 1일 17시,일요일,경기도 군포시 당동,중상사고,0,1,1,0,차대사람 - 횡단중,안전운전불이행,포장 - 젖음/습기,비,단일로 - 기타,승용,남,54세,상해없음,보행자,남,64세,중상
19342,2019120100100427,2019년 12월 1일 18시,일요일,경기도 부천시 소사본동,중상사고,0,1,0,0,차대사람 - 기타,보행자보호의무위반,포장 - 건조,맑음,교차로 - 교차로부근,승용,남,58세,상해없음,보행자,여,30세,중상
19343,2019120100100430,2019년 12월 1일 18시,일요일,경기도 군포시 금정동,중상사고,0,1,0,0,차대사람 - 기타,안전운전불이행,포장 - 건조,맑음,교차로 - 교차로부근,이륜,남,36세,상해없음,보행자,여,60세,중상