,사고번호,사고일시,요일,시군구,사고내용,사망자수,중상자수,경상자수,부상신고자수,사고유형,법규위반,노면상태,기상상태,도로형태,가해운전자 차종,가해운전자 성별,가해운전자 연령,가해운전자 상해정도,피해운전자 차종,피해운전자 성별,피해운전자 연령,피해운전자 상해정도
19344,2019120100100461,2019년 12월 1일 18시,일요일,경기도 고양시 일산동구 풍동,중상사고,0,1,0,0,차대사람 - 기타,안전운전불이행,포장 - 젖음/습기,비,단일로 - 기타,승용,남,24세,상해없음,보행자,여,54세,중상
19345,2019120100100473,2019년 12월 1일 19시,일요일,경기도 오산시 가장동,경상사고,0,0,1,0,차대사람 - 횡단중,신호위반,포장 - 젖음/습기,비,단일로 - 기타,승용,남,49세,상해없음,보행자,여,24세,경상
19346,2019120100100512,2019년 12월 1일 19시,일요일,경기도 포천시 영북면,중상사고,0,1,0,0,차대사람 - 횡단중,신호위반,포장 - 젖음/습기,비,단일로 - 기타,화물,남,59세,상해없음,보행자,남,54세,중상
19347,2019120100100519,2019년 12월 1일 20시,일요일,경기도 수원시 장안구 조원동,경상사고,0,0,1,0,차대사람 - 횡단중,안전운전불이행,포장 - 젖음/습기,흐림,교차로 - 교차로안,승용,남,50세,상해없음,보행자,여,15세,경상
19348,2019120100100522,2019년 12월 1일 20시,일요일,경기도 성남시 중원구 성남동,경상사고,0,0,1,0,차대사람 - 기타,안전운전불이행,포장 - 젖음/습기,비,단일로 - 기타,승용,남,56세,상해없음,보행자,여,50세,경상
19349,2019120100100566,2019년 12월 1일 21시,일요일,경기도 연천군 백학면,사망사고,1,0,0,0,차대사람 - 기타,안전운전불이행,포장 - 젖음/습기,흐림,단일로 - 기타,승용,남,66세,상해없음,보행자,남,56세,사망
19350,2019120100100569,2019년 12월 1일 22시,일요일,경기도 수원시 팔달구 인계동,부상신고사고,0,0,0,1,차대사람 - 기타,안전운전불이행,포장 - 건조,맑음,단일로 - 기타,승용,남,27세,상해없음,보행자,남,43세,부상신고
19351,2019120100100570,2019년 12월 1일 22시,일요일,경기도 성남시 분당구 서현동,중상사고,0,1,1,0,차대사람 - 횡단중,보행자보호의무위반,포장 - 젖음/습기,비,교차로 - 교차로횡단보도내,이륜,남,27세,경상,보행자,여,19세,중상
19352,2019120100100590,2019년 12월 1일 22시,일요일,경기도 구리시 수택동,중상사고,0,1,0,0,차대사람 - 횡단중,안전운전불이행,포장 - 젖음/습기,비,단일로 - 기타,승용,남,25세,상해없음,보행자,여,25세,중상
19353,2019120200100056,2019년 12월 2일 05시,월요일,경기도 안산시 단원구 선부동,중상사고,0,1,0,0,차대사람 - 기타,안전운전불이행,포장 - 건조,맑음,교차로 - 교차로안,승합,남,56세,상해없음,보행자,여,72세,중상
19354,2019120200100075,2019년 12월 2일 06시,월요일,경기도 고양시 덕양구 삼송동,중상사고,0,1,0,0,차대사람 - 횡단중,안전운전불이행,포장 - 건조,맑음,교차로 - 교차로부근,승용,여,21세,상해없음,보행자,여,80세,중상
19355,2019120200100080,2019년 12월 2일 07시,월요일,경기도 수원시 장안구 이목동,경상사고,0,0,1,0,차대사람 - 기타,보행자보호의무위반,포장 - 건조,맑음,교차로 - 교차로횡단보도내,승용,여,67세,기타불명,보행자,여,16세,경상
19356,2019120200100109,2019년 12월 2일 08시,월요일,경기도 광명시 하안동,중상사고,0,1,0,0,차대사람 - 기타,안전운전불이행,포장 - 건조,맑음,교차로 - 교차로안,승용,여,35세,상해없음,보행자,남,67세,중상
19357,2019120200100110,2019년 12월 2일 08시,월요일,경기도 광명시 일직동,경상사고,0,0,1,0,차대사람 - 횡단중,신호위반,포장 - 건조,맑음,교차로 - 교차로횡단보도내,승용,여,59세,상해없음,보행자,여,10세,경상
19358,2019120200100137,2019년 12월 2일 08시,월요일,경기도 구리시 교문동,경상사고,0,0,1,0,차대사람 - 기타,보행자보호의무위반,포장 - 건조,흐림,단일로 - 기타,승용,여,55세,상해없음,보행자,여,9세,경상
19359,2019120200100176,2019년 12월 2일 10시,월요일,경기도 평택시 세교동,경상사고,0,0,1,0,차대사람 - 기타,안전운전불이행,포장 - 건조,맑음,단일로 - 기타,승합,남,57세,상해없음,보행자,여,83세,경상
19360,2019120200100249,2019년 12월 2일 12시,월요일,경기도 평택시 합정동,중상사고,0,1,0,0,차대사람 - 차도통행중,안전운전불이행,포장 - 건조,흐림,교차로 - 교차로안,화물,남,36세,상해없음,보행자,여,64세,중상
19361,2019120200100277,2019년 12월 2일 13시,월요일,경기도 광주시 역동,경상사고,0,0,1,0,차대사람 - 기타,보행자보호의무위반,포장 - 건조,맑음,교차로 - 교차로안,승용,남,47세,상해없음,보행자,여,67세,경상
19362,2019120200100323,2019년 12월 2일 15시,월요일,경기도 평택시 안중읍,중상사고,0,1,0,0,차대사람 - 차도통행중,안전운전불이행,포장 - 젖음/습기,흐림,교차로 - 교차로안,승용,여,43세,상해없음,보행자,남,77세,중상
19363,2019120200100324,2019년 12월 2일 15시,월요일,경기도 광주시 중대동,경상사고,0,0,1,0,차대사람 - 기타,안전운전불이행,포장 - 건조,맑음,주차장 - 주차장,승용,여,44세,상해없음,보행자,여,70세,경상
19364,2019120200100328,2019년 12월 2일 15시,월요일,경기도 용인시 수지구 상현동,중상사고,0,1,0,0,차대사람 - 기타,안전운전불이행,포장 - 건조,맑음,교차로 - 교차로안,승용,남,56세,상해없음,보행자,남,14세,중상
19365,2019120200100427,2019년 12월 2일 17시,월요일,경기도 용인시 기흥구 신갈동,부상신고사고,0,0,0,1,차대사람 - 기타,안전운전불이행,포장 - 건조,맑음,단일로 - 기타,승합,남,48세,상해없음,보행자,남,84세,부상신고
19366,2019120200100429,2019년 12월 2일 17시,월요일,경기도 광명시 철산동,사망사고,1,0,0,0,차대사람 - 기타,안전운전불이행,포장 - 건조,맑음,단일로 - 기타,화물,남,45세,상해없음,보행자,남,83세,사망
19367,2019120200100479,2019년 12월 2일 18시,월요일,경기도 성남시 수정구 복정동,중상사고,0,1,0,0,차대사람 - 기타,안전운전불이행,포장 - 건조,맑음,교차로 - 교차로안,승용,여,57세,상해없음,보행자,여,27세,중상
19368,2019120200100482,2019년 12월 2일 18시,월요일,경기도 용인시 처인구 삼가동,경상사고,0,0,1,0,차대사람 - 횡단중,보행자보호의무위반,포장 - 건조,흐림,교차로 - 교차로횡단보도내,승용,남,58세,상해없음,보행자,남,60세,경상
19369,2019120200100489,2019년 12월 2일 18시,월요일,경기도 시흥시 방산동,경상사고,0,0,1,0,차대사람 - 기타,안전운전불이행,포장 - 건조,맑음,교차로 - 교차로부근,화물,남,68세,상해없음,보행자,남,39세,경상
19370,2019120200100529,2019년 12월 2일 18시,월요일,경기도 양주시 덕계동,경상사고,0,0,1,0,차대사람 - 길가장자리구역통행중,안전운전불이행,포장 - 건조,맑음,주차장 - 주차장,화물,남,51세,상해없음,보행자,여,33세,경상
19371,2019120200100535,2019년 12월 2일 19시,월요일,경기도 이천시 고담동,경상사고,0,0,1,0,차대사람 - 기타,안전운전불이행,포장 - 건조,맑음,기타 - 기타,승용,남,32세,상해없음,보행자,남,49세,경상
19372,2019120200100540,2019년 12월 2일 19시,월요일,경기도 성남시 중원구 은행동,중상사고,0,1,0,0,차대사람 - 횡단중,보행자보호의무위반,포장 - 건조,맑음,교차로 - 교차로횡단보도내,승용,남,44세,상해없음,보행자,남,7세,중상
19373,2019120200100570,2019년 12월 2일 20시,월요일,경기도 성남시 분당구 야탑동,중상사고,0,1,0,0,차대사람 - 보도통행중,보행자보호의무위반,포장 - 건조,맑음,교차로 - 교차로횡단보도내,승용,남,53세,상해없음,보행자,여,57세,중상
19374,2019120200100611,2019년 12월 2일 22시,월요일,경기도 성남시 수정구 태평동,중상사고,0,1,0,0,차대사람 - 횡단중,보행자보호의무위반,포장 - 건조,맑음,단일로 - 기타,승용,남,29세,상해없음,보행자,남,46세,중상
19375,2019120200100614,2019년 12월 2일 22시,월요일,경기도 성남시 분당구 백현동,중상사고,0,1,0,0,차대사람 - 보도통행중,안전운전불이행,포장 - 건조,맑음,교차로 - 교차로횡단보도내,승용,남,65세,상해없음,보행자,남,58세,중상
19376,2019120300100055,2019년 12월 3일 04시,화요일,경기도 평택시 비전동,사망사고,1,0,0,0,차대사람 - 보도통행중,보행자보호의무위반,포장 - 건조,맑음,단일로 - 기타,승용,남,40세,상해없음,보행자,남,80세,사망
19377,2019120300100084,2019년 12월 3일 06시,화요일,경기도 의정부시 의정부동,경상사고,0,0,1,0,차대사람 - 기타,안전운전불이행,포장 - 건조,맑음,교차로 - 교차로부근,승용,남,33세,상해없음,보행자,남,38세,경상
19378,2019120300100092,2019년 12월 3일 07시,화요일,경기도 성남시 수정구 양지동,경상사고,0,0,1,0,차대사람 - 기타,안전운전불이행,포장 - 건조,맑음,단일로 - 기타,승용,남,40세,상해없음,보행자,여,27세,경상
19379,2019120300100093,2019년 12월 3일 07시,화요일,경기도 평택시 고덕면,경상사고,0,0,1,0,차대사람 - 횡단중,보행자보호의무위반,포장 - 건조,흐림,교차로 - 교차로안,승용,남,42세,상해없음,보행자,여,44세,경상
19380,2019120300100094,2019년 12월 3일 07시,화요일,경기도 평택시 세교동,경상사고,0,0,1,0,차대사람 - 횡단중,신호위반,포장 - 건조,맑음,교차로 - 교차로안,승용,남,46세,상해없음,보행자,여,16세,경상
19381,2019120300100156,2019년 12월 3일 08시,화요일,경기도 파주시 금촌동,경상사고,0,0,1,0,차대사람 - 기타,기타,포장 - 건조,맑음,단일로 - 기타,승용,남,26세,상해없음,보행자,여,28세,경상
19382,2019120300100172,2019년 12월 3일 09시,화요일,경기도 용인시 기흥구 언남동,부상신고사고,0,0,0,1,차대사람 - 기타,안전운전불이행,포장 - 건조,맑음,기타 - 기타,승용,남,64세,상해없음,보행자,여,53세,부상신고
19383,2019120300100209,2019년 12월 3일 10시,화요일,경기도 오산시 원동,경상사고,0,0,1,0,차대사람 - 길가장자리구역통행중,안전운전불이행,포장 - 건조,맑음,교차로 - 교차로부근,승용,남,76세,상해없음,보행자,여,68세,경상
19384,2019120300100235,2019년 12월 3일 11시,화요일,경기도 수원시 팔달구 매산로3가,경상사고,0,0,1,0,차대사람 - 기타,안전운전불이행,포장 - 건조,맑음,단일로 - 기타,승용,여,42세,상해없음,보행자,남,90세 이상,경상
19385,2019120300100251,2019년 12월 3일 11시,화요일,경기도 남양주시 와부읍,경상사고,0,0,1,0,차대사람 - 횡단중,보행자보호의무위반,포장 - 건조,맑음,교차로 - 교차로횡단보도내,승용,여,50세,기타불명,보행자,여,38세,경상
19386,2019120300100252,2019년 12월 3일 11시,화요일,경기도 연천군 청산면,중상사고,0,1,0,0,차대사람 - 기타,안전운전불이행,포장 - 건조,맑음,교차로 - 교차로안,건설기계,남,52세,상해없음,보행자,남,70세,중상
19387,2019120300100263,2019년 12월 3일 12시,화요일,경기도 수원시 권선구 권선동,중상사고,0,1,0,0,차대사람 - 차도통행중,보행자보호의무위반,포장 - 젖음/습기,눈,단일로 - 기타,승용,남,41세,상해없음,보행자,여,52세,중상
19388,2019120300100290,2019년 12월 3일 12시,화요일,경기도 의정부시 호원동,중상사고,0,1,0,0,차대사람 - 차도통행중,안전운전불이행,포장 - 건조,맑음,교차로 - 교차로안,승용,남,64세,상해없음,보행자,여,65세,중상
19389,2019120300100329,2019년 12월 3일 13시,화요일,경기도 의정부시 의정부동,중상사고,0,1,0,0,차대사람 - 기타,안전운전불이행,포장 - 건조,맑음,교차로 - 교차로안,화물,남,31세,상해없음,보행자,여,58세,중상
19390,2019120300100367,2019년 12월 3일 14시,화요일,경기도 구리시 인창동,중상사고,0,1,0,0,차대사람 - 횡단중,신호위반,포장 - 건조,맑음,교차로 - 교차로부근,승용,여,56세,상해없음,보행자,남,80세,중상
19391,2019120300100382,2019년 12월 3일 15시,화요일,경기도 용인시 기흥구 신갈동,경상사고,0,0,2,0,차대사람 - 횡단중,보행자보호의무위반,포장 - 건조,맑음,단일로 - 기타,화물,남,46세,상해없음,보행자,여,39세,경상
19392,2019120300100383,2019년 12월 3일 15시,화요일,경기도 광명시 광명동,중상사고,0,1,0,0,차대사람 - 횡단중,안전운전불이행,포장 - 건조,맑음,단일로 - 기타,승용,남,54세,상해없음,보행자,여,64세,중상
19393,2019120300100384,2019년 12월 3일 15시,화요일,경기도 성남시 중원구 성남동,중상사고,0,1,0,0,차대사람 - 보도통행중,보행자보호의무위반,포장 - 건조,맑음,교차로 - 교차로횡단보도내,승용,남,27세,상해없음,보행자,남,42세,중상
19394,2019120300100385,2019년 12월 3일 15시,화요일,경기도 시흥시 은행동,중상사고,0,1,0,0,차대사람 - 횡단중,보행자보호의무위반,포장 - 건조,맑음,단일로 - 기타,화물,남,26세,상해없음,보행자,여,54세,중상
19395,2019120300100411,2019년 12월 3일 16시,화요일,경기도 수원시 영통구 이의동,경상사고,0,0,1,0,차대사람 - 기타,기타,포장 - 건조,맑음,단일로 - 기타,승합,남,56세,상해없음,보행자,여,28세,경상
19396,2019120300100432,2019년 12월 3일 16시,화요일,경기도 양주시 광사동,중상사고,0,1,0,0,차대사람 - 횡단중,안전운전불이행,포장 - 건조,맑음,교차로 - 교차로횡단보도내,화물,남,44세,상해없음,보행자,여,59세,중상
19397,2019120300100443,2019년 12월 3일 17시,화요일,경기도 수원시 팔달구 화서동,중상사고,0,1,0,0,차대사람 - 기타,신호위반,포장 - 건조,맑음,교차로 - 교차로횡단보도내,승용,남,63세,상해없음,보행자,여,44세,중상
19398,2019120300100445,2019년 12월 3일 17시,화요일,경기도 이천시 고담동,중상사고,0,1,0,0,차대사람 - 기타,안전운전불이행,포장 - 젖음/습기,맑음,교차로 - 교차로안,승용,남,54세,상해없음,보행자,남,59세,중상
19399,2019120300100449,2019년 12월 3일 17시,화요일,경기도 성남시 분당구 운중동,부상신고사고,0,0,0,1,차대사람 - 차도통행중,안전운전불이행,포장 - 건조,맑음,단일로 - 기타,기타불명,기타불명,미분류,기타불명,보행자,여,25세,부상신고
19400,2019120300100450,2019년 12월 3일 17시,화요일,경기도 시흥시 정왕동,중상사고,0,1,0,0,차대사람 - 횡단중,안전운전불이행,포장 - 젖음/습기,비,단일로 - 기타,이륜,남,45세,기타불명,보행자,남,49세,중상
19401,2019120300100453,2019년 12월 3일 17시,화요일,경기도 하남시 덕풍동,경상사고,0,0,1,0,차대사람 - 기타,안전운전불이행,포장 - 건조,맑음,기타 - 기타,기타불명,기타불명,미분류,기타불명,보행자,여,13세,경상
19402,2019120300100454,2019년 12월 3일 17시,화요일,경기도 용인시 수지구 죽전동,중상사고,0,1,0,0,차대사람 - 기타,보행자보호의무위반,포장 - 젖음/습기,비,교차로 - 교차로안,승용,여,38세,상해없음,보행자,여,24세,중상
19403,2019120300100455,2019년 12월 3일 17시,화요일,경기도 용인시 수지구 죽전동,경상사고,0,0,1,0,차대사람 - 차도통행중,안전운전불이행,포장 - 건조,맑음,교차로 - 교차로안,승용,여,56세,상해없음,보행자,여,34세,경상
19404,2019120300100492,2019년 12월 3일 18시,화요일,경기도 성남시 수정구 신흥동,경상사고,0,0,1,0,차대사람 - 기타,안전운전불이행,포장 - 건조,맑음,단일로 - 기타,승용,남,55세,상해없음,보행자,여,60세,경상
19405,2019120300100495,2019년 12월 3일 18시,화요일,경기도 안양시 동안구 관양동,경상사고,0,0,1,0,차대사람 - 횡단중,안전운전불이행,포장 - 건조,맑음,교차로 - 교차로안,승합,남,51세,상해없음,보행자,남,29세,경상
19406,2019120300100496,2019년 12월 3일 18시,화요일,경기도 안양시 동안구 관양동,경상사고,0,0,1,0,차대사람 - 길가장자리구역통행중,안전운전불이행,포장 - 건조,맑음,교차로 - 교차로안,승용,여,52세,상해없음,보행자,여,37세,경상
19407,2019120300100498,2019년 12월 3일 18시,화요일,경기도 광주시 곤지암읍,부상신고사고,0,0,0,1,차대사람 - 기타,보행자보호의무위반,포장 - 건조,맑음,교차로 - 교차로안,승용,남,32세,상해없음,보행자,여,37세,부상신고
19408,2019120300100533,2019년 12월 3일 18시,화요일,경기도 의정부시 의정부동,경상사고,0,0,1,0,차대사람 - 기타,안전운전불이행,포장 - 건조,맑음,교차로 - 교차로부근,화물,남,43세,상해없음,보행자,남,18세,경상
19409,2019120300100536,2019년 12월 3일 18시,화요일,경기도 양주시 장흥면,중상사고,0,1,0,0,차대사람 - 보도통행중,안전운전불이행,포장 - 건조,맑음,교차로 - 교차로부근,승용,남,54세,상해없음,보행자,여,64세,중상
19410,2019120300100546,2019년 12월 3일 19시,화요일,경기도 수원시 팔달구 중동,중상사고,0,1,1,0,차대사람 - 기타,안전운전불이행,포장 - 건조,맑음,교차로 - 교차로횡단보도내,승합,남,52세,상해없음,보행자,남,18세,경상
19411,2019120300100549,2019년 12월 3일 19시,화요일,경기도 용인시 기흥구 신갈동,경상사고,0,0,2,0,차대사람 - 기타,보행자보호의무위반,포장 - 건조,맑음,단일로 - 기타,승용,남,23세,상해없음,보행자,남,44세,경상
19412,2019120300100550,2019년 12월 3일 19시,화요일,경기도 성남시 분당구 삼평동,중상사고,0,1,0,0,차대사람 - 횡단중,보행자보호의무위반,포장 - 건조,맑음,교차로 - 교차로횡단보도내,승용,남,24세,상해없음,보행자,남,26세,중상
19413,2019120300100567,2019년 12월 3일 19시,화요일,경기도 양주시 산북동,중상사고,0,1,0,0,차대사람 - 횡단중,안전운전불이행,포장 - 건조,맑음,교차로 - 교차로횡단보도내,승용,여,56세,상해없음,보행자,여,74세,중상
19414,2019120300100579,2019년 12월 3일 20시,화요일,경기도 화성시 영천동,부상신고사고,0,0,0,1,차대사람 - 기타,안전운전불이행,포장 - 건조,맑음,단일로 - 기타,승용,남,38세,상해없음,보행자,남,37세,부상신고
19415,2019120300100592,2019년 12월 3일 20시,화요일,경기도 파주시 광탄면,사망사고,1,0,0,0,차대사람 - 차도통행중,안전운전불이행,포장 - 건조,맑음,교차로 - 교차로안,승합,남,59세,상해없음,보행자,남,51세,사망
19416,2019120300100600,2019년 12월 3일 21시,화요일,경기도 안성시 대덕면,경상사고,0,0,1,0,차대사람 - 기타,안전운전불이행,포장 - 젖음/습기,흐림,교차로 - 교차로부근,이륜,남,50세,상해없음,보행자,남,33세,경상
19417,2019120300100603,2019년 12월 3일 21시,화요일,경기도 성남시 중원구 성남동,경상사고,0,0,1,0,차대사람 - 횡단중,신호위반,포장 - 젖음/습기,맑음,교차로 - 교차로횡단보도내,승용,여,46세,상해없음,보행자,남,34세,경상
19418,2019120300100626,2019년 12월 3일 21시,화요일,경기도 구리시 교문동,중상사고,0,1,0,0,차대사람 - 차도통행중,안전운전불이행,포장 - 건조,맑음,단일로 - 기타,화물,남,61세,상해없음,보행자,남,66세,중상
19419,2019120300100636,2019년 12월 3일 22시,화요일,경기도 평택시 고덕면,경상사고,0,0,1,0,차대사람 - 횡단중,안전운전불이행,포장 - 건조,맑음,단일로 - 기타,기타불명,기타불명,미분류,기타불명,보행자,여,46세,경상
19420,2019120300100637,2019년 12월 3일 22시,화요일,경기도 이천시 장호원읍,중상사고,0,1,0,0,차대사람 - 기타,안전운전불이행,포장 - 건조,맑음,단일로 - 기타,승용,남,59세,상해없음,보행자,남,27세,중상
19421,2019120300100653,2019년 12월 3일 22시,화요일,경기도 의정부시 의정부동,경상사고,0,0,1,0,차대사람 - 기타,안전운전불이행,포장 - 건조,맑음,교차로 - 교차로안,승용,남,46세,상해없음,보행자,여,25세,경상
19422,2019120300100662,2019년 12월 3일 23시,화요일,경기도 수원시 장안구 송죽동,경상사고,0,0,1,0,차대사람 - 기타,안전운전불이행,포장 - 건조,맑음,단일로 - 기타,원동기,여,30세,상해없음,보행자,여,28세,경상
19423,2019120300100663,2019년 12월 3일 23시,화요일,경기도 용인시 처인구 김량장동,경상사고,0,0,1,0,차대사람 - 차도통행중,안전운전불이행,포장 - 건조,맑음,단일로 - 기타,승용,남,59세,상해없음,보행자,남,43세,경상
19424,2019120300100664,2019년 12월 3일 23시,화요일,경기도 과천시 별양동,경상사고,0,0,1,0,차대사람 - 보도통행중,안전운전불이행,포장 - 젖음/습기,비,기타 - 기타,승용,남,56세,상해없음,보행자,남,53세,경상
19425,2019120300100665,2019년 12월 3일 23시,화요일,경기도 수원시 권선구 고색동,경상사고,0,0,1,0,차대사람 - 기타,안전운전불이행,포장 - 건조,맑음,단일로 - 기타,승용,남,55세,상해없음,보행자,남,51세,경상
19426,2019120400100037,2019년 12월 4일 00시,수요일,경기도 오산시 부산동,경상사고,0,0,1,0,차대사람 - 횡단중,보행자보호의무위반,포장 - 젖음/습기,비,교차로 - 교차로안,승용,남,37세,상해없음,보행자,남,48세,경상
19427,2019120400100054,2019년 12월 4일 01시,수요일,경기도 안산시 상록구 성포동,경상사고,0,0,1,0,차대사람 - 횡단중,안전운전불이행,포장 - 젖음/습기,비,단일로 - 기타,승용,남,55세,상해없음,보행자,남,35세,경상
19428,2019120400100076,2019년 12월 4일 04시,수요일,경기도 광주시 역동,경상사고,0,0,1,0,차대사람 - 횡단중,보행자보호의무위반,포장 - 건조,맑음,기타 - 기타,승합,남,50세,상해없음,보행자,여,52세,경상
19429,2019120400100079,2019년 12월 4일 04시,수요일,경기도 수원시 팔달구 인계동,경상사고,0,0,1,0,차대사람 - 횡단중,신호위반,포장 - 건조,맑음,교차로 - 교차로안,승용,남,20세,상해없음,보행자,남,26세,경상
19430,2019120400100094,2019년 12월 4일 05시,수요일,경기도 광주시 초월읍,부상신고사고,0,0,0,1,차대사람 - 기타,중앙선침범,포장 - 서리/결빙,흐림,단일로 - 기타,화물,남,39세,상해없음,보행자,여,37세,부상신고
19431,2019120400100106,2019년 12월 4일 05시,수요일,경기도 화성시 반월동,중상사고,0,1,0,0,차대사람 - 기타,안전운전불이행,포장 - 건조,맑음,교차로 - 교차로안,승용,남,59세,상해없음,보행자,남,26세,중상
19432,2019120400100140,2019년 12월 4일 06시,수요일,경기도 시흥시 정왕동,사망사고,1,0,0,0,차대사람 - 횡단중,신호위반,포장 - 젖음/습기,맑음,교차로 - 교차로안,화물,남,40세,상해없음,보행자,여,78세,사망
19433,2019120400100144,2019년 12월 4일 06시,수요일,경기도 안산시 상록구 성포동,경상사고,0,0,1,0,차대사람 - 횡단중,안전운전불이행,포장 - 건조,맑음,교차로 - 교차로횡단보도내,승용,남,46세,상해없음,보행자,여,41세,경상
19434,2019120400100195,2019년 12월 4일 08시,수요일,경기도 광주시 쌍령동,경상사고,0,0,1,0,차대사람 - 횡단중,안전운전불이행,포장 - 건조,맑음,미분류 - 미분류,승용,여,41세,상해없음,보행자,남,12세,경상
19435,2019120400100199,2019년 12월 4일 08시,수요일,경기도 군포시 산본동,중상사고,0,1,0,0,차대사람 - 횡단중,보행자보호의무위반,포장 - 젖음/습기,맑음,교차로 - 교차로횡단보도내,승용,여,26세,상해없음,보행자,여,90세 이상,중상
19436,2019120400100200,2019년 12월 4일 08시,수요일,경기도 성남시 중원구 하대원동,중상사고,0,1,0,0,차대사람 - 차도통행중,보행자보호의무위반,포장 - 건조,맑음,교차로 - 교차로안,승용,여,44세,상해없음,보행자,여,12세,중상
19437,2019120400100254,2019년 12월 4일 09시,수요일,경기도 화성시 송산면,중상사고,0,1,0,0,차대사람 - 횡단중,안전운전불이행,포장 - 서리/결빙,눈,교차로 - 교차로횡단보도내,승용,여,54세,상해없음,보행자,여,78세,중상
19438,2019120400100255,2019년 12월 4일 09시,수요일,경기도 의왕시 고천동,중상사고,0,1,0,0,차대사람 - 횡단중,안전운전불이행,포장 - 건조,맑음,교차로 - 교차로부근,화물,남,52세,상해없음,보행자,남,75세,중상
19439,2019120400100285,2019년 12월 4일 10시,수요일,경기도 성남시 분당구 구미동,경상사고,0,0,1,0,차대사람 - 기타,안전운전불이행,포장 - 건조,맑음,단일로 - 기타,승용,여,66세,기타불명,보행자,남,26세,경상
19440,2019120400100286,2019년 12월 4일 10시,수요일,경기도 안산시 상록구 건건동,경상사고,0,0,1,0,차대사람 - 횡단중,보행자보호의무위반,포장 - 건조,맑음,교차로 - 교차로횡단보도내,화물,남,63세,상해없음,보행자,여,47세,경상
19441,2019120400100309,2019년 12월 4일 10시,수요일,경기도 의정부시 민락동,경상사고,0,0,1,0,차대사람 - 횡단중,안전운전불이행,포장 - 건조,맑음,교차로 - 교차로횡단보도내,승용,여,46세,상해없음,보행자,여,81세,경상
19442,2019120400100311,2019년 12월 4일 10시,수요일,경기도 포천시 내촌면,중상사고,0,1,1,0,차대사람 - 기타,안전운전불이행,포장 - 건조,맑음,교차로 - 교차로안,화물,남,54세,상해없음,보행자,여,56세,경상
19443,2019120400100358,2019년 12월 4일 11시,수요일,경기도 고양시 덕양구 도내동,중상사고,0,1,0,0,차대사람 - 기타,안전운전불이행,포장 - 건조,맑음,기타 - 기타,화물,남,42세,상해없음,보행자,여,77세,중상
19444,2019120400100370,2019년 12월 4일 12시,수요일,경기도 안산시 단원구 와동,부상신고사고,0,0,0,1,차대사람 - 차도통행중,안전운전불이행,포장 - 건조,맑음,단일로 - 기타,승용,여,64세,상해없음,보행자,남,10세,부상신고
19445,2019120400100387,2019년 12월 4일 12시,수요일,경기도 남양주시 별내동,중상사고,0,1,0,0,차대사람 - 횡단중,안전운전불이행,포장 - 건조,맑음,교차로 - 교차로안,화물,남,47세,상해없음,보행자,남,73세,중상
19446,2019120400100408,2019년 12월 4일 13시,수요일,경기도 용인시 수지구 성복동,경상사고,0,0,1,0,차대사람 - 기타,안전운전불이행,포장 - 건조,맑음,단일로 - 기타,승합,남,47세,상해없음,보행자,여,67세,경상
19447,2019120400100420,2019년 12월 4일 14시,수요일,경기도 안양시 동안구 호계동,중상사고,0,1,0,0,차대사람 - 차도통행중,안전운전불이행,포장 - 건조,맑음,단일로 - 기타,승용,남,53세,상해없음,보행자,여,40세,중상
19448,2019120400100422,2019년 12월 4일 14시,수요일,경기도 수원시 영통구 영통동,경상사고,0,0,1,0,차대사람 - 기타,안전운전불이행,포장 - 건조,맑음,교차로 - 교차로부근,승합,남,36세,상해없음,보행자,남,89세,경상
19449,2019120400100483,2019년 12월 4일 16시,수요일,경기도 성남시 중원구 성남동,경상사고,0,0,1,0,차대사람 - 기타,안전운전불이행,포장 - 건조,맑음,단일로 - 기타,자전거,남,58세,상해없음,보행자,남,77세,경상
19450,2019120400100561,2019년 12월 4일 17시,수요일,경기도 고양시 덕양구 지축동,중상사고,0,1,0,0,차대사람 - 기타,기타,포장 - 기타,맑음,기타 - 기타,승합,남,43세,상해없음,보행자,남,33세,중상
19451,2019120400100580,2019년 12월 4일 18시,수요일,경기도 시흥시 미산동,경상사고,0,0,1,0,차대사람 - 횡단중,안전운전불이행,포장 - 건조,맑음,단일로 - 기타,화물,남,53세,상해없음,보행자,남,7세,경상
19452,2019120400100615,2019년 12월 4일 18시,수요일,경기도 고양시 일산동구 중산동,부상신고사고,0,0,0,1,차대사람 - 기타,기타,포장 - 건조,맑음,단일로 - 기타,승합,남,42세,상해없음,보행자,여,46세,부상신고
19453,2019120400100628,2019년 12월 4일 19시,수요일,경기도 평택시 용이동,사망사고,1,0,1,2,차대사람 - 기타,기타,포장 - 젖음/습기,흐림,교차로 - 교차로안,승합,남,55세,부상신고,보행자,여,23세,사망
19454,2019120400100632,2019년 12월 4일 19시,수요일,경기도 안산시 단원구 와동,부상신고사고,0,0,0,1,차대사람 - 차도통행중,안전운전불이행,포장 - 건조,맑음,단일로 - 기타,승용,남,59세,상해없음,보행자,남,36세,부상신고
19455,2019120400100639,2019년 12월 4일 19시,수요일,경기도 화성시 능동,중상사고,0,1,0,0,차대사람 - 기타,중앙선침범,포장 - 건조,맑음,단일로 - 기타,승용,남,65세,상해없음,보행자,여,28세,중상