,사고번호,사고일시,요일,시군구,사고내용,사망자수,중상자수,경상자수,부상신고자수,사고유형,법규위반,노면상태,기상상태,도로형태,가해운전자 차종,가해운전자 성별,가해운전자 연령,가해운전자 상해정도,피해운전자 차종,피해운전자 성별,피해운전자 연령,피해운전자 상해정도
19456,2019120400100654,2019년 12월 4일 19시,수요일,경기도 파주시 월롱면,경상사고,0,0,1,0,차대사람 - 횡단중,신호위반,포장 - 건조,맑음,단일로 - 기타,화물,남,28세,기타불명,보행자,남,20세,경상
19457,2019120400100670,2019년 12월 4일 20시,수요일,경기도 안산시 단원구 선부동,경상사고,0,0,1,0,차대사람 - 횡단중,안전운전불이행,포장 - 건조,맑음,단일로 - 기타,승용,여,61세,상해없음,보행자,여,12세,경상
19458,2019120400100700,2019년 12월 4일 21시,수요일,경기도 수원시 영통구 매탄동,중상사고,0,1,0,0,차대사람 - 횡단중,안전운전불이행,포장 - 건조,맑음,기타 - 기타,승용,남,47세,상해없음,보행자,남,33세,중상
19459,2019120400100712,2019년 12월 4일 22시,수요일,경기도 평택시 비전동,경상사고,0,0,2,0,차대사람 - 기타,신호위반,포장 - 건조,맑음,교차로 - 교차로안,승용,남,61세,상해없음,보행자,여,47세,경상
19460,2019120400100714,2019년 12월 4일 22시,수요일,경기도 용인시 처인구 김량장동,중상사고,0,1,0,0,차대사람 - 횡단중,보행자보호의무위반,포장 - 건조,맑음,교차로 - 교차로안,화물,남,43세,상해없음,보행자,남,54세,중상
19461,2019120500100061,2019년 12월 5일 02시,목요일,경기도 수원시 권선구 서둔동,경상사고,0,0,1,0,차대사람 - 기타,보행자보호의무위반,포장 - 건조,맑음,단일로 - 기타,승용,남,21세,상해없음,보행자,남,38세,경상
19462,2019120500100072,2019년 12월 5일 04시,목요일,경기도 부천시 괴안동,중상사고,0,1,0,0,차대사람 - 횡단중,안전운전불이행,포장 - 건조,맑음,교차로 - 교차로안,승용,여,65세,상해없음,보행자,남,46세,중상
19463,2019120500100076,2019년 12월 5일 05시,목요일,경기도 이천시 중리동,중상사고,0,1,0,0,차대사람 - 횡단중,안전운전불이행,포장 - 건조,맑음,교차로 - 교차로안,승용,남,38세,상해없음,보행자,여,74세,중상
19464,2019120500100078,2019년 12월 5일 05시,목요일,경기도 시흥시 대야동,경상사고,0,0,1,0,차대사람 - 횡단중,안전운전불이행,포장 - 건조,맑음,교차로 - 교차로부근,화물,남,50세,상해없음,보행자,남,22세,경상
19465,2019120500100087,2019년 12월 5일 06시,목요일,경기도 용인시 처인구 모현읍,사망사고,1,0,0,0,차대사람 - 횡단중,과속,포장 - 건조,맑음,교차로 - 교차로안,화물,남,53세,상해없음,보행자,여,77세,사망
19466,2019120500100110,2019년 12월 5일 07시,목요일,경기도 성남시 중원구 금광동,경상사고,0,0,1,0,차대사람 - 기타,안전운전불이행,포장 - 건조,맑음,단일로 - 기타,화물,남,50세,상해없음,보행자,남,21세,경상
19467,2019120500100125,2019년 12월 5일 07시,목요일,경기도 양주시 백석읍,경상사고,0,0,1,0,차대사람 - 차도통행중,안전운전불이행,포장 - 건조,맑음,단일로 - 기타,승용,남,36세,상해없음,보행자,남,27세,경상
19468,2019120500100139,2019년 12월 5일 08시,목요일,경기도 안산시 단원구 신길동,경상사고,0,0,1,0,차대사람 - 기타,안전운전불이행,포장 - 건조,맑음,단일로 - 기타,승합,남,61세,상해없음,보행자,여,57세,경상
19469,2019120500100143,2019년 12월 5일 08시,목요일,경기도 시흥시 정왕동,중상사고,0,1,0,0,차대사람 - 횡단중,보행자보호의무위반,포장 - 건조,맑음,교차로 - 교차로횡단보도내,승용,남,52세,상해없음,보행자,여,16세,중상
19470,2019120500100183,2019년 12월 5일 09시,목요일,경기도 수원시 장안구 연무동,중상사고,0,1,0,0,차대사람 - 기타,기타,포장 - 건조,맑음,단일로 - 기타,승합,남,52세,상해없음,보행자,여,65세,중상
19471,2019120500100186,2019년 12월 5일 09시,목요일,경기도 수원시 권선구 구운동,중상사고,0,1,0,0,차대사람 - 횡단중,신호위반,포장 - 건조,맑음,교차로 - 교차로안,승용,여,45세,상해없음,보행자,남,24세,중상
19472,2019120500100202,2019년 12월 5일 09시,목요일,경기도 의정부시 호원동,중상사고,0,1,0,0,차대사람 - 기타,안전운전불이행,포장 - 건조,맑음,교차로 - 교차로안,승용,남,43세,상해없음,보행자,여,16세,중상
19473,2019120500100203,2019년 12월 5일 09시,목요일,경기도 고양시 일산서구 일산동,중상사고,0,1,0,0,차대사람 - 횡단중,보행자보호의무위반,포장 - 건조,맑음,교차로 - 교차로횡단보도내,승용,남,52세,상해없음,보행자,남,56세,중상
19474,2019120500100214,2019년 12월 5일 10시,목요일,경기도 안산시 상록구 일동,중상사고,0,1,0,0,차대사람 - 횡단중,안전운전불이행,포장 - 건조,맑음,단일로 - 기타,승용,남,73세,상해없음,보행자,남,76세,중상
19475,2019120500100240,2019년 12월 5일 11시,목요일,경기도 군포시 금정동,중상사고,0,1,0,0,차대사람 - 기타,안전운전불이행,포장 - 건조,맑음,단일로 - 기타,승용,남,62세,상해없음,보행자,여,81세,중상
19476,2019120500100276,2019년 12월 5일 12시,목요일,경기도 평택시 비전동,중상사고,0,1,0,0,차대사람 - 기타,안전운전불이행,포장 - 건조,맑음,교차로 - 교차로안,승용,여,46세,상해없음,보행자,남,84세,중상
19477,2019120500100278,2019년 12월 5일 12시,목요일,경기도 성남시 분당구 야탑동,경상사고,0,0,2,0,차대사람 - 기타,보행자보호의무위반,포장 - 건조,맑음,교차로 - 교차로횡단보도내,승용,남,32세,상해없음,보행자,남,18세,경상
19478,2019120500100305,2019년 12월 5일 13시,목요일,경기도 여주시 월송동,중상사고,0,1,0,0,차대사람 - 횡단중,안전운전불이행,포장 - 건조,맑음,교차로 - 교차로횡단보도내,승합,여,57세,상해없음,보행자,여,79세,중상
19479,2019120500100374,2019년 12월 5일 15시,목요일,경기도 수원시 장안구 송죽동,중상사고,0,1,0,0,차대사람 - 횡단중,보행자보호의무위반,포장 - 건조,맑음,교차로 - 교차로횡단보도내,이륜,남,64세,기타불명,보행자,여,46세,중상
19480,2019120500100375,2019년 12월 5일 15시,목요일,경기도 평택시 통복동,중상사고,0,1,0,0,차대사람 - 횡단중,안전운전불이행,포장 - 건조,맑음,단일로 - 기타,승용,남,33세,상해없음,보행자,남,76세,중상
19481,2019120500100413,2019년 12월 5일 16시,목요일,경기도 광명시 하안동,중상사고,0,1,1,0,차대사람 - 횡단중,안전운전불이행,포장 - 건조,맑음,기타 - 기타,승용,남,77세,상해없음,보행자,여,61세,중상
19482,2019120500100415,2019년 12월 5일 16시,목요일,경기도 화성시 병점동,경상사고,0,0,1,0,차대사람 - 차도통행중,신호위반,포장 - 건조,맑음,교차로 - 교차로부근,승용,여,50세,상해없음,보행자,여,69세,경상
19483,2019120500100441,2019년 12월 5일 16시,목요일,경기도 고양시 일산동구 백석동,경상사고,0,0,1,0,차대사람 - 횡단중,보행자보호의무위반,포장 - 건조,맑음,단일로 - 기타,승용,여,61세,상해없음,보행자,여,18세,경상
19484,2019120500100467,2019년 12월 5일 17시,목요일,경기도 시흥시 거모동,중상사고,0,1,0,0,차대사람 - 기타,안전운전불이행,포장 - 건조,맑음,단일로 - 기타,승용,남,50세,상해없음,보행자,남,7세,중상
19485,2019120500100492,2019년 12월 5일 17시,목요일,경기도 고양시 일산동구 중산동,중상사고,0,1,0,0,차대사람 - 횡단중,보행자보호의무위반,포장 - 건조,맑음,교차로 - 교차로안,승용,여,68세,상해없음,보행자,여,26세,중상
19486,2019120500100505,2019년 12월 5일 18시,목요일,경기도 광주시 오포읍,경상사고,0,0,1,0,차대사람 - 횡단중,보행자보호의무위반,포장 - 건조,맑음,교차로 - 교차로안,화물,남,41세,상해없음,보행자,여,31세,경상
19487,2019120500100506,2019년 12월 5일 18시,목요일,경기도 오산시 궐동,중상사고,0,1,0,0,차대사람 - 기타,안전운전불이행,포장 - 건조,맑음,단일로 - 기타,승합,남,53세,상해없음,보행자,남,68세,중상
19488,2019120500100521,2019년 12월 5일 18시,목요일,경기도 여주시 흥천면,중상사고,0,1,0,0,차대사람 - 차도통행중,안전운전불이행,포장 - 건조,맑음,기타 - 기타,승용,여,51세,상해없음,보행자,남,54세,중상
19489,2019120500100603,2019년 12월 5일 20시,목요일,경기도 부천시 원미동,경상사고,0,0,1,0,차대사람 - 기타,안전운전불이행,포장 - 건조,맑음,단일로 - 기타,승용,남,69세,상해없음,보행자,남,19세,경상
19490,2019120500100628,2019년 12월 5일 21시,목요일,경기도 광명시 광명동,중상사고,0,1,1,0,차대사람 - 횡단중,보행자보호의무위반,포장 - 건조,맑음,교차로 - 교차로횡단보도내,승용,남,72세,상해없음,보행자,여,51세,중상
19491,2019120500100630,2019년 12월 5일 21시,목요일,경기도 의왕시 이동,사망사고,1,0,0,0,차대사람 - 차도통행중,안전운전불이행,포장 - 건조,맑음,단일로 - 기타,승용,남,45세,상해없음,보행자,남,82세,사망
19492,2019120500100662,2019년 12월 5일 22시,목요일,경기도 의정부시 의정부동,부상신고사고,0,0,0,1,차대사람 - 차도통행중,안전운전불이행,포장 - 건조,맑음,단일로 - 기타,승용,여,25세,상해없음,보행자,남,46세,부상신고
19493,2019120500100664,2019년 12월 5일 22시,목요일,경기도 의정부시 용현동,부상신고사고,0,0,0,1,차대사람 - 횡단중,안전운전불이행,포장 - 건조,맑음,교차로 - 교차로횡단보도내,승용,남,51세,상해없음,보행자,남,56세,부상신고
19494,2019120500100665,2019년 12월 5일 22시,목요일,경기도 구리시 토평동,경상사고,0,0,1,0,차대사람 - 횡단중,보행자보호의무위반,포장 - 건조,맑음,교차로 - 교차로안,기타불명,기타불명,미분류,기타불명,보행자,여,13세,경상
19495,2019120500100674,2019년 12월 5일 23시,목요일,경기도 과천시 부림동,경상사고,0,0,1,0,차대사람 - 보도통행중,안전운전불이행,포장 - 건조,맑음,단일로 - 기타,승용,남,38세,상해없음,보행자,여,24세,경상
19496,2019120600100081,2019년 12월 6일 06시,금요일,경기도 용인시 수지구 풍덕천동,중상사고,0,1,0,0,차대사람 - 횡단중,보행자보호의무위반,포장 - 건조,맑음,교차로 - 교차로안,승용,남,71세,상해없음,보행자,여,25세,중상
19497,2019120600100126,2019년 12월 6일 08시,금요일,경기도 용인시 처인구 역북동,경상사고,0,0,1,0,차대사람 - 횡단중,신호위반,포장 - 건조,맑음,교차로 - 교차로안,승용,남,73세,기타불명,보행자,여,9세,경상
19498,2019120600100133,2019년 12월 6일 08시,금요일,경기도 시흥시 정왕동,경상사고,0,0,1,0,차대사람 - 기타,안전운전불이행,포장 - 건조,맑음,단일로 - 기타,승용,남,42세,상해없음,보행자,여,25세,경상
19499,2019120600100169,2019년 12월 6일 08시,금요일,경기도 남양주시 평내동,경상사고,0,0,1,0,차대사람 - 횡단중,안전운전불이행,포장 - 건조,맑음,교차로 - 교차로횡단보도내,승용,남,45세,상해없음,보행자,여,15세,경상
19500,2019120600100181,2019년 12월 6일 09시,금요일,경기도 평택시 지산동,경상사고,0,0,2,0,차대사람 - 횡단중,안전운전불이행,포장 - 건조,맑음,교차로 - 교차로안,승용,남,61세,상해없음,보행자,여,55세,경상
19501,2019120600100272,2019년 12월 6일 11시,금요일,경기도 의정부시 가능동,중상사고,0,1,0,0,차대사람 - 차도통행중,보행자보호의무위반,포장 - 건조,맑음,교차로 - 교차로횡단보도내,이륜,남,19세,상해없음,보행자,남,81세,중상
19502,2019120600100283,2019년 12월 6일 12시,금요일,경기도 시흥시 정왕동,중상사고,0,1,0,0,차대사람 - 횡단중,안전운전불이행,포장 - 건조,맑음,단일로 - 기타,화물,남,41세,상해없음,보행자,여,85세,중상
19503,2019120600100284,2019년 12월 6일 12시,금요일,경기도 시흥시 정왕동,경상사고,0,0,1,0,차대사람 - 횡단중,안전운전불이행,포장 - 건조,맑음,교차로 - 교차로부근,화물,남,59세,상해없음,보행자,여,80세,경상
19504,2019120600100319,2019년 12월 6일 13시,금요일,경기도 부천시 상동,중상사고,0,1,0,0,차대사람 - 기타,보행자보호의무위반,포장 - 건조,맑음,교차로 - 교차로횡단보도내,승용,여,45세,상해없음,보행자,여,61세,중상
19505,2019120600100322,2019년 12월 6일 13시,금요일,경기도 용인시 수지구 성복동,부상신고사고,0,0,0,1,차대사람 - 기타,안전운전불이행,포장 - 건조,맑음,단일로 - 기타,승합,남,58세,상해없음,보행자,여,62세,부상신고
19506,2019120600100346,2019년 12월 6일 13시,금요일,경기도 의정부시 가능동,부상신고사고,0,0,0,1,차대사람 - 횡단중,안전운전불이행,포장 - 건조,맑음,교차로 - 교차로부근,승용,여,60세,상해없음,보행자,남,62세,부상신고
19507,2019120600100391,2019년 12월 6일 15시,금요일,경기도 안산시 단원구 고잔동,경상사고,0,0,1,0,차대사람 - 횡단중,보행자보호의무위반,포장 - 건조,맑음,교차로 - 교차로부근,승합,남,47세,상해없음,보행자,여,71세,경상
19508,2019120600100419,2019년 12월 6일 15시,금요일,경기도 남양주시 호평동,경상사고,0,0,1,0,차대사람 - 기타,안전운전불이행,포장 - 건조,맑음,단일로 - 기타,승용,여,45세,상해없음,보행자,남,52세,경상
19509,2019120600100425,2019년 12월 6일 16시,금요일,경기도 안산시 단원구 고잔동,중상사고,0,1,0,0,차대사람 - 보도통행중,안전운전불이행,포장 - 건조,맑음,단일로 - 기타,기타불명,기타불명,미분류,기타불명,보행자,여,10세,중상
19510,2019120600100426,2019년 12월 6일 16시,금요일,경기도 의왕시 청계동,부상신고사고,0,0,0,1,차대사람 - 기타,안전운전불이행,포장 - 건조,맑음,단일로 - 기타,화물,남,46세,상해없음,보행자,남,5세,부상신고
19511,2019120600100496,2019년 12월 6일 17시,금요일,경기도 남양주시 금곡동,중상사고,0,1,0,0,차대사람 - 횡단중,안전운전불이행,포장 - 건조,맑음,교차로 - 교차로횡단보도내,화물,남,58세,상해없음,보행자,남,74세,중상
19512,2019120600100517,2019년 12월 6일 18시,금요일,경기도 광주시 중대동,경상사고,0,0,1,0,차대사람 - 기타,안전운전불이행,포장 - 건조,맑음,교차로 - 교차로부근,승용,남,70세,상해없음,보행자,여,66세,경상
19513,2019120600100519,2019년 12월 6일 18시,금요일,경기도 부천시 도당동,경상사고,0,0,1,0,차대사람 - 기타,신호위반,포장 - 건조,맑음,단일로 - 기타,이륜,여,34세,상해없음,보행자,남,26세,경상
19514,2019120600100523,2019년 12월 6일 18시,금요일,경기도 성남시 중원구 금광동,경상사고,0,0,1,0,차대사람 - 길가장자리구역통행중,안전운전불이행,포장 - 건조,맑음,단일로 - 기타,기타불명,기타불명,미분류,기타불명,보행자,여,30세,경상
19515,2019120600100526,2019년 12월 6일 18시,금요일,경기도 안산시 상록구 본오동,중상사고,0,1,0,0,차대사람 - 횡단중,안전운전불이행,포장 - 건조,맑음,단일로 - 기타,승용,여,37세,상해없음,보행자,여,22세,중상
19516,2019120600100578,2019년 12월 6일 18시,금요일,경기도 가평군 북면,중상사고,0,1,0,0,차대사람 - 횡단중,안전운전불이행,포장 - 건조,흐림,단일로 - 기타,승용,남,49세,상해없음,보행자,남,68세,중상
19517,2019120600100594,2019년 12월 6일 19시,금요일,경기도 수원시 권선구 호매실동,부상신고사고,0,0,0,1,차대사람 - 기타,안전운전불이행,포장 - 건조,맑음,단일로 - 기타,승합,남,57세,상해없음,보행자,남,26세,부상신고
19518,2019120600100596,2019년 12월 6일 19시,금요일,경기도 안양시 만안구 안양동,중상사고,0,1,0,0,차대사람 - 기타,안전운전불이행,포장 - 건조,맑음,교차로 - 교차로안,승용,남,47세,상해없음,보행자,남,23세,중상
19519,2019120600100630,2019년 12월 6일 19시,금요일,경기도 포천시 신북면,경상사고,0,0,1,0,차대사람 - 횡단중,안전운전불이행,포장 - 건조,맑음,교차로 - 교차로부근,승용,여,58세,상해없음,보행자,남,32세,경상
19520,2019120600100666,2019년 12월 6일 20시,금요일,경기도 파주시 금촌동,경상사고,0,0,1,0,차대사람 - 길가장자리구역통행중,보행자보호의무위반,포장 - 건조,맑음,교차로 - 교차로횡단보도내,승용,여,48세,상해없음,보행자,남,41세,경상
19521,2019120600100677,2019년 12월 6일 21시,금요일,경기도 수원시 장안구 천천동,중상사고,0,1,0,0,차대사람 - 기타,안전운전불이행,포장 - 건조,맑음,교차로 - 교차로부근,승용,남,25세,상해없음,보행자,남,21세,중상
19522,2019120600100706,2019년 12월 6일 21시,금요일,경기도 동두천시 생연동,중상사고,0,1,0,0,차대사람 - 횡단중,보행자보호의무위반,포장 - 건조,맑음,교차로 - 교차로횡단보도내,승용,여,58세,상해없음,보행자,여,58세,중상
19523,2019120600100739,2019년 12월 6일 23시,금요일,경기도 안산시 단원구 신길동,경상사고,0,0,1,0,차대사람 - 기타,안전운전불이행,포장 - 젖음/습기,비,교차로 - 교차로안,승용,남,35세,상해없음,보행자,남,53세,경상
19524,2019120700100046,2019년 12월 7일 00시,토요일,경기도 구리시 사노동,경상사고,0,0,1,0,차대사람 - 횡단중,과속,포장 - 건조,맑음,단일로 - 기타,승용,남,58세,상해없음,보행자,남,18세,경상
19525,2019120700100108,2019년 12월 7일 06시,토요일,경기도 부천시 중동,경상사고,0,0,1,0,차대사람 - 기타,안전운전불이행,포장 - 건조,맑음,단일로 - 기타,승용,남,61세,상해없음,보행자,여,23세,경상
19526,2019120700100109,2019년 12월 7일 06시,토요일,경기도 광명시 광명동,경상사고,0,0,1,0,차대사람 - 기타,안전운전불이행,포장 - 건조,맑음,단일로 - 기타,승용,남,71세,상해없음,보행자,남,27세,경상
19527,2019120700100122,2019년 12월 7일 06시,토요일,경기도 파주시 다율동,중상사고,0,1,0,0,차대사람 - 길가장자리구역통행중,안전운전불이행,포장 - 건조,흐림,교차로 - 교차로안,승용,남,58세,상해없음,보행자,남,58세,중상
19528,2019120700100155,2019년 12월 7일 09시,토요일,경기도 안산시 상록구 본오동,경상사고,0,0,1,0,차대사람 - 횡단중,안전운전불이행,포장 - 건조,맑음,단일로 - 기타,승용,여,54세,상해없음,보행자,남,51세,경상
19529,2019120700100170,2019년 12월 7일 09시,토요일,경기도 양주시 덕계동,경상사고,0,0,1,0,차대사람 - 기타,안전운전불이행,포장 - 적설,눈,단일로 - 기타,승용,여,46세,상해없음,보행자,여,58세,경상
19530,2019120700100182,2019년 12월 7일 10시,토요일,경기도 부천시 내동,경상사고,0,0,1,0,차대사람 - 차도통행중,안전운전불이행,포장 - 건조,맑음,교차로 - 교차로부근,승용,남,60세,상해없음,보행자,여,76세,경상
19531,2019120700100198,2019년 12월 7일 10시,토요일,경기도 파주시 문산읍,중상사고,0,1,0,0,차대사람 - 길가장자리구역통행중,안전운전불이행,포장 - 적설,눈,단일로 - 기타,승용,남,28세,상해없음,보행자,여,64세,중상
19532,2019120700100208,2019년 12월 7일 11시,토요일,경기도 부천시 소사본동,경상사고,0,0,1,0,차대사람 - 횡단중,안전운전불이행,포장 - 건조,맑음,단일로 - 기타,승용,남,43세,상해없음,보행자,여,61세,경상
19533,2019120700100211,2019년 12월 7일 11시,토요일,경기도 시흥시 거모동,중상사고,0,1,0,0,차대사람 - 기타,안전운전불이행,포장 - 건조,맑음,단일로 - 기타,승용,여,63세,상해없음,보행자,남,73세,중상
19534,2019120700100252,2019년 12월 7일 12시,토요일,경기도 성남시 분당구 서현동,경상사고,0,0,1,0,차대사람 - 기타,보행자보호의무위반,포장 - 건조,맑음,교차로 - 교차로안,승용,남,66세,상해없음,보행자,남,77세,경상
19535,2019120700100332,2019년 12월 7일 14시,토요일,경기도 화성시 향남읍,경상사고,0,0,1,0,차대사람 - 횡단중,보행자보호의무위반,포장 - 건조,맑음,교차로 - 교차로횡단보도내,승용,여,64세,상해없음,보행자,여,12세,경상
19536,2019120700100355,2019년 12월 7일 14시,토요일,경기도 의정부시 민락동,경상사고,0,0,1,0,차대사람 - 횡단중,보행자보호의무위반,포장 - 건조,맑음,교차로 - 교차로횡단보도내,화물,남,53세,상해없음,보행자,여,30세,경상
19537,2019120700100365,2019년 12월 7일 15시,토요일,경기도 성남시 수정구 태평동,경상사고,0,0,1,0,차대사람 - 횡단중,안전운전불이행,포장 - 건조,맑음,단일로 - 기타,승용,남,56세,상해없음,보행자,여,70세,경상
19538,2019120700100401,2019년 12월 7일 16시,토요일,경기도 수원시 권선구 권선동,부상신고사고,0,0,0,1,차대사람 - 기타,안전운전불이행,포장 - 건조,맑음,교차로 - 교차로안,승용,남,47세,상해없음,보행자,남,10세,부상신고
19539,2019120700100431,2019년 12월 7일 17시,토요일,경기도 수원시 영통구 매탄동,중상사고,0,1,1,0,차대사람 - 횡단중,신호위반,포장 - 건조,맑음,교차로 - 교차로안,이륜,남,25세,상해없음,보행자,여,41세,중상
19540,2019120700100476,2019년 12월 7일 18시,토요일,경기도 평택시 지제동,경상사고,0,0,1,0,차대사람 - 횡단중,안전운전불이행,포장 - 건조,맑음,교차로 - 교차로부근,승용,남,49세,상해없음,보행자,남,49세,경상
19541,2019120700100477,2019년 12월 7일 18시,토요일,경기도 안양시 동안구 관양동,중상사고,0,1,0,0,차대사람 - 기타,안전운전불이행,포장 - 건조,맑음,교차로 - 교차로안,승용,남,36세,상해없음,보행자,남,51세,중상
19542,2019120700100478,2019년 12월 7일 18시,토요일,경기도 부천시 상동,경상사고,0,0,1,0,차대사람 - 차도통행중,안전운전불이행,포장 - 건조,맑음,단일로 - 기타,승용,남,45세,상해없음,보행자,남,62세,경상
19543,2019120700100480,2019년 12월 7일 18시,토요일,경기도 성남시 중원구 성남동,중상사고,0,1,0,0,차대사람 - 기타,안전운전불이행,포장 - 건조,맑음,기타 - 기타,화물,남,43세,상해없음,보행자,여,84세,중상
19544,2019120700100514,2019년 12월 7일 18시,토요일,경기도 의정부시 민락동,경상사고,0,0,1,0,차대사람 - 횡단중,안전운전불이행,포장 - 건조,맑음,교차로 - 교차로횡단보도내,승용,남,54세,상해없음,보행자,남,48세,경상
19545,2019120700100572,2019년 12월 7일 20시,토요일,경기도 평택시 안중읍,경상사고,0,0,1,0,차대사람 - 횡단중,신호위반,포장 - 건조,맑음,단일로 - 기타,승용,남,61세,상해없음,보행자,남,67세,경상
19546,2019120700100573,2019년 12월 7일 20시,토요일,경기도 부천시 송내동,중상사고,0,1,0,0,차대사람 - 기타,기타,포장 - 건조,맑음,단일로 - 기타,승용,남,54세,상해없음,보행자,남,65세,중상
19547,2019120700100580,2019년 12월 7일 20시,토요일,경기도 하남시 창우동,경상사고,0,0,1,0,차대사람 - 기타,안전운전불이행,포장 - 건조,맑음,교차로 - 교차로부근,승용,남,24세,상해없음,보행자,남,54세,경상
19548,2019120700100606,2019년 12월 7일 21시,토요일,경기도 평택시 비전동,중상사고,0,1,0,0,차대사람 - 차도통행중,안전운전불이행,포장 - 건조,맑음,교차로 - 교차로안,승합,남,54세,상해없음,보행자,남,52세,중상
19549,2019120700100608,2019년 12월 7일 21시,토요일,경기도 평택시 서정동,경상사고,0,0,1,0,차대사람 - 기타,안전운전불이행,포장 - 건조,맑음,단일로 - 기타,승용,여,58세,상해없음,보행자,여,31세,경상
19550,2019120700100613,2019년 12월 7일 21시,토요일,경기도 성남시 분당구 서현동,경상사고,0,0,1,0,차대사람 - 기타,안전운전불이행,포장 - 건조,맑음,기타 - 기타,승용,여,63세,상해없음,보행자,남,56세,경상
19551,2019120800100063,2019년 12월 8일 01시,일요일,경기도 부천시 심곡동,경상사고,0,0,1,0,차대사람 - 횡단중,기타,포장 - 건조,맑음,단일로 - 기타,승용,남,20세,상해없음,보행자,남,25세,경상
19552,2019120800100078,2019년 12월 8일 01시,일요일,경기도 고양시 일산동구 마두동,경상사고,0,0,1,0,차대사람 - 횡단중,안전운전불이행,포장 - 건조,맑음,단일로 - 기타,승용,여,40세,상해없음,보행자,여,27세,경상
19553,2019120800100094,2019년 12월 8일 03시,일요일,경기도 부천시 심곡동,부상신고사고,0,0,0,1,차대사람 - 차도통행중,안전운전불이행,포장 - 건조,맑음,단일로 - 기타,승용,남,52세,상해없음,보행자,남,24세,부상신고
19554,2019120800100102,2019년 12월 8일 03시,일요일,경기도 의정부시 호원동,중상사고,0,1,0,0,차대사람 - 횡단중,안전운전불이행,포장 - 건조,맑음,교차로 - 교차로횡단보도내,승용,남,46세,상해없음,보행자,남,40세,중상
19555,2019120800100143,2019년 12월 8일 08시,일요일,경기도 성남시 분당구 서현동,경상사고,0,0,1,0,차대사람 - 기타,신호위반,포장 - 건조,맑음,기타 - 기타,승용,여,26세,기타불명,보행자,여,51세,경상
19556,2019120800100176,2019년 12월 8일 09시,일요일,경기도 의정부시 의정부동,중상사고,0,1,0,0,차대사람 - 기타,보행자보호의무위반,포장 - 건조,맑음,단일로 - 기타,승용,남,28세,상해없음,보행자,남,65세,중상
19557,2019120800100178,2019년 12월 8일 09시,일요일,경기도 구리시 인창동,경상사고,0,0,1,0,차대사람 - 횡단중,안전운전불이행,포장 - 건조,맑음,교차로 - 교차로안,승용,남,61세,상해없음,보행자,여,53세,경상
19558,2019120800100208,2019년 12월 8일 11시,일요일,경기도 광주시 곤지암읍,중상사고,0,1,0,0,차대사람 - 횡단중,보행자보호의무위반,포장 - 건조,맑음,교차로 - 교차로안,승용,남,49세,상해없음,보행자,여,84세,중상
19559,2019120800100368,2019년 12월 8일 17시,일요일,경기도 성남시 중원구 금광동,부상신고사고,0,0,0,1,차대사람 - 길가장자리구역통행중,안전운전불이행,포장 - 건조,맑음,단일로 - 기타,승용,여,52세,상해없음,보행자,남,51세,부상신고
19560,2019120800100387,2019년 12월 8일 17시,일요일,경기도 고양시 일산서구 일산동,경상사고,0,0,1,0,차대사람 - 차도통행중,안전운전불이행,포장 - 건조,맑음,단일로 - 기타,승용,남,56세,상해없음,보행자,여,50세,경상
19561,2019120800100394,2019년 12월 8일 18시,일요일,경기도 수원시 팔달구 중동,경상사고,0,0,1,0,차대사람 - 기타,안전운전불이행,포장 - 건조,맑음,단일로 - 기타,승용,남,27세,상해없음,보행자,남,59세,경상
19562,2019120800100395,2019년 12월 8일 18시,일요일,경기도 성남시 수정구 수진동,경상사고,0,0,2,0,차대사람 - 기타,안전운전불이행,포장 - 건조,맑음,단일로 - 기타,이륜,남,25세,상해없음,보행자,여,57세,경상
19563,2019120800100397,2019년 12월 8일 18시,일요일,경기도 오산시 세교동,경상사고,0,0,1,0,차대사람 - 횡단중,보행자보호의무위반,포장 - 건조,맑음,교차로 - 교차로안,승용,여,49세,상해없음,보행자,여,12세,경상
19564,2019120800100430,2019년 12월 8일 19시,일요일,경기도 양평군 용문면,경상사고,0,0,1,0,차대사람 - 보도통행중,보행자보호의무위반,포장 - 건조,맑음,교차로 - 교차로횡단보도내,승용,여,46세,상해없음,보행자,남,58세,경상
19565,2019120800100450,2019년 12월 8일 20시,일요일,경기도 용인시 기흥구 신갈동,경상사고,0,0,1,0,차대사람 - 기타,안전운전불이행,포장 - 건조,맑음,주차장 - 주차장,승용,여,42세,상해없음,보행자,남,55세,경상
19566,2019120800100473,2019년 12월 8일 21시,일요일,경기도 부천시 괴안동,경상사고,0,0,1,0,차대사람 - 기타,교차로운행방법위반,포장 - 건조,맑음,교차로 - 교차로안,승용,여,36세,상해없음,보행자,남,74세,경상
19567,2019120800100476,2019년 12월 8일 21시,일요일,경기도 안산시 단원구 고잔동,경상사고,0,0,1,0,차대사람 - 차도통행중,안전운전불이행,포장 - 건조,맑음,기타 - 기타,승용,남,62세,상해없음,보행자,여,18세,경상