,사고번호,사고일시,요일,시군구,사고내용,사망자수,중상자수,경상자수,부상신고자수,사고유형,법규위반,노면상태,기상상태,도로형태,가해운전자 차종,가해운전자 성별,가해운전자 연령,가해운전자 상해정도,피해운전자 차종,피해운전자 성별,피해운전자 연령,피해운전자 상해정도
19568,2019120800100477,2019년 12월 8일 21시,일요일,경기도 안산시 상록구 일동,경상사고,0,0,1,0,차대사람 - 기타,안전운전불이행,포장 - 건조,맑음,단일로 - 기타,승용,여,42세,상해없음,보행자,여,15세,경상
19569,2019120800100507,2019년 12월 8일 22시,일요일,경기도 시흥시 대야동,부상신고사고,0,0,0,1,차대사람 - 횡단중,신호위반,포장 - 젖음/습기,흐림,교차로 - 교차로안,이륜,남,18세,상해없음,보행자,남,58세,부상신고
19570,2019120900100049,2019년 12월 9일 02시,월요일,경기도 성남시 수정구 수진동,중상사고,0,1,0,0,차대사람 - 기타,안전운전불이행,포장 - 건조,맑음,단일로 - 기타,화물,남,58세,상해없음,보행자,남,59세,중상
19571,2019120900100063,2019년 12월 9일 05시,월요일,경기도 광명시 광명동,경상사고,0,0,1,0,차대사람 - 횡단중,안전운전불이행,포장 - 건조,흐림,교차로 - 교차로횡단보도내,승용,남,59세,상해없음,보행자,남,31세,경상
19572,2019120900100101,2019년 12월 9일 06시,월요일,경기도 고양시 일산서구 일산동,경상사고,0,0,1,0,차대사람 - 길가장자리구역통행중,신호위반,포장 - 건조,맑음,교차로 - 교차로안,화물,남,31세,상해없음,보행자,남,44세,경상
19573,2019120900100144,2019년 12월 9일 08시,월요일,경기도 부천시 소사본동,경상사고,0,0,1,0,차대사람 - 횡단중,안전운전불이행,포장 - 건조,맑음,단일로 - 기타,승용,남,61세,상해없음,보행자,남,7세,경상
19574,2019120900100146,2019년 12월 9일 08시,월요일,경기도 안산시 상록구 부곡동,경상사고,0,0,1,0,차대사람 - 횡단중,안전운전불이행,포장 - 건조,맑음,단일로 - 기타,화물,남,60세,상해없음,보행자,여,29세,경상
19575,2019120900100180,2019년 12월 9일 09시,월요일,경기도 안양시 동안구 관양동,경상사고,0,0,1,0,차대사람 - 길가장자리구역통행중,안전운전불이행,포장 - 건조,맑음,단일로 - 기타,화물,남,55세,상해없음,보행자,여,51세,경상
19576,2019120900100202,2019년 12월 9일 09시,월요일,경기도 의정부시 민락동,중상사고,0,1,0,0,차대사람 - 횡단중,보행자보호의무위반,포장 - 건조,맑음,교차로 - 교차로횡단보도내,승용,여,47세,상해없음,보행자,남,41세,중상
19577,2019120900100204,2019년 12월 9일 09시,월요일,경기도 파주시 탄현면,중상사고,0,1,0,0,차대사람 - 횡단중,신호위반,포장 - 건조,맑음,교차로 - 교차로횡단보도내,화물,남,44세,상해없음,보행자,여,24세,중상
19578,2019120900100235,2019년 12월 9일 11시,월요일,경기도 안성시 미양면,중상사고,0,1,0,0,차대사람 - 기타,안전운전불이행,포장 - 건조,맑음,단일로 - 기타,건설기계,남,53세,상해없음,보행자,여,90세 이상,중상
19579,2019120900100269,2019년 12월 9일 11시,월요일,경기도 고양시 덕양구 관산동,경상사고,0,0,1,0,차대사람 - 기타,안전운전불이행,포장 - 건조,맑음,단일로 - 기타,승합,남,56세,상해없음,보행자,여,70세,경상
19580,2019120900100270,2019년 12월 9일 11시,월요일,경기도 남양주시 오남읍,중상사고,0,1,0,0,차대사람 - 횡단중,안전운전불이행,포장 - 건조,흐림,단일로 - 기타,승합,남,59세,상해없음,보행자,여,80세,중상
19581,2019120900100280,2019년 12월 9일 12시,월요일,경기도 화성시 진안동,경상사고,0,0,1,0,차대사람 - 보도통행중,안전운전불이행,포장 - 건조,맑음,교차로 - 교차로부근,승합,남,70세,상해없음,보행자,여,84세,경상
19582,2019120900100298,2019년 12월 9일 12시,월요일,경기도 파주시 문산읍,경상사고,0,0,1,0,차대사람 - 기타,보행자보호의무위반,포장 - 건조,맑음,단일로 - 기타,화물,남,58세,상해없음,보행자,여,42세,경상
19583,2019120900100337,2019년 12월 9일 14시,월요일,경기도 성남시 수정구 태평동,중상사고,0,1,0,0,차대사람 - 차도통행중,안전운전불이행,포장 - 건조,맑음,교차로 - 교차로부근,이륜,남,27세,상해없음,보행자,여,46세,중상
19584,2019120900100340,2019년 12월 9일 14시,월요일,경기도 부천시 역곡동,경상사고,0,0,1,0,차대사람 - 길가장자리구역통행중,안전운전불이행,포장 - 건조,맑음,단일로 - 기타,승용,여,44세,상해없음,보행자,여,77세,경상
19585,2019120900100369,2019년 12월 9일 14시,월요일,경기도 남양주시 와부읍,경상사고,0,0,1,0,차대사람 - 횡단중,안전운전불이행,포장 - 건조,흐림,교차로 - 교차로안,승용,남,82세,상해없음,보행자,남,60세,경상
19586,2019120900100385,2019년 12월 9일 15시,월요일,경기도 성남시 중원구 금광동,경상사고,0,0,1,0,차대사람 - 기타,안전거리미확보,포장 - 건조,맑음,단일로 - 기타,승합,남,39세,기타불명,보행자,여,74세,경상
19587,2019120900100404,2019년 12월 9일 15시,월요일,경기도 남양주시 화도읍,경상사고,0,0,1,0,차대사람 - 횡단중,안전운전불이행,포장 - 건조,흐림,교차로 - 교차로부근,화물,남,52세,상해없음,보행자,여,46세,경상
19588,2019120900100450,2019년 12월 9일 17시,월요일,경기도 광주시 탄벌동,경상사고,0,0,1,0,차대사람 - 횡단중,보행자보호의무위반,포장 - 건조,맑음,교차로 - 교차로횡단보도내,화물,남,54세,상해없음,보행자,여,77세,경상
19589,2019120900100453,2019년 12월 9일 17시,월요일,경기도 성남시 중원구 성남동,중상사고,0,1,0,0,차대사람 - 차도통행중,안전운전불이행,포장 - 건조,맑음,단일로 - 기타,승용,남,58세,상해없음,보행자,여,75세,중상
19590,2019120900100457,2019년 12월 9일 17시,월요일,경기도 안양시 만안구 안양동,경상사고,0,0,1,0,차대사람 - 기타,보행자보호의무위반,포장 - 건조,맑음,단일로 - 기타,승합,남,60세,상해없음,보행자,남,47세,경상
19591,2019120900100487,2019년 12월 9일 17시,월요일,경기도 고양시 일산서구 대화동,중상사고,0,1,0,0,차대사람 - 기타,안전운전불이행,포장 - 건조,맑음,기타 - 기타,화물,남,55세,상해없음,보행자,여,73세,중상
19592,2019120900100495,2019년 12월 9일 18시,월요일,경기도 수원시 장안구 영화동,경상사고,0,0,1,0,차대사람 - 기타,안전운전불이행,포장 - 건조,맑음,단일로 - 기타,승합,남,58세,상해없음,보행자,남,50세,경상
19593,2019120900100496,2019년 12월 9일 18시,월요일,경기도 안성시 인지동,중상사고,0,1,0,0,차대사람 - 횡단중,안전운전불이행,포장 - 건조,맑음,교차로 - 교차로안,승용,남,50세,상해없음,보행자,여,60세,중상
19594,2019120900100542,2019년 12월 9일 19시,월요일,경기도 용인시 기흥구 신갈동,중상사고,0,1,0,0,차대사람 - 기타,안전운전불이행,포장 - 건조,맑음,단일로 - 기타,화물,남,54세,상해없음,보행자,남,74세,중상
19595,2019120900100567,2019년 12월 9일 19시,월요일,경기도 양주시 덕계동,경상사고,0,0,1,0,차대사람 - 횡단중,보행자보호의무위반,포장 - 젖음/습기,기타,교차로 - 교차로횡단보도내,승용,여,36세,상해없음,보행자,여,70세,경상
19596,2019120900100576,2019년 12월 9일 20시,월요일,경기도 용인시 처인구 역북동,경상사고,0,0,1,0,차대사람 - 기타,안전운전불이행,포장 - 건조,맑음,단일로 - 기타,승용,남,46세,상해없음,보행자,남,38세,경상
19597,2019120900100578,2019년 12월 9일 20시,월요일,경기도 양평군 양평읍,경상사고,0,0,1,0,차대사람 - 횡단중,보행자보호의무위반,포장 - 건조,흐림,단일로 - 기타,승용,남,45세,상해없음,보행자,남,13세,경상
19598,2019120900100603,2019년 12월 9일 21시,월요일,경기도 김포시 고촌읍,경상사고,0,0,1,0,차대사람 - 길가장자리구역통행중,안전운전불이행,포장 - 건조,맑음,교차로 - 교차로안,승용,남,38세,상해없음,보행자,여,84세,경상
19599,2019120900100605,2019년 12월 9일 21시,월요일,경기도 화성시 매송면,부상신고사고,0,0,0,1,차대사람 - 기타,안전운전불이행,포장 - 건조,맑음,단일로 - 기타,승용,남,44세,상해없음,보행자,남,55세,부상신고
19600,2019120900100626,2019년 12월 9일 21시,월요일,경기도 구리시 교문동,경상사고,0,0,1,0,차대사람 - 기타,안전운전불이행,포장 - 건조,맑음,단일로 - 기타,승합,남,51세,상해없음,보행자,남,46세,경상
19601,2019120900100632,2019년 12월 9일 22시,월요일,경기도 성남시 분당구 구미동,경상사고,0,0,1,0,차대사람 - 기타,보행자보호의무위반,포장 - 건조,흐림,교차로 - 교차로횡단보도내,승용,남,59세,상해없음,보행자,여,54세,경상
19602,2019120900100640,2019년 12월 9일 22시,월요일,경기도 파주시 월롱면,중상사고,0,1,0,0,차대사람 - 횡단중,안전운전불이행,포장 - 젖음/습기,비,교차로 - 교차로부근,승용,남,61세,상해없음,보행자,여,45세,중상
19603,2019120900100643,2019년 12월 9일 23시,월요일,경기도 안양시 동안구 관양동,경상사고,0,0,1,0,차대사람 - 기타,안전운전불이행,포장 - 건조,맑음,단일로 - 기타,승용,남,58세,상해없음,보행자,남,41세,경상
19604,2019121000100041,2019년 12월 10일 00시,화요일,경기도 동두천시 지행동,경상사고,0,0,1,0,차대사람 - 보도통행중,안전운전불이행,포장 - 젖음/습기,비,교차로 - 교차로횡단보도내,승용,여,61세,상해없음,보행자,여,26세,경상
19605,2019121000100090,2019년 12월 10일 06시,화요일,경기도 평택시 신대동,중상사고,0,1,0,0,차대사람 - 횡단중,보행자보호의무위반,포장 - 건조,맑음,단일로 - 기타,승용,남,29세,상해없음,보행자,여,78세,중상
19606,2019121000100091,2019년 12월 10일 06시,화요일,경기도 용인시 기흥구 농서동,중상사고,0,1,1,0,차대사람 - 기타,안전운전불이행,포장 - 건조,맑음,단일로 - 기타,승용,남,52세,상해없음,보행자,남,33세,중상
19607,2019121000100094,2019년 12월 10일 06시,화요일,경기도 성남시 분당구 야탑동,부상신고사고,0,0,0,1,차대사람 - 차도통행중,안전운전불이행,포장 - 젖음/습기,흐림,단일로 - 기타,승용,남,38세,상해없음,보행자,남,75세,부상신고
19608,2019121000100112,2019년 12월 10일 06시,화요일,경기도 고양시 덕양구 화정동,경상사고,0,0,1,0,차대사람 - 횡단중,안전운전불이행,포장 - 건조,맑음,단일로 - 기타,승용,남,50세,상해없음,보행자,여,78세,경상
19609,2019121000100124,2019년 12월 10일 07시,화요일,경기도 용인시 수지구 성복동,경상사고,0,0,1,0,차대사람 - 횡단중,안전운전불이행,포장 - 건조,맑음,단일로 - 기타,승용,여,40세,상해없음,보행자,여,58세,경상
19610,2019121000100161,2019년 12월 10일 08시,화요일,경기도 안산시 단원구 고잔동,경상사고,0,0,1,0,차대사람 - 차도통행중,보행자보호의무위반,포장 - 건조,맑음,단일로 - 기타,승용,여,31세,상해없음,보행자,여,60세,경상
19611,2019121000100186,2019년 12월 10일 08시,화요일,경기도 고양시 일산동구 백석동,경상사고,0,0,1,0,차대사람 - 횡단중,신호위반,포장 - 건조,맑음,교차로 - 교차로안,승용,남,48세,상해없음,보행자,남,62세,경상
19612,2019121000100217,2019년 12월 10일 09시,화요일,경기도 구리시 수택동,중상사고,0,1,0,0,차대사람 - 차도통행중,안전운전불이행,포장 - 건조,맑음,단일로 - 기타,이륜,남,27세,상해없음,보행자,남,54세,중상
19613,2019121000100218,2019년 12월 10일 09시,화요일,경기도 가평군 북면,경상사고,0,0,1,0,차대사람 - 기타,안전운전불이행,포장 - 건조,맑음,단일로 - 기타,승용,여,72세,상해없음,보행자,남,24세,경상
19614,2019121000100223,2019년 12월 10일 10시,화요일,경기도 평택시 신대동,경상사고,0,0,3,0,차대사람 - 기타,안전운전불이행,포장 - 건조,맑음,단일로 - 기타,승용,남,72세,경상,보행자,남,60세,경상
19615,2019121000100228,2019년 12월 10일 10시,화요일,경기도 수원시 팔달구 고등동,중상사고,0,1,0,0,차대사람 - 기타,안전운전불이행,포장 - 건조,흐림,교차로 - 교차로안,승합,남,30세,상해없음,보행자,여,87세,중상
19616,2019121000100342,2019년 12월 10일 14시,화요일,경기도 부천시 작동,경상사고,0,0,1,0,차대사람 - 기타,기타,포장 - 건조,맑음,단일로 - 기타,승합,남,58세,상해없음,보행자,여,57세,경상
19617,2019121000100376,2019년 12월 10일 15시,화요일,경기도 수원시 팔달구 인계동,경상사고,0,0,1,0,차대사람 - 횡단중,보행자보호의무위반,포장 - 건조,맑음,교차로 - 교차로횡단보도내,승용,여,55세,상해없음,보행자,여,23세,경상
19618,2019121000100404,2019년 12월 10일 16시,화요일,경기도 의왕시 오전동,중상사고,0,1,0,0,차대사람 - 횡단중,신호위반,포장 - 건조,맑음,교차로 - 교차로횡단보도내,승합,여,39세,상해없음,보행자,남,10세,중상
19619,2019121000100511,2019년 12월 10일 18시,화요일,경기도 이천시 부발읍,경상사고,0,0,1,1,차대사람 - 기타,안전운전불이행,포장 - 건조,맑음,단일로 - 기타,승용,여,49세,상해없음,보행자,남,24세,경상
19620,2019121000100552,2019년 12월 10일 18시,화요일,경기도 의정부시 용현동,경상사고,0,0,1,0,차대사람 - 기타,안전운전불이행,포장 - 건조,맑음,교차로 - 교차로안,승합,남,42세,상해없음,보행자,여,56세,경상
19621,2019121000100558,2019년 12월 10일 18시,화요일,경기도 파주시 목동동,경상사고,0,0,1,0,차대사람 - 횡단중,안전운전불이행,포장 - 건조,맑음,교차로 - 교차로부근,기타불명,기타불명,미분류,기타불명,보행자,여,15세,경상
19622,2019121000100568,2019년 12월 10일 19시,화요일,경기도 평택시 팽성읍,중상사고,0,1,0,0,차대사람 - 차도통행중,안전운전불이행,포장 - 건조,맑음,교차로 - 교차로안,승용,남,29세,상해없음,보행자,남,57세,중상
19623,2019121000100570,2019년 12월 10일 19시,화요일,경기도 안양시 동안구 평촌동,경상사고,0,0,1,0,차대사람 - 보도통행중,기타,포장 - 건조,맑음,기타 - 기타,이륜,남,32세,상해없음,보행자,남,9세,경상
19624,2019121000100572,2019년 12월 10일 19시,화요일,경기도 성남시 분당구 운중동,경상사고,0,0,1,0,차대사람 - 보도통행중,보행자보호의무위반,포장 - 젖음/습기,흐림,교차로 - 교차로횡단보도내,승용,남,52세,상해없음,보행자,남,50세,경상
19625,2019121000100575,2019년 12월 10일 19시,화요일,경기도 용인시 수지구 죽전동,중상사고,0,1,0,0,차대사람 - 횡단중,안전운전불이행,포장 - 건조,맑음,교차로 - 교차로안,승용,남,44세,상해없음,보행자,여,52세,중상
19626,2019121000100615,2019년 12월 10일 20시,화요일,경기도 성남시 분당구 구미동,경상사고,0,0,1,0,차대사람 - 보도통행중,기타,포장 - 건조,맑음,기타 - 기타,원동기,남,39세,상해없음,보행자,여,60세,경상
19627,2019121000100662,2019년 12월 10일 21시,화요일,경기도 남양주시 오남읍,경상사고,0,0,2,0,차대사람 - 횡단중,안전운전불이행,포장 - 건조,맑음,교차로 - 교차로부근,승용,여,55세,경상,보행자,여,18세,경상
19628,2019121000100668,2019년 12월 10일 22시,화요일,경기도 안양시 동안구 평촌동,경상사고,0,0,1,0,차대사람 - 횡단중,보행자보호의무위반,포장 - 건조,맑음,교차로 - 교차로횡단보도내,승용,남,49세,상해없음,보행자,남,17세,경상
19629,2019121000100683,2019년 12월 10일 22시,화요일,경기도 의정부시 신곡동,경상사고,0,0,1,0,차대사람 - 횡단중,보행자보호의무위반,포장 - 건조,맑음,교차로 - 교차로안,승용,남,26세,상해없음,보행자,여,55세,경상
19630,2019121000100684,2019년 12월 10일 22시,화요일,경기도 의정부시 호원동,중상사고,0,1,0,0,차대사람 - 횡단중,보행자보호의무위반,포장 - 건조,맑음,교차로 - 교차로횡단보도내,이륜,남,63세,상해없음,보행자,남,37세,중상
19631,2019121100100033,2019년 12월 11일 00시,수요일,경기도 성남시 수정구 신흥동,중상사고,0,1,1,0,차대사람 - 기타,안전운전불이행,포장 - 건조,흐림,단일로 - 기타,승용,여,28세,상해없음,보행자,남,65세,중상
19632,2019121100100034,2019년 12월 11일 00시,수요일,경기도 평택시 서정동,경상사고,0,0,1,0,차대사람 - 차도통행중,안전운전불이행,포장 - 건조,맑음,단일로 - 기타,승용,남,28세,상해없음,보행자,남,37세,경상
19633,2019121100100078,2019년 12월 11일 05시,수요일,경기도 안산시 상록구 일동,경상사고,0,0,1,0,차대사람 - 차도통행중,안전운전불이행,포장 - 건조,맑음,교차로 - 교차로안,화물,남,25세,상해없음,보행자,남,60세,경상
19634,2019121100100082,2019년 12월 11일 05시,수요일,경기도 의정부시 가능동,경상사고,0,0,1,0,차대사람 - 횡단중,보행자보호의무위반,포장 - 건조,맑음,단일로 - 기타,승용,남,62세,상해없음,보행자,남,44세,경상
19635,2019121100100088,2019년 12월 11일 06시,수요일,경기도 안산시 단원구 원곡동,경상사고,0,0,1,0,차대사람 - 차도통행중,안전운전불이행,포장 - 건조,맑음,단일로 - 기타,승용,남,54세,상해없음,보행자,여,41세,경상
19636,2019121100100089,2019년 12월 11일 06시,수요일,경기도 수원시 팔달구 우만동,중상사고,0,1,0,0,차대사람 - 기타,기타,포장 - 건조,흐림,단일로 - 기타,승합,남,52세,상해없음,보행자,남,75세,중상
19637,2019121100100102,2019년 12월 11일 06시,수요일,경기도 남양주시 진접읍,경상사고,0,0,1,0,차대사람 - 기타,안전운전불이행,포장 - 건조,맑음,교차로 - 교차로횡단보도내,승용,남,51세,상해없음,보행자,남,75세,경상
19638,2019121100100147,2019년 12월 11일 08시,수요일,경기도 안산시 상록구 본오동,경상사고,0,0,1,0,차대사람 - 차도통행중,안전운전불이행,포장 - 건조,맑음,단일로 - 기타,승용,남,51세,상해없음,보행자,여,37세,경상
19639,2019121100100234,2019년 12월 11일 11시,수요일,경기도 안산시 상록구 건건동,경상사고,0,0,1,0,차대사람 - 기타,안전운전불이행,포장 - 건조,맑음,주차장 - 주차장,화물,남,36세,상해없음,보행자,여,72세,경상
19640,2019121100100254,2019년 12월 11일 11시,수요일,경기도 의정부시 의정부동,경상사고,0,0,2,0,차대사람 - 길가장자리구역통행중,안전운전불이행,포장 - 건조,맑음,교차로 - 교차로부근,승용,남,64세,상해없음,보행자,남,40세,경상
19641,2019121100100267,2019년 12월 11일 12시,수요일,경기도 성남시 분당구 야탑동,경상사고,0,0,1,0,차대사람 - 차도통행중,안전운전불이행,포장 - 건조,맑음,단일로 - 기타,승용,남,27세,상해없음,보행자,여,18세,경상
19642,2019121100100269,2019년 12월 11일 12시,수요일,경기도 안양시 만안구 석수동,중상사고,0,1,0,0,차대사람 - 횡단중,안전운전불이행,포장 - 건조,맑음,교차로 - 교차로횡단보도내,건설기계,남,66세,상해없음,보행자,여,75세,중상
19643,2019121100100310,2019년 12월 11일 13시,수요일,경기도 남양주시 진접읍,중상사고,0,1,0,0,차대사람 - 횡단중,보행자보호의무위반,포장 - 건조,맑음,교차로 - 교차로횡단보도내,화물,남,68세,상해없음,보행자,여,65세,중상
19644,2019121100100316,2019년 12월 11일 14시,수요일,경기도 안산시 상록구 사동,중상사고,0,1,0,0,차대사람 - 기타,안전운전불이행,포장 - 건조,맑음,기타 - 기타,화물,남,56세,상해없음,보행자,남,60세,중상
19645,2019121100100346,2019년 12월 11일 15시,수요일,경기도 용인시 기흥구 구갈동,경상사고,0,0,1,0,차대사람 - 횡단중,안전운전불이행,포장 - 건조,맑음,단일로 - 기타,이륜,남,41세,상해없음,보행자,여,70세,경상
19646,2019121100100376,2019년 12월 11일 15시,수요일,경기도 파주시 금촌동,경상사고,0,0,1,0,차대사람 - 기타,기타,포장 - 건조,맑음,교차로 - 교차로부근,승용,남,70세,상해없음,보행자,남,54세,경상
19647,2019121100100386,2019년 12월 11일 16시,수요일,경기도 평택시 평택동,중상사고,0,1,2,1,차대사람 - 횡단중,보행자보호의무위반,포장 - 건조,맑음,단일로 - 기타,승합,남,51세,상해없음,보행자,남,59세,중상
19648,2019121100100390,2019년 12월 11일 16시,수요일,경기도 안산시 단원구 대부동동,중상사고,0,1,0,0,차대사람 - 기타,안전운전불이행,포장 - 건조,맑음,단일로 - 기타,승용,여,40세,상해없음,보행자,여,57세,중상
19649,2019121100100392,2019년 12월 11일 16시,수요일,경기도 안양시 만안구 안양동,사망사고,1,0,0,0,차대사람 - 기타,안전운전불이행,포장 - 건조,맑음,단일로 - 기타,승용,남,73세,상해없음,보행자,여,79세,사망
19650,2019121100100405,2019년 12월 11일 16시,수요일,경기도 의정부시 금오동,경상사고,0,0,1,0,차대사람 - 횡단중,안전운전불이행,포장 - 건조,맑음,교차로 - 교차로부근,승용,여,57세,상해없음,보행자,남,8세,경상
19651,2019121100100424,2019년 12월 11일 17시,수요일,경기도 용인시 기흥구 언남동,경상사고,0,0,1,0,차대사람 - 횡단중,안전운전불이행,포장 - 건조,맑음,단일로 - 기타,화물,남,23세,상해없음,보행자,남,49세,경상
19652,2019121100100460,2019년 12월 11일 17시,수요일,경기도 남양주시 금곡동,경상사고,0,0,1,0,차대사람 - 기타,안전운전불이행,포장 - 건조,맑음,교차로 - 교차로안,승용,여,58세,상해없음,보행자,여,42세,경상
19653,2019121100100473,2019년 12월 11일 18시,수요일,경기도 김포시 월곶면,경상사고,0,0,1,0,차대사람 - 횡단중,보행자보호의무위반,포장 - 건조,맑음,교차로 - 교차로횡단보도내,화물,남,47세,상해없음,보행자,여,67세,경상
19654,2019121100100530,2019년 12월 11일 19시,수요일,경기도 수원시 팔달구 지동,중상사고,0,1,0,0,차대사람 - 횡단중,안전운전불이행,포장 - 건조,맑음,교차로 - 교차로안,승용,남,56세,상해없음,보행자,여,60세,중상
19655,2019121100100565,2019년 12월 11일 20시,수요일,경기도 평택시 동삭동,경상사고,0,0,1,0,차대사람 - 횡단중,신호위반,포장 - 건조,맑음,교차로 - 교차로안,이륜,남,49세,상해없음,보행자,여,33세,경상
19656,2019121100100631,2019년 12월 11일 23시,수요일,경기도 안양시 동안구 평촌동,경상사고,0,0,1,0,차대사람 - 차도통행중,안전운전불이행,포장 - 건조,맑음,단일로 - 기타,승용,남,44세,상해없음,보행자,남,39세,경상
19657,2019121100100634,2019년 12월 11일 23시,수요일,경기도 하남시 망월동,경상사고,0,0,1,0,차대사람 - 횡단중,안전운전불이행,포장 - 건조,맑음,교차로 - 교차로횡단보도내,이륜,남,18세,상해없음,보행자,남,30세,경상
19658,2019121200100035,2019년 12월 12일 00시,목요일,경기도 오산시 오산동,중상사고,0,1,0,0,차대사람 - 기타,안전운전불이행,포장 - 건조,맑음,교차로 - 교차로부근,승용,남,62세,상해없음,보행자,남,54세,중상
19659,2019121200100079,2019년 12월 12일 05시,목요일,경기도 이천시 대월면,중상사고,0,1,0,0,차대사람 - 횡단중,안전운전불이행,포장 - 건조,맑음,교차로 - 교차로부근,승용,남,45세,상해없음,보행자,남,48세,중상
19660,2019121200100093,2019년 12월 12일 06시,목요일,경기도 안양시 동안구 호계동,중상사고,0,1,0,0,차대사람 - 횡단중,신호위반,포장 - 건조,맑음,교차로 - 교차로횡단보도내,승용,여,43세,상해없음,보행자,여,71세,중상
19661,2019121200100124,2019년 12월 12일 07시,목요일,경기도 수원시 영통구 원천동,경상사고,0,0,1,0,차대사람 - 기타,안전운전불이행,포장 - 건조,맑음,교차로 - 교차로안,승용,남,38세,상해없음,보행자,남,23세,경상
19662,2019121200100148,2019년 12월 12일 08시,목요일,경기도 성남시 수정구 양지동,경상사고,0,0,1,0,차대사람 - 기타,안전운전불이행,포장 - 건조,맑음,단일로 - 기타,승용,여,57세,상해없음,보행자,여,38세,경상
19663,2019121200100188,2019년 12월 12일 08시,목요일,경기도 파주시 탄현면,경상사고,0,0,1,0,차대사람 - 횡단중,신호위반,포장 - 건조,맑음,교차로 - 교차로안,기타불명,기타불명,미분류,기타불명,보행자,남,63세,경상
19664,2019121200100217,2019년 12월 12일 09시,목요일,경기도 남양주시 다산동,부상신고사고,0,0,0,1,차대사람 - 횡단중,안전운전불이행,포장 - 건조,맑음,기타 - 기타,승용,남,46세,상해없음,보행자,남,59세,부상신고
19665,2019121200100221,2019년 12월 12일 09시,목요일,경기도 고양시 일산서구 일산동,부상신고사고,0,0,0,1,차대사람 - 차도통행중,안전운전불이행,포장 - 건조,맑음,단일로 - 기타,기타불명,기타불명,미분류,기타불명,보행자,여,70세,부상신고
19666,2019121200100233,2019년 12월 12일 10시,목요일,경기도 하남시 망월동,중상사고,0,1,0,0,차대사람 - 횡단중,안전운전불이행,포장 - 건조,맑음,교차로 - 교차로안,승용,남,41세,상해없음,보행자,남,46세,중상
19667,2019121200100295,2019년 12월 12일 12시,목요일,경기도 부천시 소사본동,중상사고,0,1,0,0,차대사람 - 횡단중,신호위반,포장 - 기타,맑음,단일로 - 기타,승용,여,57세,상해없음,보행자,여,71세,중상
19668,2019121200100297,2019년 12월 12일 12시,목요일,경기도 시흥시 정왕동,경상사고,0,0,1,0,차대사람 - 횡단중,안전운전불이행,포장 - 건조,맑음,교차로 - 교차로부근,승용,여,41세,상해없음,보행자,여,51세,경상
19669,2019121200100313,2019년 12월 12일 12시,목요일,경기도 동두천시 생연동,경상사고,0,0,1,0,차대사람 - 기타,보행자보호의무위반,포장 - 건조,맑음,교차로 - 교차로부근,화물,남,23세,상해없음,보행자,남,58세,경상
19670,2019121200100353,2019년 12월 12일 14시,목요일,경기도 부천시 상동,경상사고,0,0,1,0,차대사람 - 보도통행중,신호위반,포장 - 건조,맑음,교차로 - 교차로횡단보도내,승용,남,58세,상해없음,보행자,남,17세,경상
19671,2019121200100384,2019년 12월 12일 15시,목요일,경기도 안성시 동본동,경상사고,0,0,1,0,차대사람 - 차도통행중,안전운전불이행,포장 - 건조,맑음,단일로 - 기타,승용,남,33세,기타불명,보행자,남,51세,경상
19672,2019121200100386,2019년 12월 12일 15시,목요일,경기도 안산시 단원구 대부북동,경상사고,0,0,1,0,차대사람 - 기타,안전운전불이행,포장 - 건조,맑음,기타 - 기타,화물,남,64세,상해없음,보행자,여,74세,경상
19673,2019121200100492,2019년 12월 12일 17시,목요일,경기도 의정부시 가능동,부상신고사고,0,0,0,1,차대사람 - 횡단중,보행자보호의무위반,포장 - 건조,맑음,단일로 - 기타,승용,남,38세,상해없음,보행자,남,4세,부상신고
19674,2019121200100511,2019년 12월 12일 18시,목요일,경기도 성남시 수정구 복정동,경상사고,0,0,1,0,차대사람 - 횡단중,안전운전불이행,포장 - 건조,맑음,교차로 - 교차로안,승용,남,70세,상해없음,보행자,여,30세,경상
19675,2019121200100524,2019년 12월 12일 18시,목요일,경기도 부천시 여월동,중상사고,0,1,0,0,차대사람 - 횡단중,보행자보호의무위반,포장 - 건조,맑음,교차로 - 교차로안,승용,남,47세,상해없음,보행자,여,49세,중상
19676,2019121200100582,2019년 12월 12일 18시,목요일,경기도 고양시 일산서구 대화동,경상사고,0,0,1,0,차대사람 - 횡단중,보행자보호의무위반,포장 - 건조,맑음,교차로 - 교차로횡단보도내,기타불명,기타불명,미분류,기타불명,보행자,남,34세,경상
19677,2019121200100595,2019년 12월 12일 19시,목요일,경기도 김포시 구래동,경상사고,0,0,1,0,차대사람 - 기타,신호위반,포장 - 건조,맑음,단일로 - 기타,승용,여,39세,상해없음,보행자,여,49세,경상
19678,2019121200100655,2019년 12월 12일 21시,목요일,경기도 광주시 초월읍,경상사고,0,0,1,0,차대사람 - 횡단중,보행자보호의무위반,포장 - 건조,맑음,교차로 - 교차로안,승용,남,37세,상해없음,보행자,여,39세,경상
19679,2019121200100678,2019년 12월 12일 22시,목요일,경기도 평택시 이충동,경상사고,0,0,1,0,차대사람 - 기타,안전운전불이행,포장 - 건조,맑음,단일로 - 기타,기타불명,기타불명,미분류,기타불명,보행자,남,16세,경상