,사고번호,사고일시,요일,시군구,사고내용,사망자수,중상자수,경상자수,부상신고자수,사고유형,법규위반,노면상태,기상상태,도로형태,가해운전자 차종,가해운전자 성별,가해운전자 연령,가해운전자 상해정도,피해운전자 차종,피해운전자 성별,피해운전자 연령,피해운전자 상해정도
19680,2019121200100692,2019년 12월 12일 22시,목요일,경기도 남양주시 화도읍,부상신고사고,0,0,0,1,차대사람 - 횡단중,안전운전불이행,포장 - 건조,맑음,교차로 - 교차로횡단보도내,승용,여,21세,상해없음,보행자,남,58세,부상신고
19681,2019121200100693,2019년 12월 12일 22시,목요일,경기도 파주시 야당동,중상사고,0,1,0,0,차대사람 - 기타,안전운전불이행,포장 - 건조,맑음,단일로 - 기타,승합,남,59세,상해없음,보행자,남,14세,중상
19682,2019121200100702,2019년 12월 12일 23시,목요일,경기도 부천시 송내동,경상사고,0,0,1,0,차대사람 - 기타,안전운전불이행,포장 - 기타,맑음,교차로 - 교차로부근,승합,남,56세,상해없음,보행자,남,58세,경상
19683,2019121200100703,2019년 12월 12일 23시,목요일,경기도 부천시 심곡동,중상사고,0,1,0,0,차대사람 - 횡단중,안전운전불이행,포장 - 건조,맑음,교차로 - 교차로안,승용,남,23세,상해없음,보행자,남,30세,중상
19684,2019121200100704,2019년 12월 12일 23시,목요일,경기도 화성시 반송동,경상사고,0,0,1,0,차대사람 - 횡단중,안전운전불이행,포장 - 건조,맑음,단일로 - 기타,승용,남,21세,상해없음,보행자,남,39세,경상
19685,2019121200100705,2019년 12월 12일 23시,목요일,경기도 화성시 반송동,경상사고,0,0,1,0,차대사람 - 보도통행중,기타,포장 - 건조,맑음,단일로 - 기타,기타불명,기타불명,미분류,기타불명,보행자,여,28세,경상
19686,2019121300100049,2019년 12월 13일 01시,금요일,경기도 수원시 영통구 매탄동,중상사고,0,1,0,0,차대사람 - 횡단중,신호위반,포장 - 건조,맑음,단일로 - 기타,화물,남,76세,상해없음,보행자,남,74세,중상
19687,2019121300100050,2019년 12월 13일 01시,금요일,경기도 수원시 팔달구 인계동,경상사고,0,0,1,0,차대사람 - 차도통행중,안전운전불이행,포장 - 건조,맑음,교차로 - 교차로부근,승용,여,31세,상해없음,보행자,남,43세,경상
19688,2019121300100062,2019년 12월 13일 02시,금요일,경기도 용인시 처인구 유방동,경상사고,0,0,1,0,차대사람 - 횡단중,보행자보호의무위반,포장 - 건조,맑음,교차로 - 교차로횡단보도내,승용,여,59세,상해없음,보행자,남,63세,경상
19689,2019121300100071,2019년 12월 13일 03시,금요일,경기도 부천시 고강동,경상사고,0,0,1,0,차대사람 - 횡단중,보행자보호의무위반,포장 - 건조,맑음,단일로 - 기타,승용,남,48세,상해없음,보행자,여,70세,경상
19690,2019121300100141,2019년 12월 13일 08시,금요일,경기도 부천시 역곡동,중상사고,0,1,0,0,차대사람 - 기타,안전운전불이행,포장 - 건조,흐림,교차로 - 교차로안,승용,남,67세,상해없음,보행자,여,67세,중상
19691,2019121300100187,2019년 12월 13일 09시,금요일,경기도 안양시 만안구 안양동,중상사고,0,1,0,0,차대사람 - 횡단중,신호위반,포장 - 건조,맑음,교차로 - 교차로안,승용,여,66세,상해없음,보행자,여,79세,중상
19692,2019121300100260,2019년 12월 13일 11시,금요일,경기도 고양시 일산서구 일산동,부상신고사고,0,0,0,1,차대사람 - 횡단중,보행자보호의무위반,포장 - 건조,맑음,교차로 - 교차로횡단보도내,승용,남,63세,상해없음,보행자,남,84세,부상신고
19693,2019121300100270,2019년 12월 13일 12시,금요일,경기도 광명시 광명동,경상사고,0,0,1,0,차대사람 - 횡단중,신호위반,포장 - 젖음/습기,흐림,교차로 - 교차로횡단보도내,화물,남,61세,기타불명,보행자,남,19세,경상
19694,2019121300100296,2019년 12월 13일 13시,금요일,경기도 수원시 장안구 율전동,중상사고,0,1,0,0,차대사람 - 차도통행중,안전운전불이행,포장 - 건조,맑음,교차로 - 교차로안,승용,여,29세,상해없음,보행자,여,69세,중상
19695,2019121300100301,2019년 12월 13일 13시,금요일,경기도 안산시 단원구 선부동,중상사고,0,1,0,0,차대사람 - 보도통행중,안전운전불이행,포장 - 건조,맑음,단일로 - 기타,개인형이동수단(PM),여,33세,상해없음,보행자,여,78세,중상
19696,2019121300100302,2019년 12월 13일 13시,금요일,경기도 군포시 부곡동,경상사고,0,0,1,0,차대사람 - 기타,기타,포장 - 건조,맑음,교차로 - 교차로안,화물,남,44세,상해없음,보행자,여,36세,경상
19697,2019121300100303,2019년 12월 13일 13시,금요일,경기도 안산시 상록구 사동,중상사고,0,1,0,0,차대사람 - 보도통행중,기타,포장 - 건조,맑음,기타 - 기타,기타불명,기타불명,미분류,기타불명,보행자,여,64세,중상
19698,2019121300100317,2019년 12월 13일 13시,금요일,경기도 남양주시 오남읍,경상사고,0,0,1,0,차대사람 - 보도통행중,기타,포장 - 건조,맑음,단일로 - 기타,승용,여,42세,상해없음,보행자,여,64세,경상
19699,2019121300100329,2019년 12월 13일 14시,금요일,경기도 평택시 세교동,중상사고,0,1,0,0,차대사람 - 횡단중,신호위반,포장 - 건조,맑음,교차로 - 교차로횡단보도내,승용,여,43세,상해없음,보행자,여,83세,중상
19700,2019121300100365,2019년 12월 13일 15시,금요일,경기도 여주시 창동,경상사고,0,0,1,0,차대사람 - 기타,안전운전불이행,포장 - 건조,맑음,단일로 - 기타,화물,남,19세,상해없음,보행자,여,70세,경상
19701,2019121300100370,2019년 12월 13일 15시,금요일,경기도 안산시 상록구 본오동,중상사고,0,1,0,0,차대사람 - 기타,기타,포장 - 건조,맑음,단일로 - 기타,승용,남,66세,상해없음,보행자,여,82세,중상
19702,2019121300100418,2019년 12월 13일 16시,금요일,경기도 김포시 사우동,중상사고,0,1,0,0,차대사람 - 횡단중,보행자보호의무위반,포장 - 건조,맑음,교차로 - 교차로횡단보도내,승용,남,57세,상해없음,보행자,여,49세,중상
19703,2019121300100471,2019년 12월 13일 17시,금요일,경기도 오산시 갈곶동,부상신고사고,0,0,0,1,차대사람 - 기타,안전운전불이행,포장 - 건조,맑음,주차장 - 주차장,승용,남,40세,상해없음,보행자,남,7세,부상신고
19704,2019121300100476,2019년 12월 13일 17시,금요일,경기도 안양시 만안구 안양동,경상사고,0,0,1,0,차대사람 - 보도통행중,기타,포장 - 건조,맑음,단일로 - 기타,원동기,남,21세,상해없음,보행자,남,59세,경상
19705,2019121300100539,2019년 12월 13일 18시,금요일,경기도 부천시 약대동,경상사고,0,0,1,0,차대사람 - 횡단중,보행자보호의무위반,포장 - 건조,맑음,교차로 - 교차로횡단보도내,승용,남,44세,상해없음,보행자,남,58세,경상
19706,2019121300100540,2019년 12월 13일 18시,금요일,경기도 부천시 역곡동,경상사고,0,0,1,0,차대사람 - 기타,안전운전불이행,포장 - 건조,맑음,교차로 - 교차로안,승용,남,51세,상해없음,보행자,여,21세,경상
19707,2019121300100542,2019년 12월 13일 18시,금요일,경기도 수원시 권선구 서둔동,경상사고,0,0,1,0,차대사람 - 횡단중,안전운전불이행,포장 - 건조,맑음,단일로 - 기타,기타불명,기타불명,미분류,기타불명,보행자,여,30세,경상
19708,2019121300100593,2019년 12월 13일 18시,금요일,경기도 남양주시 다산동,중상사고,0,1,0,0,차대사람 - 횡단중,안전운전불이행,포장 - 건조,맑음,단일로 - 기타,승용,여,41세,상해없음,보행자,여,48세,중상
19709,2019121300100607,2019년 12월 13일 19시,금요일,경기도 광주시 오포읍,중상사고,0,1,0,0,차대사람 - 기타,안전운전불이행,포장 - 건조,맑음,단일로 - 기타,기타불명,기타불명,미분류,기타불명,보행자,남,73세,중상
19710,2019121300100646,2019년 12월 13일 19시,금요일,경기도 남양주시 호평동,중상사고,0,1,1,0,차대사람 - 기타,기타,포장 - 건조,맑음,단일로 - 기타,승용,여,56세,경상,보행자,여,16세,중상
19711,2019121300100666,2019년 12월 13일 20시,금요일,경기도 안산시 상록구 팔곡이동,경상사고,0,0,1,0,차대사람 - 차도통행중,교차로운행방법위반,포장 - 건조,맑음,교차로 - 교차로안,승용,여,62세,상해없음,보행자,여,53세,경상
19712,2019121300100668,2019년 12월 13일 20시,금요일,경기도 화성시 영천동,중상사고,0,1,0,0,차대사람 - 횡단중,신호위반,포장 - 건조,맑음,교차로 - 교차로안,이륜,남,22세,상해없음,보행자,남,7세,중상
19713,2019121300100694,2019년 12월 13일 21시,금요일,경기도 수원시 장안구 율전동,중상사고,0,1,0,0,차대사람 - 기타,안전운전불이행,포장 - 건조,맑음,단일로 - 기타,승용,여,26세,상해없음,보행자,여,63세,중상
19714,2019121300100696,2019년 12월 13일 21시,금요일,경기도 김포시 구래동,중상사고,0,1,0,0,차대사람 - 횡단중,안전운전불이행,포장 - 건조,맑음,교차로 - 교차로안,승용,남,58세,상해없음,보행자,남,37세,중상
19715,2019121300100721,2019년 12월 13일 21시,금요일,경기도 동두천시 지행동,경상사고,0,0,1,0,차대사람 - 횡단중,안전운전불이행,포장 - 젖음/습기,맑음,단일로 - 기타,승용,여,56세,상해없음,보행자,남,26세,경상
19716,2019121300100727,2019년 12월 13일 22시,금요일,경기도 수원시 장안구 정자동,경상사고,0,0,1,0,차대사람 - 기타,안전운전불이행,포장 - 건조,맑음,단일로 - 기타,승용,남,45세,상해없음,보행자,남,47세,경상
19717,2019121300100728,2019년 12월 13일 22시,금요일,경기도 수원시 장안구 천천동,중상사고,0,1,0,0,차대사람 - 차도통행중,안전운전불이행,포장 - 건조,흐림,교차로 - 교차로안,승용,남,18세,상해없음,보행자,남,69세,중상
19718,2019121300100731,2019년 12월 13일 22시,금요일,경기도 광주시 역동,부상신고사고,0,0,0,1,차대사람 - 기타,안전운전불이행,포장 - 건조,맑음,단일로 - 기타,기타불명,기타불명,미분류,기타불명,보행자,남,48세,부상신고
19719,2019121300100733,2019년 12월 13일 22시,금요일,경기도 광명시 하안동,중상사고,0,1,0,0,차대사람 - 횡단중,안전운전불이행,포장 - 젖음/습기,비,교차로 - 교차로안,승용,남,77세,상해없음,보행자,남,53세,중상
19720,2019121300100778,2019년 12월 13일 23시,금요일,경기도 수원시 장안구 율전동,중상사고,0,1,0,0,차대사람 - 기타,안전운전불이행,포장 - 젖음/습기,비,교차로 - 교차로부근,승용,남,47세,상해없음,보행자,남,29세,중상
19721,2019121300100782,2019년 12월 13일 23시,금요일,경기도 부천시 심곡본동,중상사고,0,1,0,0,차대사람 - 횡단중,안전운전불이행,포장 - 젖음/습기,비,교차로 - 교차로안,승용,여,55세,상해없음,보행자,여,36세,중상
19722,2019121300100783,2019년 12월 13일 23시,금요일,경기도 안산시 단원구 고잔동,중상사고,0,1,0,0,차대사람 - 횡단중,안전운전불이행,포장 - 젖음/습기,비,교차로 - 교차로안,승용,남,20세,상해없음,보행자,남,59세,중상
19723,2019121300100785,2019년 12월 13일 23시,금요일,경기도 안산시 단원구 고잔동,경상사고,0,0,1,0,차대사람 - 기타,안전운전불이행,포장 - 건조,맑음,단일로 - 기타,기타불명,기타불명,미분류,기타불명,보행자,남,21세,경상
19724,2019121300100790,2019년 12월 13일 23시,금요일,경기도 안양시 만안구 안양동,중상사고,0,1,0,0,차대사람 - 기타,안전운전불이행,포장 - 젖음/습기,비,기타 - 기타,승용,남,69세,상해없음,보행자,남,64세,중상
19725,2019121400100031,2019년 12월 14일 00시,토요일,경기도 광명시 하안동,경상사고,0,0,1,0,차대사람 - 횡단중,안전운전불이행,포장 - 젖음/습기,비,교차로 - 교차로횡단보도내,승용,남,37세,상해없음,보행자,남,45세,경상
19726,2019121400100054,2019년 12월 14일 01시,토요일,경기도 성남시 분당구 이매동,중상사고,0,1,0,0,차대사람 - 차도통행중,안전운전불이행,포장 - 젖음/습기,흐림,교차로 - 교차로부근,승용,남,68세,상해없음,보행자,남,29세,중상
19727,2019121400100071,2019년 12월 14일 02시,토요일,경기도 안양시 동안구 호계동,경상사고,0,0,1,0,차대사람 - 차도통행중,안전운전불이행,포장 - 젖음/습기,맑음,교차로 - 교차로부근,승용,남,64세,상해없음,보행자,남,37세,경상
19728,2019121400100073,2019년 12월 14일 02시,토요일,경기도 시흥시 정왕동,중상사고,0,1,0,0,차대사람 - 횡단중,안전운전불이행,포장 - 건조,맑음,교차로 - 교차로안,승용,남,58세,상해없음,보행자,남,51세,중상
19729,2019121400100084,2019년 12월 14일 03시,토요일,경기도 용인시 기흥구 구갈동,경상사고,0,0,1,0,차대사람 - 기타,안전운전불이행,포장 - 건조,맑음,단일로 - 기타,승용,남,46세,상해없음,보행자,남,51세,경상
19730,2019121400100095,2019년 12월 14일 04시,토요일,경기도 부천시 원종동,중상사고,0,1,0,0,차대사람 - 횡단중,신호위반,포장 - 젖음/습기,흐림,교차로 - 교차로부근,승합,남,65세,상해없음,보행자,남,75세,중상
19731,2019121400100105,2019년 12월 14일 04시,토요일,경기도 의정부시 자일동,경상사고,0,0,1,0,차대사람 - 차도통행중,안전운전불이행,포장 - 건조,맑음,단일로 - 기타,화물,남,36세,상해없음,보행자,남,19세,경상
19732,2019121400100108,2019년 12월 14일 05시,토요일,경기도 수원시 권선구 권선동,경상사고,0,0,1,0,차대사람 - 기타,보행자보호의무위반,포장 - 건조,맑음,교차로 - 교차로횡단보도내,기타불명,기타불명,미분류,기타불명,보행자,여,68세,경상
19733,2019121400100160,2019년 12월 14일 06시,토요일,경기도 고양시 덕양구 성사동,경상사고,0,0,1,0,차대사람 - 보도통행중,보행자보호의무위반,포장 - 건조,맑음,교차로 - 교차로안,승합,남,65세,상해없음,보행자,여,57세,경상
19734,2019121400100191,2019년 12월 14일 07시,토요일,경기도 포천시 선단동,경상사고,0,0,1,0,차대사람 - 횡단중,불법유턴,포장 - 건조,맑음,주차장 - 주차장,승용,남,57세,상해없음,보행자,남,59세,경상
19735,2019121400100203,2019년 12월 14일 08시,토요일,경기도 이천시 호법면,경상사고,0,0,1,0,차대사람 - 길가장자리구역통행중,안전운전불이행,포장 - 건조,맑음,단일로 - 기타,승용,남,33세,기타불명,보행자,여,42세,경상
19736,2019121400100205,2019년 12월 14일 08시,토요일,경기도 시흥시 정왕동,중상사고,0,1,0,0,차대사람 - 기타,안전운전불이행,포장 - 건조,맑음,기타 - 기타,자전거,남,28세,상해없음,보행자,여,62세,중상
19737,2019121400100293,2019년 12월 14일 10시,토요일,경기도 구리시 수택동,중상사고,0,1,0,0,차대사람 - 보도통행중,안전운전불이행,포장 - 건조,맑음,단일로 - 기타,자전거,여,61세,상해없음,보행자,여,65세,중상
19738,2019121400100307,2019년 12월 14일 11시,토요일,경기도 부천시 중동,사망사고,1,0,0,0,차대사람 - 차도통행중,안전운전불이행,포장 - 건조,맑음,단일로 - 기타,이륜,남,36세,상해없음,보행자,남,64세,사망
19739,2019121400100309,2019년 12월 14일 11시,토요일,경기도 수원시 영통구 매탄동,중상사고,0,1,0,0,차대사람 - 횡단중,신호위반,포장 - 건조,맑음,교차로 - 교차로부근,승용,남,69세,상해없음,보행자,여,33세,중상
19740,2019121400100310,2019년 12월 14일 11시,토요일,경기도 수원시 영통구 원천동,경상사고,0,0,1,0,차대사람 - 차도통행중,안전운전불이행,포장 - 건조,맑음,단일로 - 기타,이륜,남,31세,상해없음,보행자,남,17세,경상
19741,2019121400100311,2019년 12월 14일 11시,토요일,경기도 용인시 수지구 풍덕천동,부상신고사고,0,0,0,1,차대사람 - 기타,안전운전불이행,포장 - 건조,맑음,단일로 - 기타,승합,남,60세,상해없음,보행자,여,31세,부상신고
19742,2019121400100345,2019년 12월 14일 12시,토요일,경기도 광주시 곤지암읍,경상사고,0,0,1,0,차대사람 - 횡단중,안전운전불이행,포장 - 건조,맑음,주차장 - 주차장,화물,여,52세,상해없음,보행자,여,53세,경상
19743,2019121400100421,2019년 12월 14일 14시,토요일,경기도 평택시 평택동,부상신고사고,0,0,0,1,차대사람 - 기타,안전운전불이행,포장 - 건조,맑음,단일로 - 기타,화물,남,74세,상해없음,보행자,여,31세,부상신고
19744,2019121400100508,2019년 12월 14일 16시,토요일,경기도 성남시 수정구 신흥동,중상사고,0,1,0,0,차대사람 - 횡단중,보행자보호의무위반,포장 - 건조,맑음,단일로 - 기타,승용,남,50세,상해없음,보행자,여,19세,중상
19745,2019121400100515,2019년 12월 14일 16시,토요일,경기도 화성시 남양읍,경상사고,0,0,1,0,차대사람 - 기타,기타,포장 - 기타,기타,기타 - 기타,승용,남,59세,기타불명,보행자,여,52세,경상
19746,2019121400100547,2019년 12월 14일 17시,토요일,경기도 수원시 장안구 정자동,중상사고,0,1,0,0,차대사람 - 기타,안전운전불이행,포장 - 건조,맑음,단일로 - 기타,이륜,남,17세,상해없음,보행자,여,65세,중상
19747,2019121400100592,2019년 12월 14일 17시,토요일,경기도 파주시 문산읍,중상사고,0,1,0,0,차대사람 - 횡단중,안전운전불이행,포장 - 건조,맑음,단일로 - 기타,승용,남,23세,상해없음,보행자,남,12세,중상
19748,2019121400100606,2019년 12월 14일 18시,토요일,경기도 수원시 장안구 정자동,부상신고사고,0,0,0,2,차대사람 - 기타,교차로운행방법위반,포장 - 건조,맑음,교차로 - 교차로부근,승합,남,53세,상해없음,보행자,남,37세,부상신고
19749,2019121400100615,2019년 12월 14일 18시,토요일,경기도 시흥시 능곡동,경상사고,0,0,1,0,차대사람 - 기타,안전운전불이행,포장 - 건조,맑음,단일로 - 기타,기타불명,기타불명,미분류,기타불명,보행자,여,54세,경상
19750,2019121400100618,2019년 12월 14일 18시,토요일,경기도 화성시 안녕동,경상사고,0,0,1,0,차대사람 - 횡단중,안전운전불이행,포장 - 건조,맑음,교차로 - 교차로안,승용,남,55세,상해없음,보행자,남,68세,경상
19751,2019121400100647,2019년 12월 14일 18시,토요일,경기도 의정부시 용현동,사망사고,1,0,0,0,차대사람 - 횡단중,안전운전불이행,포장 - 건조,맑음,단일로 - 기타,승합,남,59세,상해없음,보행자,남,36세,사망
19752,2019121400100651,2019년 12월 14일 18시,토요일,경기도 포천시 소흘읍,경상사고,0,0,1,1,차대사람 - 횡단중,신호위반,포장 - 건조,맑음,단일로 - 기타,이륜,남,25세,경상,보행자,남,59세,부상신고
19753,2019121400100667,2019년 12월 14일 19시,토요일,경기도 부천시 심곡본동,사망사고,1,0,0,0,차대사람 - 기타,안전운전불이행,포장 - 건조,맑음,단일로 - 기타,승용,남,31세,상해없음,보행자,남,55세,사망
19754,2019121400100696,2019년 12월 14일 19시,토요일,경기도 의정부시 호원동,경상사고,0,0,1,0,차대사람 - 횡단중,안전운전불이행,포장 - 건조,맑음,단일로 - 기타,승용,남,72세,상해없음,보행자,남,57세,경상
19755,2019121400100767,2019년 12월 14일 22시,토요일,경기도 오산시 갈곶동,경상사고,0,0,1,0,차대사람 - 기타,안전운전불이행,포장 - 건조,맑음,교차로 - 교차로안,승용,남,45세,상해없음,보행자,남,50세,경상
19756,2019121400100768,2019년 12월 14일 22시,토요일,경기도 부천시 삼정동,경상사고,0,0,1,0,차대사람 - 기타,안전운전불이행,포장 - 건조,맑음,단일로 - 기타,자전거,남,42세,기타불명,보행자,여,52세,경상
19757,2019121400100799,2019년 12월 14일 23시,토요일,경기도 수원시 권선구 권선동,경상사고,0,0,1,0,차대사람 - 기타,기타,포장 - 건조,맑음,단일로 - 기타,승합,여,66세,상해없음,보행자,남,54세,경상
19758,2019121500100023,2019년 12월 15일 00시,일요일,경기도 성남시 중원구 성남동,부상신고사고,0,0,0,1,차대사람 - 기타,안전운전불이행,포장 - 건조,맑음,단일로 - 기타,승용,남,23세,기타불명,보행자,남,21세,부상신고
19759,2019121500100042,2019년 12월 15일 01시,일요일,경기도 평택시 서정동,경상사고,0,0,1,0,차대사람 - 차도통행중,안전운전불이행,포장 - 건조,맑음,단일로 - 기타,승용,남,51세,상해없음,보행자,남,40세,경상
19760,2019121500100043,2019년 12월 15일 01시,일요일,경기도 안산시 단원구 고잔동,경상사고,0,0,1,0,차대사람 - 기타,안전운전불이행,포장 - 건조,맑음,단일로 - 기타,승용,남,22세,상해없음,보행자,남,36세,경상
19761,2019121500100052,2019년 12월 15일 01시,일요일,경기도 가평군 가평읍,경상사고,0,0,1,0,차대사람 - 기타,안전운전불이행,포장 - 건조,맑음,단일로 - 기타,승용,여,54세,상해없음,보행자,남,19세,경상
19762,2019121500100060,2019년 12월 15일 02시,일요일,경기도 안산시 단원구 선부동,중상사고,0,1,0,0,차대사람 - 횡단중,신호위반,포장 - 건조,맑음,교차로 - 교차로횡단보도내,승용,남,27세,상해없음,보행자,남,46세,중상
19763,2019121500100104,2019년 12월 15일 05시,일요일,경기도 의정부시 의정부동,경상사고,0,0,1,0,차대사람 - 기타,불법유턴,포장 - 건조,맑음,단일로 - 기타,승용,남,19세,상해없음,보행자,남,36세,경상
19764,2019121500100118,2019년 12월 15일 07시,일요일,경기도 성남시 수정구 수진동,부상신고사고,0,0,0,1,차대사람 - 횡단중,보행자보호의무위반,포장 - 건조,맑음,단일로 - 기타,승용,여,43세,상해없음,보행자,남,88세,부상신고
19765,2019121500100177,2019년 12월 15일 10시,일요일,경기도 광주시 탄벌동,중상사고,0,1,0,0,차대사람 - 보도통행중,보행자보호의무위반,포장 - 건조,맑음,단일로 - 기타,승용,남,51세,상해없음,보행자,여,65세,중상
19766,2019121500100202,2019년 12월 15일 11시,일요일,경기도 용인시 처인구 마평동,경상사고,0,0,1,0,차대사람 - 횡단중,보행자보호의무위반,포장 - 건조,맑음,교차로 - 교차로안,화물,남,57세,상해없음,보행자,여,68세,경상
19767,2019121500100224,2019년 12월 15일 12시,일요일,경기도 성남시 분당구 이매동,경상사고,0,0,1,0,차대사람 - 횡단중,보행자보호의무위반,포장 - 건조,맑음,교차로 - 교차로횡단보도내,승용,남,46세,상해없음,보행자,여,8세,경상
19768,2019121500100347,2019년 12월 15일 16시,일요일,경기도 광주시 태전동,중상사고,0,1,0,0,차대사람 - 기타,안전운전불이행,포장 - 건조,맑음,교차로 - 교차로안,건설기계,남,47세,상해없음,보행자,여,65세,중상
19769,2019121500100377,2019년 12월 15일 17시,일요일,경기도 용인시 수지구 죽전동,경상사고,0,0,1,0,차대사람 - 횡단중,신호위반,포장 - 건조,맑음,교차로 - 교차로횡단보도내,승용,남,52세,상해없음,보행자,남,33세,경상
19770,2019121500100412,2019년 12월 15일 18시,일요일,경기도 수원시 권선구 권선동,경상사고,0,0,1,0,차대사람 - 기타,안전운전불이행,포장 - 건조,맑음,교차로 - 교차로부근,기타불명,기타불명,미분류,기타불명,보행자,여,58세,경상
19771,2019121500100444,2019년 12월 15일 18시,일요일,경기도 파주시 동패동,중상사고,0,1,0,0,차대사람 - 횡단중,안전운전불이행,포장 - 건조,맑음,단일로 - 기타,승용,남,33세,상해없음,보행자,여,66세,중상
19772,2019121500100455,2019년 12월 15일 19시,일요일,경기도 수원시 권선구 세류동,중상사고,0,1,0,0,차대사람 - 기타,안전운전불이행,포장 - 건조,맑음,단일로 - 기타,자전거,여,22세,상해없음,보행자,남,67세,중상
19773,2019121500100484,2019년 12월 15일 20시,일요일,경기도 안양시 만안구 안양동,경상사고,0,0,1,0,차대사람 - 기타,안전운전불이행,포장 - 건조,맑음,단일로 - 기타,이륜,남,21세,상해없음,보행자,남,17세,경상
19774,2019121500100521,2019년 12월 15일 22시,일요일,경기도 부천시 춘의동,사망사고,1,0,0,0,차대사람 - 기타,안전운전불이행,포장 - 건조,맑음,단일로 - 기타,승합,남,54세,상해없음,보행자,남,54세,사망
19775,2019121500100533,2019년 12월 15일 23시,일요일,경기도 광주시 경안동,경상사고,0,0,1,0,차대사람 - 기타,안전운전불이행,포장 - 건조,맑음,교차로 - 교차로부근,승용,여,48세,상해없음,보행자,남,31세,경상
19776,2019121500100543,2019년 12월 15일 23시,일요일,경기도 의정부시 호원동,경상사고,0,0,1,0,차대사람 - 보도통행중,보행자보호의무위반,포장 - 건조,맑음,교차로 - 교차로부근,승용,남,58세,상해없음,보행자,여,25세,경상
19777,2019121600100060,2019년 12월 16일 04시,월요일,경기도 성남시 수정구 태평동,경상사고,0,0,1,0,차대사람 - 기타,안전운전불이행,포장 - 건조,맑음,교차로 - 교차로안,승용,남,22세,상해없음,보행자,남,46세,경상
19778,2019121600100068,2019년 12월 16일 05시,월요일,경기도 안산시 단원구 선부동,중상사고,0,1,0,0,차대사람 - 횡단중,안전운전불이행,포장 - 건조,맑음,교차로 - 교차로안,승용,여,28세,상해없음,보행자,남,54세,중상
19779,2019121600100081,2019년 12월 16일 06시,월요일,경기도 평택시 지산동,중상사고,0,1,0,0,차대사람 - 차도통행중,안전운전불이행,포장 - 건조,맑음,교차로 - 교차로안,승용,남,41세,상해없음,보행자,남,83세,중상
19780,2019121600100086,2019년 12월 16일 06시,월요일,경기도 화성시 우정읍,중상사고,0,1,0,0,차대사람 - 횡단중,보행자보호의무위반,포장 - 건조,맑음,교차로 - 교차로안,승용,여,57세,상해없음,보행자,남,53세,중상
19781,2019121600100095,2019년 12월 16일 06시,월요일,경기도 고양시 덕양구 성사동,중상사고,0,1,0,0,차대사람 - 횡단중,신호위반,포장 - 건조,맑음,교차로 - 교차로안,승용,남,61세,상해없음,보행자,여,59세,중상
19782,2019121600100141,2019년 12월 16일 08시,월요일,경기도 용인시 기흥구 영덕동,경상사고,0,0,1,0,차대사람 - 차도통행중,안전운전불이행,포장 - 건조,맑음,단일로 - 기타,승용,여,73세,상해없음,보행자,여,40세,경상
19783,2019121600100289,2019년 12월 16일 12시,월요일,경기도 광주시 도척면,경상사고,0,0,1,0,차대사람 - 기타,안전운전불이행,포장 - 건조,맑음,기타 - 기타,승합,남,29세,상해없음,보행자,남,57세,경상
19784,2019121600100291,2019년 12월 16일 12시,월요일,경기도 시흥시 거모동,중상사고,0,1,0,0,차대사람 - 보도통행중,보행자보호의무위반,포장 - 건조,맑음,교차로 - 교차로횡단보도내,승용,남,42세,상해없음,보행자,여,60세,중상
19785,2019121600100350,2019년 12월 16일 14시,월요일,경기도 평택시 지산동,경상사고,0,0,1,0,차대사람 - 기타,안전운전불이행,포장 - 건조,맑음,단일로 - 기타,승용,남,50세,상해없음,보행자,여,52세,경상
19786,2019121600100352,2019년 12월 16일 14시,월요일,경기도 부천시 중동,경상사고,0,0,1,0,차대사람 - 횡단중,신호위반,포장 - 건조,흐림,단일로 - 기타,화물,남,47세,상해없음,보행자,여,73세,경상
19787,2019121600100372,2019년 12월 16일 14시,월요일,경기도 남양주시 일패동,경상사고,0,0,1,0,차대사람 - 횡단중,안전운전불이행,포장 - 건조,맑음,교차로 - 교차로부근,승용,남,79세,상해없음,보행자,남,15세,경상
19788,2019121600100386,2019년 12월 16일 15시,월요일,경기도 평택시 안중읍,경상사고,0,0,1,0,차대사람 - 횡단중,안전운전불이행,포장 - 건조,맑음,교차로 - 교차로횡단보도내,승용,남,40세,상해없음,보행자,여,69세,경상
19789,2019121600100425,2019년 12월 16일 16시,월요일,경기도 오산시 오산동,중상사고,0,1,0,0,차대사람 - 기타,안전운전불이행,포장 - 건조,맑음,기타 - 기타,승용,남,64세,상해없음,보행자,남,59세,중상
19790,2019121600100469,2019년 12월 16일 17시,월요일,경기도 평택시 비전동,중상사고,0,1,0,0,차대사람 - 횡단중,보행자보호의무위반,포장 - 건조,맑음,교차로 - 교차로부근,이륜,남,17세,상해없음,보행자,여,76세,중상
19791,2019121600100474,2019년 12월 16일 17시,월요일,경기도 수원시 영통구 매탄동,경상사고,0,0,1,0,차대사람 - 차도통행중,안전운전불이행,포장 - 건조,맑음,단일로 - 기타,화물,남,39세,상해없음,보행자,여,36세,경상