,사고번호,사고일시,요일,시군구,사고내용,사망자수,중상자수,경상자수,부상신고자수,사고유형,법규위반,노면상태,기상상태,도로형태,가해운전자 차종,가해운전자 성별,가해운전자 연령,가해운전자 상해정도,피해운전자 차종,피해운전자 성별,피해운전자 연령,피해운전자 상해정도
19904,2019122000100147,2019년 12월 20일 08시,금요일,경기도 파주시 금촌동,중상사고,0,1,0,0,차대사람 - 횡단중,안전운전불이행,포장 - 건조,맑음,교차로 - 교차로부근,승용,여,59세,상해없음,보행자,남,69세,중상
19905,2019122000100148,2019년 12월 20일 08시,금요일,경기도 구리시 인창동,경상사고,0,0,1,0,차대사람 - 보도통행중,안전운전불이행,포장 - 건조,맑음,기타 - 기타,자전거,남,13세,기타불명,보행자,여,28세,경상
19906,2019122000100157,2019년 12월 20일 09시,금요일,경기도 평택시 합정동,경상사고,0,0,1,0,차대사람 - 횡단중,안전운전불이행,포장 - 건조,맑음,교차로 - 교차로안,승용,남,56세,상해없음,보행자,남,51세,경상
19907,2019122000100201,2019년 12월 20일 10시,금요일,경기도 양주시 백석읍,경상사고,0,0,1,0,차대사람 - 횡단중,중앙선침범,포장 - 건조,흐림,단일로 - 기타,승용,여,54세,상해없음,보행자,여,37세,경상
19908,2019122000100211,2019년 12월 20일 11시,금요일,경기도 양평군 용문면,중상사고,0,1,0,0,차대사람 - 차도통행중,안전운전불이행,포장 - 건조,맑음,단일로 - 기타,승용,여,50세,상해없음,보행자,여,79세,중상
19909,2019122000100213,2019년 12월 20일 11시,금요일,경기도 수원시 영통구 매탄동,중상사고,0,1,0,0,차대사람 - 기타,보행자보호의무위반,포장 - 건조,맑음,교차로 - 교차로횡단보도내,화물,남,67세,상해없음,보행자,여,78세,중상
19910,2019122000100248,2019년 12월 20일 12시,금요일,경기도 평택시 팽성읍,경상사고,0,0,1,0,차대사람 - 기타,안전운전불이행,포장 - 건조,맑음,교차로 - 교차로부근,승용,여,56세,상해없음,보행자,남,79세,경상
19911,2019122000100251,2019년 12월 20일 12시,금요일,경기도 김포시 고촌읍,중상사고,0,1,0,0,차대사람 - 횡단중,보행자보호의무위반,포장 - 건조,맑음,단일로 - 기타,승용,남,42세,상해없음,보행자,남,80세,중상
19912,2019122000100321,2019년 12월 20일 14시,금요일,경기도 수원시 영통구 망포동,중상사고,0,1,0,0,차대사람 - 기타,중앙선침범,포장 - 건조,맑음,교차로 - 교차로부근,승용,남,37세,상해없음,보행자,여,60세,중상
19913,2019122000100366,2019년 12월 20일 15시,금요일,경기도 수원시 권선구 세류동,경상사고,0,0,1,0,차대사람 - 기타,안전운전불이행,포장 - 건조,맑음,단일로 - 기타,화물,남,61세,상해없음,보행자,남,40세,경상
19914,2019122000100390,2019년 12월 20일 15시,금요일,경기도 고양시 덕양구 신원동,경상사고,0,0,1,0,차대사람 - 횡단중,보행자보호의무위반,포장 - 기타,맑음,교차로 - 교차로안,화물,남,54세,기타불명,보행자,남,35세,경상
19915,2019122000100434,2019년 12월 20일 16시,금요일,경기도 파주시 야동동,중상사고,0,1,0,0,차대사람 - 횡단중,신호위반,포장 - 건조,맑음,교차로 - 교차로횡단보도내,화물,남,44세,상해없음,보행자,여,17세,중상
19916,2019122000100452,2019년 12월 20일 17시,금요일,경기도 부천시 원미동,경상사고,0,0,1,0,차대사람 - 횡단중,보행자보호의무위반,포장 - 건조,맑음,단일로 - 기타,승용,여,39세,상해없음,보행자,남,9세,경상
19917,2019122000100459,2019년 12월 20일 17시,금요일,경기도 수원시 팔달구 매산로1가,경상사고,0,0,1,0,차대사람 - 기타,안전운전불이행,포장 - 건조,맑음,단일로 - 기타,승용,남,52세,상해없음,보행자,남,21세,경상
19918,2019122000100587,2019년 12월 20일 19시,금요일,경기도 부천시 고강동,경상사고,0,0,1,0,차대사람 - 기타,안전운전불이행,포장 - 건조,맑음,단일로 - 기타,승용,남,53세,상해없음,보행자,여,54세,경상
19919,2019122000100616,2019년 12월 20일 19시,금요일,경기도 양주시 옥정동,경상사고,0,0,1,0,차대사람 - 기타,안전운전불이행,포장 - 건조,맑음,단일로 - 기타,기타불명,기타불명,미분류,기타불명,보행자,남,18세,경상
19920,2019122000100629,2019년 12월 20일 20시,금요일,경기도 부천시 괴안동,부상신고사고,0,0,0,1,차대사람 - 기타,안전운전불이행,포장 - 건조,맑음,단일로 - 기타,이륜,남,18세,상해없음,보행자,남,86세,부상신고
19921,2019122000100649,2019년 12월 20일 20시,금요일,경기도 남양주시 진접읍,중상사고,0,1,0,0,차대사람 - 횡단중,안전운전불이행,포장 - 건조,맑음,단일로 - 기타,승용,남,34세,상해없음,보행자,남,52세,중상
19922,2019122000100650,2019년 12월 20일 20시,금요일,경기도 남양주시 화도읍,중상사고,0,1,0,0,차대사람 - 기타,안전운전불이행,포장 - 건조,맑음,단일로 - 기타,승용,여,36세,상해없음,보행자,남,45세,중상
19923,2019122000100657,2019년 12월 20일 21시,금요일,경기도 수원시 장안구 영화동,경상사고,0,0,1,0,차대사람 - 기타,안전운전불이행,포장 - 건조,맑음,단일로 - 기타,승용,남,60세,상해없음,보행자,남,64세,경상
19924,2019122000100662,2019년 12월 20일 21시,금요일,경기도 안산시 상록구 일동,중상사고,0,1,1,0,차대사람 - 횡단중,보행자보호의무위반,포장 - 건조,맑음,교차로 - 교차로횡단보도내,이륜,남,18세,경상,보행자,여,54세,중상
19925,2019122000100682,2019년 12월 20일 21시,금요일,경기도 남양주시 와부읍,중상사고,0,1,0,0,차대사람 - 횡단중,안전운전불이행,포장 - 건조,맑음,단일로 - 기타,승용,남,37세,상해없음,보행자,남,58세,중상
19926,2019122000100693,2019년 12월 20일 22시,금요일,경기도 광명시 일직동,중상사고,0,1,0,0,차대사람 - 기타,기타,포장 - 건조,맑음,단일로 - 기타,승용,남,62세,상해없음,보행자,남,61세,중상
19927,2019122000100708,2019년 12월 20일 22시,금요일,경기도 파주시 야당동,경상사고,0,0,1,0,차대사람 - 기타,안전운전불이행,포장 - 건조,맑음,교차로 - 교차로부근,승용,여,60세,상해없음,보행자,남,22세,경상
19928,2019122000100709,2019년 12월 20일 22시,금요일,경기도 포천시 소흘읍,경상사고,0,0,1,0,차대사람 - 기타,안전운전불이행,포장 - 건조,맑음,교차로 - 교차로안,승용,남,55세,상해없음,보행자,남,60세,경상
19929,2019122000100722,2019년 12월 20일 23시,금요일,경기도 성남시 중원구 성남동,경상사고,0,0,1,0,차대사람 - 기타,안전운전불이행,포장 - 건조,맑음,교차로 - 교차로부근,승용,남,47세,상해없음,보행자,남,49세,경상
19930,2019122100100029,2019년 12월 21일 00시,토요일,경기도 부천시 상동,사망사고,1,0,0,0,차대사람 - 차도통행중,안전운전불이행,포장 - 건조,맑음,단일로 - 기타,승용,남,69세,상해없음,보행자,남,50세,사망
19931,2019122100100031,2019년 12월 21일 00시,토요일,경기도 부천시 상동,경상사고,0,0,1,0,차대사람 - 기타,안전운전불이행,포장 - 건조,맑음,단일로 - 기타,승용,남,46세,상해없음,보행자,여,46세,경상
19932,2019122100100058,2019년 12월 21일 01시,토요일,경기도 김포시 사우동,중상사고,0,1,0,0,차대사람 - 기타,안전운전불이행,포장 - 건조,맑음,기타 - 기타,승용,남,59세,상해없음,보행자,남,37세,중상
19933,2019122100100063,2019년 12월 21일 01시,토요일,경기도 화성시 반송동,중상사고,0,1,0,0,차대사람 - 횡단중,안전운전불이행,포장 - 건조,맑음,교차로 - 교차로횡단보도내,승용,남,34세,상해없음,보행자,남,48세,중상
19934,2019122100100082,2019년 12월 21일 02시,토요일,경기도 성남시 중원구 성남동,경상사고,0,0,1,0,차대사람 - 기타,안전운전불이행,포장 - 건조,맑음,기타 - 기타,승용,남,42세,상해없음,보행자,남,23세,경상
19935,2019122100100091,2019년 12월 21일 02시,토요일,경기도 구리시 수택동,부상신고사고,0,0,0,1,차대사람 - 기타,안전운전불이행,포장 - 건조,맑음,교차로 - 교차로부근,승용,남,45세,상해없음,보행자,남,56세,부상신고
19936,2019122100100109,2019년 12월 21일 04시,토요일,경기도 수원시 팔달구 인계동,중상사고,0,1,0,0,차대사람 - 기타,안전운전불이행,포장 - 건조,맑음,단일로 - 기타,승용,남,27세,상해없음,보행자,남,27세,중상
19937,2019122100100192,2019년 12월 21일 10시,토요일,경기도 광주시 도척면,경상사고,0,0,1,0,차대사람 - 기타,안전운전불이행,포장 - 건조,맑음,기타 - 기타,승용,여,56세,상해없음,보행자,여,56세,경상
19938,2019122100100213,2019년 12월 21일 10시,토요일,경기도 포천시 관인면,부상신고사고,0,0,0,1,차대사람 - 기타,안전운전불이행,포장 - 건조,맑음,단일로 - 기타,승용,남,40세,상해없음,보행자,남,51세,부상신고
19939,2019122100100289,2019년 12월 21일 13시,토요일,경기도 성남시 중원구 성남동,중상사고,0,1,0,0,차대사람 - 길가장자리구역통행중,안전운전불이행,포장 - 건조,맑음,단일로 - 기타,승용,여,61세,상해없음,보행자,여,57세,중상
19940,2019122100100292,2019년 12월 21일 13시,토요일,경기도 화성시 남양읍,경상사고,0,0,1,0,차대사람 - 기타,기타,포장 - 건조,맑음,단일로 - 기타,승용,남,83세,상해없음,보행자,남,32세,경상
19941,2019122100100380,2019년 12월 21일 16시,토요일,경기도 안양시 동안구 호계동,경상사고,0,0,1,0,차대사람 - 기타,안전운전불이행,포장 - 건조,맑음,주차장 - 주차장,화물,남,51세,상해없음,보행자,남,54세,경상
19942,2019122100100410,2019년 12월 21일 17시,토요일,경기도 용인시 기흥구 고매동,중상사고,0,1,0,0,차대사람 - 횡단중,안전운전불이행,포장 - 건조,맑음,단일로 - 기타,승용,남,59세,상해없음,보행자,여,75세,중상
19943,2019122100100446,2019년 12월 21일 18시,토요일,경기도 수원시 팔달구 우만동,경상사고,0,0,1,0,차대사람 - 횡단중,안전운전불이행,포장 - 건조,맑음,단일로 - 기타,승용,남,67세,기타불명,보행자,여,80세,경상
19944,2019122100100447,2019년 12월 21일 18시,토요일,경기도 평택시 평택동,경상사고,0,0,1,0,차대사람 - 길가장자리구역통행중,안전운전불이행,포장 - 건조,맑음,단일로 - 기타,승용,남,28세,상해없음,보행자,여,31세,경상
19945,2019122100100452,2019년 12월 21일 18시,토요일,경기도 시흥시 대야동,경상사고,0,0,1,0,차대사람 - 횡단중,안전운전불이행,포장 - 젖음/습기,눈,교차로 - 교차로부근,승용,남,21세,상해없음,보행자,여,25세,경상
19946,2019122100100455,2019년 12월 21일 18시,토요일,경기도 안양시 만안구 박달동,사망사고,1,0,0,0,차대사람 - 차도통행중,안전운전불이행,포장 - 젖음/습기,비,단일로 - 기타,승용,남,25세,상해없음,보행자,여,81세,사망
19947,2019122100100488,2019년 12월 21일 18시,토요일,경기도 의정부시 의정부동,경상사고,0,0,1,0,차대사람 - 기타,안전운전불이행,포장 - 건조,맑음,교차로 - 교차로부근,승용,여,35세,상해없음,보행자,남,79세,경상
19948,2019122100100510,2019년 12월 21일 19시,토요일,경기도 광주시 중대동,중상사고,0,1,0,0,차대사람 - 기타,안전운전불이행,포장 - 기타,기타,기타 - 기타,승용,여,55세,상해없음,보행자,여,60세,중상
19949,2019122100100550,2019년 12월 21일 20시,토요일,경기도 수원시 장안구 율전동,부상신고사고,0,0,0,1,차대사람 - 길가장자리구역통행중,안전운전불이행,포장 - 건조,맑음,단일로 - 기타,승용,남,52세,기타불명,보행자,남,35세,부상신고
19950,2019122100100569,2019년 12월 21일 21시,토요일,경기도 오산시 오산동,경상사고,0,0,1,0,차대사람 - 길가장자리구역통행중,안전운전불이행,포장 - 건조,흐림,단일로 - 기타,승합,남,64세,상해없음,보행자,남,46세,경상
19951,2019122100100592,2019년 12월 21일 22시,토요일,경기도 평택시 서정동,경상사고,0,0,1,0,차대사람 - 기타,안전운전불이행,포장 - 건조,맑음,단일로 - 기타,승용,남,36세,상해없음,보행자,남,36세,경상
19952,2019122100100624,2019년 12월 21일 23시,토요일,경기도 평택시 서정동,경상사고,0,0,1,0,차대사람 - 길가장자리구역통행중,안전운전불이행,포장 - 건조,맑음,단일로 - 기타,승용,남,26세,상해없음,보행자,여,21세,경상
19953,2019122200100042,2019년 12월 22일 00시,일요일,경기도 시흥시 정왕동,경상사고,0,0,1,0,차대사람 - 기타,안전운전불이행,포장 - 건조,맑음,단일로 - 기타,기타불명,기타불명,미분류,기타불명,보행자,남,53세,경상
19954,2019122200100062,2019년 12월 22일 01시,일요일,경기도 이천시 갈산동,경상사고,0,0,1,0,차대사람 - 횡단중,안전운전불이행,포장 - 건조,맑음,교차로 - 교차로안,승용,남,51세,상해없음,보행자,남,19세,경상
19955,2019122200100081,2019년 12월 22일 02시,일요일,경기도 시흥시 정왕동,중상사고,0,1,0,0,차대사람 - 기타,안전운전불이행,포장 - 건조,맑음,단일로 - 기타,승용,남,25세,상해없음,보행자,남,44세,중상
19956,2019122200100089,2019년 12월 22일 03시,일요일,경기도 광주시 경안동,경상사고,0,0,1,0,차대사람 - 횡단중,보행자보호의무위반,포장 - 건조,맑음,교차로 - 교차로부근,승용,남,45세,기타불명,보행자,남,30세,경상
19957,2019122200100091,2019년 12월 22일 03시,일요일,경기도 성남시 분당구 정자동,부상신고사고,0,0,0,1,차대사람 - 보도통행중,안전운전불이행,포장 - 건조,맑음,단일로 - 기타,승용,남,25세,기타불명,보행자,남,25세,부상신고
19958,2019122200100092,2019년 12월 22일 03시,일요일,경기도 수원시 권선구 탑동,중상사고,0,1,0,0,차대사람 - 기타,안전운전불이행,포장 - 건조,맑음,교차로 - 교차로안,승용,남,48세,상해없음,보행자,여,23세,중상
19959,2019122200100110,2019년 12월 22일 05시,일요일,경기도 부천시 역곡동,부상신고사고,0,0,0,1,차대사람 - 기타,안전운전불이행,포장 - 건조,맑음,교차로 - 교차로부근,승용,남,52세,상해없음,보행자,남,27세,부상신고
19960,2019122200100319,2019년 12월 22일 16시,일요일,경기도 안산시 단원구 고잔동,경상사고,0,0,1,0,차대사람 - 차도통행중,안전운전불이행,포장 - 건조,맑음,단일로 - 기타,승용,여,50세,상해없음,보행자,남,23세,경상
19961,2019122200100337,2019년 12월 22일 16시,일요일,경기도 동두천시 지행동,부상신고사고,0,0,0,1,차대사람 - 횡단중,안전운전불이행,포장 - 건조,맑음,교차로 - 교차로안,승용,여,76세,상해없음,보행자,남,50세,부상신고
19962,2019122200100346,2019년 12월 22일 17시,일요일,경기도 부천시 소사본동,중상사고,0,1,0,0,차대사람 - 횡단중,보행자보호의무위반,포장 - 건조,맑음,교차로 - 교차로부근,승용,남,48세,상해없음,보행자,여,53세,중상
19963,2019122200100373,2019년 12월 22일 17시,일요일,경기도 고양시 일산동구 백석동,중상사고,0,1,0,0,차대사람 - 기타,신호위반,포장 - 건조,맑음,교차로 - 교차로횡단보도내,승용,여,64세,상해없음,보행자,여,44세,중상
19964,2019122200100381,2019년 12월 22일 18시,일요일,경기도 수원시 장안구 정자동,경상사고,0,0,1,0,차대사람 - 기타,신호위반,포장 - 건조,맑음,단일로 - 기타,승용,남,40세,상해없음,보행자,남,29세,경상
19965,2019122200100385,2019년 12월 22일 18시,일요일,경기도 광주시 회덕동,중상사고,0,1,0,0,차대사람 - 횡단중,신호위반,포장 - 건조,맑음,교차로 - 교차로안,승용,남,28세,상해없음,보행자,여,50세,중상
19966,2019122200100387,2019년 12월 22일 18시,일요일,경기도 광명시 철산동,경상사고,0,0,1,0,차대사람 - 횡단중,보행자보호의무위반,포장 - 건조,맑음,교차로 - 교차로횡단보도내,승용,남,68세,상해없음,보행자,남,58세,경상
19967,2019122200100422,2019년 12월 22일 19시,일요일,경기도 이천시 신둔면,경상사고,0,0,1,0,차대사람 - 기타,안전운전불이행,포장 - 건조,맑음,단일로 - 기타,화물,여,60세,상해없음,보행자,남,48세,경상
19968,2019122200100477,2019년 12월 22일 21시,일요일,경기도 광주시 경안동,경상사고,0,0,1,0,차대사람 - 횡단중,보행자보호의무위반,포장 - 건조,맑음,교차로 - 교차로횡단보도내,승용,여,46세,상해없음,보행자,여,30세,경상
19969,2019122200100479,2019년 12월 22일 21시,일요일,경기도 성남시 분당구 야탑동,경상사고,0,0,2,0,차대사람 - 보도통행중,보행자보호의무위반,포장 - 건조,맑음,교차로 - 교차로안,승용,여,30세,상해없음,보행자,여,38세,경상
19970,2019122200100495,2019년 12월 22일 21시,일요일,경기도 포천시 소흘읍,중상사고,0,1,0,0,차대사람 - 기타,안전운전불이행,포장 - 건조,맑음,주차장 - 주차장,승용,남,23세,상해없음,보행자,남,28세,중상
19971,2019122200100514,2019년 12월 22일 23시,일요일,경기도 부천시 상동,경상사고,0,0,1,0,차대사람 - 횡단중,보행자보호의무위반,포장 - 젖음/습기,비,단일로 - 기타,승용,남,63세,상해없음,보행자,남,26세,경상
19972,2019122300100031,2019년 12월 23일 00시,월요일,경기도 광명시 하안동,경상사고,0,0,1,0,차대사람 - 차도통행중,안전운전불이행,포장 - 젖음/습기,비,단일로 - 기타,승용,남,26세,상해없음,보행자,여,19세,경상
19973,2019122300100032,2019년 12월 23일 00시,월요일,경기도 수원시 권선구 세류동,중상사고,0,1,0,0,차대사람 - 횡단중,안전운전불이행,포장 - 젖음/습기,비,교차로 - 교차로안,승용,남,29세,상해없음,보행자,남,45세,중상
19974,2019122300100056,2019년 12월 23일 02시,월요일,경기도 수원시 팔달구 매산로3가,경상사고,0,0,1,0,차대사람 - 기타,안전운전불이행,포장 - 젖음/습기,비,교차로 - 교차로안,기타불명,기타불명,미분류,기타불명,보행자,남,25세,경상
19975,2019122300100127,2019년 12월 23일 08시,월요일,경기도 수원시 장안구 영화동,경상사고,0,0,1,0,차대사람 - 횡단중,안전운전불이행,포장 - 건조,맑음,단일로 - 기타,승용,남,62세,상해없음,보행자,여,14세,경상
19976,2019122300100128,2019년 12월 23일 08시,월요일,경기도 용인시 처인구 마평동,경상사고,0,0,1,0,차대사람 - 횡단중,안전운전불이행,포장 - 건조,맑음,단일로 - 기타,승합,남,45세,상해없음,보행자,여,64세,경상
19977,2019122300100129,2019년 12월 23일 08시,월요일,경기도 오산시 양산동,경상사고,0,0,1,0,차대사람 - 횡단중,안전운전불이행,포장 - 젖음/습기,흐림,단일로 - 기타,승용,남,23세,상해없음,보행자,여,26세,경상
19978,2019122300100137,2019년 12월 23일 08시,월요일,경기도 화성시 청계동,중상사고,0,1,0,0,차대사람 - 횡단중,신호위반,포장 - 건조,맑음,교차로 - 교차로안,승용,여,46세,상해없음,보행자,여,45세,중상
19979,2019122300100186,2019년 12월 23일 09시,월요일,경기도 고양시 덕양구 화정동,경상사고,0,0,1,0,차대사람 - 횡단중,보행자보호의무위반,포장 - 건조,맑음,교차로 - 교차로부근,승용,남,31세,상해없음,보행자,남,61세,경상
19980,2019122300100201,2019년 12월 23일 10시,월요일,경기도 용인시 처인구 양지면,경상사고,0,0,1,0,차대사람 - 기타,안전운전불이행,포장 - 건조,맑음,단일로 - 기타,화물,남,66세,상해없음,보행자,남,42세,경상
19981,2019122300100233,2019년 12월 23일 11시,월요일,경기도 부천시 괴안동,중상사고,0,1,0,0,차대사람 - 기타,중앙선침범,포장 - 건조,맑음,단일로 - 기타,승용,남,31세,상해없음,보행자,여,80세,중상
19982,2019122300100235,2019년 12월 23일 11시,월요일,경기도 용인시 기흥구 마북동,경상사고,0,0,2,0,차대사람 - 횡단중,중앙선침범,포장 - 건조,맑음,단일로 - 기타,이륜,남,28세,경상,보행자,여,76세,경상
19983,2019122300100263,2019년 12월 23일 12시,월요일,경기도 용인시 처인구 김량장동,중상사고,0,1,0,0,차대사람 - 횡단중,안전운전불이행,포장 - 건조,맑음,단일로 - 기타,승용,여,75세,상해없음,보행자,여,56세,중상
19984,2019122300100296,2019년 12월 23일 13시,월요일,경기도 여주시 대신면,경상사고,0,0,1,0,차대사람 - 기타,안전운전불이행,포장 - 건조,맑음,단일로 - 기타,승용,여,69세,상해없음,보행자,여,53세,경상
19985,2019122300100318,2019년 12월 23일 13시,월요일,경기도 남양주시 화도읍,중상사고,0,1,0,0,차대사람 - 횡단중,보행자보호의무위반,포장 - 건조,맑음,교차로 - 교차로횡단보도내,승용,남,40세,상해없음,보행자,여,87세,중상
19986,2019122300100367,2019년 12월 23일 15시,월요일,경기도 수원시 장안구 정자동,경상사고,0,0,1,0,차대사람 - 기타,안전운전불이행,포장 - 건조,맑음,교차로 - 교차로부근,승용,남,79세,기타불명,보행자,여,62세,경상
19987,2019122300100401,2019년 12월 23일 16시,월요일,경기도 부천시 심곡동,중상사고,0,1,0,0,차대사람 - 길가장자리구역통행중,안전운전불이행,포장 - 건조,맑음,단일로 - 기타,승용,남,48세,상해없음,보행자,여,46세,중상
19988,2019122300100402,2019년 12월 23일 16시,월요일,경기도 부천시 심곡동,경상사고,0,0,1,0,차대사람 - 기타,안전운전불이행,포장 - 건조,맑음,단일로 - 기타,기타불명,기타불명,미분류,기타불명,보행자,여,72세,경상
19989,2019122300100473,2019년 12월 23일 17시,월요일,경기도 고양시 일산동구 중산동,중상사고,0,1,0,0,차대사람 - 횡단중,보행자보호의무위반,포장 - 건조,맑음,교차로 - 교차로횡단보도내,승용,여,60세,상해없음,보행자,여,28세,중상
19990,2019122300100544,2019년 12월 23일 19시,월요일,경기도 평택시 지산동,중상사고,0,1,0,0,차대사람 - 기타,안전운전불이행,포장 - 건조,맑음,교차로 - 교차로횡단보도내,승용,남,24세,상해없음,보행자,남,46세,중상
19991,2019122300100547,2019년 12월 23일 19시,월요일,경기도 김포시 사우동,경상사고,0,0,1,0,차대사람 - 기타,기타,포장 - 건조,맑음,기타 - 기타,승합,남,51세,상해없음,보행자,여,48세,경상
19992,2019122300100548,2019년 12월 23일 19시,월요일,경기도 성남시 중원구 금광동,부상신고사고,0,0,0,1,차대사람 - 기타,안전운전불이행,포장 - 건조,맑음,교차로 - 교차로부근,승용,남,70세,상해없음,보행자,남,70세,부상신고
19993,2019122300100577,2019년 12월 23일 20시,월요일,경기도 안양시 동안구 관양동,중상사고,0,1,0,0,차대사람 - 횡단중,보행자보호의무위반,포장 - 건조,맑음,교차로 - 교차로횡단보도내,승용,남,63세,상해없음,보행자,여,22세,중상
19994,2019122300100579,2019년 12월 23일 20시,월요일,경기도 성남시 중원구 성남동,경상사고,0,0,1,0,차대사람 - 기타,안전운전불이행,비포장 - 건조,맑음,단일로 - 기타,승용,남,71세,상해없음,보행자,여,22세,경상
19995,2019122300100637,2019년 12월 23일 22시,월요일,경기도 부천시 심곡동,경상사고,0,0,1,0,차대사람 - 횡단중,안전운전불이행,포장 - 건조,맑음,단일로 - 기타,이륜,남,58세,상해없음,보행자,남,40세,경상
19996,2019122300100659,2019년 12월 23일 23시,월요일,경기도 수원시 팔달구 우만동,중상사고,0,1,0,0,차대사람 - 차도통행중,안전운전불이행,포장 - 건조,맑음,단일로 - 기타,승용,남,41세,상해없음,보행자,남,66세,중상
19997,2019122300100660,2019년 12월 23일 23시,월요일,경기도 성남시 중원구 성남동,경상사고,0,0,1,0,차대사람 - 횡단중,안전운전불이행,포장 - 건조,맑음,교차로 - 교차로횡단보도내,승용,남,30세,상해없음,보행자,남,58세,경상
19998,2019122400100038,2019년 12월 24일 00시,화요일,경기도 안산시 상록구 사동,중상사고,0,1,0,0,차대사람 - 횡단중,안전운전불이행,포장 - 건조,맑음,단일로 - 기타,승용,남,63세,상해없음,보행자,여,27세,중상
19999,2019122400100089,2019년 12월 24일 05시,화요일,경기도 수원시 팔달구 고등동,부상신고사고,0,0,0,1,차대사람 - 기타,안전운전불이행,포장 - 건조,흐림,단일로 - 기타,승용,남,67세,기타불명,보행자,남,51세,부상신고
20000,2019122400100095,2019년 12월 24일 05시,화요일,경기도 고양시 일산동구 장항동,부상신고사고,0,0,0,1,차대사람 - 기타,기타,포장 - 건조,맑음,단일로 - 기타,승용,남,53세,상해없음,보행자,남,19세,부상신고
20001,2019122400100101,2019년 12월 24일 06시,화요일,경기도 평택시 지산동,경상사고,0,0,1,0,차대사람 - 기타,안전운전불이행,포장 - 건조,맑음,교차로 - 교차로안,승용,남,49세,상해없음,보행자,남,40세,경상
20002,2019122400100118,2019년 12월 24일 07시,화요일,경기도 평택시 비전동,경상사고,0,0,1,0,차대사람 - 횡단중,신호위반,포장 - 젖음/습기,안개,교차로 - 교차로안,승용,남,47세,상해없음,보행자,여,32세,경상
20003,2019122400100119,2019년 12월 24일 07시,화요일,경기도 용인시 기흥구 공세동,중상사고,0,1,0,0,차대사람 - 횡단중,보행자보호의무위반,포장 - 건조,맑음,교차로 - 교차로횡단보도내,승용,여,56세,상해없음,보행자,여,75세,중상
20004,2019122400100120,2019년 12월 24일 07시,화요일,경기도 용인시 처인구 포곡읍,경상사고,0,0,1,0,차대사람 - 횡단중,보행자보호의무위반,포장 - 건조,맑음,단일로 - 기타,승용,남,32세,상해없음,보행자,여,63세,경상
20005,2019122400100124,2019년 12월 24일 07시,화요일,경기도 화성시 우정읍,경상사고,0,0,1,0,차대사람 - 기타,안전운전불이행,포장 - 건조,맑음,교차로 - 교차로안,승용,남,28세,상해없음,보행자,남,28세,경상
20006,2019122400100125,2019년 12월 24일 07시,화요일,경기도 화성시 남양읍,중상사고,0,1,0,0,차대사람 - 횡단중,신호위반,포장 - 건조,맑음,교차로 - 교차로안,승용,남,48세,상해없음,보행자,여,63세,중상
20007,2019122400100126,2019년 12월 24일 07시,화요일,경기도 화성시 마도면,경상사고,0,0,1,0,차대사람 - 길가장자리구역통행중,기타,포장 - 기타,맑음,단일로 - 기타,기타불명,기타불명,미분류,기타불명,보행자,남,50세,경상
20008,2019122400100149,2019년 12월 24일 08시,화요일,경기도 이천시 진리동,경상사고,0,0,1,0,차대사람 - 횡단중,신호위반,포장 - 젖음/습기,안개,교차로 - 교차로횡단보도내,승용,여,59세,상해없음,보행자,남,17세,경상
20009,2019122400100152,2019년 12월 24일 08시,화요일,경기도 용인시 기흥구 동백동,경상사고,0,0,1,0,차대사람 - 기타,보행자보호의무위반,포장 - 건조,맑음,교차로 - 교차로안,승용,남,68세,기타불명,보행자,여,17세,경상
20010,2019122400100177,2019년 12월 24일 08시,화요일,경기도 남양주시 진접읍,경상사고,0,0,1,0,차대사람 - 기타,보행자보호의무위반,포장 - 건조,맑음,교차로 - 교차로안,승용,여,44세,상해없음,보행자,남,7세,경상
20011,2019122400100181,2019년 12월 24일 08시,화요일,경기도 고양시 일산서구 일산동,경상사고,0,0,1,0,차대사람 - 횡단중,보행자보호의무위반,포장 - 건조,맑음,교차로 - 교차로안,승용,남,63세,상해없음,보행자,여,30세,경상
20012,2019122400100190,2019년 12월 24일 09시,화요일,경기도 평택시 합정동,중상사고,0,1,1,0,차대사람 - 횡단중,보행자보호의무위반,포장 - 건조,맑음,교차로 - 교차로횡단보도내,승용,남,44세,상해없음,보행자,여,31세,중상
20013,2019122400100192,2019년 12월 24일 09시,화요일,경기도 여주시 홍문동,중상사고,0,1,0,0,차대사람 - 기타,안전운전불이행,포장 - 건조,맑음,교차로 - 교차로부근,승용,남,60세,기타불명,보행자,여,75세,중상
20014,2019122400100195,2019년 12월 24일 09시,화요일,경기도 광명시 하안동,경상사고,0,0,1,0,차대사람 - 횡단중,보행자보호의무위반,포장 - 건조,맑음,교차로 - 교차로안,승합,남,55세,상해없음,보행자,남,84세,경상